Timestamp,Actual,LinearRegression,DecisionTree,RandomForest,MLP_sklearn,LightGBM,LSTM,BiLSTM,MLP_PyTorch,FT-T_Small,FT-T_Medium,FT-T_Best,TabNet_Small
2026-12-02 21:34:36,60.1,62.73696450572492,61.61578947368421,61.7262840459987,61.050557876450775,62.422238363739446,,,61.18479,61.9,61.97,62.06,60.154285
2026-12-02 21:34:41,56.2,55.24848187429095,55.1,55.14378015873015,55.68252955242124,55.330122839960346,,,55.106087,54.6,55.6,55.2,57.182472
2026-12-02 21:34:46,54.900000000000006,53.17179582531663,53.474999999999994,54.44129166666666,53.18194830359769,53.66940531117661,,,54.017944,52.9,54.8,53.25,56.469273
2026-12-02 21:34:51,52.7,52.344319678042,52.983333333333334,53.20593110500612,53.23350399946788,53.19190541230733,,,53.49884,52.5,53.75,53.03,55.916004
2026-12-02 21:34:55,65.8,69.16516228756538,66.68181818181819,66.15001587301586,64.53173548240301,66.89293714997534,,,64.96361,66.0,66.5,66.94,63.96717
2026-12-02 21:35:00,56.9,56.72461975726317,57.221739130434784,57.14997178589716,58.061807307712144,57.29944593822921,,,58.37328,57.4,56.16,57.66,57.395096
2026-12-02 21:35:05,56.3,57.116011379231665,56.650000000000006,56.99717189974714,56.739598337450786,57.110899448531434,,,58.100136,57.44,56.94,57.47,57.395096
2026-12-02 21:35:09,54.400000000000006,55.458120151559996,55.15714285714286,55.34048174603175,55.306199987879715,55.236288224739475,,,55.071777,54.6,56.06,55.16,57.182472
2026-12-02 21:35:14,56.099999999999994,57.48241715438249,57.32142857142857,57.315818768477826,57.60567460801809,57.23018344339929,,,57.963596,57.03,57.5,57.5,57.914856
2026-12-02 21:35:19,54.3,55.24204387550276,55.1,55.2470876984127,55.43578356454248,55.05461837912968,,,55.08284,54.56,55.9,55.16,57.182472
2026-12-02 21:35:24,51.7,52.30567691457677,52.983333333333334,52.90393639601141,53.27059678405407,52.59404769606229,56.406646728515625,57.339088439941406,53.545776,52.5,53.62,52.94,55.916004
2026-12-02 21:35:28,52.9,53.23605022293639,53.474999999999994,54.445249999999994,52.90495680225969,53.74151837155502,55.825828552246094,56.585819244384766,54.02539,52.9,55.0,53.2,56.469273
2026-12-02 21:35:33,60.9,60.57913872752803,59.6,59.8830195763931,59.06024833589568,59.9699931600185,55.03170394897461,55.778263092041016,59.578526,59.12,59.88,59.75,59.407578
2026-12-02 21:35:38,56.3,58.45861537599476,59.166666666666664,57.955725925925925,57.42840811540638,57.81302827885548,55.75698471069336,56.15477752685547,57.726376,56.56,57.9,57.44,58.675194
2026-12-02 21:35:42,50.5,49.854010341999434,51.05,51.83416666666665,51.62956085871075,50.43396370165037,56.03028106689453,56.55001449584961,52.463295,50.94,52.28,51.1,55.202805
2026-12-02 21:35:47,54.599999999999994,55.306228933011035,55.1,55.553915476190475,55.176645405539546,55.59824562794924,55.31050491333008,55.828853607177734,55.05445,54.6,56.34,55.22,57.182472
2026-12-02 21:35:52,52.900000000000006,52.29307688912177,52.983333333333334,52.958356610056626,53.26502643358987,52.59404769606229,54.66227722167969,55.12966537475586,53.530922,52.5,53.66,52.97,55.916004
2026-12-02 21:35:56,53.2,52.09789018158982,52.53186813186813,52.58175184130077,53.08520146395316,52.812739287084526,54.317359924316406,54.77113342285156,53.47463,52.4,52.84,52.9,55.56212
2026-12-02 21:36:01,53.900000000000006,56.59176874015666,58.275,58.74688888888889,55.28022923891584,57.268341708133136,54.36910629272461,54.572818756103516,55.495857,54.8,57.4,55.4,57.961994
2026-12-02 21:36:06,56.0,58.512597348620076,58.275,58.530114814814816,57.331382170238165,58.646929726545075,53.5120964050293,54.041622161865234,57.74945,56.56,58.12,57.5,58.675194
2026-12-02 21:36:11,54.9,55.214001255776076,55.1,55.02395436507936,55.6320889240674,55.03322892712947,53.936012268066406,54.35519027709961,55.11382,54.56,55.78,55.25,57.182472
2026-12-02 21:36:15,63.3,65.82882083141698,65.525,64.65786806566635,62.74844943079738,64.79574510606844,54.33004379272461,54.68781280517578,63.105545,64.0,63.97,64.4,61.913822
2026-12-02 21:36:20,54.5,55.26098385502793,55.614285714285714,55.28533187830688,55.97543246117629,55.38192586225598,55.69195556640625,55.89224624633789,55.131886,54.56,55.44,55.28,57.182472
2026-12-02 21:36:25,61.599999999999994,63.9539737605705,62.949999999999996,62.04837197802198,60.83236641666739,61.79588841211364,55.754703521728516,56.310577392578125,61.6978,61.16,61.97,61.9,61.167114
2026-12-02 21:36:29,59.3,60.59375038686383,60.03333333333333,59.85373413868267,60.14109510426121,59.818691928910056,56.10422897338867,56.695796966552734,59.73256,59.06,59.2,59.78,59.407578
2026-12-02 21:36:34,59.0,58.53562591572509,58.275,58.48162962962963,57.292050861664286,58.49660660584769,56.7901611328125,57.67013168334961,57.74569,56.56,57.94,57.47,58.675194
2026-12-02 21:36:39,55.6,55.25638225769879,55.1,54.93398214285714,55.64196228740902,54.93844882268385,56.83169174194336,57.885311126708984,55.118294,54.56,55.78,55.25,57.182472
2026-12-02 21:36:44,58.199999999999996,58.677028909084754,58.275,58.32005925925926,56.87325767818617,58.275397061094615,56.629268646240234,57.76908493041992,57.59559,56.6,58.22,57.4,58.675194
2026-12-02 21:36:48,55.0,56.35993400243051,58.275,58.710425925925925,54.93938663572327,57.105913089777225,56.331504821777344,57.53963088989258,55.523323,54.75,56.72,55.44,57.961994
2026-12-02 21:36:53,56.7,55.26681310130538,55.1,55.207591666666666,55.693854715697164,55.469754064876035,56.08657455444336,57.2474365234375,55.136158,54.53,55.88,55.25,57.182472
2026-12-02 21:36:58,54.8,55.36762644717714,55.1,54.70556388888889,55.40191935697184,55.236256944515546,56.11012268066406,57.005550384521484,55.09709,54.56,55.97,55.16,57.182472
2026-12-02 21:37:02,52.4,52.271211346443636,52.38,52.891716157916164,53.25888023528331,52.91882452654821,56.03208923339844,56.80837631225586,53.545925,52.5,53.6,52.94,55.916004
2026-12-02 21:37:07,53.2,55.297343561035895,55.1,54.862230555555556,55.228684339025484,55.14986871756112,55.48941421508789,56.17569351196289,55.082733,54.6,56.16,55.12,57.182472
2026-12-02 21:37:12,54.900000000000006,55.39225689318367,55.1,54.887188888888886,55.41355138560545,55.30190144783964,55.145877838134766,55.82848358154297,55.097652,54.56,55.94,55.16,57.182472
2026-12-02 21:37:16,59.3,60.57537229508938,59.6,59.96066339923693,59.1829811473144,59.532591282602525,54.941627502441406,55.568058013916016,59.585224,59.12,59.7,59.66,59.407578
2026-12-02 21:37:21,59.0,60.52607334801032,59.6,59.76931101828455,59.75914359293159,59.601197598351625,55.265403747558594,55.806640625,59.66228,59.1,59.34,59.7,59.407578
2026-12-02 21:37:26,57.2,58.620763205479136,58.275,58.44261481481481,57.487935940408626,58.40901789026699,55.961551666259766,56.56547164916992,57.686977,56.56,57.84,57.4,58.675194
2026-12-02 21:37:31,54.7,55.20261691345068,55.1,54.95446111111111,55.688242339987816,55.30873338796014,56.095855712890625,56.9260139465332,55.136158,54.56,55.75,55.22,57.182472
2026-12-02 21:37:35,52.8,52.1613748530223,52.38,52.96035054945056,53.25904936942499,52.91595249424381,56.03086471557617,56.92488098144531,53.545914,52.5,53.6,52.94,55.916004
2026-12-02 21:37:40,48.6,46.97179398540936,49.6,49.39877777777778,48.86121132883046,49.05876348311306,55.8267936706543,56.64388656616211,51.041393,48.84,50.34,48.75,54.11654
2026-12-02 21:37:45,52.6,52.34300588212909,52.38,53.33697726902728,52.77654950594566,53.40593881585448,54.75393295288086,55.60061264038086,53.480488,52.5,54.12,52.88,55.916004
2026-12-02 21:37:49,58.3,56.9459829796708,57.075,57.05894353946876,56.725638304231545,57.485147339187066,54.21586608886719,54.83189010620117,58.097603,57.47,57.12,57.47,57.395096
2026-12-02 21:37:54,53.8,52.27373207801796,52.983333333333334,53.285383095499284,53.23060209968619,53.23386558690502,54.843265533447266,55.12173080444336,53.586834,52.53,53.62,52.88,55.916004
2026-12-02 21:37:59,65.8,71.03905363787752,73.3,71.04799999999999,64.76882939199828,68.41765429222951,54.7415657043457,55.1525764465332,64.80394,64.2,65.1,64.2,66.83895
2026-12-02 21:38:04,57.1,57.478565749017115,56.6,57.62463289241622,59.391390111111996,57.609453134627756,54.088932037353516,54.738555908203125,58.321926,56.94,56.7,57.78,57.914856
2026-12-02 21:38:08,53.8,53.267106835346844,53.474999999999994,55.07145555555555,53.21543460416973,53.80914108132971,55.36738204956055,55.87458419799805,53.978416,52.9,54.78,53.28,56.469273
2026-12-02 21:38:13,59.4,62.07897058586926,59.675000000000004,61.023407407407404,58.49116923904008,60.89887317114644,54.878997802734375,55.32976531982422,59.699123,58.53,60.6,59.7,60.43473
2026-12-02 21:38:18,54.1,54.72621534453427,55.583333333333336,55.55827713220015,55.62181374818385,55.336810919454635,54.76264190673828,55.17024612426758,55.320763,54.8,54.78,55.34,56.648388
2026-12-02 21:38:22,58.3,58.54714693299263,58.275,58.83073677248677,56.4910023924232,58.512427266667586,55.223243713378906,55.581024169921875,57.4932,56.6,58.44,57.44,58.675194
2026-12-02 21:38:27,57.2,57.53724824339081,58.34,57.68751871382569,57.977772065757115,57.43769334892672,55.07611083984375,55.5983772277832,58.0395,56.97,57.25,57.53,57.914856
2026-12-02 21:38:32,60.7,60.626746423491056,60.975,59.92813889133742,59.00687927889248,59.913472033355674,55.66155242919922,56.26827621459961,59.594856,59.12,59.62,59.7,59.407578
2026-12-02 21:38:36,57.5,58.502503810203,59.166666666666664,58.29796402116402,57.349346328222545,57.81302827885548,56.1893310546875,56.874664306640625,57.709404,56.56,57.88,57.44,58.675194
2026-12-02 21:38:41,55.7,54.57950590469018,55.20810810810811,55.03235075568689,55.47217847534641,55.201668385499325,55.95740509033203,56.920494079589844,55.264668,54.8,54.88,55.25,56.648388
2026-12-02 21:38:46,58.3,58.58007471936806,58.275,58.57499444444444,56.77387909465259,58.596303338795245,56.235687255859375,57.07274627685547,57.48467,56.62,58.34,57.38,58.675194
2026-12-02 21:38:51,52.599999999999994,52.171640678258434,52.38,52.973576322751335,53.48066524090217,52.862378428675314,56.21951675415039,56.98811721801758,53.542835,52.5,53.44,53.0,55.916004
2026-12-02 21:38:55,55.900000000000006,55.45555029049114,55.1,54.89669047619047,55.233783388217226,55.48436758955234,55.570045471191406,56.51133346557617,55.069443,54.6,56.2,55.16,57.182472
2026-12-02 21:39:00,55.7,54.55997138491909,54.53333333333333,55.28400254513012,55.12774735831152,55.65546291111689,55.52250289916992,56.30824279785156,55.48957,54.84,54.47,55.3,56.30883
2026-12-02 21:39:05,54.9,55.33490170016443,55.15714285714286,55.10831984126983,54.96923981244657,55.206118134372865,55.9031867980957,56.208797454833984,55.08977,54.6,56.25,55.12,57.182472
2026-12-02 21:39:09,58.8,60.695273410755455,60.03333333333333,60.12557521612375,58.92687942570362,59.750085613160955,55.31478500366211,56.02166748046875,59.592083,59.12,59.75,59.72,59.407578
2026-12-02 21:39:14,55.3,54.59712236240649,55.20810810810811,55.51103536709414,55.47119559286613,55.32669315702145,55.787967681884766,56.39240646362305,55.254726,54.84,54.8,55.25,56.648388
2026-12-02 21:39:19,61.0,63.616087127117225,64.5,65.06928333333333,60.372879878315935,73.08827744218694,56.01266860961914,56.55782699584961,60.02627,58.97,61.3,59.72,61.774876
2026-12-02 21:39:24,63.099999999999994,62.70469509416696,62.95,62.854197683355295,63.34091882569387,62.22962987461733,55.1842041015625,55.98819351196289,61.56073,61.78,61.16,62.25,60.154285
2026-12-02 21:39:28,61.0,61.83409864141242,61.763636363636365,62.58319984592946,61.778744923686766,62.0336991385986,56.48123550415039,57.05836486816406,61.39407,62.1,61.22,62.1,59.417133
2026-12-02 21:39:33,55.5,55.26256242084152,56.849999999999994,56.01148148148149,55.489193377804305,54.97074230700201,57.72579574584961,58.19392013549805,55.099007,54.6,55.75,55.2,57.182472
2026-12-02 21:39:38,51.3,52.24375586447427,52.983333333333334,53.13701227753729,53.31754701531589,53.07095855101491,57.71281433105469,58.5002555847168,53.482456,52.5,53.7,53.03,55.916004
2026-12-02 21:39:42,53.0,52.23369165007543,52.983333333333334,53.01352913094532,53.075721992446425,52.91595249424381,56.73112487792969,57.79916763305664,53.497543,52.53,53.88,52.94,55.916004
2026-12-02 21:39:47,61.3,62.123005845474474,59.675000000000004,60.24336296296296,59.3439491238363,60.72547737279342,56.00234603881836,56.954139709472656,59.857887,58.56,60.7,59.6,60.43473
2026-12-02 21:39:52,59.900000000000006,60.530678154913275,59.6,59.82663564180917,60.217000466638865,59.667124919571215,55.41531753540039,56.45351791381836,59.733227,59.06,59.28,59.8,59.407578
2026-12-02 21:39:56,50.7,49.75052061966151,51.05,51.8777222222222,51.72350993822324,51.1537187780506,56.415733337402344,57.12303924560547,52.46856,50.94,52.16,51.03,55.202805
2026-12-02 21:40:01,55.7,56.42126663485542,59.166666666666664,58.667944444444444,54.365442626866596,56.77283716520063,55.88698959350586,56.595027923583984,55.426704,54.78,57.34,55.47,57.961994
2026-12-02 21:40:06,58.4,57.65222636810752,57.8,57.726001045232906,57.95195938070566,57.73036760743089,54.9210090637207,55.6757698059082,58.037376,56.97,57.38,57.56,57.914856
2026-12-02 21:40:11,54.2,53.08056615100662,53.474999999999994,54.59181481481481,53.18342517608191,53.576330766401455,55.69354248046875,56.03556823730469,54.03674,52.9,54.7,53.25,56.469273
2026-12-02 21:40:15,64.7,67.66478206859144,65.19999999999999,67.2302608711779,65.2669091854407,67.29879786272754,54.757484436035156,55.32072448730469,64.5197,66.56,66.7,66.8,62.669395
2026-12-02 21:40:20,56.4,57.5954432347282,57.8,57.653577504636296,58.44935447700688,57.495687870102735,55.707923889160156,56.00696563720703,58.136047,57.0,56.78,57.53,57.914856
2026-12-02 21:40:25,55.300000000000004,55.36222091388201,56.849999999999994,55.739469179894186,55.38084732293146,55.38192586225598,56.390167236328125,57.03597640991211,55.08584,54.6,55.94,55.22,57.182472
2026-12-02 21:40:29,52.8,52.25481438955853,52.983333333333334,53.03798630351132,53.31911214543792,53.129298932200726,56.238861083984375,57.09706115722656,53.495914,52.5,53.7,53.03,55.916004
2026-12-02 21:40:34,55.0,55.35986740051976,55.614285714285714,55.690330291005296,55.18037930932938,55.31345873163748,55.67308807373047,56.64960479736328,55.062218,54.6,56.25,55.22,57.182472
2026-12-02 21:40:39,60.0,60.60181597522803,60.03333333333333,60.169854208427736,59.02164927170648,59.87433677015418,55.220726013183594,56.07033920288086,59.592594,59.12,59.72,59.7,59.407578
2026-12-02 21:40:44,53.5,55.363932610224914,55.1,54.97854603174603,55.684810853591095,55.30652695649088,55.38562774658203,56.10697937011719,55.128487,54.53,55.62,55.2,57.182472
2026-12-02 21:40:48,66.9,67.83667629650797,66.125,66.91982644785392,65.56220355281063,67.27238472441007,55.68748474121094,56.46339797973633,64.6268,66.56,66.5,66.7,62.669395
2026-12-02 21:40:53,65.19999999999999,68.9346886709401,70.33333333333333,65.41077777777777,63.37586310330848,62.413315314662185,57.38041687011719,57.79169464111328,65.09544,62.38,63.28,64.0,64.855515
2026-12-02 21:40:58,62.699999999999996,63.7254511474263,61.349999999999994,61.615766666666666,62.30439934660404,61.75155770656278,57.398712158203125,58.40645217895508,61.988697,61.03,61.03,62.06,61.167114
2026-12-02 21:41:02,61.099999999999994,63.566849977425555,61.349999999999994,61.993257142857146,61.10944420898643,61.90948319485777,58.38138961791992,59.481468200683594,62.03885,61.1,61.38,61.94,61.167114
2026-12-02 21:41:07,54.2,55.29313136741406,55.614285714285714,55.577052513227514,55.91015030517198,55.274410339864716,58.570865631103516,59.70151901245117,55.1424,54.56,55.53,55.3,57.182472
2026-12-02 21:41:12,53.400000000000006,52.26947653006035,52.983333333333334,53.017586768786785,53.262896612232794,53.010612651552165,58.07374572753906,59.4604377746582,53.50621,52.5,53.62,52.97,55.916004
2026-12-02 21:41:16,53.0,52.30848924043868,52.38,52.95266713830833,53.029940161045374,53.14664978362377,57.438941955566406,58.72901153564453,53.52369,52.5,53.78,52.88,55.916004
2026-12-02 21:41:21,60.099999999999994,60.52557804372748,58.599999999999994,59.83752763315116,58.74917727345836,59.89190766848175,56.718055725097656,57.917572021484375,59.522186,59.12,59.97,59.7,59.407578
2026-12-02 21:41:26,52.8,52.37960683194649,54.3,53.443807671957686,53.51720689778468,53.12847368788631,56.866554260253906,57.824161529541016,53.56801,52.5,53.3,52.97,55.916004
2026-12-02 21:41:31,60.9,63.70770918586931,64.5,64.87199999999999,60.34458618901141,73.22379709832035,56.544700622558594,57.446746826171875,59.944542,58.97,61.34,59.72,61.774876
2026-12-02 21:41:35,55.300000000000004,56.37948174502841,58.275,58.76833333333333,55.56195679686519,57.067695216189904,55.73238754272461,56.709930419921875,55.291367,54.72,56.47,55.6,57.961994
2026-12-02 21:41:40,50.6,49.85580431773936,51.05,52.053833333333316,51.52335721624675,50.5326306144181,55.21085739135742,56.1776237487793,52.37514,50.9,52.34,51.1,55.202805
2026-12-02 21:41:45,58.6,61.95647781619676,59.675000000000004,61.023296296296294,59.067441633974596,61.001223280561426,54.915889739990234,55.45709991455078,59.639057,58.56,60.78,59.62,60.43473
2026-12-02 21:41:49,61.8,63.761177717196546,61.5,62.1775688034188,61.17240306792916,61.948299037932145,54.59353256225586,54.96977233886719,61.894985,61.1,61.4,61.94,61.167114
2026-12-02 21:41:54,61.599999999999994,62.67433769029262,62.5425,62.32367318089442,62.845397368246786,62.075228615018666,55.32779312133789,55.693363189697266,61.589867,61.78,61.0,62.1,60.154285
2026-12-02 21:41:59,58.0,57.545449993006976,58.34,57.769152341803895,58.021028025755925,57.55162265756242,56.61104965209961,57.04889678955078,58.05416,57.0,57.0,57.44,57.914856
2026-12-02 21:42:04,59.5,60.612347660436015,59.6,59.781155326753854,59.020994210081106,59.90121974764312,57.13349151611328,57.88127136230469,59.60145,59.1,59.6,59.66,59.407578
2026-12-02 21:42:08,51.599999999999994,49.67620237031427,50.73558282208589,51.14087507755663,51.361686878465335,50.719465466936704,57.29509353637695,58.36072540283203,51.706207,49.94,49.94,50.72,54.629143
2026-12-02 21:42:13,57.2,57.63461989238185,57.85,57.30282153551273,56.6771963030313,57.740973036283066,56.57036590576172,57.58836364746094,57.651157,57.06,58.06,57.38,57.914856
2026-12-02 21:42:18,54.3,54.65979643532075,55.20810810810811,55.12869626479942,55.206397075497435,55.270274701248425,56.11529541015625,57.31809997558594,55.20617,54.84,54.94,55.16,56.648388
2026-12-02 21:42:22,58.7,58.63365013652532,58.275,58.71290740740741,56.71123389724137,58.596303338795245,56.37339401245117,57.289710998535156,57.41492,56.6,58.3,57.38,58.675194
2026-12-02 21:42:27,61.7,65.36083046435004,64.5,63.846444444444444,61.390667860843145,60.91344753373441,56.22817611694336,57.14854049682617,62.282238,60.44,62.03,61.75,62.488075
2026-12-02 21:42:32,57.800000000000004,58.4371423257034,58.275,58.42130925925926,58.06011040314872,58.43352798273726,56.522438049316406,57.402549743652344,57.894966,56.5,57.53,57.53,58.675194
2026-12-02 21:42:36,52.599999999999994,53.005711203950334,53.474999999999994,54.71447222222222,53.32513164507757,53.123359832262395,57.07938766479492,57.798160552978516,53.983673,52.88,54.53,53.25,56.469273
2026-12-02 21:42:41,59.7,63.5350178744634,64.5,64.27366666666667,59.825316200082106,72.79854707687757,56.43827438354492,57.14976119995117,60.10557,58.84,61.1,59.7,61.774876
2026-12-02 21:42:46,67.3,70.49333344860564,70.33333333333333,65.37677777777778,65.08329425687837,66.6294613126018,55.373104095458984,56.19059753417969,66.37501,64.7,65.06,66.7,65.5879
2026-12-02 21:42:51,65.9,64.5843279247924,64.37923076923077,65.2975736776393,65.2910212519322,64.44240011154268,56.3040885925293,57.00430679321289,63.245663,64.25,63.0,64.5,60.909855
2026-12-02 21:42:55,54.7,52.987860943788526,53.474999999999994,55.05306481481482,53.608701257730296,53.6421571176825,58.23651885986328,58.81766891479492,54.072235,52.9,54.38,53.28,56.469273
2026-12-02 21:43:00,58.4,58.61145385146807,58.275,59.162962962962965,56.53349834212963,58.60211152870534,57.77217483520508,58.94810104370117,57.665028,56.56,58.4,57.53,58.675194
2026-12-02 21:43:05,53.6,55.27939498970774,56.849999999999994,55.81115370370371,55.52330424856935,55.13099258992478,56.89852523803711,58.275062561035156,55.118427,54.56,55.84,55.3,57.182472
2026-12-02 21:43:09,60.4,60.47268726436905,58.15,60.501506196254724,58.831070176952935,59.755285263800786,56.301849365234375,57.72711944580078,59.60213,59.12,59.78,59.75,59.407578
2026-12-02 21:43:14,53.0,52.29475896296763,52.983333333333334,53.20642669552671,53.56550386813043,53.031608008192954,56.60295867919922,57.69429397583008,53.549286,52.5,53.38,53.0,55.916004
2026-12-02 21:43:19,56.9,57.06819669258566,56.050000000000004,57.232207037335726,56.72801703866362,57.52158028784663,56.32085037231445,57.3015251159668,58.114002,57.44,57.1,57.47,57.395096
2026-12-02 21:43:24,56.0,57.001864841293546,58.05555555555556,57.45611267322957,56.78879779940911,57.33435642578928,56.46145248413086,57.075382232666016,58.111015,57.44,56.88,57.4,57.395096
2026-12-02 21:43:28,57.7,56.95009793845312,57.94166666666667,57.467462021700335,56.78967461994122,57.46115283994607,56.88994598388672,57.48005676269531,58.110752,57.44,56.88,57.4,57.395096
2026-12-02 21:43:33,56.099999999999994,54.782657742739204,54.9,55.44614695021921,55.04719446960067,55.27701375809838,57.38145446777344,57.840110778808594,55.19935,54.88,55.06,55.1,56.648388
2026-12-02 21:43:38,62.0,61.854485484541875,61.957142857142856,62.498812794332,61.14932412170953,62.209835426797284,56.922080993652344,57.5493278503418,61.218483,62.16,61.78,62.0,59.417133
2026-12-02 21:43:42,55.8,55.41690079501244,55.1,55.09144801587301,55.41574669444182,55.294337146675275,56.94539260864258,57.61700439453125,55.144356,54.6,55.66,55.12,57.182472
2026-12-02 21:43:47,54.7,55.3970510197292,55.1,55.07971825396825,55.30650279212436,55.23032252323655,57.137367248535156,58.06092834472656,55.106422,54.56,55.97,55.2,57.182472
2026-12-02 21:43:52,58.6,57.53718711398934,58.34,57.71320021174062,57.62901081030547,57.487197302130056,56.821136474609375,57.70135498046875,57.97993,57.03,57.44,57.47,57.914856
2026-12-02 21:43:57,56.599999999999994,55.33314397524048,55.1,55.31956917989418,55.33479959213123,55.26429648867929,57.000831604003906,57.64640808105469,55.11026,54.6,55.88,55.2,57.182472
2026-12-02 21:44:01,62.599999999999994,67.19900020175743,64.5,63.540190476190475,63.05710964552914,64.9935324394348,56.66728591918945,57.345611572265625,63.95209,63.06,63.94,64.25,63.22046
2026-12-02 21:44:06,54.8,54.4377510051665,55.20810810810811,55.721528926086265,56.11119402347989,55.403310314231135,57.08695983886719,57.719120025634766,55.382584,54.8,54.4,55.3,56.648388
2026-12-02 21:44:11,53.7,55.3476427781217,55.15714285714286,55.4029615079365,55.21872824851834,55.38885834087938,57.436309814453125,58.133628845214844,55.086025,54.6,56.06,55.12,57.182472
2026-12-02 21:44:15,55.6,55.43965158905179,55.15714285714286,55.08893769841269,55.33048047301572,55.24251233305215,56.943782806396484,57.711830139160156,55.07636,54.56,55.97,55.2,57.182472
2026-12-02 21:44:20,53.7,54.85309001261137,53.55,55.433893557368556,55.16450747212094,55.179342205258536,56.21359634399414,57.15325164794922,55.20706,54.8,55.06,55.2,56.648388
2026-12-02 21:44:25,56.400000000000006,55.53321915638693,55.1,54.92007936507936,55.218838155120615,55.48899309820358,56.18653869628906,56.892459869384766,55.094864,54.6,56.06,55.12,57.182472
2026-12-02 21:44:29,56.2,55.3855022108959,55.1,54.9128,55.35649465357529,55.30190144783964,55.454803466796875,56.2842903137207,55.10238,54.56,55.9,55.16,57.182472
2026-12-02 21:44:34,58.4,58.533615190666914,59.166666666666664,58.35086481481481,56.82387835302956,58.24567333351649,55.34809112548828,56.096290588378906,57.570175,56.56,58.16,57.38,58.675194
2026-12-02 21:44:39,55.0,55.38298949101013,55.1,54.887254365079365,55.69498110477409,55.08878033977417,55.41218948364258,56.10593795776367,55.133533,54.53,55.72,55.22,57.182472
2026-12-02 21:44:44,58.3,57.506499302121085,58.34,57.73158774456753,57.642240700431834,57.561944505919946,55.42711639404297,56.09458923339844,57.97631,57.0,57.38,57.4,57.914856
2026-12-02 21:44:48,52.8,53.013545261852656,53.474999999999994,54.54591666666666,53.12252185808927,53.0948652423743,55.899234771728516,56.392215728759766,54.0658,52.9,54.62,53.2,56.469273
2026-12-02 21:44:53,54.0,51.95960336379241,52.53186813186813,52.68345164766038,53.331989101579865,53.168415515913765,55.14418411254883,55.822078704833984,53.480946,52.38,52.75,52.97,55.56212
2026-12-02 21:44:58,53.7,52.29970980302775,52.983333333333334,53.343131820848015,52.97123139221356,53.266254372429415,54.826900482177734,55.3261833190918,53.52309,52.53,53.94,52.88,55.916004
2026-12-02 21:45:02,58.199999999999996,61.87232125873508,58.55,59.74969629629629,59.24431390298048,61.84048730499791,54.38987350463867,54.958229064941406,59.84963,58.56,60.66,59.6,60.43473
2026-12-02 21:45:07,59.7,60.66885481065573,60.03333333333333,60.219137625936156,60.18194605503403,59.942204944512454,54.307159423828125,54.957855224609375,59.743076,59.03,59.28,59.8,59.407578
2026-12-02 21:45:12,55.3,54.53628226872385,55.20810810810811,55.2146879034848,55.4780897091595,55.00208200105467,55.18105697631836,55.76821517944336,55.248447,54.8,54.75,55.22,56.648388
2026-12-02 21:45:17,53.2,52.28971982066502,52.38,53.16633792955412,53.08178162351569,53.21651473548198,55.818763732910156,56.25417709350586,53.531258,52.5,53.7,52.88,55.916004
2026-12-02 21:45:21,53.4,53.27949408566314,53.474999999999994,54.626916666666666,52.76219798110135,53.71658465796353,55.46647644042969,56.001708984375,53.994328,52.9,54.94,53.2,56.469273
2026-12-02 21:45:26,64.30000000000001,67.30710069184725,64.5,63.939499999999995,62.97120543364968,65.9261904538214,54.527740478515625,55.25807571411133,63.830452,63.06,64.06,64.3,63.22046
2026-12-02 21:45:31,55.5,55.20505483275941,55.15714285714286,55.3493003968254,56.46468771849122,55.26429648867929,55.0422477722168,55.627437591552734,55.170353,54.53,55.3,55.3,57.182472
2026-12-02 21:45:35,60.3,63.61293949561431,64.5,64.55566666666667,59.80387288044746,72.83163903054513,55.37691879272461,56.091148376464844,60.168022,58.84,61.03,59.72,61.774876
2026-12-02 21:45:40,55.400000000000006,56.34274998034584,58.275,58.74357936507936,55.49195623069461,57.10624488050837,55.181400299072266,55.88702392578125,55.269737,54.72,56.47,55.62,57.961994
2026-12-02 21:45:45,56.4,55.22158769255412,55.15714285714286,55.74135158730159,55.595252984180775,55.544501268665925,54.986873626708984,55.92543411254883,55.099537,54.53,55.88,55.28,57.182472
2026-12-02 21:45:49,57.5,58.583253074504135,59.166666666666664,58.3632455026455,56.65601785955806,57.762685073690704,55.34208679199219,56.01921463012695,57.543987,56.56,58.2,57.4,58.675194
2026-12-02 21:45:54,56.6,58.57047292878127,58.275,58.31464259259259,57.30958195297848,58.367701631456214,55.40813064575195,55.995121002197266,57.66541,56.53,57.94,57.44,58.675194
2026-12-02 21:45:59,53.0,53.11419514921117,53.474999999999994,54.638,53.28108156991193,53.87950969401232,55.27532958984375,55.96240997314453,53.98609,52.88,54.5,53.25,56.469273
2026-12-02 21:46:04,57.4,59.85748706802067,59.675000000000004,61.112388888888894,56.98886498056044,56.13725356713883,54.71359634399414,55.56270217895508,57.84382,56.8,59.12,57.6,59.72153
2026-12-02 21:46:08,53.7,56.36864792386055,58.275,58.58250925925926,55.15312231261145,57.03030467804191,54.322776794433594,55.17900085449219,55.400005,54.72,56.6,55.5,57.961994
2026-12-02 21:46:13,56.800000000000004,55.41407530982858,55.1,55.31112936507937,55.722740262177055,55.53847966409824,54.489200592041016,55.31027603149414,55.13158,54.53,55.8,55.25,57.182472
2026-12-02 21:46:18,61.2,65.48878919642735,64.5,63.53073333333333,61.749873761999204,60.88547539385467,54.702003479003906,55.21182632446289,62.150055,60.5,62.28,61.75,62.488075
2026-12-02 21:46:22,56.800000000000004,58.60352515930167,58.275,58.54180925925926,58.04387814371757,58.470156256999836,54.72401428222656,55.32974624633789,57.876793,56.5,57.53,57.53,58.675194
2026-12-02 21:46:27,56.5,57.42367308535778,58.34,57.78255886358261,57.98651517169686,57.42947985912687,55.37372589111328,56.079681396484375,58.048874,56.97,57.2,57.47,57.914856
2026-12-02 21:46:32,53.1,52.33269987198541,52.38,53.15149700207202,53.29250078694961,53.13908548245941,56.003665924072266,56.646568298339844,53.5404,52.5,53.47,52.9,55.916004
2026-12-02 21:46:37,57.3,58.627141967824855,58.275,58.513327777777775,56.57183619294469,58.54818041651593,55.64691162109375,56.50800704956055,57.42337,56.6,58.4,57.4,58.675194
2026-12-02 21:46:41,56.599999999999994,59.854023553937,60.95,60.533537037037036,56.838271988022406,55.726801476044905,55.2133674621582,56.20270919799805,58.034004,56.78,58.78,57.56,59.72153
2026-12-02 21:46:46,56.1,56.40976668963617,58.275,58.64292592592592,55.12116974750006,57.02353284414766,54.691654205322266,55.82245635986328,55.396496,54.72,56.6,55.53,57.961994
2026-12-02 21:46:51,51.8,52.35937262732733,54.3,53.62361322751324,53.47452156387541,53.322555126960864,54.734310150146484,55.761390686035156,53.49784,52.47,53.5,53.03,55.916004
2026-12-02 21:46:55,52.0,53.14907043232462,53.474999999999994,54.69525,52.74734124140668,53.13415549422251,55.091644287109375,55.72283935546875,53.999546,52.88,54.94,53.16,56.469273
2026-12-02 21:47:00,56.4,55.29862185074879,55.1,55.698722619047615,55.289451347632124,53.94835464985904,54.51544952392578,55.15779495239258,55.093456,54.56,56.03,55.22,57.182472
2026-12-02 21:47:05,53.400000000000006,55.33997371515423,55.1,55.109032142857146,55.33693391887885,55.24290703667909,54.45005798339844,54.99557113647461,55.102814,54.56,55.9,55.16,57.182472
2026-12-02 21:47:09,59.400000000000006,60.800221422761794,60.975,60.37829850857204,59.07345257286349,59.874649129587475,54.485679626464844,54.8888053894043,59.602325,59.1,59.66,59.7,59.407578
2026-12-02 21:47:14,57.5,57.49056482069837,58.34,57.817328054456745,58.06217520105311,57.5989413345943,54.912540435791016,55.27859115600586,58.057728,56.97,57.06,57.44,57.914856
2026-12-02 21:47:19,54.7,55.25083376726214,55.1,55.35103214285715,55.37844971321021,55.218208393206034,55.30588912963867,55.81495666503906,55.125793,54.56,55.78,55.12,57.182472
2026-12-02 21:47:24,63.7,65.91362482981731,65.525,64.7911820368401,62.856807320364105,64.88168200793133,55.249717712402344,55.990291595458984,63.164642,63.97,63.84,64.3,61.913822
2026-12-02 21:47:28,53.9,54.584923196619734,55.20810810810811,55.545101515895006,55.80323905641495,55.319921323127204,56.12324142456055,56.85602951049805,55.28592,54.8,54.47,55.25,56.648388
2026-12-02 21:47:33,55.1,55.38491463679528,55.1,55.414005952380954,55.1799078025103,55.500772787633686,56.629188537597656,57.49509811401367,55.09838,54.6,56.06,55.12,57.182472
2026-12-02 21:47:38,62.5,62.77303890500084,61.61578947368421,62.63137274705139,61.40794445858521,62.359654018689945,56.348052978515625,57.32466125488281,61.294544,61.84,61.66,62.1,60.154285
2026-12-02 21:47:42,61.5,62.65188248674795,62.5425,62.486507514448945,62.04252679836474,62.102873593427475,56.84335708618164,57.8238410949707,61.500324,61.8,61.16,62.06,60.154285
2026-12-02 21:47:47,53.2,53.10433771604137,53.474999999999994,54.651800925925926,53.437152015745866,53.69835906434118,58.074378967285156,58.973411560058594,54.031273,52.9,54.38,53.25,56.469273
2026-12-02 21:47:52,56.0,55.29279806591424,55.1,55.73625806878307,55.2240914275752,55.544501268665925,57.471065521240234,58.70008850097656,55.102615,54.56,56.1,55.25,57.182472
2026-12-02 21:47:57,57.0,58.77600934429273,58.275,58.51428148148148,56.696005065326126,58.416582191431345,56.88768768310547,57.97475814819336,57.625515,56.6,58.22,57.44,58.675194
2026-12-02 21:48:01,59.7,59.34716615905424,61.233333333333334,60.84001891621665,59.45020453287557,59.98676629326509,56.4299430847168,57.434043884277344,60.017292,59.75,58.97,59.9,58.15067
2026-12-02 21:48:06,53.5,52.48853948454151,53.46666666666667,53.571192255892264,53.33538407445346,53.0906024193535,57.28310775756836,57.734169006347656,53.579967,52.53,53.56,52.88,55.916004
2026-12-02 21:48:11,57.099999999999994,57.59187043489368,58.34,57.903967991448646,57.243059399408445,57.617471949892796,56.94791030883789,57.6685905456543,57.917747,57.06,57.7,57.47,57.914856
2026-12-02 21:48:15,60.8,61.94308031784996,59.675000000000004,60.338486772486775,59.01675189076176,60.71023855053105,56.35878372192383,57.12765884399414,60.106003,58.53,60.28,59.6,60.43473
2026-12-02 21:48:20,56.800000000000004,58.52907053824533,58.275,58.504697883597885,57.60298581026734,58.367701631456214,55.90026092529297,56.958553314208984,57.87232,56.53,57.8,57.53,58.675194
2026-12-02 21:48:25,56.599999999999994,56.35911999120311,59.166666666666664,59.000537037037034,54.764311355654065,57.077313153706164,56.18267059326172,57.13782501220703,55.486275,54.75,56.72,55.47,57.961994
2026-12-02 21:48:29,61.4,63.90526680330766,61.5,62.44262037037037,60.932600882566696,62.492981040270216,55.542320251464844,56.47172546386719,61.821835,61.1,61.72,61.9,61.167114
2026-12-02 21:48:34,59.3,58.55815802386966,58.275,58.56153148148148,57.695428824864884,58.290531124558214,55.91881561279297,56.61227035522461,57.796635,56.53,57.62,57.47,58.675194
2026-12-02 21:48:39,53.9,56.400783990277596,59.166666666666664,58.80475925925926,54.76339705659494,56.970739926824464,56.3367919921875,57.17219161987305,55.49745,54.75,56.72,55.47,57.961994
2026-12-02 21:48:44,53.9,52.24441825260677,52.983333333333334,53.31635674603176,53.5063144966126,53.327192207233104,55.8738899230957,56.884437561035156,53.495514,52.47,53.5,53.03,55.916004
2026-12-02 21:48:48,57.2,58.41989012891355,59.166666666666664,58.88267222222222,56.539325536525624,58.476412580480414,55.713050842285156,56.553077697753906,57.460587,56.6,58.44,57.4,58.675194
2026-12-02 21:48:53,55.099999999999994,55.34697942739044,55.1,55.078065476190474,55.67270123937845,55.236256944515546,55.03245544433594,55.95140075683594,55.122494,54.53,55.72,55.22,57.182472
2026-12-02 21:48:58,57.5,58.49460191902548,59.166666666666664,58.569642592592594,56.70850084818723,58.31149968479754,55.180931091308594,56.08488464355469,57.539276,56.56,58.16,57.4,58.675194
2026-12-02 21:49:02,60.6,65.33841809931091,64.5,63.85177777777778,61.43368372961754,60.91344753373441,55.141815185546875,55.99812698364258,62.23879,60.44,61.94,61.72,62.488075
2026-12-02 21:49:07,60.3,65.26443006382078,64.5,62.82648148148148,61.61315558098337,60.63548517222038,55.3858642578125,56.21332931518555,62.44548,60.34,61.4,61.72,62.488075
2026-12-02 21:49:12,56.3,55.167040600530584,55.1,55.02192103174603,56.61100202574311,55.30873338796014,55.903114318847656,56.82994079589844,55.186146,54.5,55.3,55.28,57.182472
2026-12-02 21:49:17,56.400000000000006,55.446091980839526,55.1,55.01797658730159,55.36731199053815,55.1544609289663,56.48249435424805,57.43364334106445,55.104397,54.53,55.88,55.12,57.182472
2026-12-02 21:49:21,53.0,52.411169427984674,52.38,53.08113703703705,53.2409605595386,52.99877847525545,56.165016174316406,57.0782470703125,53.521446,52.47,53.53,52.9,55.916004
2026-12-02 21:49:26,60.699999999999996,59.65258065669816,61.06666666666667,60.1377139410436,59.01028001184157,60.04377271873856,55.62278366088867,56.60504913330078,59.661766,59.7,59.5,59.75,58.661564
2026-12-02 21:49:31,57.9,58.56236497406123,58.275,58.38290740740741,56.88044878933948,58.44480358355205,56.1761360168457,56.93423080444336,57.554756,56.56,57.97,57.38,58.675194
2026-12-02 21:49:35,56.900000000000006,57.41804857769699,58.34,57.925042905543734,58.014008201374175,57.2079051715312,55.99855422973633,57.18189239501953,58.057373,56.97,57.2,57.5,57.914856
2026-12-02 21:49:40,55.0,55.3233586406815,55.1,55.33246798941799,55.317536075411766,55.34649207968237,56.45923614501953,57.4427375793457,55.11759,54.56,55.84,55.16,57.182472
2026-12-02 21:49:45,56.099999999999994,56.40746813899239,59.166666666666664,58.521203703703705,54.56608020857085,56.60912453694012,56.244876861572266,57.279815673828125,55.480778,54.78,56.94,55.44,57.961994
2026-12-02 21:49:49,56.2,57.46917677752397,58.34,57.733113588564414,57.999494955350265,57.60463941296388,55.512786865234375,56.62165832519531,58.0522,56.97,57.3,57.53,57.914856
2026-12-02 21:49:54,55.6,56.8943012628943,57.075,57.01679738777337,56.97846420505967,57.27546913930567,55.947914123535156,56.63111877441406,58.204865,57.44,56.75,57.5,57.395096
2026-12-02 21:49:59,54.8,52.274275209191536,52.983333333333334,53.508488088654275,53.16817779163114,53.243979438090435,56.41267395019531,56.80324172973633,53.57029,52.53,53.6,52.88,55.916004
2026-12-02 21:50:04,61.2,60.74421103810818,60.03333333333333,60.0443115714351,58.612358594200984,59.919074411920036,55.84532928466797,56.56421661376953,59.53907,59.12,59.97,59.72,59.407578
2026-12-02 21:50:08,58.800000000000004,58.59546791305118,58.275,58.471948148148144,57.21908131082493,58.36013733029185,55.865440368652344,56.65604019165039,57.707104,56.56,57.84,57.44,58.675194
2026-12-02 21:50:13,55.8,54.57890600235858,55.20810810810811,55.539461051089766,55.49002815808972,55.2685231901257,55.910667419433594,56.88530731201172,55.263268,54.8,54.84,55.25,56.648388
2026-12-02 21:50:18,60.599999999999994,62.065934587949435,59.675000000000004,60.29569629629629,59.4046910918737,60.74686682479363,56.02044677734375,56.770599365234375,59.87664,58.56,60.5,59.56,60.43473
2026-12-02 21:50:22,127.7,173.35479481717573,133.55,107.34033333333335,120.00942434429281,252.38128344846842,55.88011932373047,56.70536804199219,148.02736,126.75,121.1,129.0,165.81953
2026-12-02 21:50:27,59.5,59.59756132097036,60.975,60.56129578754579,65.34836515331722,54.16784091186557,54.171051025390625,53.83842849731445,56.265224,58.4,54.3,59.72,59.407578
2026-12-02 21:50:32,60.099999999999994,63.94291495726232,64.5,65.72869999999999,57.8884377349891,70.13350412650662,56.80120849609375,57.92277908325195,59.685535,58.9,61.22,59.9,61.774876
2026-12-02 21:50:37,58.7,59.08889857573762,58.275,59.53651851851852,57.35033166141801,58.35285551326978,58.17115020751953,58.52822494506836,57.597607,56.34,58.2,57.8,58.675194
2026-12-02 21:50:41,60.6,65.83195583799566,64.5,64.58322222222222,59.49426221717977,44.916498054576124,57.854522705078125,58.08035659790039,60.996006,60.34,62.62,62.1,62.488075
2026-12-02 21:50:46,60.5,65.58841276025693,64.5,63.704233333333335,60.20334462484694,52.47432704244969,57.21857452392578,57.36101150512695,61.816635,60.28,61.88,62.03,62.488075
2026-12-02 21:50:51,55.4,55.34021319942875,55.15714285714286,55.306398809523806,56.538090205268695,55.272947694675075,57.079002380371094,57.272945404052734,55.17924,54.5,55.38,55.34,57.182472
2026-12-02 21:50:55,57.0,58.57191331939803,58.275,58.52739259259259,56.66863298578954,58.423414131551844,57.09577560424805,57.25505828857422,57.505974,56.53,58.12,57.38,58.675194
2026-12-02 21:51:00,58.800000000000004,61.85177331744461,60.95,60.05389259259259,59.161047185695246,60.11968420064749,56.857635498046875,56.95047378540039,60.165215,58.47,60.0,59.53,60.43473
2026-12-02 21:51:05,59.5,60.60434528428057,60.975,60.23444305291658,60.398871268624085,59.77063581319972,56.498714447021484,56.875972747802734,59.746956,59.03,59.16,59.75,59.407578
2026-12-02 21:51:09,60.5,60.49494252123803,58.599999999999994,59.993405462728994,59.68206925180225,59.913472033355674,57.05000305175781,57.41703414916992,59.68235,59.06,59.28,59.7,59.407578
2026-12-02 21:51:14,55.900000000000006,55.29033124684856,55.1,55.21572261904762,55.6812769978671,55.26429648867929,57.965328216552734,58.08498001098633,55.136536,54.53,55.56,55.16,57.182472
2026-12-02 21:51:19,64.5,67.39384407079194,64.5,63.859023809523805,63.16733573738668,65.63448833463981,56.26737976074219,57.42742156982422,63.87613,63.03,63.84,64.25,63.22046
2026-12-02 21:51:24,58.0,58.36463344260558,58.275,58.59089259259259,58.01559820959658,58.44480358355205,56.83098220825195,57.95890426635742,57.872177,56.5,57.4,57.5,58.675194
2026-12-02 21:51:28,62.900000000000006,65.1289068415247,64.5,64.16511111111112,61.31439407926323,60.48811473491453,57.01591491699219,58.46063995361328,62.25273,60.44,61.97,61.75,62.488075
2026-12-02 21:51:33,69.7,77.59985227274849,73.625,69.73700000000001,68.42793324419165,66.86919367798943,57.23600769042969,58.52278137207031,70.7563,68.7,68.44,70.94,71.3185
2026-12-02 21:51:38,57.5,57.10610736459829,56.6,57.5784756566856,59.75110046527915,57.16489106199292,57.95102310180664,59.09002685546875,58.42002,56.9,56.2,57.72,57.914856
2026-12-02 21:51:42,59.8,62.07948486459636,59.675000000000004,60.564958994708995,58.94946045385416,60.48255258341747,58.79638671875,60.178428649902344,59.87871,58.53,60.22,59.56,60.43473
2026-12-02 21:51:47,59.5,63.49295579204352,64.5,63.567233333333334,59.05987807019059,72.87876136285503,58.863304138183594,60.1335563659668,60.418774,58.72,60.47,59.7,61.774876
2026-12-02 21:51:52,58.2,63.43134989779983,64.5,63.3829,59.02119157937823,72.5586707064287,57.70672607421875,59.35219955444336,60.46981,58.66,60.34,59.75,61.774876
2026-12-02 21:51:57,55.099999999999994,56.452997056708654,59.166666666666664,58.995801587301585,55.47336125437281,56.84408300594253,56.91826248168945,58.57682418823242,55.238747,54.7,56.4,55.6,57.961994
2026-12-02 21:52:01,51.1,50.75135968813007,53.474999999999994,56.117999999999995,50.861897381396616,50.267417225439935,56.55725860595703,58.04490661621094,52.488792,52.03,53.56,51.72,55.777935
2026-12-02 21:52:06,62.3,64.18729517986512,61.349999999999994,62.751559523809526,60.579849610549196,62.4420261961415,55.58320236206055,56.959129333496094,61.553364,61.12,62.12,61.97,61.167114
2026-12-02 21:52:11,60.400000000000006,62.03352387597794,60.95,60.05762962962963,59.18397477059524,60.41139176038094,56.033206939697266,56.83833312988281,60.40968,58.47,59.72,59.6,60.43473
2026-12-02 21:52:15,65.5,72.51956859398616,69.25,67.60159999999999,65.2652582406101,77.63630427454359,56.1269416809082,57.13193130493164,66.86873,64.7,65.4,66.4,67.552155
2026-12-02 21:52:20,57.900000000000006,59.89618839557284,60.95,60.830666666666666,57.824976150032875,56.050738175230165,56.281375885009766,57.268497467041016,58.22148,56.62,58.0,57.78,59.72153
2026-12-02 21:52:25,58.3,61.703505524007234,64.5,66.11123333333333,57.06762453155655,65.33276068811395,56.02206039428711,57.23160171508789,57.918312,58.5,59.53,58.16,61.08354
2026-12-02 21:52:29,56.3,61.44918872477744,64.5,66.30748148148147,56.92233139461608,64.50726597445245,54.90254592895508,56.18405532836914,57.647507,58.4,59.34,58.16,61.08354
2026-12-02 21:52:34,53.599999999999994,54.28851883689909,58.275,60.27798148148148,52.88141120260817,54.02404243006162,54.403892517089844,55.59959411621094,53.803528,53.84,55.47,54.03,57.270657
2026-12-02 21:52:39,56.6,57.75318200533825,58.05,58.284263787737316,57.95235435901456,57.73036760743089,54.203304290771484,55.23147201538086,58.05016,56.94,57.44,57.56,57.914856
2026-12-02 21:52:44,65.7,70.85610202586373,70.33333333333333,65.99783333333333,65.19951716536315,67.13120782769148,55.17057800292969,55.65571594238281,66.44711,64.8,65.7,66.7,65.5879
2026-12-02 21:52:48,67.19999999999999,72.49579558483622,69.25,66.0055,65.24146643033609,77.6488717790942,55.70372772216797,56.3980598449707,66.99561,64.25,64.7,66.25,67.552155
2026-12-02 21:52:53,52.300000000000004,50.6969427598838,53.474999999999994,56.725027777777775,52.20464431796525,51.0279536378288,56.31084060668945,57.463584899902344,52.07926,52.03,52.94,52.0,55.777935
2026-12-02 21:52:58,58.6,63.67694541059216,64.5,65.47333333333333,59.138486692993105,72.94754033739173,55.5657958984375,57.103031158447266,59.909115,58.9,61.28,59.78,61.774876
2026-12-02 21:53:02,55.0,57.853971124758495,60.95,62.88535714285714,54.87936362481968,61.36092744864099,55.00008773803711,56.17204666137695,55.570995,55.88,57.44,56.12,59.030197
2026-12-02 21:53:07,55.6,56.50004318991743,58.275,59.348277777777774,54.921837685455614,56.98650466871209,54.25643539428711,55.403987884521484,55.297455,54.72,56.75,55.6,57.961994
2026-12-02 21:53:12,62.2,69.05236796667083,74.5,73.17066666666668,62.06335355977363,120.54616033528231,54.30324172973633,55.157657623291016,62.64501,63.8,63.28,62.25,66.14762
2026-12-02 21:53:17,61.8,68.97347131905696,69.25,70.1085,61.41836679254393,120.49598143805295,53.6812744140625,54.481719970703125,63.11174,63.12,62.28,62.22,66.14762
2026-12-02 21:53:21,54.6,55.182357863081215,55.15714285714286,55.92272658730158,57.361450172436854,55.25509524760368,53.811187744140625,54.61431884765625,55.175922,54.47,55.28,55.5,57.182472
2026-12-02 21:53:26,63.1,67.52739498362703,64.5,64.20606666666666,62.92076591063587,65.67812396574396,55.22174072265625,55.861053466796875,63.71571,63.03,63.9,64.3,63.22046
2026-12-02 21:53:31,58.7,60.66756071812962,60.03333333333333,60.102360392983925,60.685130435527014,59.906640093235175,55.895320892333984,56.405494689941406,59.828125,58.97,58.94,59.8,59.407578
2026-12-02 21:53:35,52.900000000000006,54.33485997627592,58.275,60.46556666666667,52.76870067363573,54.05820212639451,56.410980224609375,57.179466247558594,54.088905,53.94,55.66,53.9,57.270657
2026-12-02 21:53:40,50.9,50.76297019974862,53.474999999999994,56.359064814814815,50.78263677791567,50.80755400355007,55.06217956542969,56.1248779296875,52.417645,52.03,53.75,51.8,55.777935
2026-12-02 21:53:45,59.699999999999996,63.62469057802715,64.5,65.13619047619048,59.313388927356634,72.75940783470253,53.91780471801758,55.12490463256836,59.945988,58.9,61.22,59.75,61.774876
2026-12-02 21:53:49,56.3,56.41864053601765,58.275,59.004888888888885,55.42821820825456,57.26737693134677,53.690670013427734,54.52809524536133,55.24944,54.72,56.44,55.62,57.961994
2026-12-02 21:53:54,61.7,65.33935013022341,64.5,64.34001111111111,61.073207679140815,61.17325739978638,54.07655715942383,54.8118896484375,62.30748,60.44,62.12,61.8,62.488075
2026-12-02 21:53:59,63.599999999999994,63.89400381903829,61.5,62.26714814814815,61.834630030580406,62.03671741232918,54.628936767578125,55.167015075683594,62.075283,61.03,61.1,61.94,61.167114
2026-12-02 21:54:04,61.0,67.08215443090813,70.33333333333333,66.41066666666666,61.7656686798742,66.10716785798525,55.98629379272461,56.48371124267578,62.613796,61.1,62.1,61.8,64.14232
2026-12-02 21:54:08,53.9,54.64370062889141,54.2,55.672915893877075,56.526480161955675,55.62382374540033,55.76188278198242,56.52664566040039,55.515987,54.78,54.47,55.44,56.648388
2026-12-02 21:54:13,53.5,53.10094973412405,53.474999999999994,55.12373148148148,52.721680860475594,53.747124478809106,56.19753646850586,57.14492416381836,53.97318,52.88,54.88,53.2,56.469273
2026-12-02 21:54:18,52.400000000000006,50.99258541843859,53.474999999999994,56.40199722222222,50.58476314323133,50.78640144867466,55.260704040527344,56.2960319519043,52.553276,52.03,53.84,51.75,55.777935
2026-12-02 21:54:22,60.1,62.18216227615446,59.675000000000004,61.07233333333333,58.40047203055221,60.84931381675244,53.62562942504883,54.77975845336914,59.774902,58.53,60.62,59.7,60.43473
2026-12-02 21:54:27,62.1,65.45264431638148,64.5,63.08967777777777,61.11260377572677,60.903772667037906,54.025413513183594,54.77765655517578,62.417206,60.38,61.78,61.8,62.488075
2026-12-02 21:54:32,55.6,61.43966918985862,64.5,65.67581481481481,57.229516573249576,64.4980944552985,54.800357818603516,55.533321380615234,58.156475,58.38,59.16,58.12,61.08354
2026-12-02 21:54:37,49.5,49.84571541602351,50.55,52.655916666666656,52.0236609264309,51.044610945633785,54.46047592163086,55.30492401123047,52.093422,50.94,52.1,51.25,55.202805
2026-12-02 21:54:41,59.199999999999996,62.07295681757511,59.675000000000004,60.62664629629629,58.83271463714896,60.836501295839795,54.588233947753906,55.30021286010742,59.725445,58.53,60.75,59.62,60.43473
2026-12-02 21:54:46,61.9,65.43462750608346,64.5,62.780677777777775,61.19465534888284,60.903772667037906,54.59653091430664,55.02424621582031,62.383656,60.38,61.75,61.78,62.488075
2026-12-02 21:54:51,57.4,58.707727912843595,58.275,58.664840740740736,57.947376775251705,58.38762843826678,54.691993713378906,55.23686599731445,57.877323,56.47,57.53,57.56,58.675194
2026-12-02 21:54:55,53.0,53.115368378309306,53.474999999999994,54.967861111111105,53.159599912587026,53.69835906434118,55.24734878540039,55.81652069091797,53.913975,52.84,54.5,53.25,56.469273
2026-12-02 21:55:00,55.6,56.51478802819903,58.275,58.57734259259259,54.444614071473445,57.040418529227324,54.6212272644043,55.38734436035156,55.43392,54.75,57.0,55.44,57.961994
2026-12-02 21:55:05,54.300000000000004,53.31437353640414,53.474999999999994,54.79586111111111,53.131762516743734,53.7993896246406,54.22858810424805,55.063941955566406,53.904335,52.84,54.56,53.25,56.469273
2026-12-02 21:55:09,57.3,58.58815894900774,58.275,59.100448148148146,56.610293907679385,58.73748016596389,54.18593978881836,55.03581619262695,57.509495,56.56,58.22,57.4,58.675194
2026-12-02 21:55:14,52.4,53.08647832205416,53.474999999999994,54.773111111111106,53.1746849195833,53.65761218874053,54.368568420410156,54.986785888671875,53.9418,52.88,54.47,53.25,56.469273
2026-12-02 21:55:19,72.9,78.05495185467038,73.625,71.24066666666667,68.7229738702801,66.3651797734775,54.00856399536133,54.634307861328125,70.30367,69.4,69.7,71.2,71.3185
2026-12-02 21:55:24,55.6,57.74728447392182,60.95,63.281333333333336,55.6294911286395,61.48877317383798,54.82590866088867,55.23714065551758,55.334522,55.8,56.75,56.28,59.030197
2026-12-02 21:55:28,58.0,61.93453671187935,60.95,60.89283333333333,58.44231002165531,60.55478410949226,54.598907470703125,55.718902587890625,59.98276,58.44,60.16,59.72,60.43473
2026-12-02 21:55:33,55.5,55.33939596794571,55.614285714285714,55.79193611111111,55.92945069741443,55.16914481573685,55.31171798706055,56.0236930847168,55.110546,54.5,55.6,55.34,57.182472
2026-12-02 21:55:38,55.4,55.432506514882405,55.614285714285714,55.92750277777778,55.21560646807283,55.159030964551434,55.43649673461914,56.10615158081055,55.065926,54.53,56.0,55.25,57.182472
2026-12-02 21:55:42,54.9,55.3634662104845,55.614285714285714,55.439877513227515,55.22555479901452,55.32510262768216,55.095054626464844,55.790672302246094,55.097893,54.53,55.94,55.22,57.182472
2026-12-02 21:55:47,56.0,55.32733098223382,55.1,55.0848376984127,55.29455654539349,55.29648110224758,54.89659118652344,55.70461654663086,55.120556,54.53,55.88,55.16,57.182472
2026-12-02 21:55:52,63.7,67.2022970342581,70.33333333333333,67.279,62.43444302329227,66.81044162974409,54.844608306884766,55.651676177978516,62.42783,61.44,62.75,61.88,64.14232
2026-12-02 21:55:57,55.5,56.20927301715778,58.275,58.88025925925926,55.89720679594028,57.096131029322954,54.379085540771484,55.35889434814453,55.1343,54.7,56.2,55.62,57.961994
2026-12-02 21:56:01,61.0,60.62198469572906,59.6,60.206359443007976,59.595458969944545,60.045710067301385,54.635658264160156,55.62864685058594,59.67914,59.03,59.53,59.75,59.407578
2026-12-02 21:56:06,58.3,58.49665578293472,58.275,58.60360899470899,57.083749485200535,58.44480358355205,55.65034484863281,56.26944351196289,57.630383,56.53,57.8,57.44,58.675194
2026-12-02 21:56:11,54.4,56.59876497020243,58.275,58.84984444444444,54.64714656281643,57.25927090498554,55.6168327331543,56.268150329589844,55.452187,54.72,56.7,55.47,57.961994
2026-12-02 21:56:15,61.0,61.89165167995989,60.95,60.65472592592592,58.84932079571812,61.02037347299157,55.150760650634766,56.0330696105957,60.017376,58.5,60.12,59.6,60.43473
2026-12-02 21:56:20,62.0,63.79346468800247,61.5,61.98614259259259,61.25903992362944,61.956596952258344,55.19609451293945,56.03105926513672,62.069237,61.06,61.3,61.9,61.167114
2026-12-02 21:56:25,59.1,60.664976517546066,60.975,60.04004601106954,60.345153888643516,59.87768634007061,56.011009216308594,56.875091552734375,59.761524,59.03,59.03,59.72,59.407578
2026-12-02 21:58:19,73.9,79.44292587903792,73.625,71.4041111111111,69.87691658351494,72.86900594645593,56.8159294128418,57.81364059448242,72.16159,71.2,71.25,73.56,72.06521
2026-12-02 21:58:24,68.8,74.02980247806455,69.25,65.706,67.25109251456298,65.3406940773892,57.90651321411133,58.975955963134766,68.55305,66.25,65.56,68.8,68.28454
2026-12-02 21:58:29,67.0,68.8487412482727,66.68181818181819,65.27739545088566,66.4158169389406,66.34032076628077,58.88346481323242,60.432151794433594,64.94677,65.7,64.44,66.9,63.96717
2026-12-02 21:58:33,65.9,67.72482785404496,66.125,67.03640052201683,66.8861795113109,66.81532273536263,60.67654800415039,61.99081039428711,64.69063,66.4,65.25,66.7,62.669395
2026-12-02 21:58:38,70.2,70.48308262171194,70.7235294117647,72.15835740740741,70.79829155460936,71.22612369820905,62.390724182128906,63.495418548583984,67.4161,70.4,70.94,71.0,63.252117
2026-12-02 21:58:43,58.0,57.487875699192344,58.34,57.461250959268085,58.09821599180758,57.535253417840394,64.44528198242188,65.05751037597656,58.100952,57.0,56.6,57.4,57.914856
2026-12-02 21:58:47,57.6,57.55612676582503,58.34,57.676792396506116,57.63600479741267,57.51848947449143,64.63313293457031,65.94310760498047,58.01009,57.0,57.34,57.5,57.914856
2026-12-02 21:58:52,51.099999999999994,50.77333187860352,53.474999999999994,56.27498148148148,50.69557810846085,50.463176539925804,63.024940490722656,64.71351623535156,52.644806,52.06,53.66,51.72,55.777935
2026-12-02 21:58:57,66.0,67.8357921071627,65.19999999999999,67.50135617725354,65.02286461564415,67.39371207958837,59.95665740966797,62.238101959228516,64.46783,66.56,66.8,66.9,62.669395
2026-12-02 21:59:02,52.8,52.21375440371298,53.56666666666667,53.20567887205389,53.97481031662464,53.143916550306685,60.32453918457031,61.22980880737305,53.554916,52.53,53.03,53.1,55.916004
2026-12-02 21:59:06,60.7,67.33246662543789,69.36666666666666,68.34108333333333,62.3139276158928,66.69283548448978,59.65312957763672,60.60179138183594,62.29887,61.7,63.28,62.06,64.14232
2026-12-02 21:59:11,66.2,72.52081460295321,73.75,67.09049999999999,64.85728616165073,77.79449526850945,57.94697570800781,59.049095153808594,66.73163,64.3,65.06,66.44,67.552155
2026-12-02 21:59:16,76.2,87.31940215612084,85.42500000000001,75.89666666666666,71.95077208057648,132.2130332023645,57.536190032958984,58.57588577270508,75.76793,72.4,71.0,74.06,81.64678
2026-12-02 21:59:20,66.0,72.23414301479723,73.75,66.34849999999999,65.8653551412687,77.09536637508722,57.45301055908203,58.236915588378906,66.62675,63.7,63.7,66.5,67.552155
2026-12-02 21:59:25,77.1,88.84466283231006,85.42500000000001,74.50490476190478,73.36502736374752,80.93318341941067,58.04878234863281,59.181610107421875,78.34315,74.4,72.7,76.44,82.379166
2026-12-02 21:59:30,58.400000000000006,59.65599028773616,60.95,61.10016666666667,59.396484608232434,55.9099772923156,58.60460662841797,59.37642288208008,57.67076,56.53,57.2,57.9,59.72153
2026-12-02 21:59:35,78.0,86.81977128959919,73.625,75.014,72.94534742070931,77.55563131517235,58.439090728759766,60.1884765625,77.33863,75.4,75.06,77.5,79.13015
2026-12-02 21:59:39,69.5,78.23569762357525,73.625,71.514,66.76587677460023,122.84669164260501,59.636688232421875,60.70841979980469,69.36515,66.75,65.44,68.06,73.24314
2026-12-02 21:59:44,69.0,78.30082979899339,73.625,72.094,66.60021867439899,122.21489677679213,59.21238327026367,60.93986511230469,69.47239,67.06,66.06,68.1,73.24314
2026-12-02 21:59:49,63.5,65.65646405378837,65.525,65.10069017094018,66.3619483753474,64.43350499931634,58.55891799926758,60.35482406616211,62.94369,63.72,62.47,64.75,61.913822
2026-12-02 21:59:53,63.900000000000006,63.85649760933072,60.699999999999996,61.762990476190474,60.873833723412154,62.024353740894426,60.312599182128906,61.82011795043945,61.96148,61.06,61.22,61.97,61.167114
2026-12-02 21:59:58,61.8,62.705714719513395,63.15,62.68910481456439,62.49237655362562,62.075228615018666,61.458988189697266,62.57639694213867,61.61147,61.78,61.0,62.16,60.154285
2026-12-02 22:00:03,67.4,72.66967085192483,73.75,68.08166666666666,65.50217029054843,77.93613678118953,61.689178466796875,62.85004425048828,66.74869,64.75,65.44,66.4,67.552155
2026-12-02 22:00:07,51.7,52.9934153280113,53.474999999999994,55.09183333333333,54.47738524009148,53.61911142528517,60.68389129638672,62.220062255859375,53.45703,52.84,53.9,53.53,56.469273
2026-12-02 22:00:12,54.2,51.919424011544834,53.36190476190476,53.1003964883484,53.16831949029361,53.214007170137684,59.00898742675781,61.10639572143555,53.473328,52.34,52.7,53.0,55.56212
2026-12-02 22:00:17,62.3,64.88116917320008,64.525,64.5050604652414,62.78161216544251,64.07009469412353,58.43222427368164,59.511653900146484,62.623543,64.44,64.6,64.44,60.909855
2026-12-02 22:00:22,60.2,59.41541627412338,60.16470588235294,60.32728999899813,59.56336972433148,59.833635509846665,58.834129333496094,59.606510162353516,60.081223,59.72,58.56,59.84,58.15067
2026-12-02 22:00:26,57.8,57.81815644770421,58.05,57.849746459187266,57.1097867116558,57.667204739462036,59.19721603393555,59.80972671508789,57.845512,57.0,57.3,57.38,57.914856
2026-12-02 22:00:31,59.599999999999994,59.762857474360416,59.90909090909091,59.90158087353708,59.35272063683227,59.55377003253554,59.04916763305664,59.8532829284668,59.77106,59.66,59.12,59.78,58.661564
2026-12-02 22:00:36,58.699999999999996,60.6385614835364,60.03333333333333,59.79480882973236,58.92137240576341,59.84960785638865,59.03345489501953,59.72928237915039,59.63293,59.1,59.4,59.66,59.407578
2026-12-02 22:00:40,54.8,55.37462343966837,53.85,54.93784325396825,55.648859207998846,55.10187235281407,58.40620803833008,59.49620056152344,55.140686,54.5,55.56,55.2,57.182472
2026-12-02 22:00:45,54.8,52.27968752183568,54.3,53.45523333333335,53.28531599223739,53.20041498023343,57.82142639160156,58.96658706665039,53.520687,52.47,53.53,52.94,55.916004
2026-12-02 22:00:50,60.5,59.318588343741,58.9625,60.16175419533433,59.95931395482982,60.00224977454779,56.856658935546875,57.90046691894531,59.931065,59.8,59.34,59.78,58.15067
2026-12-02 22:00:55,57.2,58.58244266269937,59.166666666666664,58.13643994708995,56.96371608054579,61.832070645720826,57.44934844970703,57.71611785888672,57.41204,56.6,58.1,57.38,58.675194
2026-12-02 22:00:59,54.7,55.4294796661203,55.614285714285714,55.20607103174603,55.565998601836384,55.221273327523654,57.130645751953125,57.95022964477539,55.12628,54.5,55.72,55.25,57.182472
2026-12-02 22:01:04,53.2,53.07416525426778,53.474999999999994,54.54116203703703,52.78939531719116,53.70032123865521,56.75366973876953,57.73712921142578,53.971928,52.88,54.7,53.25,56.469273
2026-12-02 22:01:09,66.2,69.12001556818059,66.68181818181819,66.05461944444444,64.1126590058356,66.8140280084723,55.681068420410156,56.65591812133789,64.7281,65.94,66.1,66.94,63.96717
2026-12-02 22:01:13,54.4,54.82769606061897,55.583333333333336,55.31232935182507,56.130254262977964,55.34908160718919,56.24347686767578,56.911712646484375,55.368122,54.8,54.3,55.34,56.648388
2026-12-02 22:01:18,65.0,67.8790804749879,65.19999999999999,66.80404359386412,65.367891622122,67.28786820569277,56.79595947265625,57.52203369140625,64.48604,66.56,66.6,66.75,62.669395
2026-12-02 22:01:23,63.5,62.621862970776576,63.15,62.34135911637906,62.36586989282158,61.91448719318466,57.76301574707031,58.3567008972168,61.58749,61.75,60.75,62.1,60.154285
2026-12-02 22:01:27,56.0,56.401126628719844,59.166666666666664,58.75233333333333,54.7229159799188,56.583810024291566,58.50069046020508,59.468994140625,55.46653,54.75,56.56,55.5,57.961994
2026-12-02 22:01:32,58.9,60.6846230565985,60.03333333333333,60.19782347619701,59.393894000374104,60.04484901838116,57.67552185058594,59.13298034667969,59.688866,59.03,59.6,59.8,59.407578
2026-12-02 22:01:37,62.900000000000006,67.15273729789209,68.14999999999999,66.20733333333332,61.90949019680096,66.4920485110324,57.591041564941406,58.939151763916016,62.543793,61.25,62.38,61.88,64.14232
2026-12-02 22:01:42,62.0,63.76601763886754,61.349999999999994,61.794805555555556,62.34086260919973,62.239523936338024,56.38678741455078,58.043067932128906,61.92271,60.97,61.06,62.1,61.167114
2026-12-02 22:01:46,63.4,64.76630221153557,64.37923076923077,64.8303668971136,64.17349808980904,64.52543940775037,57.437477111816406,58.705101013183594,63.25215,64.3,63.44,64.5,60.909855
2026-12-02 22:01:51,56.8,56.43563798599079,58.275,58.724444444444444,54.91624862222671,57.09290963959627,59.13916015625,59.94865798950195,55.445072,54.75,56.44,55.47,57.961994
2026-12-02 22:01:56,69.4,77.88586784563446,73.625,71.12819047619047,68.11714881013361,65.5268774218044,58.707218170166016,60.01679992675781,70.09634,69.1,69.44,71.2,71.3185
2026-12-02 22:02:00,53.3,52.87009726922846,53.474999999999994,55.2225,54.81419104136377,53.366809362054816,58.1660270690918,59.48334503173828,53.375015,52.88,53.7,53.6,56.469273
2026-12-02 22:02:05,57.099999999999994,56.54915169112466,58.275,59.05119047619048,53.902855937817655,57.042380703541355,57.438411712646484,59.31490707397461,55.33774,54.75,57.12,55.56,57.961994
2026-12-02 22:02:10,53.900000000000006,52.36433590798987,52.983333333333334,53.56956635401637,53.50747244143942,53.33643822342907,56.446319580078125,57.927188873291016,53.459988,52.44,53.53,53.12,55.916004
2026-12-02 22:02:15,52.199999999999996,51.01018311330335,53.474999999999994,56.34388888888889,50.293632132700175,50.91429753058784,55.74289321899414,56.907020568847656,52.622482,52.03,53.94,51.7,55.777935
2026-12-02 22:02:19,56.9,60.102202389054895,59.675000000000004,61.28375,56.29084521195895,55.944619263517964,54.50368881225586,55.63400650024414,57.651516,56.78,59.25,57.66,59.72153
2026-12-02 22:02:24,56.4,55.36852658962769,54.7,55.39692103174603,56.12224345712843,55.49137943048019,53.93079376220703,54.73842239379883,55.150177,54.47,55.6,55.3,57.182472
2026-12-02 22:02:29,58.6,60.681849702554516,59.6,59.70801297836151,58.97347265809546,59.57430698943963,54.611961364746094,54.98037338256836,59.62189,59.06,59.62,59.7,59.407578
2026-12-02 22:02:33,55.6,58.65801992934451,58.275,58.17894814814815,57.082391444686316,58.2329223361278,54.97813034057617,55.18098831176758,57.628742,56.53,57.78,57.44,58.675194
2026-12-02 22:02:38,56.400000000000006,57.49983272661735,58.34,57.557277324134404,57.984291546590235,57.40278292512427,54.665794372558594,55.0922737121582,58.060226,56.94,57.1,57.47,57.914856
2026-12-02 22:02:43,65.4,63.912303695616096,64.35733333333333,64.9531838839596,64.41581131848652,64.16416142670037,55.24778747558594,55.69451904296875,63.03265,64.2,64.2,64.44,59.69336
2026-12-02 22:02:47,58.5,57.018002782354955,57.38,57.531120471485,57.00016499355867,57.41468120828177,56.45869827270508,56.5064811706543,58.158348,57.44,56.53,57.38,57.395096
2026-12-02 22:02:52,53.599999999999994,55.36672014517105,56.849999999999994,55.72229338624339,54.95394950684869,55.35897373840737,56.824974060058594,57.60573196411133,55.141514,54.56,55.94,55.16,57.182472
2026-12-02 22:02:57,61.5,62.86100909347422,63.15,62.80023801169591,61.25349041712339,62.38812841827442,56.492759704589844,57.82535934448242,61.371704,61.84,61.62,62.12,60.154285
2026-12-02 22:03:02,64.3,64.60113358187321,64.37923076923077,64.86138894432177,63.93554479299327,64.43444160903982,56.812320709228516,58.212764739990234,63.297066,64.3,63.53,64.44,60.909855
2026-12-02 22:03:06,60.3,61.91036078884548,60.95,59.32166111111111,59.402991810712464,60.55459204335974,58.67042541503906,59.65565490722656,60.468884,58.5,59.7,59.53,60.43473
2026-12-02 22:03:11,60.5,65.25520518228556,64.5,62.4047037037037,61.28094683278438,60.773608466451684,59.016483306884766,60.145904541015625,62.368248,60.4,61.7,61.78,62.488075
2026-12-02 22:03:16,57.8,58.3914573615446,58.275,58.33762962962963,57.92218543713206,58.42476611732015,58.589576721191406,59.90897750854492,57.888832,56.47,57.5,57.56,58.675194
2026-12-02 22:03:20,57.800000000000004,61.89084907662311,60.95,59.55411481481482,58.97600086846105,60.42128814460523,58.37344741821289,59.67715835571289,60.177475,58.47,60.0,59.6,60.43473
2026-12-02 22:03:25,56.1,58.62491392358889,58.275,58.10647592592593,57.582143792173156,58.37999470142691,58.234745025634766,59.3721923828125,57.73244,56.47,57.66,57.47,58.675194
2026-12-02 22:03:30,61.8,64.03883472719042,61.5,61.84553703703703,61.08548489542689,61.837492943108984,57.9362678527832,59.15209197998047,61.86188,61.06,61.47,61.84,61.167114
2026-12-02 22:03:35,141.7,191.15642152082384,108.73333333333335,109.726,132.08654195484982,254.57962846041252,57.78313064575195,59.01651382446289,163.73611,140.8,140.2,141.9,169.878
2026-12-02 22:03:39,60.800000000000004,59.56860719360572,60.975,60.13445927960928,65.1039729725986,54.92693252890087,55.58252716064453,55.144283294677734,56.548508,58.25,53.6,59.66,59.407578
2026-12-02 22:03:44,63.2,67.76717956062743,64.5,63.667273391812856,61.273286719185755,48.505052073465464,57.472537994384766,58.698238372802734,62.26475,62.8,64.1,64.56,63.22046
2026-12-02 22:03:49,57.4,59.026046099491545,59.166666666666664,58.8218201058201,57.05515473651816,45.61171747409062,59.84157180786133,59.979286193847656,57.60975,56.28,57.97,57.78,58.675194
2026-12-02 22:03:53,57.099999999999994,59.17469350076217,59.166666666666664,58.992720105820105,56.27540965192983,46.71198552823131,59.19013214111328,59.37843704223633,57.41367,56.3,58.5,57.7,58.675194
2026-12-02 22:03:58,65.2,66.42720910861105,65.525,64.55447092484421,61.973043517412535,63.859872830671065,58.32279968261719,58.31562042236328,62.49485,63.78,63.97,64.56,61.913822
2026-12-02 22:04:03,63.5,64.02377446244228,61.5,61.475314814814816,61.157267615874204,61.95616245642429,58.52399444580078,58.16795349121094,62.118916,61.03,61.03,61.84,61.167114
2026-12-02 22:04:07,67.1,70.70574729405485,70.33333333333333,65.37766666666667,65.16758601728996,66.93793036130025,58.74549102783203,58.626399993896484,66.5619,64.7,64.94,66.6,65.5879
2026-12-02 22:04:12,60.800000000000004,60.52046262610315,60.975,59.79589081626435,61.22987706070559,59.827427431792216,59.06077575683594,59.089576721191406,59.91068,58.97,58.62,59.84,59.407578
2026-12-02 22:04:17,62.7,65.4945883718508,64.5,63.220277777777774,61.29325922534415,60.82136699862611,59.41169738769531,59.7686767578125,62.19986,60.4,61.8,61.75,62.488075
2026-12-02 22:04:22,58.2,58.441785436600526,58.275,58.03697592592593,58.03829762463162,58.35954995458483,58.921329498291016,59.51921463012695,57.782642,56.44,57.44,57.5,58.675194
2026-12-02 22:04:26,56.0,57.11067732893564,56.050000000000004,56.91479149744344,57.34636760659697,57.34904070588211,59.08658981323242,59.652923583984375,58.315235,57.34,56.6,57.56,57.395096
2026-12-02 22:04:31,59.0,60.72678380785162,59.6,59.42004778244631,58.62437080440377,59.49515003066934,57.90330505371094,59.031272888183594,59.566097,59.1,59.66,59.66,59.407578
2026-12-02 22:04:36,66.5,69.05360982928647,66.68181818181819,65.72410737969759,64.74345053219001,66.47575414859477,57.95383834838867,59.22794723510742,64.94498,65.9,65.44,66.8,63.96717
2026-12-02 22:04:40,71.9,74.45729817586121,73.32000000000001,72.31574880952381,72.24836746767608,73.39653989685971,58.79182815551758,60.11106491088867,68.802216,72.5,72.75,73.56,66.26543
2026-12-02 22:04:45,63.5,65.81724957053771,65.525,64.5412094303546,63.802898224438536,64.3695608218227,61.72358322143555,62.5024528503418,63.64746,63.84,62.47,64.3,61.913822
2026-12-02 22:04:50,69.1,70.88991960049562,69.31666666666666,67.87480764295286,67.62126003858167,68.96044640832422,62.975894927978516,64.00247955322266,65.99014,68.4,67.6,69.1,64.72274
2026-12-02 22:04:55,60.5,61.79764327749687,60.95,59.4690462962963,59.4816172442396,60.43404541009322,63.747032165527344,64.74855041503906,60.76183,58.44,59.28,59.62,60.43473
2026-12-02 22:04:59,61.3,61.76943768046646,61.763636363636365,61.81953803340723,62.01279863651054,62.02199404237385,62.610286712646484,64.26559448242188,61.660667,62.06,61.16,62.22,59.417133
2026-12-02 22:05:04,65.3,67.2839492617963,64.5,63.37949999999999,63.04900722271629,65.49397893409818,62.38374328613281,63.56592559814453,63.865086,63.03,63.5,64.25,63.22046
2026-12-02 22:05:09,66.0,67.5830933761959,65.19999999999999,66.83784886027249,66.53884686524742,66.98049624390242,62.17251205444336,63.4466667175293,64.606636,66.44,65.44,66.8,62.669395
2026-12-02 22:05:13,56.800000000000004,55.3645160144595,56.849999999999994,55.62304695767196,55.818306715843086,55.2341856131613,62.79955291748047,63.745296478271484,55.15549,54.53,55.25,55.28,57.182472
2026-12-02 22:05:18,67.2,70.77982191049715,69.36666666666666,65.91052380952381,64.58985580987394,66.28605565515231,61.971351623535156,63.242225646972656,66.08837,64.8,65.9,66.8,65.5879
2026-12-02 22:05:23,71.4,75.83961813640556,73.75,67.79766666666666,68.52024775099292,71.72464482140447,61.27107620239258,62.39350128173828,69.98764,68.9,68.44,71.5,69.03124
2026-12-02 22:05:27,69.9,69.36961156189126,70.0,69.16306829300814,68.52691700316122,68.88482930830747,61.67658233642578,62.61157989501953,66.02634,68.56,67.56,69.0,63.433125
2026-12-02 22:05:32,71.9,74.08139846304093,72.225,70.90005312013051,69.27068422092832,70.78855144710089,63.13298034667969,63.76453399658203,68.91749,70.0,69.4,71.5,67.09018
2026-12-02 22:05:37,63.099999999999994,63.83911376905078,61.349999999999994,61.23860555555555,62.06735322571025,61.913537284985765,64.64547729492188,65.114013671875,62.329445,60.97,60.53,61.97,61.167114
2026-12-02 22:05:42,56.4,54.66962700507608,55.20810810810811,55.42155430084215,55.87937289267151,55.34228315000786,63.873374938964844,65.14482116699219,55.263885,54.78,54.5,55.28,56.648388
2026-12-02 22:05:46,63.5,66.01617666111603,65.525,64.44579010473839,62.51437129897664,64.4162416662612,62.83126449584961,64.07044219970703,62.9186,63.97,64.0,64.4,61.913822
2026-12-02 22:05:51,62.8,63.76507924985989,61.5,61.64950714285714,61.05408771798071,61.967647315830476,62.06615447998047,63.35173416137695,62.046062,61.03,61.03,61.88,61.167114
2026-12-02 22:05:56,53.0,52.27636086258991,52.983333333333334,52.986573569023584,53.861042459214225,53.12054429837898,61.662574768066406,62.976985931396484,53.52968,52.47,53.06,53.03,55.916004
2026-12-02 22:06:00,58.5,62.07997343993034,59.675000000000004,59.89438677248677,58.864232372618105,60.48509864576482,60.36028289794922,61.6993522644043,59.77692,58.5,60.5,59.56,60.43473
2026-12-02 22:06:05,60.5,59.75089592882632,59.90909090909091,59.64171133083033,60.13725890870824,60.02064190615927,59.48578643798828,60.666805267333984,59.93757,59.56,58.75,59.9,58.661564
2026-12-02 22:06:10,59.3,60.78567109254547,60.03333333333333,59.95319429149282,58.904289445146794,59.771196991665065,59.84906005859375,60.501922607421875,59.636703,59.06,59.38,59.66,59.407578
2026-12-02 22:06:15,62.1,64.1020771026912,61.5,61.67398333333333,60.9207422471739,62.07298727620089,59.61083984375,60.3135871887207,61.8586,61.06,61.4,61.88,61.167114
2026-12-02 22:06:19,53.400000000000006,56.41109639275079,58.275,58.646499999999996,54.98889565185443,57.09290963959627,58.89837646484375,59.959598541259766,55.341637,54.72,56.34,55.5,57.961994
2026-12-02 22:06:24,67.3,70.6580516733667,70.33333333333333,65.9272,64.73879092419155,66.92429746444547,57.52295684814453,58.93950653076172,66.229576,64.75,65.56,66.75,65.5879
2026-12-02 22:06:29,56.099999999999994,55.23321495594561,55.15714285714286,55.29157658730159,56.92952311490209,55.224116453973274,57.570167541503906,58.70545959472656,55.188477,54.5,55.06,55.38,57.182472
2026-12-02 22:06:33,57.7,58.53501183092482,58.275,58.38405343915344,56.41042000253435,58.383076946209925,57.5394172668457,58.9268798828125,57.47379,56.53,58.12,57.44,58.675194
2026-12-02 22:06:38,57.6,58.64038265399549,58.275,58.18616851851852,56.89965553093264,58.40629208003282,57.15353012084961,58.35171127319336,57.588333,56.5,57.9,57.47,58.675194
2026-12-02 22:06:43,65.7,66.01496167768704,65.525,64.42866334660374,62.98769996923703,64.84260059259083,56.62124252319336,57.86634063720703,63.208782,63.9,63.5,64.4,61.913822
2026-12-02 22:06:47,70.19999999999999,72.65995052106929,70.525,70.63369950331473,69.80897836764964,71.14161172302808,57.52497482299805,58.583717346191406,67.30673,70.56,70.4,71.3,65.486465
2026-12-02 22:06:52,62.900000000000006,65.35901671633704,64.5,62.46827777777777,61.84840075838558,60.64717321472396,59.79463577270508,60.60105514526367,62.424232,60.34,61.0,61.72,62.488075
2026-12-02 22:06:57,77.4,86.63019878215073,73.625,73.83719047619047,73.05304184502054,79.9752962831747,59.63513946533203,61.1959228515625,78.07966,75.06,74.3,77.3,79.13015
2026-12-02 22:07:02,57.3,59.55723119091369,60.95,60.934333333333335,58.83838959342241,54.90826325082533,60.10832977294922,61.48677444458008,57.904747,56.56,57.3,57.9,59.72153
2026-12-02 22:07:06,65.8,70.79550376496286,69.36666666666666,65.94377777777778,64.33678976961188,66.26826235416864,59.295570373535156,61.47657012939453,65.72115,64.7,65.4,66.8,65.5879
2026-12-02 22:07:11,68.2,70.97990376471373,70.06666666666666,68.10658832837855,67.76150022790488,68.6360643300847,60.00513458251953,61.439537048339844,65.87524,68.3,67.3,69.4,64.72274
2026-12-02 22:07:16,58.3,59.77267813104851,60.95,61.49883333333334,56.99729213780909,55.51106560132344,61.331607818603516,62.44437789916992,58.280567,56.7,58.12,57.7,59.72153
2026-12-02 22:07:20,56.1,54.689273008478516,55.583333333333336,55.308481692211295,55.80835019957948,55.57696288733602,60.417991638183594,62.176292419433594,55.28051,54.78,54.78,55.4,56.648388
2026-12-02 22:07:25,59.0,57.77658894479259,57.53333333333334,57.64781092828298,57.10158553181306,57.526886909034694,59.855926513671875,61.29721450805664,57.876842,57.0,57.5,57.47,57.914856
2026-12-02 22:07:30,50.8,50.0328755657301,50.55,52.04179259259258,51.40394297051334,51.3317308388686,59.4379997253418,60.654090881347656,52.429825,50.94,52.28,51.03,55.202805
2026-12-02 22:07:35,58.1,60.03364079036437,59.675000000000004,60.59695714285714,56.75995860923199,55.93687902710653,57.58615493774414,59.11495590209961,57.669476,56.84,59.4,57.66,59.72153
2026-12-02 22:07:39,53.9,53.1168895813955,53.474999999999994,54.602999999999994,53.34952558435181,53.47529214123561,55.71693420410156,57.188228607177734,53.720615,52.84,54.38,53.38,56.469273
2026-12-02 22:07:44,50.8,50.902119206368475,53.474999999999994,55.83643055555555,50.385755196607924,50.78822186546202,55.30341720581055,56.36125564575195,52.510056,52.03,53.7,51.7,55.777935
2026-12-02 22:07:49,59.8,62.1498812415651,59.675000000000004,60.50355555555556,58.552184730292986,60.84037195874852,54.04777526855469,54.75761795043945,59.884697,58.47,60.47,59.62,60.43473
2026-12-02 22:07:53,58.1,57.44002856052007,58.34,57.35321823753135,58.376142373678455,57.103824348354934,54.258689880371094,54.58513641357422,58.145405,56.9,56.9,57.53,57.914856
2026-12-02 22:07:58,56.5,57.721004337761904,57.53333333333334,57.7837973387146,57.64515141188962,57.501429898869354,55.005455017089844,55.159393310546875,57.91227,56.97,57.2,57.4,57.914856
2026-12-02 22:08:03,75.9,87.62975639310494,85.42500000000001,78.30999999999997,73.34150927054888,136.3953144774398,54.90227508544922,55.07749557495117,75.87662,73.5,72.7,74.5,81.64678
2026-12-02 22:08:07,63.099999999999994,62.391069898237525,63.15,62.38951768928289,64.59227851170094,62.30231524580184,54.63032531738281,55.10224151611328,61.422363,61.62,59.66,62.4,60.154285
2026-12-02 22:08:12,59.7,62.22115818430379,60.95,60.13219629629629,58.743067064936824,60.36546983430228,56.54624557495117,57.59015655517578,59.958775,58.44,59.84,59.6,60.43473
2026-12-02 22:08:17,49.0,46.90448426483685,49.6,48.780216666666675,49.448348835977185,49.09205269192283,56.908042907714844,58.00525665283203,50.580116,48.8,49.9,48.97,54.11654
2026-12-02 22:08:22,55.599999999999994,56.77615261147464,58.275,59.331023809523806,53.95298931137468,57.09160802585563,55.975833892822266,57.40574264526367,55.273193,54.78,57.56,55.53,57.961994
2026-12-02 22:08:26,54.6,57.93434074234467,60.95,63.38709047619048,54.45574580150003,61.442893169231176,54.91523742675781,56.21226501464844,55.5082,56.12,57.8,56.06,59.030197
2026-12-02 22:08:31,58.3,59.904978728683105,60.95,61.165400000000005,56.554718843569376,55.95167904733196,53.90937805175781,55.19096374511719,57.87465,56.7,58.7,57.66,59.72153
2026-12-02 22:08:36,57.3,58.62918158849633,58.275,58.61057407407407,57.47501878132807,58.44881626117789,54.40925216674805,55.199256896972656,57.66011,56.47,57.75,57.5,58.675194
2026-12-02 22:08:40,57.1,58.54363573013523,58.275,58.071392592592595,57.058162599361296,58.369663805770244,55.09415054321289,55.526405334472656,57.559303,56.5,57.8,57.4,58.675194
2026-12-02 22:08:45,55.6,55.20793163202119,54.7,54.875883333333334,55.75089572780248,55.24486921099312,55.201419830322266,55.64548873901367,55.146774,54.5,55.6,55.2,57.182472
2026-12-02 22:08:50,58.0,58.637183974073885,58.275,58.128142592592596,56.759416518831905,58.274883701324626,55.11790466308594,55.667213439941406,57.4419,56.53,58.0,57.38,58.675194
2026-12-02 22:08:55,63.900000000000006,67.41119894462334,64.5,63.162722222222214,63.15982834600116,65.40638161222785,55.07184600830078,55.522666931152344,63.962708,62.97,63.4,64.2,63.22046
2026-12-02 22:08:59,56.099999999999994,57.4628270115437,58.34,57.526618312703825,58.75878175074481,57.464739148709825,55.10313415527344,55.741458892822266,58.219765,56.88,56.56,57.53,57.914856
2026-12-02 22:09:04,61.5,65.56951792906537,64.5,63.2734,61.36596731766662,60.842147749640944,55.848514556884766,56.66487503051758,62.03879,60.44,62.03,61.72,62.488075
2026-12-02 22:09:09,47.5,47.36207009683846,51.05,53.9565,49.81354763103329,50.663400987375766,55.93857955932617,57.17018508911133,50.636932,50.12,50.84,49.7,54.51147
2026-12-02 22:09:13,56.2,56.50873650644228,58.275,59.29698333333333,53.98025676316397,57.134424972023865,55.10173034667969,56.726619720458984,55.32699,54.75,57.3,55.5,57.961994
2026-12-02 22:09:18,61.3,61.972938110566844,60.95,60.354529629629624,58.618647885907755,60.89160359045399,54.693870544433594,55.907249450683594,60.008804,58.44,60.1,59.62,60.43473
2026-12-02 22:09:23,67.5,67.48625229209166,65.19999999999999,66.8224532916515,66.28355164333952,67.39178052557142,55.02760696411133,55.942657470703125,64.57488,66.44,65.8,66.75,62.669395
2026-12-02 22:09:27,51.900000000000006,53.00149719961026,53.474999999999994,54.91833333333334,53.52596663549251,53.69020738746979,56.853450775146484,57.421260833740234,53.84471,52.88,54.06,53.3,56.469273
2026-12-02 22:09:32,57.9,59.805679715010164,59.675000000000004,60.88256825396825,56.48001697411424,55.97826430742595,56.41376876831055,57.48675537109375,57.848125,56.8,59.12,57.66,59.72153
2026-12-02 22:09:37,50.1,49.95568223202153,50.55,52.41827777777777,51.59230332100536,50.94863791502004,55.44330596923828,56.67235565185547,52.15527,50.9,52.12,51.2,55.202805
2026-12-02 22:09:42,53.099999999999994,53.2425031151858,53.474999999999994,54.817453703703706,52.32323286937323,53.88224314816744,54.81995391845703,55.969879150390625,53.887516,52.88,55.0,53.25,56.469273
2026-12-02 22:09:46,59.3,65.29926666249396,68.14999999999999,70.48958333333333,60.160983703883275,118.4039019126009,53.92822265625,54.71920394897461,60.178062,61.47,61.75,60.16,63.45098
2026-12-02 22:09:51,52.199999999999996,53.06697604267386,53.474999999999994,55.1455,54.24438910816795,53.67336604257797,52.75058364868164,53.5228385925293,53.45593,52.8,54.12,53.47,56.469273
2026-12-02 22:09:56,53.0,53.135778225810775,53.474999999999994,54.796733333333336,52.57943305099415,52.938628710323,53.429176330566406,53.85565185546875,53.88518,52.84,54.72,53.22,56.469273
2026-12-02 22:10:00,52.7,53.31535578213433,53.474999999999994,54.61465,52.563088623882884,53.735525447673574,53.495628356933594,53.767372131347656,53.886787,52.84,54.72,53.22,56.469273
2026-12-02 22:10:05,59.7,60.73392066127728,60.03333333333333,60.20779093651446,58.93952782764324,60.03859362984455,53.38045883178711,53.58351135253906,59.62129,59.03,59.72,59.72,59.407578
2026-12-02 22:10:10,61.8,65.4418032954637,64.5,63.549277777777775,61.24870140030055,60.855560890080625,54.018680572509766,54.00865173339844,62.170456,60.4,61.75,61.75,62.488075
2026-12-02 22:10:15,54.599999999999994,56.34789811927263,58.275,58.452925925925925,55.35736178147891,57.0169694371298,53.87237548828125,54.02775192260742,55.203453,54.66,56.22,55.56,57.961994
2026-12-02 22:10:19,56.5,59.93343673032093,60.95,60.34553703703703,56.66422719613748,56.001191569902986,53.979061126708984,54.45357894897461,57.888584,56.75,58.78,57.6,59.72153
2026-12-02 22:10:24,56.900000000000006,57.56637511986907,57.53333333333334,57.608844096317625,58.3682118215611,57.83261920428706,53.91600036621094,54.4031982421875,58.143383,56.9,57.03,57.6,57.914856
2026-12-02 22:10:29,60.9,63.51407182221848,64.5,64.115,59.71349568085908,72.279066181939,54.786537170410156,55.3131217956543,60.043766,58.84,60.75,59.66,61.774876
2026-12-02 22:10:33,66.6,72.52439915282046,69.25,67.14049999999999,65.32550183279847,77.61479234517702,54.424835205078125,55.323143005371094,66.86177,64.44,65.06,66.4,67.552155
2026-12-02 22:10:38,66.80000000000001,72.32809395164715,69.25,65.5865,65.40908479099946,77.1222676680777,55.16168212890625,56.02220916748047,66.95012,64.06,64.44,66.3,67.552155
2026-12-02 22:10:43,64.0,68.884366332409,70.33333333333333,63.94733333333333,63.502723069942974,61.89545467067257,55.96041488647461,57.034080505371094,64.6106,62.16,62.72,64.2,64.855515
2026-12-02 22:10:47,53.6,52.25743823423613,54.3,53.28815052910055,54.58956077228373,53.15535030889288,56.90863037109375,58.153446197509766,53.442825,52.44,52.84,53.16,55.916004
2026-12-02 22:10:52,48.6,47.63776796652834,51.05,54.05733333333333,48.66972511888044,51.0625231104347,57.333717346191406,58.74262619018555,51.040333,50.12,51.47,49.47,54.51147
2026-12-02 22:10:57,52.1,53.17083498680915,53.474999999999994,54.8619,52.21726801726546,53.02144082206835,55.68916702270508,57.272274017333984,53.87416,52.84,55.03,53.22,56.469273
2026-12-02 22:11:02,58.1,57.70499275302494,57.8,57.412329101484644,57.526298895406754,57.66650343046388,54.53025817871094,55.85639953613281,57.902596,56.97,57.44,57.5,57.914856
2026-12-02 22:11:06,52.5,53.229780465560665,53.474999999999994,54.564089814814814,52.726631691633955,53.77423065752726,54.96138381958008,55.805171966552734,53.954025,52.84,54.53,53.22,56.469273
2026-12-02 22:11:11,52.0,53.1723901478443,53.474999999999994,54.58091203703703,52.55764124058773,53.81092435343868,54.49345397949219,55.37541580200195,53.925964,52.88,54.72,53.25,56.469273
2026-12-02 22:11:16,53.8,53.1137678085349,53.474999999999994,54.36025,52.57470185612455,53.57385210013383,53.8246955871582,54.599159240722656,53.927258,52.84,54.7,53.25,56.469273
2026-12-02 22:11:20,68.19999999999999,72.63286952185982,69.25,68.31585714285714,65.878092607365,77.44585990562398,53.63232421875,54.12242126464844,66.814186,65.0,66.06,66.44,67.552155
2026-12-02 22:11:25,56.3,58.31835693643031,58.275,58.30187566137566,58.868318870412466,58.383234096845825,53.775577545166016,54.023643493652344,57.945225,56.4,57.1,57.66,58.675194
2026-12-02 22:11:30,59.4,63.446144888248035,64.5,64.19233333333334,59.13972694033955,72.29131846765155,54.58018112182617,54.91947555541992,60.059155,58.72,60.56,59.66,61.774876
2026-12-02 22:11:35,61.3,62.02012881223338,60.95,60.04385185185185,59.11131521000307,60.64908649675492,54.28806686401367,54.58562088012695,60.20846,58.38,59.62,59.7,60.43473
2026-12-02 22:11:39,47.3,47.51102508246615,51.05,54.19083333333334,49.45997910906106,50.49500744608853,54.722145080566406,55.26386260986328,50.714638,50.12,51.0,49.62,54.51147
2026-12-02 22:11:44,60.1,60.962910131937946,60.03333333333333,60.43624649207002,58.40751792553431,60.26979974286178,54.19328689575195,55.06666946411133,59.548817,59.06,60.12,59.78,59.407578
2026-12-02 22:11:49,61.2,63.99154293794229,61.349999999999994,61.49133888888889,60.864875755790386,62.10194102936546,54.70621871948242,55.25645446777344,61.89241,61.06,61.4,61.88,61.167114
2026-12-02 22:11:53,59.2,59.72012251951457,59.90909090909091,59.91857421589267,60.18454787613978,59.58057562111091,55.15217971801758,55.89639663696289,59.94482,59.56,58.62,59.88,58.661564
2026-12-02 22:11:58,56.2,55.465526911236296,55.614285714285714,55.40329298941799,55.17766633593646,55.259426722872824,56.29081726074219,57.0944938659668,55.145367,54.53,55.66,55.16,57.182472
2026-12-02 22:12:03,56.5,60.02068642933664,59.675000000000004,60.75361111111111,56.777677276770945,56.1773669805285,56.2008171081543,57.328887939453125,57.844223,56.78,58.94,57.6,59.72153
2026-12-02 22:12:08,57.6,57.510104273444256,58.34,57.279919034650895,58.365298095259604,57.640499872935564,55.38267517089844,56.82213592529297,58.14496,56.9,57.0,57.6,57.914856
2026-12-02 22:12:12,58.2,60.539809582251685,58.599999999999994,59.76536618903972,58.94246260970505,59.737693409634346,55.91014862060547,56.909942626953125,59.636368,59.06,59.47,59.7,59.407578
2026-12-02 22:12:17,56.3,55.29231904507714,54.7,55.21366150793651,55.623140398612485,55.27637251417874,56.087093353271484,57.07894515991211,55.14791,54.5,55.53,55.2,57.182472
2026-12-02 22:12:22,49.900000000000006,50.04488047412113,50.55,51.95866666666665,51.18389442364929,50.99916685107496,56.09265899658203,57.125457763671875,52.36977,50.9,52.28,51.0,55.202805
2026-12-02 22:12:26,54.1,52.33741685324084,52.983333333333334,53.19969875206495,52.93811579447722,53.29228178343065,55.08290100097656,56.16832733154297,53.51137,52.44,53.75,52.9,55.916004
2026-12-02 22:12:31,52.4,53.175810979261406,53.474999999999994,54.503388888888885,52.35507011332659,53.925673775019554,54.90410232543945,55.745574951171875,53.981003,52.88,54.78,53.16,56.469273
2026-12-02 22:12:36,53.400000000000006,55.31791192579039,54.7,55.33969880952381,55.21768695067555,55.29397544115471,54.118656158447266,54.95583724975586,55.126106,54.5,55.9,55.2,57.182472
2026-12-02 22:12:40,60.0,62.03574020875369,59.675000000000004,59.95074444444444,59.00766533626291,60.600991506127315,54.09284591674805,54.598941802978516,60.023094,58.5,60.16,59.53,60.43473
2026-12-02 22:12:45,61.8,65.08921650613873,64.5,63.269925925925925,61.396559196007516,43.796448582720785,54.00660705566406,54.50023651123047,62.27029,60.38,61.56,61.72,62.488075
2026-12-02 22:12:50,57.900000000000006,60.54944803095033,59.6,59.62126065753419,60.875241495083074,59.68622143619393,54.63536071777344,55.1887321472168,59.8392,58.94,58.88,59.78,59.407578
2026-12-02 22:12:55,51.6,53.177964956908355,53.474999999999994,54.336819444444444,53.066565559141395,53.53593492847595,55.92034149169922,56.440860748291016,53.875717,52.84,54.3,53.22,56.469273
2026-12-02 22:12:59,62.3,67.28714107168571,70.33333333333333,66.56058333333333,61.99914107656915,67.01376385601652,55.29035949707031,56.13204574584961,62.293274,61.47,62.8,61.94,64.14232
2026-12-02 22:13:04,58.900000000000006,59.871169542634895,60.95,60.441023809523806,57.30407849698555,55.792127739403504,54.45008087158203,55.40718460083008,57.931377,56.62,58.16,57.72,59.72153
2026-12-02 22:13:09,56.699999999999996,58.4569942427784,58.275,58.63868518518518,57.43595937675579,58.595317835290615,54.570152282714844,55.6566162109375,57.64445,56.44,57.72,57.53,58.675194
2026-12-02 22:13:13,65.19999999999999,67.67166651347898,64.5,63.381162698412695,62.900358479469055,65.44832730037128,55.28656005859375,56.20802688598633,63.783264,62.94,63.44,64.25,63.22046
2026-12-02 22:13:18,57.5,58.32446904595345,58.275,58.3992962962963,57.979477382278226,58.39435254702471,56.10716247558594,57.02189636230469,57.73777,56.44,57.28,57.5,58.675194
2026-12-02 22:13:23,61.900000000000006,63.9362966131124,61.5,61.850892592592594,61.029334602656775,62.00173349119933,56.533573150634766,57.76520538330078,61.84362,61.06,61.44,61.88,61.167114
2026-12-02 22:13:28,55.099999999999994,55.34063445940951,54.7,54.99858928571429,56.10931718200206,55.259426722872824,57.05167770385742,58.279212951660156,55.15412,54.47,55.3,55.25,57.182472
2026-12-02 22:13:32,63.6,67.35883792811339,64.5,63.54755714285714,62.8803471651395,65.47351763900703,56.86820983886719,58.2974853515625,63.682766,63.0,63.75,64.25,63.22046
2026-12-02 22:13:37,51.5,49.87800835882717,50.55,51.91477777777776,51.98119373212207,51.078417731342675,56.994476318359375,58.317588806152344,52.09476,50.9,51.72,51.16,55.202805
2026-12-02 22:13:42,64.9,71.01786007454406,74.5,71.40766666666666,64.75336389191266,62.40835670992251,56.01129150390625,57.69591522216797,64.51442,64.2,65.0,64.25,66.83895
2026-12-02 22:13:46,56.8,58.48682383233103,58.275,58.876518518518516,58.847513814374366,58.60331020794479,55.20853805541992,56.77405548095703,57.908848,56.38,57.22,57.72,58.675194
2026-12-02 22:13:51,51.7,53.11633526506927,53.474999999999994,55.278499999999994,52.91725080428538,76.63641614091549,56.0350456237793,57.354248046875,53.778435,52.8,54.47,53.3,56.469273
2026-12-02 22:13:56,60.2,62.2524797456095,59.675000000000004,60.45879629629629,58.45762383039796,60.77425058931628,55.717979431152344,56.83631134033203,59.86948,58.47,60.38,59.62,60.43473
2026-12-02 22:14:00,60.4,61.800813091538465,60.95,60.1268201058201,58.85541664722085,60.4260690985327,55.565032958984375,56.50627136230469,60.150894,58.4,59.7,59.62,60.43473
2026-12-02 22:14:05,65.2,65.74300387515542,65.525,64.2116328215732,63.640034408141574,64.66309197805724,55.601966857910156,56.51604461669922,63.425224,63.84,63.2,64.4,61.913822
2026-12-02 22:14:10,52.0,49.99401689161603,50.55,51.854888888888865,51.64507832628929,51.30277708570404,56.793251037597656,57.55355453491211,52.236908,50.94,51.78,51.1,55.202805
2026-12-02 22:14:15,56.2,56.662366947690224,58.275,58.767316666666666,54.222631538641544,57.313522067829965,56.010887145996094,57.15195846557617,55.372746,54.75,57.2,55.47,57.961994
2026-12-02 22:14:19,56.3,57.53881472505899,58.55,57.674613757212285,57.89933624208081,57.69406692850609,54.90190505981445,56.1263313293457,58.04794,56.94,57.22,57.56,57.914856
2026-12-02 22:14:24,50.4,49.527407507226826,50.32173913043478,50.62359584709441,51.147610713010934,50.72465030300823,55.116294860839844,55.98073959350586,51.984432,50.1,51.12,50.72,54.82974
2026-12-02 22:14:29,52.9,53.14456056762964,53.474999999999994,54.781298148148146,52.1379653326709,53.15756510970439,54.71649169921875,55.603919982910156,53.917004,52.84,55.06,53.2,56.469273
2026-12-02 22:14:33,61.099999999999994,62.78320327751792,63.15,62.69611281146091,61.38572164215022,62.38812841827442,53.97867965698242,54.75166320800781,61.31817,61.8,61.62,62.12,60.154285
2026-12-02 22:14:38,67.6,69.0526366259181,67.425,65.88752261904762,64.67733395549504,66.5711747508024,54.76689529418945,55.23451614379883,65.04393,65.8,65.25,66.75,63.96717
2026-12-02 22:14:43,52.7,53.00160721379798,53.474999999999994,54.56192592592593,53.789529383859595,53.70032123865521,56.171165466308594,56.78358840942383,53.68659,52.84,53.9,53.34,56.469273
2026-12-02 22:14:48,56.2,57.91627499099022,59.675000000000004,63.42335714285714,54.74524816632158,61.44307162181473,55.967227935791016,56.96939468383789,55.68155,56.25,58.03,56.06,59.030197
2026-12-02 22:14:52,51.7,50.79912079507518,53.474999999999994,56.00314814814814,50.76575483679132,50.731437540870495,54.61960983276367,55.70407485961914,52.224728,52.0,53.47,51.88,55.777935
2026-12-02 22:14:57,53.5,52.372034204245764,54.3,53.7527496873497,53.12963193312613,53.44492328965442,53.49319839477539,54.44542694091797,53.478516,52.4,53.7,53.03,55.916004
2026-12-02 22:15:02,60.3,60.866064613728184,60.03333333333333,60.21869649207002,58.480600881960086,59.94928058567966,53.79709243774414,54.23664474487305,59.5633,59.06,59.84,59.72,59.407578
2026-12-02 22:15:06,56.3,57.846735072077145,60.95,62.691177777777774,55.054613710643984,61.442893169231176,54.42923355102539,54.68393325805664,55.59001,56.06,57.53,56.0,59.030197
2026-12-02 22:15:11,52.599999999999994,53.055606455703845,53.474999999999994,54.882814814814814,53.198486845536365,53.51627372465949,53.422672271728516,54.09394454956055,53.65493,52.8,54.44,53.4,56.469273
2026-12-02 22:15:16,54.2,54.40448650629541,58.275,60.232257142857144,52.40572760862047,54.03081993108955,53.540035247802734,54.126914978027344,54.03854,53.94,55.9,53.9,57.270657
2026-12-02 22:15:20,55.4,57.89594370164556,60.95,62.74061111111111,54.58112385103047,61.45505940192558,53.00818634033203,53.51862716674805,55.67251,56.16,57.8,56.06,59.030197
2026-12-02 22:15:25,52.699999999999996,50.88091834848761,53.474999999999994,55.82540277777777,50.75488291306909,50.84851921633769,52.40733337402344,52.706790924072266,52.236046,52.0,53.4,51.84,55.777935
2026-12-02 22:15:30,47.3,46.976319701543275,49.6,49.41066666666667,48.93037391498065,48.79259669334254,52.10918426513672,52.06459045410156,50.74507,48.75,50.2,48.84,54.11654
2026-12-02 22:15:35,58.7,63.70449188508492,64.5,65.48125,60.1089240308293,71.89311859943925,52.0892448425293,51.7784423828125,59.50123,59.12,61.56,59.75,61.774876
2026-12-02 22:15:39,56.900000000000006,59.953512894503454,60.95,60.395944444444446,57.15040419156948,55.93186350955661,51.882320404052734,51.590660095214844,57.823154,56.66,58.3,57.66,59.72153
2026-12-02 22:15:44,56.4,58.035532791940035,60.95,62.550733333333326,54.83673924360062,61.383831634134445,52.61589431762695,52.49794387817383,55.48771,56.0,57.47,56.03,59.030197
2026-12-02 22:15:49,59.8,63.450541829710794,64.5,63.36292380952381,58.93532072210365,72.19982897550601,52.430503845214844,52.43544006347656,60.147064,58.7,60.53,59.72,61.774876
2026-12-02 22:15:53,64.5,70.76690460188384,69.25,68.907,63.73034505389907,68.54967364299975,52.790382385253906,52.6396598815918,65.18662,63.4,63.6,63.97,66.83895
2026-12-02 22:15:58,55.2,55.17346744471865,55.15714285714286,55.37844880952381,57.35694076938958,55.4194601789846,53.30425262451172,53.250450134277344,55.06883,54.44,55.0,55.44,57.182472
2026-12-02 22:16:03,53.9,54.450926405222496,58.275,60.09406666666666,52.55647516876634,53.975063476219056,54.371612548828125,54.61751937866211,54.046516,53.94,55.78,53.84,57.270657
2026-12-02 22:16:08,58.599999999999994,59.961465418323286,60.95,61.29067777777778,56.34700588910731,56.17037599592462,53.693153381347656,54.178184509277344,57.794994,56.75,58.88,57.62,59.72153
2026-12-02 22:16:12,49.2,47.548279702425745,50.55,54.190777777777775,49.29313950936463,51.22382007086821,53.606868743896484,54.132850646972656,50.66727,50.12,51.03,49.66,54.51147
2026-12-02 22:16:17,57.599999999999994,60.03931847716209,59.675000000000004,61.556333333333335,56.46873533502433,55.98151225590655,53.146705627441406,53.81611633300781,57.51154,56.8,59.44,57.66,59.72153
2026-12-02 22:16:22,58.7,60.05678514565081,60.95,60.40067777777778,56.68914295023607,55.95561953541666,52.95610809326172,53.4707145690918,57.904125,56.72,58.53,57.62,59.72153
2026-12-02 22:16:26,56.9,60.02153944875528,60.95,60.46411111111111,56.79643036324066,55.73396327273434,53.28705596923828,53.68341827392578,57.862495,56.7,58.5,57.62,59.72153
2026-12-02 22:16:31,57.4,58.56923000526209,58.275,58.69762962962963,57.47579280255303,58.67361598899687,53.48192596435547,53.81333541870117,57.60929,56.44,57.7,57.5,58.675194
2026-12-02 22:16:36,58.8,62.171004104438346,60.95,59.59630925925926,59.055241102915495,60.59219700252009,54.24748992919922,54.52339172363281,60.152725,58.44,59.84,59.53,60.43473
2026-12-02 22:16:40,50.5,49.97099849691718,50.55,52.062277777777766,51.57960279429849,51.2842121293737,54.57284927368164,54.929847717285156,52.169327,50.9,51.9,51.06,55.202805
2026-12-02 22:16:45,58.400000000000006,59.93337978248571,59.675000000000004,60.724666666666664,56.99753121034892,55.96485116698627,54.202598571777344,54.707035064697266,57.55617,56.8,59.25,57.6,59.72153
2026-12-02 22:16:50,53.3,52.290546499488215,54.3,53.51968253968255,53.824374409950124,53.46267799234984,53.40052795410156,54.00770568847656,53.511112,52.4,53.2,53.06,55.916004
2026-12-02 22:16:55,57.7,58.78622328475184,58.275,58.56174074074074,56.427276769164834,58.49717014557692,53.90740203857422,54.484703063964844,57.25099,56.5,58.25,57.38,58.675194
2026-12-02 22:16:59,67.0,67.8003538076415,66.125,67.06632329892366,65.93748389144658,67.28280730884512,53.91476821899414,54.46234893798828,64.59598,66.5,66.0,66.75,62.669395
2026-12-02 22:17:04,57.0,57.692136219370724,57.53333333333334,57.69662050159939,58.35553298213888,57.501429898869354,55.73745346069336,56.28765869140625,58.104004,56.9,56.56,57.5,57.914856
2026-12-02 22:17:09,55.5,56.42374803260866,59.166666666666664,58.315444444444445,54.51446728074725,56.583810024291566,56.4969482421875,57.40251541137695,55.44555,54.72,56.72,55.44,57.961994
2026-12-02 22:17:13,52.6,53.116565592977224,53.474999999999994,54.422,52.81938975617717,53.55708815678486,55.785762786865234,57.00608444213867,53.775494,52.8,54.53,53.3,56.469273
2026-12-02 22:17:18,62.9,62.79833105748234,63.15,62.741792285200184,61.347335232967865,62.383067521426774,54.97901916503906,56.25730895996094,61.34515,61.8,61.66,62.12,60.154285
2026-12-02 22:17:23,56.599999999999994,56.364119918426084,58.275,58.75216666666667,54.861256493600095,57.082795788410856,55.731143951416016,56.545921325683594,55.389835,54.72,56.4,55.44,57.961994
2026-12-02 22:17:28,56.1,57.5144670540596,58.34,57.42018212988899,57.92437329300869,57.652689682751166,55.16584396362305,56.27949142456055,58.06987,56.94,57.22,57.56,57.914856
2026-12-02 22:17:32,57.2,60.10575559231841,59.675000000000004,60.61233333333333,56.9307063072589,56.180342255373716,55.67539978027344,56.59387969970703,57.948265,56.8,58.84,57.6,59.72153
2026-12-02 22:17:37,68.5,74.42729474919582,73.3,67.422,66.52934068497098,66.2838370911943,55.236900329589844,56.301719665527344,68.52569,66.6,67.06,69.0,68.28454
2026-12-02 22:17:42,63.0,67.078404294769,64.5,62.29555555555555,63.50674216713982,65.43123296485375,55.95696258544922,56.93346405029297,63.823067,62.78,62.4,64.4,63.22046
2026-12-02 22:17:46,65.69999999999999,66.78327604997564,66.2,67.00726074976768,65.84789370247817,66.38251427298391,57.25544357299805,58.32658386230469,64.67021,66.44,65.75,66.7,61.673584
2026-12-02 22:17:51,51.5,54.266936391194655,58.275,60.735166666666665,53.09223787213333,53.67832165837764,58.99833679199219,59.77865982055664,53.91118,53.94,55.34,53.9,57.270657
2026-12-02 22:17:56,55.2,54.5150219459129,54.78,55.267322492127754,55.52558972134539,55.2780461178576,57.67616653442383,59.34429168701172,55.214108,54.75,55.06,55.4,56.648388
2026-12-02 22:18:00,62.1,61.8471547315934,61.763636363636365,61.726292169373025,60.892414351675264,62.19851331950461,57.0252799987793,58.6072883605957,61.35667,62.12,61.75,62.12,59.417133
2026-12-02 22:18:05,56.6,55.415841284916766,56.849999999999994,55.720446031746036,55.030675628501996,55.2341856131613,57.736900329589844,58.89204025268555,55.15922,54.53,55.62,55.22,57.182472
2026-12-02 22:18:10,62.2,67.33064139473768,64.5,63.68833333333333,62.46930392717751,65.27344965136447,56.930641174316406,58.5327033996582,63.659386,63.0,63.88,64.4,63.22046
2026-12-02 22:18:15,61.9,64.03095498257548,61.349999999999994,61.18625,61.51781972599116,61.85760249752608,57.169578552246094,58.53508377075195,62.2151,61.0,60.94,61.97,61.167114
2026-12-02 22:18:19,55.4,54.39358297374679,57.099999999999994,55.29716496188022,55.95597791768183,55.079487977142435,57.6726188659668,59.0333366394043,55.246323,54.75,54.47,55.28,56.648388
2026-12-02 22:18:24,53.0,53.12559604250582,53.474999999999994,54.61048148148148,52.3983117216986,53.795174748596395,58.222068786621094,59.18845748901367,53.96544,52.84,54.7,53.16,56.469273
2026-12-02 22:18:29,58.7,59.915121555741976,59.90909090909091,59.72106172844855,59.35687463088681,59.95308609123429,56.87989044189453,58.0445556640625,59.796734,59.62,59.25,59.84,58.661564
2026-12-02 22:18:33,51.6,49.949223039334264,50.55,51.75586666666665,51.325913534154964,51.12917086266259,56.7706184387207,57.60929870605469,52.402653,50.9,52.1,51.0,55.202805
2026-12-02 22:18:38,54.900000000000006,56.459053652062806,59.166666666666664,58.78371825396825,54.178218072616936,57.07292935413445,55.12983322143555,56.36961364746094,55.36127,54.75,57.2,55.47,57.961994
2026-12-02 22:18:43,54.5,55.45787849676855,56.849999999999994,55.724578703703706,55.57867131981541,55.49137943048019,54.65009689331055,55.65743637084961,55.12487,54.47,55.75,55.28,57.182472
2026-12-02 22:18:48,56.9,58.59323526162173,58.275,58.22249074074074,56.42979416503202,58.34729766887227,54.71442794799805,55.48856735229492,57.46532,56.5,58.06,57.44,58.675194
2026-12-02 22:18:52,58.800000000000004,63.51478797271244,64.5,63.90383333333333,59.16899537708739,72.69197841584595,54.52818298339844,55.16075897216797,60.108246,58.75,60.53,59.66,61.774876
2026-12-02 22:18:57,56.2,58.51838373852459,58.275,58.38783703703704,58.0174599694602,58.49161687833616,54.34245300292969,55.043540954589844,57.716373,56.4,57.47,57.53,58.675194
2026-12-02 22:19:02,56.599999999999994,55.30772522926185,54.7,54.86639880952381,55.71776221987605,55.24486921099312,54.92828369140625,55.48738479614258,55.14395,54.47,55.53,55.2,57.182472
2026-12-02 22:19:06,61.3,64.19155474304914,61.5,62.01847619047619,60.88796467545677,62.05764286199237,54.900245666503906,55.38892364501953,61.63023,61.06,61.66,61.84,61.167114
2026-12-02 22:19:11,58.6,57.47009337935615,58.34,57.26883407924016,58.357921841222755,57.52496330644186,55.206661224365234,55.82192611694336,58.043797,56.88,56.72,57.5,57.914856
2026-12-02 22:19:16,57.7,60.035856202200954,59.675000000000004,60.46652777777778,57.056459350470945,55.96813348995301,55.94100570678711,56.77749252319336,57.795006,56.78,58.75,57.53,59.72153
2026-12-02 22:19:20,61.3,65.36155070138629,64.5,62.579968253968254,61.085101479746136,61.051771577808445,55.029266357421875,56.23428726196289,62.224724,60.34,61.7,61.78,62.488075
2026-12-02 22:19:25,59.0,60.79699666592738,60.03333333333333,60.04249548196901,60.812483026101,59.64654440453011,55.37778091430664,56.660499572753906,59.844284,58.94,58.88,59.8,59.407578
2026-12-02 22:19:30,51.6,49.975852659110146,50.55,51.78211111111109,51.38495327282284,51.02697617173428,56.526676177978516,57.67585754394531,52.265373,50.9,51.97,51.03,55.202805
2026-12-02 22:19:35,57.0,58.706682278575826,58.275,58.81986296296296,56.217668742332975,58.69944563918631,55.911354064941406,57.23802947998047,57.298687,56.53,58.4,57.44,58.675194
2026-12-02 22:19:39,63.5,65.45663371396756,64.5,63.156277777777774,61.09783550723771,60.82075829764074,55.46488571166992,56.66448974609375,62.152184,60.4,61.8,61.75,62.488075
2026-12-02 22:19:44,54.7,54.23950844297606,58.275,60.052,52.73358345682214,53.99433794942749,55.594200134277344,56.71772384643555,53.708122,53.84,55.16,54.0,57.270657
2026-12-02 22:19:49,53.900000000000006,53.10901085536241,53.474999999999994,54.843333333333334,52.739870733894094,53.59931884277559,54.74387741088867,56.08754348754883,53.72423,52.8,54.6,53.3,56.469273
2026-12-02 22:19:53,52.300000000000004,53.109817808534004,53.474999999999994,54.41913888888889,52.46926081320865,53.515511718948005,54.5391960144043,55.52427673339844,53.856087,52.84,54.66,53.22,56.469273
2026-12-02 22:19:58,59.0,61.97096628339542,59.675000000000004,60.34446296296296,58.71991679313078,60.84564780944847,54.02204895019531,54.742576599121094,60.006794,58.47,60.25,59.6,60.43473
2026-12-02 22:20:03,59.0,63.64422214942399,64.5,63.04881481481481,59.22124211367891,72.90551500648952,54.028507232666016,54.59199523925781,60.145153,58.7,60.25,59.66,61.774876
2026-12-02 22:20:08,55.3,56.44732451655793,58.275,58.13448148148149,55.22055276954671,56.84956564064722,54.10081100463867,54.74790954589844,55.126087,54.66,56.22,55.56,57.961994
2026-12-02 22:20:12,51.2,50.7890432954364,53.474999999999994,55.774833333333326,50.45092011758214,50.244299924073566,54.22024917602539,54.83225631713867,52.34764,52.0,53.44,51.72,55.777935
2026-12-02 22:20:17,56.3,56.25132470262182,59.166666666666664,59.01014814814815,54.22869489185729,44.37024216431236,53.33625411987305,53.92531204223633,55.36842,54.72,56.97,55.47,57.961994
2026-12-02 22:20:22,53.2,52.290537148455385,52.983333333333334,53.27062870370372,53.44951431958218,52.75703054729222,53.24749755859375,53.72341537475586,53.524773,52.4,53.34,53.0,55.916004
2026-12-02 22:20:26,59.4,60.0760072147192,59.675000000000004,60.86,57.14526218241448,56.201123006388556,53.56768035888672,53.86453628540039,57.61445,56.8,59.12,57.56,59.72153
2026-12-02 22:20:31,56.4,57.488994716645735,57.8,57.41761388948742,58.332371650850114,57.83261920428706,53.01380920410156,53.342010498046875,58.074184,56.88,56.97,57.56,57.914856
2026-12-02 22:20:36,57.800000000000004,57.781446905734605,58.05,57.861445766460996,57.661241468983356,57.58901861445006,54.09192657470703,54.35222244262695,57.81363,56.94,57.12,57.4,57.914856
2026-12-02 22:20:40,55.599999999999994,55.383793278786975,55.15714285714286,55.278578174603176,55.122214210232656,55.25400637728077,54.59525680541992,55.004783630371094,55.145954,54.47,55.66,55.16,57.182472
2026-12-02 22:20:45,53.9,53.145605280974344,53.474999999999994,54.376083333333334,52.53403822477694,53.624381036188744,54.55312728881836,55.253440856933594,53.883736,52.8,54.56,53.22,56.469273
2026-12-02 22:20:50,60.3,61.983148624277675,59.675000000000004,60.13621666666666,58.74965169337597,60.66072267211846,53.86005401611328,54.68284606933594,60.02715,58.47,60.25,59.6,60.43473
2026-12-02 22:20:55,51.599999999999994,50.71892976892461,53.474999999999994,55.75616666666666,50.8883346177871,50.764776266438844,53.978328704833984,54.63470458984375,52.28413,52.0,53.2,51.75,55.777935
2026-12-02 22:20:59,51.1,50.93159797732093,53.474999999999994,55.58624999999999,50.09997178415159,50.685027420324545,53.362098693847656,54.191261291503906,52.4162,52.0,53.72,51.7,55.777935
2026-12-02 22:21:04,48.0,47.53448159729493,50.55,53.80808333333333,48.539992465772514,51.231359168672185,52.92838668823242,53.56804275512695,50.83933,50.12,51.38,49.53,54.51147
2026-12-02 22:21:09,50.599999999999994,49.92667770230773,50.55,52.39358333333332,50.59992755525025,51.102582588817484,52.47164535522461,52.82927703857422,52.346336,50.9,52.6,51.0,55.202805
2026-12-02 22:21:13,56.900000000000006,55.4736096103695,54.7,55.27754603174603,54.699279470716974,55.72459405144278,52.25165939331055,52.29112243652344,55.12379,54.5,56.06,55.16,57.182472
2026-12-02 22:21:18,53.4,56.54004755590375,58.275,58.308314814814814,54.66085183836828,56.92502829029362,52.63311767578125,52.39877700805664,55.45999,54.72,56.7,55.38,57.961994
2026-12-02 22:21:23,50.8,49.84962959135816,50.55,52.046170634920614,51.21460427372983,51.17870481439144,52.33914566040039,52.21989440917969,52.202198,50.88,52.12,51.03,55.202805
2026-12-02 22:21:28,53.1,53.16876577397528,53.474999999999994,54.280972222222225,52.14274988325592,53.73239352682893,52.262638092041016,52.09330368041992,53.92764,52.8,54.8,53.16,56.469273
2026-12-02 22:21:32,56.599999999999994,56.65748352975223,58.275,58.22575925925926,54.47621404955133,57.09368352072807,51.970916748046875,51.75094985961914,55.416496,54.72,56.8,55.4,57.961994
2026-12-02 22:21:37,51.5,49.986651207023606,50.55,52.010722222222206,51.19976483429744,51.274430068919436,52.03548049926758,51.85323715209961,52.196934,50.88,52.1,51.03,55.202805
2026-12-02 22:21:42,59.1,63.61182015198966,64.5,64.02091666666666,59.759748921781146,72.28693330000264,52.07725524902344,51.8181266784668,59.648582,58.97,61.12,59.66,61.774876
2026-12-02 22:21:46,49.0,47.37008655696698,50.55,54.12490476190476,49.64865642617998,51.36805658097798,52.02001953125,51.837162017822266,50.540657,50.1,50.84,49.66,54.51147
2026-12-02 22:21:51,55.6,56.57708504859092,59.166666666666664,58.924238095238096,54.072540205555796,56.53177302378135,52.1446647644043,52.18556213378906,55.326935,54.72,57.22,55.47,57.961994
2026-12-02 22:21:56,56.0,56.46060241943905,58.275,58.67872936507936,54.50801920878466,57.042380703541355,52.278076171875,52.18356704711914,55.287857,54.7,56.62,55.47,57.961994
2026-12-02 22:22:00,54.2,54.323830225580984,58.275,60.16647936507936,52.5035995004287,54.053000355685995,52.56059265136719,52.5341796875,53.87537,53.88,55.6,53.9,57.270657
2026-12-02 22:22:05,66.0,74.61049619167908,73.625,74.09366666666668,65.98624539480203,120.17261424898743,52.1749382019043,52.19176483154297,67.58076,66.2,66.06,66.25,69.87292
2026-12-02 22:22:10,65.3,65.84834617403645,65.525,64.71040313390313,66.14467836192878,64.71860795727625,52.43888473510742,52.298282623291016,63.16171,63.7,62.4,64.56,61.913822
2026-12-02 22:22:15,57.0,61.687638527745584,64.5,66.49849999999999,57.30470687295769,65.06632019392332,54.94997787475586,54.940032958984375,57.647865,58.44,59.1,58.12,61.08354
2026-12-02 22:22:19,66.0,72.59561779321292,73.75,68.035,64.85629138385782,78.05196870823778,54.37670135498047,54.88956832885742,66.7562,64.44,65.25,66.5,67.552155
2026-12-02 22:22:24,53.9,55.229578477798626,56.849999999999994,55.73986666666667,57.276047691957956,55.11885092984541,54.86460876464844,55.464542388916016,55.02837,54.44,55.0,55.53,57.182472
2026-12-02 22:22:29,54.3,55.41350056226553,56.849999999999994,55.85745,54.92614755720949,54.79070857358917,55.416534423828125,56.41309356689453,55.10067,54.5,55.88,55.25,57.182472
2026-12-02 22:22:33,51.6,53.05573136505867,53.474999999999994,54.83538888888889,52.48557865124282,29.594086591114152,55.385643005371094,56.235206604003906,53.8498,52.84,54.62,53.25,56.469273
2026-12-02 22:22:38,46.4,47.47719866519134,51.05,54.26583333333333,48.6143470171092,47.28882898523109,54.61252212524414,55.794864654541016,50.845184,50.1,51.3,49.53,54.51147
2026-12-02 22:22:43,56.0,57.63754021999976,57.32142857142857,57.336573965571176,57.03194345187376,57.90868949669942,53.516536712646484,54.65884780883789,57.708054,56.94,57.72,57.5,57.914856
2026-12-02 22:22:48,52.199999999999996,53.188403293063104,53.474999999999994,54.20320833333333,52.588791459696125,53.6177309440252,53.99501419067383,54.53593826293945,53.925255,52.84,54.44,53.2,56.469273
2026-12-02 22:22:52,55.8,55.38224742595178,54.7,55.41023584656085,55.07693859406383,55.42644008794778,53.706668853759766,54.3792724609375,55.12733,54.47,55.88,55.22,57.182472
2026-12-02 22:22:57,55.5,57.55714408757065,58.34,57.42394922568964,57.640545444362424,57.26191472520539,53.92561721801758,54.238182067871094,57.871964,56.94,57.25,57.47,57.914856
2026-12-02 22:23:02,48.8,46.88925284354606,47.65,48.84498148148148,49.09164111086012,48.951754101809975,53.91184616088867,54.1295280456543,50.801407,48.78,49.97,48.8,54.11654
2026-12-02 22:23:06,56.1,58.809802286366036,58.275,58.96712962962963,56.24631171917787,58.82012460260434,53.43503189086914,53.74139404296875,57.16297,56.53,58.66,57.44,58.675194
2026-12-02 22:23:11,60.9,63.65299992960329,64.5,64.26883333333333,59.14137844777189,72.88636481405938,53.061458587646484,53.2273063659668,60.109818,58.72,60.5,59.66,61.774876
2026-12-02 22:23:16,56.2,56.24865792878387,58.275,58.65174603174603,55.138755718083246,57.055793843981036,52.817893981933594,53.19341278076172,55.093163,54.66,56.25,55.6,57.961994
2026-12-02 22:23:20,55.699999999999996,55.374011179250566,55.15714285714286,55.47117103174603,55.61571364860236,55.558935245405166,53.25944137573242,53.63684844970703,55.114952,54.47,55.7,55.25,57.182472
2026-12-02 22:23:25,59.300000000000004,62.16119538797319,59.675000000000004,59.80462962962963,58.880114016484264,60.47448685119173,53.86859130859375,54.09662628173828,60.012775,58.44,60.1,59.53,60.43473
2026-12-02 22:23:30,57.400000000000006,57.60074184257956,57.53333333333334,57.804973436047185,58.3540105919039,57.565948503311205,54.33957290649414,54.72259521484375,58.015633,56.88,56.8,57.53,57.914856
2026-12-02 22:23:35,56.8,56.41912448759812,58.275,58.55127777777778,54.67556810765171,57.23886716132414,54.9832649230957,55.4794921875,55.460407,54.72,56.62,55.4,57.961994
2026-12-02 22:23:39,62.8,67.25081883613186,70.33333333333333,66.12786666666666,61.43799564201318,66.70870467519218,54.57083511352539,55.37684631347656,62.31867,61.25,62.4,61.88,64.14232
2026-12-02 22:23:44,56.7,61.498959983547955,64.5,65.76249999999999,57.27763297612053,64.87203388555956,54.14649963378906,55.10023498535156,57.31121,58.25,58.84,58.16,61.08354
2026-12-02 22:23:49,60.5,60.65305797915392,60.03333333333333,60.327202047625576,60.84161898966629,60.139950571673644,53.73107147216797,54.81053924560547,59.836273,58.94,59.1,59.9,59.407578
2026-12-02 22:23:53,57.0,57.56676695448588,58.55,57.65220354713062,58.029306244955364,57.58901861445006,55.30323791503906,56.06569290161133,57.953934,56.9,56.94,57.5,57.914856
2026-12-02 22:23:58,52.1,53.14454600881236,53.474999999999994,54.34556666666667,52.55752294165792,52.887825175542794,55.9642219543457,56.71794509887695,53.89485,52.84,54.47,53.2,56.469273
2026-12-02 22:24:03,56.0,56.54831156472283,58.275,58.22416666666667,54.26097703793136,56.96978251836605,55.248924255371094,56.28133773803711,55.392857,54.72,56.84,55.47,57.961994
2026-12-02 22:24:08,55.300000000000004,55.359465220638036,54.7,55.38903584656085,55.6112666715605,55.42644008794778,54.454959869384766,55.60084915161133,55.128918,54.47,55.66,55.25,57.182472
2026-12-02 22:24:12,59.6,63.455146134125066,64.5,63.89844444444444,59.46257271072385,72.29131846765155,54.51996994018555,55.470054626464844,59.91042,58.8,60.75,59.66,61.774876
2026-12-02 22:24:17,50.3,49.32711576613126,49.075,50.29497532738756,52.02058916645806,50.768181701064506,54.08335494995117,54.9995002746582,51.84153,50.12,50.78,50.9,54.82974
2026-12-02 22:24:22,59.2,60.82962727302111,58.15,59.97384934199787,58.31441435865675,59.65706300161321,54.198482513427734,54.95518112182617,59.512386,59.06,60.06,59.7,59.407578
2026-12-02 22:24:26,54.1,54.5343746748771,55.43809523809524,54.59038194629695,55.22263007895236,55.01173069000755,54.561222076416016,55.130184173583984,55.453163,54.78,53.94,55.3,56.30883
2026-12-02 22:24:31,50.8,50.201728199327356,50.55,51.95397777777775,50.82041469104895,51.43951853006296,55.09383010864258,55.49879837036133,52.449944,50.9,52.47,50.9,55.202805
2026-12-02 22:24:36,63.400000000000006,64.33390806591537,60.699999999999996,62.304,60.27047834643136,63.17220045428116,54.20983123779297,54.938697814941406,61.16535,61.1,62.16,61.97,61.167114
2026-12-02 22:24:40,48.5,47.50278369427235,51.05,54.21633333333333,49.365612662189356,51.090332431094026,54.150455474853516,54.832210540771484,50.688824,50.12,50.88,49.66,54.51147
2026-12-02 22:24:45,54.400000000000006,55.525232373881956,56.849999999999994,55.95308333333333,54.29744145957589,55.205579118318255,53.22408676147461,54.107513427734375,55.07207,54.5,56.28,55.25,57.182472
2026-12-02 22:24:50,52.7,52.37034870275278,52.983333333333334,53.12078950216452,53.23738436420855,53.092899457842165,53.42173767089844,53.827972412109375,53.51255,52.4,53.47,53.0,55.916004
2026-12-02 22:24:55,50.1,49.61831651109938,50.32173913043478,50.667538702751344,50.84605382005147,50.7892362964637,53.566707611083984,53.796836853027344,51.917465,50.06,51.3,50.72,54.82974
2026-12-02 22:24:59,79.5,93.93462734378025,85.42500000000001,87.05633333333327,76.44101187304575,84.28011037431959,53.185386657714844,53.31078338623047,78.53407,76.44,75.1,76.5,89.93137
2026-12-02 22:25:04,60.5,63.11779411796469,64.5,64.466,61.596295161809046,72.57800190334413,52.237266540527344,52.51820755004883,59.085396,58.34,58.7,60.06,61.774876
2026-12-02 22:25:09,51.900000000000006,53.16821239986467,53.474999999999994,55.500166666666665,53.50297322487909,53.71623335753754,53.83235549926758,54.571380615234375,53.41318,52.75,54.16,53.4,56.469273
2026-12-02 22:25:13,48.6,47.14307744734827,49.6,49.11727222222222,48.98403192398303,48.95618138081541,54.36278533935547,54.73553466796875,50.60771,48.72,50.12,48.84,54.11654
2026-12-02 22:25:18,54.1,55.62783438595525,55.15714285714286,55.827619444444444,53.86854346503167,55.488065731631906,53.66922378540039,53.88252639770508,55.026093,54.47,56.4,55.22,57.182472
2026-12-02 22:25:23,55.7,56.53140853262195,59.166666666666664,58.76475714285714,54.33795317987751,57.001196691026585,53.4419059753418,53.57109069824219,55.37383,54.7,56.75,55.4,57.961994
2026-12-02 22:25:28,51.099999999999994,52.292757843733135,52.38,53.02270132275134,53.41878954130513,53.285509949536404,52.922542572021484,53.117305755615234,53.51996,52.4,53.3,53.0,55.916004
2026-12-02 22:25:32,65.1,66.01968192131025,65.525,64.18983140510468,62.91029834296922,64.75451552613873,53.3890495300293,53.4929084777832,62.914886,63.9,63.97,64.4,61.913822
2026-12-02 22:25:37,53.7,52.41710556220019,54.3,53.4032186868687,53.844681818430786,53.06460951091929,54.381954193115234,54.41777038574219,53.559155,52.44,52.88,53.03,55.916004
2026-12-02 22:25:42,54.5,56.621292198771634,59.166666666666664,58.70760714285714,54.409583191581056,57.01825386171214,54.468353271484375,54.93620681762695,55.38912,54.75,57.0,55.44,57.961994
2026-12-02 22:25:46,59.099999999999994,62.18683326132588,60.95,59.99508518518518,58.60345588349854,60.74199005894831,53.820465087890625,54.51979064941406,60.144356,58.44,60.0,59.62,60.43473
2026-12-02 22:25:51,58.6,57.76126090429499,58.05,57.71893877555408,58.33357694068687,57.498392688386225,54.282135009765625,54.68680953979492,58.041004,56.88,56.84,57.56,57.914856
2026-12-02 22:25:56,54.4,54.25544808012893,58.275,60.46361111111111,52.66555173091977,54.07652734731109,54.743900299072266,55.148929595947266,54.042133,53.94,55.62,53.84,57.270657
2026-12-02 22:26:00,56.6,55.533367981265236,55.614285714285714,55.73379811507937,55.561285710225356,55.444670974620195,53.79652404785156,54.58345413208008,55.113132,54.47,55.78,55.3,57.182472
2026-12-02 22:26:05,55.099999999999994,56.33703023419155,59.166666666666664,58.43501111111111,54.40876473192104,56.583810024291566,54.17516326904297,54.88615798950195,55.413754,54.72,56.75,55.44,57.961994
2026-12-02 22:26:10,59.4,60.01058896898959,60.95,60.38188888888889,56.594977921690045,56.16468336591614,53.86522674560547,54.6263313293457,57.93201,56.75,58.72,57.62,59.72153
2026-12-02 22:26:15,56.3,58.52714354842827,59.166666666666664,58.30937814153439,57.368217926719396,57.83652526390111,53.848655700683594,54.52264404296875,57.624954,56.44,57.66,57.53,58.675194
2026-12-02 22:26:19,58.800000000000004,61.99230500866482,60.95,59.54173634259259,58.98162017682624,60.62014169855746,54.40232849121094,54.98305130004883,60.195824,58.44,59.8,59.53,60.43473
2026-12-02 22:26:24,69.7,76.039202482447,73.625,71.78233333333334,67.50966061370323,53.846186818064275,54.54317855834961,55.04309844970703,69.52757,66.94,66.8,68.4,70.58611
2026-12-02 22:26:29,57.400000000000006,59.733046473506036,60.95,60.469857142857144,57.97925965071819,55.82678447033488,54.83211135864258,55.52704620361328,57.61983,56.53,57.6,57.78,59.72153
2026-12-02 22:26:33,58.800000000000004,61.96969271600088,60.95,59.94709560185185,58.78224214290177,60.619356295923694,55.32667541503906,56.475830078125,60.237816,58.38,59.72,59.62,60.43473
2026-12-02 22:26:38,65.1,69.0682662305541,70.33333333333333,64.86833333333333,63.413848654411915,62.41118540209099,55.80727767944336,56.78301239013672,64.70237,62.28,63.28,64.06,64.855515
2026-12-02 22:26:43,59.900000000000006,63.402829911711066,64.5,63.082499999999996,59.37147393361383,72.5453354655166,55.8212890625,56.98333740234375,60.069134,58.6,59.78,59.72,61.774876
2026-12-02 22:26:48,59.2,63.50436801562386,64.5,62.982166666666664,59.20876743716843,72.47736954707432,55.91999435424805,57.42025375366211,60.04874,58.62,60.1,59.72,61.774876
2026-12-02 22:26:52,55.4,55.33804681962133,53.85,54.98303859126984,56.53194630854102,55.334135517586176,55.770362854003906,57.35366439819336,55.169407,54.44,55.25,55.34,57.182472
2026-12-02 22:26:57,57.5,60.053219566813226,59.675000000000004,60.46502777777778,56.9619942202343,56.006736608175146,56.27394104003906,57.73612976074219,57.73069,56.75,58.78,57.53,59.72153
2026-12-02 22:27:02,55.1,56.543968412726585,58.275,58.301759259259256,54.719030232454934,57.13810595806935,55.765342712402344,57.26580047607422,55.1821,54.66,56.38,55.5,57.961994
2026-12-02 22:27:06,71.9,81.60269879961871,73.625,71.572,69.98258066307916,80.53292912752744,55.26955795288086,56.81370162963867,73.225204,71.3,70.9,73.1,74.68873
2026-12-02 22:27:11,56.699999999999996,59.61348391039917,60.95,60.96333333333333,58.354374646566775,90.52007338186952,55.908260345458984,57.011417388916016,57.72452,56.53,57.38,57.84,59.72153
2026-12-02 22:27:16,59.8,61.84703374641222,60.95,60.50119629629629,58.55112119968065,60.57796090711083,56.00025939941406,57.504150390625,60.211067,58.38,59.78,59.7,60.43473
2026-12-02 22:27:20,60.6,65.40619760462396,64.5,63.08595555555556,60.88730805631591,60.661760254444275,56.37099838256836,57.61140823364258,62.23468,60.34,61.6,61.8,62.488075
2026-12-02 22:27:25,64.2,71.0013473383798,73.75,69.627,63.489663711294526,68.82554888902844,56.382041931152344,57.69154739379883,64.9031,63.38,63.5,64.0,66.83895
2026-12-02 22:27:30,60.699999999999996,63.28350836134005,64.5,62.86544444444444,59.62616497652451,72.07841194173385,55.80706024169922,57.24175262451172,59.984608,58.53,59.7,59.8,61.774876
2026-12-02 22:27:35,62.599999999999994,67.17124135457357,70.33333333333333,64.72948148148147,61.578666127523604,66.28374089627992,55.836181640625,57.36731719970703,62.486317,60.88,61.78,61.84,64.14232
2026-12-02 22:27:39,55.9,57.75577327674813,60.95,62.19642592592593,55.23940943183893,60.81736348335196,55.855709075927734,57.24219512939453,55.227276,55.84,56.97,56.12,59.030197
2026-12-02 22:27:44,63.699999999999996,63.88034166243945,61.349999999999994,61.89713333333333,61.07240516591314,62.239523936338024,55.19894027709961,56.85926818847656,61.761246,60.97,61.38,61.97,61.167114
2026-12-02 22:27:49,56.400000000000006,58.64683658032225,58.275,58.15320856481482,57.40010500527799,58.345153713299965,56.40058135986328,57.55567932128906,57.71313,56.44,57.44,57.47,58.675194
2026-12-02 22:27:53,61.900000000000006,64.05859092574828,61.349999999999994,61.41178148148148,61.006876481909096,62.047839301257945,56.561561584472656,57.950172424316406,61.909256,61.03,61.38,61.9,61.167114
2026-12-02 22:27:58,52.800000000000004,54.35517136388074,58.275,60.06422222222222,52.80921500550771,54.010707189149514,56.81287384033203,58.06205368041992,53.7737,53.88,55.22,53.94,57.270657
2026-12-02 22:28:03,72.6,76.24125430540761,73.75,69.24333333333334,67.16631407959991,72.19380570149616,55.41664123535156,57.20716094970703,69.789894,69.2,69.7,71.7,69.03124
2026-12-02 22:28:08,64.8,67.34725914115316,64.5,62.451388888888886,63.3889343093239,65.39147207477703,56.45554733276367,57.70367431640625,63.794727,62.75,62.25,64.4,63.22046
2026-12-02 22:28:12,62.099999999999994,65.40561738812237,64.5,62.90383333333333,61.15957749371434,60.59083319080285,57.352439880371094,58.866477966308594,62.390976,60.3,61.25,61.84,62.488075
2026-12-02 22:28:17,59.699999999999996,61.94494789075876,60.95,59.56145899470899,59.00227457856145,60.269243093581174,57.64301681518555,59.17993927001953,60.43235,58.34,59.47,59.72,60.43473
2026-12-02 22:28:22,56.900000000000006,58.56345496043927,58.275,58.18872496693122,57.275419735496406,58.26476985013921,57.48848342895508,59.18894577026367,57.597588,56.44,57.56,57.53,58.675194
2026-12-02 22:28:26,59.3,61.877294014565614,60.95,59.717273544973544,59.05463693239005,60.568338676261824,57.298946380615234,58.95657730102539,60.18917,58.4,59.75,59.53,60.43473
2026-12-02 22:28:31,61.8,65.2221000909397,64.5,62.46564021164021,61.38230899110045,60.364305023391246,57.2717170715332,58.87626266479492,62.176563,60.34,61.4,61.7,62.488075
2026-12-02 22:28:36,66.3,72.35173784226996,69.25,66.28099999999999,65.87453169415878,83.69554703651096,57.03195571899414,58.69415283203125,67.38231,64.3,64.6,66.2,67.552155
2026-12-02 22:28:40,60.9,65.11963533773111,64.5,62.38386243386243,61.99697240443441,60.182777241098314,57.20901870727539,58.82075119018555,62.434437,60.2,60.75,61.8,62.488075
2026-12-02 22:28:45,65.6,72.66739165156295,69.25,66.61433333333332,65.84585239543628,78.07471468179601,57.614871978759766,59.31462097167969,67.327515,64.3,64.7,66.2,67.552155
2026-12-02 22:28:50,79.0,93.60458008955399,85.42500000000001,81.28766666666662,74.49862892406246,79.32669878445492,58.25535202026367,59.76091003417969,79.32493,74.5,71.9,75.2,89.93137
2026-12-02 22:28:55,57.7,58.107907036318515,59.166666666666664,59.01751851851852,61.65738006720365,59.54862473671422,57.231903076171875,58.638954162597656,56.973747,56.3,56.03,57.8,58.675194
2026-12-02 22:28:59,63.0,65.52897400281812,64.5,64.19444444444444,60.71681538268516,60.73688222551308,57.92287826538086,59.907535552978516,62.169674,60.38,61.8,61.8,62.488075
2026-12-02 22:29:04,63.400000000000006,69.02452492632831,69.36666666666666,64.80533333333334,63.029526926249595,61.28152781552887,58.4185905456543,59.952857971191406,64.35362,62.22,63.1,64.1,64.855515
2026-12-02 22:29:09,52.8,53.00482197319713,53.474999999999994,55.43955555555555,54.048529874256296,53.08531823208351,58.14387893676758,59.885772705078125,53.3569,52.78,53.88,53.44,56.469273
2026-12-02 22:29:13,60.1,62.03775412933456,59.675000000000004,60.84140740740741,58.37390349766368,60.761771737320814,57.456871032714844,59.46405792236328,59.85524,58.4,60.25,59.62,60.43473
2026-12-02 22:29:18,57.3,56.93284505365542,56.45,56.928719864174745,57.953344483379276,57.604521153726324,57.16848373413086,58.776519775390625,58.41867,57.3,56.25,57.62,57.395096
2026-12-02 22:29:23,69.8,78.07493391787553,73.625,70.97766666666666,68.84419566058467,70.50652800902733,57.661197662353516,58.806884765625,70.284706,69.4,69.5,71.25,71.3185
2026-12-02 22:29:28,61.8,65.23972348037543,64.5,63.05061111111111,61.82687328722945,60.48980573011219,57.55617141723633,58.86225891113281,62.354946,60.16,60.6,61.97,62.488075
2026-12-02 22:29:32,60.8,65.33384144610594,64.5,62.90151111111111,60.97933262005364,60.086663668624325,57.511619567871094,59.2862663269043,62.26867,60.28,61.3,61.84,62.488075
2026-12-02 22:29:37,64.30000000000001,67.16913666161982,64.5,62.89139999999999,62.82316499362973,65.34029467935662,57.681819915771484,59.188499450683594,63.682922,62.8,62.88,64.3,63.22046
2026-12-02 22:29:42,65.4,70.86975628018251,74.5,68.49233333333333,63.69092475704262,69.03919796913215,58.34376907348633,59.52668762207031,65.18184,63.34,63.3,63.94,66.83895
2026-12-02 22:29:46,69.80000000000001,79.77271568838718,73.625,71.00916666666667,68.9995197603826,72.93710017929247,57.21022033691406,58.921669006347656,72.08986,68.44,67.56,70.3,73.956345
2026-12-02 22:29:51,60.4,65.20183573305326,64.5,62.250510416666664,62.53431625663793,60.66690488737212,57.473140716552734,59.00211715698242,62.19072,60.12,60.47,61.97,62.488075
2026-12-02 22:29:56,68.3,72.46481742461835,69.25,66.36016666666666,65.46095312414693,77.31730058880656,58.145687103271484,59.816158294677734,66.89839,64.4,64.8,66.3,67.552155
2026-12-02 22:30:00,66.4,70.78870081819625,67.4,64.7533238095238,64.89917145559401,66.4566651422126,58.566444396972656,60.11268997192383,66.22616,64.5,64.2,66.75,65.5879
2026-12-02 22:30:05,69.8,77.67604102209373,73.625,68.356,68.71832347455361,66.74115082542924,59.42567443847656,61.00165939331055,71.20307,68.4,67.7,70.9,71.3185
2026-12-02 22:30:10,56.1,58.38394327526299,59.166666666666664,58.393467724867726,59.37636259947502,58.187815146460686,59.86109924316406,61.51874542236328,57.916004,56.38,56.7,57.62,58.675194
2026-12-02 22:30:15,64.8,70.88204513518912,67.4,65.62173333333334,64.67864004412121,66.67164648162164,59.85764694213867,61.842464447021484,66.24903,64.7,65.2,66.7,65.5879
2026-12-02 22:30:19,61.7,65.19226694019292,64.5,62.64701041666667,61.33856044583575,60.64621192161234,59.98651123046875,61.714691162109375,62.421326,60.25,60.94,61.8,62.488075
2026-12-02 22:30:24,63.3,65.44423876302335,64.5,62.527910416666664,61.16280973461079,60.58799023497538,59.536834716796875,61.57725143432617,62.249855,60.28,61.25,61.78,62.488075
2026-12-02 22:30:29,65.69999999999999,67.31613176404684,64.5,62.67727936507936,63.02190816067354,65.35948111112933,59.14632034301758,61.130584716796875,63.800472,62.84,62.8,64.25,63.22046
2026-12-02 22:30:33,75.4,77.751064572077,75.10000000000001,73.8175388888889,73.65701305526169,74.90217042734476,59.743412017822266,61.327056884765625,70.7415,74.9,74.75,75.9,68.63287
2026-12-02 22:30:38,63.5,67.14772269372567,64.5,62.229388888888884,63.35924262304561,65.3425915148019,62.27840805053711,63.11960983276367,64.24798,62.8,62.06,64.2,63.22046
2026-12-02 22:30:43,59.400000000000006,63.33503686330072,64.5,63.02016666666667,59.25556349331985,71.73191082894868,62.615108489990234,64.14026641845703,60.158325,58.66,59.94,59.72,61.774876
2026-12-02 22:30:48,65.4,65.86027701293384,65.525,64.61755458466264,63.97743798415238,64.66309197805724,61.00618362426758,63.07353210449219,63.229668,63.78,63.06,64.5,61.913822
2026-12-02 22:30:52,58.400000000000006,57.566082568530476,56.766666666666666,57.405257794898105,58.41585970537771,57.45880472743083,60.89937210083008,62.63431167602539,58.123592,56.9,56.66,57.56,57.914856
2026-12-02 22:30:57,62.6,62.68639285055404,63.15,62.42529644056813,61.51385608552908,62.04550770164391,60.53600311279297,62.15580749511719,61.346394,61.8,61.34,62.06,60.154285
2026-12-02 22:31:02,54.7,56.44521498849411,59.166666666666664,58.35890476190476,54.90303526687284,56.51121183911627,60.52406692504883,61.9487419128418,55.301273,54.7,56.3,55.44,57.961994
2026-12-02 22:31:06,56.6,58.52743286233605,58.275,58.46836226851852,56.636391371951795,58.595317835290615,58.972415924072266,60.90269088745117,57.494755,56.47,57.84,57.5,58.675194
2026-12-02 22:31:11,61.099999999999994,60.775652666180214,60.03333333333333,60.02100928668282,59.59661638036622,59.87834076754543,58.134315490722656,59.790435791015625,59.712143,59.0,59.22,59.72,59.407578
2026-12-02 22:31:16,57.7,58.65906980735012,58.275,58.102208564814816,56.94597526484079,58.345153713299965,58.298274993896484,59.500179290771484,57.615715,56.47,57.6,57.4,58.675194
2026-12-02 22:31:20,55.0,55.29461579031454,54.7,54.95151848544973,55.62608466054054,55.25498306217854,57.80889892578125,59.065555572509766,55.15998,54.47,55.5,55.22,57.182472
2026-12-02 22:31:25,53.5,52.37627441821519,52.38,52.71163078703705,53.246082879132295,53.07020109321421,56.638484954833984,57.95307159423828,53.5591,52.4,53.3,52.9,55.916004
2026-12-02 22:31:30,57.7,56.80914061317152,57.075,57.118451843161225,57.2309405944083,57.219229332970365,55.90191650390625,57.03904342651367,58.173805,57.38,56.84,57.44,57.395096
2026-12-02 22:31:35,62.099999999999994,64.17234636734584,61.5,61.459583333333335,60.94833381672345,61.91855028884497,56.265472412109375,56.949951171875,61.584877,61.1,61.66,61.8,61.167114
2026-12-02 22:31:39,57.2,57.63572914127468,57.53333333333334,57.79963926027477,58.361771747211776,57.501429898869354,56.00937271118164,57.0716667175293,57.963264,56.88,56.66,57.5,57.914856
2026-12-02 22:31:44,52.3,52.246588685701056,52.983333333333334,53.32473122826249,53.25581746658173,53.170001409938,56.32960510253906,57.494876861572266,53.550926,52.4,53.25,52.9,55.916004
2026-12-02 22:31:49,58.5,59.79976132598806,59.90909090909091,59.768669906673836,59.01898392925447,60.02301262766379,55.73655319213867,56.901790618896484,59.718765,59.62,59.28,59.75,58.661564
2026-12-02 22:31:53,54.400000000000006,54.78200756994791,54.46666666666667,54.73819891293972,55.39653964039438,55.11904819075697,56.28622817993164,57.134918212890625,55.18309,54.75,54.62,55.12,56.648388
2026-12-02 22:31:58,48.3,46.972403285680066,49.6,49.11341481481482,48.94874015825212,48.66910507532175,56.30086898803711,57.23236846923828,50.845554,48.75,50.03,48.72,54.11654
2026-12-02 22:32:03,54.400000000000006,55.70109703722436,53.85,55.23784047619047,54.04583571044661,55.62075048496244,54.97080993652344,56.049407958984375,55.116596,54.5,56.28,55.16,57.182472
2026-12-02 22:32:08,54.5,56.46611300096932,59.166666666666664,58.09218253968254,54.47210909345905,56.51798367301052,54.37528991699219,55.223812103271484,55.380074,54.72,56.7,55.44,57.961994
2026-12-02 22:32:12,55.400000000000006,57.704568747738186,58.05,57.72810878657628,57.97123835793227,57.82755830743942,53.93567657470703,54.757694244384766,57.880505,56.9,57.1,57.53,57.914856
2026-12-02 22:32:17,57.099999999999994,57.49686993603131,57.36666666666667,57.2506742063959,57.715662354524596,57.537215592154425,54.84761428833008,55.247291564941406,57.76883,56.9,57.06,57.4,57.914856
2026-12-02 22:32:22,55.0,55.44697987399664,53.85,54.968325892857145,55.101375595060865,55.03619176362193,55.129150390625,55.53052520751953,55.165897,54.47,55.56,55.12,57.182472
2026-12-02 22:32:26,51.8,50.10319043878965,50.55,52.079666666666654,50.968132845205986,51.29098396326795,54.92864990234375,55.429298400878906,52.268826,50.88,52.16,51.0,55.202805
2026-12-02 22:32:31,54.8,55.45287020954106,53.85,55.26037589285715,54.647130730023605,55.566600944637024,53.9827880859375,54.663063049316406,55.133106,54.47,56.0,55.16,57.182472
2026-12-02 22:32:36,57.2,58.26134086146242,59.166666666666664,59.11643634259259,56.62783336110644,56.07766937568937,53.82756042480469,54.39943313598633,57.29719,56.47,57.88,57.38,58.675194
2026-12-02 22:32:41,56.599999999999994,55.25296716705095,54.7,54.838556448412696,55.678026084266946,55.31008537372844,53.77423095703125,54.33042526245117,55.160633,54.47,55.47,55.2,57.182472
2026-12-02 22:32:45,54.8,52.31095252239755,52.38,52.76476377696379,53.22793498993589,53.08278560665675,53.96074676513672,54.52505874633789,53.552536,52.4,53.34,52.9,55.916004
2026-12-02 22:32:50,63.9,69.00256917886414,70.33333333333333,65.52458333333333,63.82736589975482,61.46403478920197,54.15347671508789,54.743587493896484,64.39439,62.5,64.2,64.1,64.855515
2026-12-02 22:32:55,53.6,52.99190809178606,53.474999999999994,54.7565,54.189590091533184,53.52603688051001,54.187843322753906,54.91230392456055,53.399555,52.78,53.78,53.38,56.469273
2026-12-02 22:32:59,58.0,60.742413016470714,58.15,60.12789219914073,58.80963549585136,59.98184589033436,54.48011779785156,55.40275955200195,59.635113,59.0,59.6,59.72,59.407578
2026-12-02 22:33:04,56.5,55.6689154014175,55.15714285714286,55.33613492063492,55.54842265845313,55.16086676397462,55.00639343261719,55.61406707763672,55.138695,54.44,55.4,55.22,57.182472
2026-12-02 22:33:09,55.0,56.70273593033658,58.275,58.65103888888889,54.330974940778695,57.14421245678299,54.88020706176758,55.66472244262695,55.335697,54.7,56.72,55.44,57.961994
2026-12-02 22:33:13,51.6,52.37303550915213,52.983333333333334,53.18675049603176,53.40995993393311,53.128041235340305,54.26974868774414,55.20142364501953,53.517994,52.4,53.28,53.03,55.916004
2026-12-02 22:33:18,56.400000000000006,57.64744685431032,56.349999999999994,57.50073824628568,57.16648655007501,57.52523932976677,54.4026985168457,55.2149772644043,57.629837,56.94,57.4,57.4,57.914856
2026-12-02 22:33:23,54.0,55.366256579812514,54.7,55.137492559523814,55.11136580508389,55.088517864957964,54.681884765625,55.32558059692383,55.16586,54.47,55.56,55.12,57.182472
2026-12-02 22:33:28,58.6,59.927770009654374,59.90909090909091,59.411166052684685,59.57047459034882,59.92413233806972,54.547332763671875,55.31256866455078,59.79261,59.62,59.0,59.78,58.661564
2026-12-02 22:33:32,60.2,60.71820406568534,60.03333333333333,59.75960120587473,59.05945535191691,59.75482775194304,55.268802642822266,55.87485885620117,59.661877,59.0,59.2,59.62,59.407578
2026-12-02 22:33:37,57.800000000000004,58.55060792179419,59.166666666666664,58.088791898148145,57.001679113182654,58.174244855385105,55.66090393066406,56.579689025878906,57.581135,56.47,57.56,57.4,58.675194
2026-12-02 22:33:42,60.099999999999994,60.757483236835,60.03333333333333,59.907882086105616,59.70531493406901,59.712224993722245,55.678279876708984,56.70634841918945,59.716656,59.0,59.16,59.7,59.407578
2026-12-02 22:33:46,54.099999999999994,55.40301185041704,53.85,54.995806448412694,55.63808018220387,55.187847798269736,56.14138412475586,57.2031135559082,55.175865,54.47,55.38,55.2,57.182472
2026-12-02 22:33:51,50.4,49.6240118360439,49.525,50.72941053382513,51.20350633365394,50.653949501537916,55.90093231201172,57.11125946044922,51.965717,50.06,51.03,50.66,54.82974
2026-12-02 22:33:56,54.9,55.448187174438964,54.7,54.88417658730159,54.31291282987517,55.33068637968958,55.35386276245117,56.466365814208984,55.14065,54.5,56.12,55.1,57.182472
2026-12-02 22:34:01,58.400000000000006,58.890798855557975,58.275,58.184440211640215,56.553268785902205,58.25415805556612,55.001922607421875,56.031158447265625,57.26044,56.47,57.88,57.38,58.675194
2026-12-02 22:34:05,61.3,64.01605668316238,61.5,61.71822592592593,61.0954425485371,62.07679305442252,54.95778274536133,56.00584411621094,61.847183,61.0,61.28,61.84,61.167114
2026-12-02 22:34:10,57.0,55.40888291854186,54.7,54.982034126984125,56.17835551952249,55.31806168528896,55.6988410949707,56.55992126464844,55.170284,54.44,55.16,55.22,57.182472
2026-12-02 22:34:15,55.099999999999994,56.39244555571757,59.166666666666664,58.42842592592592,54.588515394353884,56.583810024291566,55.971397399902344,56.907325744628906,55.367355,54.7,56.62,55.4,57.961994
2026-12-02 22:34:19,62.1,67.32720810735702,70.33333333333333,65.89733333333332,61.42019351929185,66.67172383537891,55.095516204833984,56.18288803100586,62.2536,61.22,62.28,61.84,64.14232
2026-12-02 22:34:24,57.6,58.452587236977294,59.166666666666664,58.47808449074074,58.42800701486061,58.37970243158185,54.519649505615234,55.602203369140625,57.695694,56.38,57.22,57.6,58.675194
2026-12-02 22:34:29,54.099999999999994,53.18034488731831,53.474999999999994,54.46825,52.76694953338846,53.52582107729053,55.266395568847656,56.230899810791016,53.696686,52.78,54.28,53.25,56.469273
2026-12-02 22:34:33,58.7,62.00766837014419,59.675000000000004,60.172629629629625,58.639557068023095,60.801590872037345,54.81452178955078,55.74504089355469,60.040115,58.44,60.16,59.56,60.43473
2026-12-02 22:34:38,54.099999999999994,55.36627770521401,55.15714285714286,55.040020337301584,56.12540028356131,55.150089106547505,54.819175720214844,55.66996383666992,55.141712,54.4,55.28,55.25,57.182472
2026-12-02 22:34:43,56.3,58.760191331934664,58.275,58.12887523148148,56.47232090458499,58.25415805556612,55.03145217895508,56.04584503173828,57.258694,56.47,57.88,57.38,58.675194
2026-12-02 22:34:48,54.1,56.45725121165125,59.166666666666664,58.36966402116402,54.777364345802255,56.51121183911627,55.086734771728516,56.07766342163086,55.274487,54.7,56.4,55.44,57.961994
2026-12-02 22:34:52,56.599999999999994,57.62747324090336,56.349999999999994,57.45578934213184,57.981165607884904,57.667305461510935,54.607994079589844,55.725547790527344,57.83216,56.88,57.03,57.5,57.914856
2026-12-02 22:34:57,61.5,62.561221462533446,63.15,62.0273223057361,61.71605950522534,61.77850941788215,55.002403259277344,55.785194396972656,61.32216,61.78,61.22,62.0,60.154285
2026-12-02 22:35:02,60.3,63.930235178763304,61.5,61.415114814814814,61.25268167443115,62.053060469390324,55.77162170410156,56.572959899902344,62.084465,61.03,61.06,61.8,61.167114
2026-12-02 22:35:06,59.5,63.455635399255335,64.5,62.88825925925926,59.37771021382913,72.73867944184889,56.42689514160156,57.55830764770508,59.9401,58.7,60.03,59.62,61.774876
2026-12-02 22:35:11,61.1,65.39395746304695,64.5,62.489515707671956,61.183571580521516,60.82518351711394,55.988162994384766,57.42706298828125,62.131,60.3,61.34,61.8,62.488075
2026-12-02 22:35:16,53.4,56.394055043235156,58.275,58.428148148148146,55.09391852950654,57.010197603235554,56.089073181152344,57.562095642089844,55.188297,54.62,56.06,55.56,57.961994
2026-12-02 22:35:21,56.0,55.3855117464799,54.7,55.285348115079366,55.591190229622214,55.55387434855752,56.01295852661133,57.601924896240234,55.135113,54.44,55.6,55.25,57.182472
2026-12-02 22:35:25,58.2,59.975052497695096,59.90909090909091,59.49488787808151,59.54422117986912,59.92413233806972,56.06064224243164,57.34941101074219,59.795834,59.6,59.0,59.78,58.661564
2026-12-02 22:35:30,57.6,57.5488234642498,56.349999999999994,57.46184620872755,57.76812773991334,57.359474794119066,56.65229797363281,57.68629455566406,57.7415,56.9,56.9,57.38,57.914856
2026-12-02 22:35:35,54.099999999999994,53.14256564785762,53.474999999999994,54.1995,52.46771892282341,52.887825175542794,56.777854919433594,58.009029388427734,53.843403,52.8,54.38,53.2,56.469273
2026-12-02 22:35:39,57.0,58.725318918516834,58.275,58.49451412037037,56.358244105698695,58.507500215173685,55.935142517089844,57.4608268737793,57.321785,56.47,58.0,57.44,58.675194
2026-12-02 22:35:44,57.099999999999994,55.41578550383061,54.7,54.97939070767195,55.60181287098368,55.238037270872624,55.468841552734375,56.86064529418945,55.158085,54.44,55.47,55.22,57.182472
2026-12-02 22:35:49,55.699999999999996,55.51041510913622,53.85,54.82215367063491,55.10136435749422,55.20908351770805,55.200138092041016,56.399784088134766,55.158306,54.47,55.66,55.16,57.182472
2026-12-02 22:35:53,57.900000000000006,57.73812823340363,58.85,58.07642764355742,57.692686728456856,57.56088760646355,54.94422149658203,55.931583404541016,57.73433,56.9,57.12,57.44,57.914856
2026-12-02 22:35:58,55.8,58.5905399022705,58.275,58.09265300925926,56.77037548181336,58.34238974226656,55.37746047973633,56.109615325927734,57.34277,56.5,57.75,57.34,58.675194
2026-12-02 22:36:03,55.5,56.59871184523483,58.275,58.56631481481482,54.80966340836225,57.103465581182334,55.14882278442383,56.02971267700195,55.27964,54.7,56.38,55.4,57.961994
2026-12-02 22:36:08,59.5,60.79890095962317,60.03333333333333,60.03760575132928,59.725315768798154,60.048501900431745,54.74635314941406,55.79570007324219,59.708138,58.97,59.25,59.72,59.407578
2026-12-02 22:36:12,62.4,65.9676521924145,65.525,64.05677926547138,63.52744250618398,64.5043267327133,55.445491790771484,56.27627944946289,63.541126,63.84,63.12,64.3,61.913822
2026-12-02 22:36:17,56.8,55.39267957694294,54.7,55.00035261243386,56.06855265016898,55.313000788441315,56.342037200927734,57.1968994140625,55.187176,54.44,55.1,55.22,57.182472
2026-12-02 22:36:22,64.8,65.92931470082976,65.525,64.58115823660653,63.01951294393617,64.8744052442894,56.22407150268555,57.462135314941406,63.19225,63.88,63.6,64.4,61.913822
2026-12-02 22:36:26,56.8,58.52701458396023,58.275,58.07286782407407,57.295580122296954,58.31511305530398,57.13279724121094,58.28154373168945,57.7807,56.44,57.28,57.47,58.675194
2026-12-02 22:36:31,62.400000000000006,67.2448768560443,68.14999999999999,65.881,61.36080945371435,66.69859082400676,56.98287582397461,58.541778564453125,62.276142,61.22,62.22,61.88,64.14232
2026-12-02 22:36:36,51.0,49.764134319932054,51.05,52.13068148148147,52.29471692646448,50.9870696048232,56.14690399169922,57.89030838012695,51.782753,50.88,51.66,51.28,55.202805
2026-12-02 22:36:41,56.400000000000006,57.63578173502435,56.349999999999994,57.15400083679936,56.89203996229994,57.554276546534425,55.8040771484375,57.507774353027344,57.597706,56.94,57.53,57.47,57.914856
2026-12-02 22:36:45,54.400000000000006,53.13535487477559,53.474999999999994,54.72221481481481,52.41577093543049,53.70032123865521,55.95196533203125,57.055206298828125,53.794758,52.8,54.4,53.22,56.469273
2026-12-02 22:36:50,52.2,49.99768104388086,50.55,52.06931111111109,50.79844380828646,51.112878463110384,55.13529968261719,56.38978576660156,52.165867,50.88,52.28,51.03,55.202805
2026-12-02 22:36:55,57.6,60.157591409060764,59.675000000000004,60.531440476190475,56.68911742986581,55.966321523305645,54.494041442871094,55.506622314453125,57.585087,56.8,59.16,57.62,59.72153
2026-12-02 22:36:59,65.9,67.27492592575365,64.5,62.86013333333333,62.77243179817302,65.88147646928454,53.71844482421875,54.559749603271484,63.738,62.88,63.16,64.3,63.22046
2026-12-02 22:37:04,57.1,58.68063218353245,58.275,58.4254900462963,57.86967880984364,58.40138415342712,54.61202621459961,55.08094787597656,57.81938,56.4,57.16,57.53,58.675194
2026-12-02 22:37:09,58.3,60.946873489044684,60.03333333333333,59.975626795100325,59.5913815037726,59.78183119945589,55.09572219848633,55.74036407470703,59.71725,58.97,59.16,59.72,59.407578
2026-12-02 22:37:13,52.4,52.348966742293634,52.983333333333334,52.94538779761906,53.464577673046485,52.95039297980289,55.49832534790039,56.050323486328125,53.552856,52.4,53.06,52.97,55.916004
2026-12-02 22:37:18,56.9,55.4742008562142,54.7,54.87910367063492,54.628233350499194,55.353953526129196,55.13681411743164,55.939971923828125,55.14041,54.47,55.88,55.12,57.182472
2026-12-02 22:37:23,62.2,65.474479492241,64.5,63.2084,61.09839907655988,60.79015615875727,54.728492736816406,55.54310989379883,62.02921,60.4,61.94,61.75,62.488075
2026-12-02 22:37:28,72.4,77.7369349441782,73.625,70.349,68.60027045530295,48.86755952737415,54.616031646728516,55.70321273803711,71.18017,68.56,68.06,70.94,71.3185
2026-12-02 22:37:32,59.7,59.01249277491924,58.9625,59.88135384136886,61.093008165698315,59.923111329866224,55.623435974121094,56.666473388671875,60.37338,59.62,57.6,60.03,58.15067
2026-12-02 22:37:37,59.5,57.686309134326685,56.349999999999994,57.31646954394125,56.972595082420696,57.63057646519946,57.650325775146484,58.62971115112305,57.561146,56.94,57.1,57.38,57.914856
2026-12-02 22:37:42,56.900000000000006,57.69873209888209,56.349999999999994,57.47448728707775,57.43822548090841,57.442435487708806,58.287174224853516,59.42525100708008,57.671165,56.9,57.1,57.47,57.914856
2026-12-02 22:37:46,61.6,64.03569907263753,61.5,61.85849603174603,60.57168850989841,62.02379642577476,58.0512580871582,59.4084358215332,61.485657,61.03,61.5,61.88,61.167114
2026-12-02 22:37:51,56.1,56.42744944864664,58.275,58.94488888888889,54.895812725905714,57.09290963959627,57.61061096191406,59.12079620361328,55.153053,54.66,56.2,55.5,57.961994
2026-12-02 22:37:56,59.0,62.02389915714616,60.95,59.7738474537037,58.77194603162628,60.74273130560804,56.66634750366211,58.412593841552734,60.2549,58.4,59.88,59.6,60.43473
2026-12-02 22:38:01,56.8,57.535019315081165,56.349999999999994,57.497952356201104,58.36522824997022,57.40656918181407,56.46680450439453,57.87303161621094,57.92098,56.84,56.72,57.53,57.914856
2026-12-02 22:38:05,54.599999999999994,55.34451199239513,54.7,55.145905257936505,55.06039164380633,55.26625866299332,57.05241012573242,58.18364334106445,55.160366,54.47,55.56,55.12,57.182472
2026-12-02 22:38:10,60.8,60.83330005088092,60.03333333333333,60.02282494324847,58.9291449674455,59.87834076754543,56.863948822021484,57.99170684814453,59.658928,59.0,59.38,59.7,59.407578
2026-12-02 22:38:15,51.2,49.47019029302736,49.525,49.90431321648785,51.53741154770918,50.287594935073415,56.97372055053711,57.95771408081055,51.987656,50.06,50.78,50.72,54.82974
2026-12-02 22:38:19,57.3,58.82865394032714,58.275,58.51354629629629,56.40768518229076,58.47762806416272,56.13368225097656,57.09328079223633,57.06569,56.5,58.4,57.38,58.675194
2026-12-02 22:38:24,56.199999999999996,55.40002355494743,54.7,54.95517311507936,55.59288507049695,55.29667223328876,54.915321350097656,56.099853515625,55.143227,54.44,55.44,55.22,57.182472
2026-12-02 22:38:29,52.1,49.98719732401184,50.55,52.077404761904745,50.891998714389494,51.21698146473379,54.869449615478516,55.94951629638672,52.203506,50.88,52.12,50.97,55.202805
2026-12-02 22:38:33,55.4,57.70367387972451,57.8,57.49417546869768,56.95186772479355,57.97655767105769,54.18875503540039,55.174278259277344,57.56556,56.94,57.47,57.44,57.914856
2026-12-02 22:38:38,53.0,53.14118569781433,53.474999999999994,54.3525,52.45877007854523,53.51246658943443,54.379085540771484,54.93394470214844,53.80911,52.8,54.34,53.2,56.469273
2026-12-02 22:38:43,59.3,60.89135383533868,60.03333333333333,60.069511306884834,58.853059850898475,59.9788956946981,53.946533203125,54.65883255004883,59.647923,59.0,59.53,59.72,59.407578
2026-12-02 22:38:48,53.5,53.12942120356374,53.474999999999994,54.307259259259254,52.78631152293918,53.63449488737416,54.52210998535156,54.93931579589844,53.728867,52.8,54.2,53.25,56.469273
2026-12-02 22:38:52,48.2,46.96196332262382,47.9,48.77544444444446,48.942898587159476,48.95765254308333,53.93549728393555,54.60545349121094,50.636326,48.72,50.06,48.84,54.11654
2026-12-02 22:38:57,59.2,60.07438606892267,59.90909090909091,59.77129476700917,58.508251447534384,60.00876685228538,53.337345123291016,53.85568618774414,59.65236,59.66,59.66,59.8,58.661564
2026-12-02 22:39:02,57.599999999999994,57.67885571402722,57.8,57.632816848692606,57.67687250854289,57.530383652033926,53.752349853515625,53.89213562011719,57.739464,56.94,56.94,57.4,57.914856
2026-12-02 22:39:06,56.5,58.74175481094573,58.275,58.315056712962964,56.53343926693823,58.345153713299965,54.11758041381836,54.57604217529297,57.351704,56.47,57.8,57.4,58.675194
2026-12-02 22:39:11,62.099999999999994,62.685280311524714,63.15,62.488244028392124,62.04608404105646,62.38812841827442,54.24513244628906,54.843299865722656,61.42137,61.75,61.06,62.1,60.154285
2026-12-02 22:39:16,54.900000000000006,54.84888397309368,55.20810810810811,55.37296205161153,55.694413670191075,55.34228315000786,55.26108932495117,55.82691955566406,55.208553,54.72,54.4,55.22,56.648388
2026-12-02 22:39:21,54.3,56.41871258328499,59.166666666666664,58.913333333333334,54.75429741844396,63.23252997917789,55.71753692626953,56.51150131225586,55.438107,54.72,56.78,55.38,57.961994
2026-12-02 22:39:25,54.8,54.69693651277155,55.20810810810811,55.0900310296083,55.699233519998295,55.472949570948266,54.79536056518555,55.96135330200195,55.192844,54.7,54.72,55.28,56.648388
2026-12-02 22:39:30,62.0,64.12382654877338,61.349999999999994,61.605018253968254,60.57488031239207,61.93535031806197,55.162750244140625,56.08018493652344,61.4729,61.06,61.78,61.88,61.167114
2026-12-02 22:39:35,65.19999999999999,68.95173635290875,67.4,65.05483333333333,63.37237644646508,62.144473988455836,55.29638671875,56.241065979003906,64.69995,62.28,63.1,64.06,64.855515
2026-12-02 22:39:39,59.9,59.7625723982755,58.45,59.659850543725284,61.033567121376585,59.73410410819136,55.679012298583984,56.8148193359375,60.122383,59.5,58.2,60.0,58.661564
2026-12-02 22:39:44,57.4,58.54609725329631,59.166666666666664,58.16675185185185,56.56827649494582,57.73111438104185,57.2796516418457,58.279136657714844,57.32664,56.47,57.72,57.38,58.675194
2026-12-02 22:39:49,57.6,57.774577893505764,57.53333333333334,57.87571338067391,58.00954225028638,57.33415214029588,57.04564666748047,58.26901626586914,57.797794,56.88,56.94,57.53,57.914856
2026-12-02 22:39:53,56.2,56.477351448920274,58.275,58.672511111111106,54.57091118373094,57.082795788410856,56.90377426147461,58.16682434082031,55.34748,54.7,56.56,55.44,57.961994
2026-12-02 22:39:58,55.4,55.343562791630674,55.614285714285714,55.79074070767196,55.486728261106165,55.29397544115471,55.98051452636719,57.48480987548828,55.118908,54.44,55.6,55.28,57.182472
2026-12-02 22:40:03,57.599999999999994,59.926852813151235,59.675000000000004,61.48188888888889,56.967592251867956,56.21453614682824,55.44398498535156,56.73942184448242,57.79089,56.78,58.72,57.56,59.72153
2026-12-02 22:40:08,50.9,49.85418651626833,50.55,51.962499999999984,51.46433117565393,51.08541376050193,54.713104248046875,56.03642272949219,51.978477,50.84,51.9,51.12,55.202805
2026-12-02 22:40:12,53.599999999999994,53.10665459016242,53.474999999999994,54.530722222222224,52.07908488282379,53.63273136578717,54.66750717163086,55.72406005859375,53.815033,52.8,54.75,53.2,56.469273
2026-12-02 22:40:17,56.7,58.751811362819005,58.275,58.46895856481481,56.33650089269364,58.60606017407189,53.97087478637695,54.84721374511719,57.2105,56.44,57.97,57.4,58.675194
2026-12-02 22:40:22,54.5,53.24733342451629,53.474999999999994,54.417027777777776,52.71648585734246,53.80281832707746,54.07741165161133,54.64701461791992,53.666916,52.78,54.22,53.22,56.469273
2026-12-02 22:40:26,55.300000000000004,56.5309583791244,58.275,58.146342592592596,54.43824030483467,57.03012841782879,53.75825119018555,54.25465393066406,55.29031,54.7,56.7,55.4,57.961994
2026-12-02 22:40:31,57.6,59.8883856944616,60.95,60.411537037037036,56.932533242239046,56.01344385561554,53.13547897338867,53.576446533203125,57.681786,56.72,58.53,57.56,59.72153
2026-12-02 22:40:36,56.4,58.65946212450626,58.275,58.274014120370374,57.395344234830304,58.38313567198575,53.153804779052734,53.526763916015625,57.497845,56.4,57.5,57.47,58.675194
2026-12-02 22:40:41,61.4,64.0026390601211,61.5,61.695114814814815,61.12516053075366,62.047839301257945,53.701904296875,54.00798416137695,61.910686,61.0,61.25,61.84,61.167114
2026-12-02 22:40:45,59.6,61.86049285261407,60.95,59.82673634259259,59.2054769277305,60.499261572828544,54.70359420776367,55.01930236816406,60.472588,58.38,59.34,59.53,60.43473
2026-12-02 22:40:50,53.3,55.44554521179482,53.85,54.73072311507936,56.11808377856422,55.13947731197441,54.97255325317383,55.698787689208984,55.161633,54.4,55.22,55.25,57.182472
2026-12-02 22:40:55,52.2,53.135398815515764,53.474999999999994,54.29563888888889,52.3581235150912,53.63720822615658,55.201053619384766,56.09613037109375,53.775307,52.8,54.4,53.2,56.469273
2026-12-02 22:40:59,55.300000000000004,56.50761326722436,58.275,58.095675925925924,54.47746481065113,56.993717188037465,54.55200958251953,55.744972229003906,55.30125,54.7,56.7,55.4,57.961994
2026-12-02 22:41:04,60.6,61.95933723723627,60.95,60.28156967592592,58.82018121569409,60.95650929602456,54.13175582885742,55.365203857421875,60.262363,58.4,59.8,59.56,60.43473
2026-12-02 22:41:09,53.0,51.906951219069526,52.53186813186813,52.85487887009935,53.84072530496707,52.7106954928395,54.46445846557617,55.48468780517578,53.566322,52.28,52.03,53.03,55.56212
2026-12-02 22:41:13,58.900000000000006,59.87765574197263,59.4,59.60392713489342,58.792341760994915,59.56548212965195,55.05916976928711,55.87480545043945,59.6557,59.62,59.34,59.72,58.661564
2026-12-02 22:41:18,66.5,72.70579265348114,73.3,67.61933333333333,65.73074953083906,77.30391328084941,55.64113998413086,56.36129379272461,66.847755,64.8,65.44,66.4,67.552155
2026-12-02 22:41:23,62.9,67.06488929572214,68.14999999999999,64.84533333333333,61.50319476188979,66.1634419910235,55.487342834472656,56.69541549682617,62.24546,60.6,61.22,61.94,64.14232
2026-12-02 22:41:28,62.0,65.33004135950462,64.5,62.78573333333333,61.04919568078932,60.80929110462265,55.3979606628418,56.8942985534668,62.21481,60.22,61.1,61.9,62.488075
2026-12-02 22:41:32,57.5,58.59111854399033,58.275,58.098212268518516,57.81289143601612,58.35271801446433,55.99338150024414,57.233421325683594,57.641148,56.38,57.25,57.53,58.675194
2026-12-02 22:41:37,57.099999999999994,58.70610955096775,58.275,58.14552496693122,56.72104032071601,58.281139089861234,56.33473205566406,57.5224723815918,57.320766,56.44,57.66,57.44,58.675194
2026-12-02 22:41:42,58.2,61.96189994075072,60.95,59.40469021164021,58.966088100413636,60.53320259135953,56.22761917114258,57.50130844116211,60.270134,58.4,59.7,59.53,60.43473
2026-12-02 22:41:46,62.0,65.37904056527235,64.5,62.33697354497354,61.318184342201576,60.809306351187416,56.26979064941406,57.67963409423828,62.049026,60.34,61.3,61.7,62.488075
2026-12-02 22:41:51,56.599999999999994,59.9368491642749,60.95,60.33109259259259,57.54533903839571,55.94164557001087,56.5024528503418,57.97765350341797,57.459194,56.62,57.97,57.6,59.72153
2026-12-02 22:41:56,58.599999999999994,61.60549514305886,64.5,65.70881481481482,57.3883799297049,65.00906837706488,56.16594314575195,57.78095626831055,56.797806,58.47,59.06,58.03,61.08354
2026-12-02 22:42:01,60.599999999999994,63.56113531612362,64.5,63.17833862433862,59.256377674994646,72.60998756414584,55.10468292236328,56.89729309082031,59.845745,58.62,60.03,59.72,61.774876
2026-12-02 22:42:05,62.4,67.13943419893744,70.33333333333333,64.69981481481481,61.60929956267298,66.29116420254643,55.07787322998047,56.61649703979492,62.37644,60.88,61.66,61.8,64.14232
2026-12-02 22:42:10,62.599999999999994,67.1195420198726,70.33333333333333,64.48014814814815,61.703280897601324,66.28374089627992,55.21822738647461,56.5015754699707,62.429943,60.75,61.44,61.84,64.14232
2026-12-02 22:42:15,55.7,56.31808664163037,58.275,58.315259259259264,55.42306864126343,57.042380703541355,55.39182662963867,56.659305572509766,55.11679,54.6,55.9,55.6,57.961994
2026-12-02 22:42:19,59.8,62.07223077033421,60.95,59.86238465608466,58.812771788720354,60.74898669414465,55.453521728515625,56.794349670410156,60.246235,58.38,59.78,59.56,60.43473
2026-12-02 22:42:24,62.8,64.03781235776535,61.5,61.61117037037037,61.447094603566015,61.895217739612015,55.66640853881836,56.87983703613281,62.02649,60.97,60.97,61.88,61.167114
2026-12-02 22:42:29,66.3,70.74679672085871,70.33333333333333,65.15944444444445,64.96080709060719,66.61104834804323,56.34524154663086,57.625953674316406,66.57897,64.6,64.6,66.56,65.5879
2026-12-02 22:42:33,65.0,70.73690263834223,69.25,67.04633333333332,63.92741523131535,68.70811839812248,56.92582702636719,58.367164611816406,65.38799,63.12,62.9,63.9,66.83895
2026-12-02 22:42:38,55.3,54.61552602657945,55.583333333333336,55.51864763990882,57.12677016766786,55.590533178411604,56.350730895996094,58.17042541503906,55.278473,54.72,54.03,55.47,56.648388
2026-12-02 22:42:43,47.3,47.59175925859372,51.05,54.04555555555555,48.23621498420533,50.67878444946476,57.02256774902344,58.75090026855469,50.866863,50.12,51.25,49.47,54.51147
2026-12-02 22:42:48,66.3,72.8809872236295,73.75,69.43799999999999,65.28891888858823,75.78963842134146,55.73135757446289,57.60240173339844,66.5629,65.2,66.44,66.7,67.552155
2026-12-02 22:42:52,59.400000000000006,62.03578126236352,60.95,59.76662962962963,59.86543350770516,60.242262059286055,55.14216995239258,56.70511245727539,60.58902,58.28,59.0,59.8,60.43473
2026-12-02 22:42:57,59.8,61.99736582519808,60.95,59.971029629629626,58.57828297136578,60.380582908261,55.7784538269043,57.19746780395508,60.32058,58.38,59.6,59.66,60.43473
2026-12-02 22:43:02,58.0,58.68165224325551,58.275,58.351264550264546,57.140184129113564,58.121401423463325,56.12281799316406,57.25234603881836,57.458385,56.4,57.47,57.53,58.675194
2026-12-02 22:43:06,61.3,67.16550680262432,68.14999999999999,65.73466666666666,61.271116531352135,63.85144928803731,56.20330810546875,57.353816986083984,62.139202,61.2,62.16,61.88,64.14232
2026-12-02 22:43:11,56.3,57.79629860764906,60.95,62.41342592592592,55.29815504067449,61.29706327167397,55.5080680847168,56.773536682128906,55.10859,55.8,56.88,56.12,59.030197
2026-12-02 22:43:16,69.3,77.77027099759269,73.625,69.56966666666666,68.25586756342204,66.73658556933103,54.63714599609375,56.08138656616211,70.80429,68.8,68.7,71.1,71.3185
2026-12-02 22:43:21,70.4,78.27811210259495,73.625,70.38283333333332,67.36228863858311,122.87063276729612,55.57145309448242,56.361236572265625,70.09172,67.06,65.56,67.94,73.24314
2026-12-02 22:43:25,55.099999999999994,57.68705676215797,60.95,62.87019047619047,55.532128427479265,61.24023721748798,55.5671272277832,56.62300109863281,55.03848,55.78,56.47,56.34,59.030197
2026-12-02 22:43:30,53.599999999999994,53.210368585164076,53.474999999999994,55.21983333333333,52.87265692824647,53.43826396580004,55.147884368896484,56.76340866088867,53.454487,52.75,54.3,53.4,56.469273
2026-12-02 22:43:35,64.7,69.16885620316657,67.4,66.02485714285714,62.93463352727818,62.10014446069361,55.43777847290039,56.84061050415039,64.28559,62.4,64.0,64.25,64.855515
2026-12-02 22:43:39,61.3,65.38277611632522,64.5,62.41833333333333,61.15416091200833,60.50411416284772,55.4721794128418,56.591156005859375,62.21711,60.25,60.97,61.88,62.488075
2026-12-02 22:43:44,63.6,62.722000169906146,63.15,62.46746604166527,63.03357869193992,62.356770142820864,55.7458381652832,57.06317138671875,61.58498,61.66,60.6,62.2,60.154285
2026-12-02 22:43:49,59.0,58.68937422486818,58.275,58.1793900462963,56.88517593520126,58.40138415342712,57.04202651977539,58.178985595703125,57.509052,56.44,57.44,57.4,58.675194
2026-12-02 22:43:53,60.0,63.711465468763265,64.5,64.2205,59.090538037096366,72.86558406304454,56.8236198425293,58.349143981933594,60.032524,58.72,60.38,59.7,61.774876
2026-12-02 22:43:58,56.5,59.827203163625846,60.95,60.410944444444446,57.18622015776256,55.79022129141092,55.932594299316406,57.69282531738281,57.71388,56.66,58.12,57.7,59.72153
2026-12-02 22:44:03,59.2,57.70192659179076,58.05,57.69167111096964,58.356856099691804,57.76506338936208,55.620262145996094,57.388954162597656,57.906086,56.84,56.8,57.6,57.914856
2026-12-02 22:44:08,61.3,64.04675442542116,61.5,61.80442063492063,60.74529468765442,62.105674636125045,56.12010955810547,57.31766128540039,61.75107,61.03,61.4,61.84,61.167114
2026-12-02 22:44:12,59.099999999999994,63.43352005706934,64.5,63.328111111111106,59.31052628438245,72.74921459934127,56.4129524230957,57.494056701660156,59.87335,58.66,59.97,59.66,61.774876
2026-12-02 22:44:17,57.199999999999996,61.4146146574888,64.5,65.85133333333333,57.17513887448422,64.92014548652509,55.83719253540039,57.390830993652344,56.981125,58.38,58.9,58.12,61.08354
2026-12-02 22:44:22,59.1,61.79880480805244,60.95,60.20851041666666,59.07634391606667,60.67088786511844,55.045753479003906,56.80470657348633,60.518215,58.3,59.53,59.72,60.43473
2026-12-02 22:44:26,56.3,59.93085933484315,60.95,60.55109259259259,56.97710841566068,55.870192723664964,55.75678634643555,57.01738739013672,57.67857,56.7,58.22,57.6,59.72153
2026-12-02 22:44:31,56.0,56.55774225994125,58.275,58.509092592592594,54.70099892739558,57.1984518575321,55.42073059082031,56.68757247924805,55.149277,54.66,56.28,55.53,57.961994
2026-12-02 22:44:36,65.1,70.88260229747287,69.25,69.34666666666666,63.64807464199337,68.8720090873288,54.8416862487793,56.11203384399414,64.92379,63.75,64.0,64.06,66.83895
2026-12-02 22:44:41,55.9,56.31704228479767,58.275,58.419246031746034,55.823324742346884,57.04369870890437,54.44990539550781,55.63443374633789,55.020638,54.6,55.78,55.7,57.961994
2026-12-02 22:44:45,60.599999999999994,63.82191724191588,64.5,63.834666666666664,59.04927389004963,72.81505512698962,54.83934020996094,56.0938606262207,60.01316,58.7,60.4,59.66,61.774876
2026-12-02 22:44:50,61.4,65.39654210921285,64.5,62.62540476190476,61.07842711870142,60.823907790283606,54.74482345581055,55.82551574707031,62.12243,60.28,61.22,61.78,62.488075
2026-12-02 22:44:55,55.2,56.507198283309435,58.275,58.57796825396825,55.01798283413952,57.02031145442097,55.17451477050781,56.25484848022461,55.04228,54.6,56.0,55.53,57.961994
2026-12-02 22:44:59,58.9,61.90757915512922,60.95,60.3537511574074,58.67951174258362,60.90501673089367,54.94949722290039,56.14200210571289,60.231647,58.38,59.8,59.6,60.43473
2026-12-02 22:45:04,51.0,49.821160523214736,51.05,51.97133333333332,51.4886918599931,50.526067207400246,55.174659729003906,56.21100616455078,51.978146,50.84,51.78,51.1,55.202805
2026-12-02 22:45:09,53.599999999999994,55.53060250840949,53.85,55.206125892857145,54.549586833312425,55.593406533212395,54.799381256103516,55.98861312866211,55.121246,54.47,55.94,55.16,57.182472
2026-12-02 22:45:13,61.3,62.10513301810708,59.675000000000004,60.06068518518518,58.73009309445481,60.614404646566996,54.3891487121582,55.37043380737305,60.1463,58.4,59.94,59.56,60.43473
2026-12-02 22:45:18,55.099999999999994,56.506235297049066,58.275,58.54577777777778,54.87106005961817,57.248980793587016,54.36857223510742,55.36714172363281,55.129208,54.62,56.16,55.5,57.961994
2026-12-02 22:45:23,59.8,60.879197736459226,60.03333333333333,60.12996770419124,59.54019952605819,60.07745565359632,54.20301818847656,55.328941345214844,59.71263,58.97,59.22,59.75,59.407578
2026-12-02 22:45:28,61.5,64.04428731074718,61.5,61.593948148148144,61.165792825320196,62.07298727620089,55.07117462158203,55.77173614501953,62.03367,61.0,61.1,61.84,61.167114
2026-12-02 22:45:32,64.9,70.99218033883295,69.25,68.63933333333333,63.79625530743143,69.49922320875852,55.64555358886719,56.52542495727539,65.32776,63.47,63.44,63.97,66.83895
2026-12-02 22:45:37,72.0,75.84901570049624,70.55,67.30388888888888,68.25811117224234,71.93312069444295,55.2598762512207,56.46531677246094,70.04386,68.8,68.06,71.56,69.03124
2026-12-02 22:45:42,57.5,59.79333951042626,60.95,60.79661111111111,57.78632530982991,56.038745416525764,56.94297790527344,57.99850082397461,57.642433,56.6,57.53,57.75,59.72153
2026-12-02 22:45:46,63.5,67.2809496734023,64.5,62.99399999999999,62.588016073540885,65.8013560092137,56.87424850463867,58.49561309814453,63.65901,62.88,63.16,64.4,63.22046
2026-12-02 22:45:51,57.1,58.59700563388659,58.275,58.48704629629629,57.69329867790782,58.34380545990536,57.45263671875,58.88283157348633,57.852787,56.38,57.2,57.56,58.675194
2026-12-02 22:45:56,66.9,70.87014142899852,67.4,65.65673333333334,64.3922773000913,66.67164648162164,57.41400146484375,59.238887786865234,66.208466,64.7,65.2,66.75,65.5879
2026-12-02 22:46:01,62.800000000000004,66.90725997597704,68.14999999999999,64.74433333333333,61.5440788915001,65.87115302677583,57.77061080932617,59.49140930175781,62.396843,60.7,61.3,61.88,64.14232
2026-12-02 22:46:05,61.300000000000004,65.39615654218223,64.5,62.64003422619047,61.18616011960526,60.88850690660736,57.12187194824219,59.163211822509766,62.142456,60.25,61.03,61.88,62.488075
2026-12-02 22:46:10,64.4,68.77494739059094,70.33333333333333,63.862510416666666,63.396990125131694,61.45244814904713,57.56132507324219,59.378353118896484,64.66354,62.22,62.88,64.06,64.855515
2026-12-02 22:46:15,58.599999999999994,61.896656052426835,60.95,59.41039004629629,59.766824466450565,60.42469809031193,57.66040802001953,59.38217544555664,60.62488,58.28,59.03,59.7,60.43473
2026-12-02 22:46:19,65.6,70.90166181314308,69.25,68.42666666666666,63.70920752710281,68.69782667750552,57.725074768066406,59.52617645263672,65.20954,63.5,63.53,63.97,66.83895
2026-12-02 22:46:24,59.900000000000006,61.96951077325362,60.95,59.82136226851852,60.1458741821279,60.64908649675492,57.18015670776367,58.909732818603516,60.588367,58.25,58.97,59.75,60.43473
2026-12-02 22:46:29,57.1,57.615783859146724,56.349999999999994,57.518306659911445,58.33995954476913,57.40063476053508,57.09574890136719,58.896636962890625,57.814564,56.84,56.66,57.53,57.914856
2026-12-02 22:46:33,61.7,64.16973121557139,61.5,61.861777777777775,60.73180475982045,62.08279083693531,57.7060546875,59.21760559082031,61.63833,61.03,61.38,61.84,61.167114
2026-12-02 22:46:38,59.5,59.956690465889274,60.95,60.46211111111111,57.00188457446346,56.01498939066571,57.70591735839844,59.28527069091797,57.59209,56.7,58.12,57.6,59.72153
2026-12-02 22:46:43,62.5,68.86726172459996,70.33333333333333,65.25023333333333,63.18912448919323,62.40458240203517,56.708011627197266,58.7658805847168,64.59265,62.28,63.28,64.1,64.855515
2026-12-02 22:46:48,55.4,56.20309196242818,59.166666666666664,58.54119047619047,55.37742046855376,56.583810024291566,56.5441780090332,58.308353424072266,55.118614,54.6,55.8,55.62,57.961994
2026-12-02 22:46:52,60.0,65.30811841170245,70.33333333333333,69.50933333333333,59.60660613048298,118.39654722928259,56.3248176574707,58.09835433959961,60.046993,61.2,61.1,60.1,63.45098
2026-12-02 22:46:57,61.2,65.27344791795504,64.5,62.93627708333333,61.051631212780954,60.823296128656104,55.105079650878906,56.79764938354492,62.11943,60.22,61.2,61.94,62.488075
2026-12-02 22:47:02,63.1,69.07302068527513,70.33333333333333,63.88767708333333,63.33516348729346,62.26140428827958,55.76170349121094,57.07865524291992,64.62185,62.22,62.9,64.06,64.855515
2026-12-02 22:47:06,57.7,59.82693227887215,60.95,60.49519047619047,57.53531980161039,55.86007887247955,56.151268005371094,57.399436950683594,57.538612,56.6,57.8,57.7,59.72153
2026-12-02 22:47:11,58.5,61.88409184443738,60.95,59.77636226851852,58.783547086892085,60.026601753932795,56.10231018066406,57.51235580444336,60.4102,58.34,59.56,59.62,60.43473
2026-12-02 22:47:16,58.1,59.83860744705431,60.95,60.295759259259256,57.02851390026305,55.443699070117965,56.17296600341797,57.50258255004883,57.597675,56.7,58.2,57.6,59.72153
2026-12-02 22:47:21,57.2,58.662347194700246,58.275,58.33318078703704,57.33391265199196,58.57710642090732,55.53084945678711,57.110538482666016,57.504498,56.38,57.47,57.5,58.675194
2026-12-02 22:47:25,56.8,58.51785160720852,58.275,57.869153009259264,57.025613295736534,58.35954995458483,55.596439361572266,57.012298583984375,57.435646,56.44,57.56,57.4,58.675194
2026-12-02 22:47:30,58.7,59.8840051175887,60.95,60.4932037037037,57.07858108100878,56.19293946365773,55.66693878173828,57.0535774230957,57.543156,56.72,58.38,57.53,59.72153
2026-12-02 22:47:35,57.400000000000006,60.00727823718612,60.95,60.19675925925926,57.10837220021187,55.95561953541666,55.027687072753906,56.491416931152344,57.556034,56.7,58.25,57.6,59.72153
2026-12-02 22:47:39,59.2,62.0009822395598,60.95,59.76968078703704,59.02509026887246,60.67804024991949,54.76057052612305,56.24810791015625,60.439228,58.38,59.5,59.6,60.43473
2026-12-02 22:47:44,66.8,72.47830936888651,69.25,66.44306666666665,65.74097918608872,77.31730058880656,55.470054626464844,56.66769790649414,67.32344,64.5,64.9,66.25,67.552155
2026-12-02 22:47:49,65.19999999999999,68.87785919843864,70.33333333333333,63.74419576719576,63.66531031144694,61.91556741261262,55.63926696777344,56.82494354248047,64.62296,62.12,62.34,64.1,64.855515
2026-12-02 22:47:53,54.900000000000006,55.32140356265311,53.85,54.82407142857143,56.85305089493674,55.234843618599236,56.2200813293457,57.531402587890625,54.939823,54.38,54.84,55.34,57.182472
2026-12-02 22:47:58,59.0,63.662145482545895,64.5,64.12819999999999,59.22055378447243,72.86260878819932,56.66030502319336,58.112117767333984,59.832237,58.78,60.56,59.66,61.774876
2026-12-02 22:48:03,56.4,58.53498198637838,59.166666666666664,58.493431216931214,57.80730621223925,58.37970243158185,55.87153625488281,57.4718132019043,57.46368,56.34,57.28,57.56,58.675194
2026-12-02 22:48:08,65.2,67.43270185963951,64.5,63.09249603174602,62.650549069156824,65.26564145981253,56.0385856628418,57.64195251464844,63.734673,62.88,63.16,64.25,63.22046
2026-12-02 22:48:12,66.0,69.18803329278566,67.425,65.18181767310789,65.15121641455318,66.37284780433916,56.57353210449219,58.01520538330078,64.942535,65.7,64.56,66.8,63.96717
2026-12-02 22:48:17,53.3,52.32412870219017,52.983333333333334,53.2264819294132,54.1684981161794,53.03555463055635,57.79549789428711,59.26286697387695,53.39051,52.38,52.6,53.06,55.916004
2026-12-02 22:48:22,65.9,71.03225793339011,67.4,66.31192380952382,64.37425842762406,67.06684765912901,57.713932037353516,59.44172668457031,66.074265,64.8,65.8,66.8,65.5879
2026-12-02 22:48:26,62.400000000000006,65.32470789652487,64.5,62.72427777777778,61.20739376217989,60.48980573011219,57.70693588256836,59.3524055480957,62.221767,60.22,60.8,61.84,62.488075
2026-12-02 22:48:31,63.300000000000004,67.1276134230279,68.14999999999999,64.988,61.35111568660874,66.1706044033428,57.48256301879883,59.424129486083984,62.228443,60.8,61.6,61.88,64.14232
2026-12-02 22:48:36,56.699999999999996,59.978639180597405,60.95,60.49969047619047,57.373697896919246,55.77285326619507,56.914634704589844,58.73032760620117,57.607635,56.6,57.94,57.72,59.72153
2026-12-02 22:48:41,59.4,58.68288410112059,58.275,58.420894014550264,57.26668704299402,58.57710642090732,56.467369079589844,58.2214241027832,57.367577,56.38,57.5,57.5,58.675194
2026-12-02 22:48:45,68.6,78.43445080844963,73.625,73.71333333333332,67.81495466008153,121.50973399686852,56.586997985839844,58.111412048339844,70.2469,68.1,67.2,68.2,73.24314
2026-12-02 22:48:50,69.5,78.18424700298017,73.625,70.652,67.49178724267873,122.6108073819455,55.97787857055664,57.43014907836914,70.19312,66.9,65.44,68.0,73.24314
2026-12-02 22:48:55,63.4,68.81086897720778,68.14999999999999,64.09274375,63.94092000964849,62.45952831583942,56.033935546875,57.60344314575195,64.191284,62.0,62.12,64.25,64.855515
2026-12-02 22:48:59,73.9,81.58932677699187,73.625,69.90966666666668,70.20758196847424,81.41269281664106,57.11588668823242,58.55785369873047,73.93577,70.56,69.4,72.9,74.68873
2026-12-02 22:49:04,56.7,56.29947892979707,58.275,59.07222222222222,56.77903508673043,57.26761198151024,57.967079162597656,59.11977767944336,54.964348,54.6,55.25,55.75,57.961994
2026-12-02 22:49:09,58.599999999999994,60.05234362262601,60.95,60.45180158730158,56.61980120312989,55.9854717157358,57.630977630615234,59.68030548095703,57.672188,56.72,58.56,57.62,59.72153
2026-12-02 22:49:13,65.1,74.64868884098463,73.625,72.80083333333333,65.60240698948103,121.67963076547439,56.98389434814453,58.86708450317383,67.60423,65.9,65.4,66.1,69.87292
2026-12-02 22:49:18,69.2,76.27053340871629,73.625,67.93233333333332,67.16628528731174,71.28739237880228,55.97916030883789,57.85239791870117,69.65533,66.06,65.6,68.44,70.58611
2026-12-02 22:49:23,63.7,64.59617427761516,64.37923076923077,64.99564331583973,65.37378888001962,64.53900969882595,56.68278884887695,58.325172424316406,63.063988,64.1,62.34,64.7,60.909855
2026-12-02 22:49:28,57.4,58.74256615374375,58.275,58.333490740740736,56.80152838421555,58.14904626400014,58.95123291015625,60.25918197631836,57.58003,56.44,57.34,57.4,58.675194
2026-12-02 22:49:32,61.7,65.43535913801962,64.5,63.94177777777778,60.717863469192594,60.68991084690759,58.93560791015625,60.61800765991211,62.0905,60.38,61.7,61.84,62.488075
2026-12-02 22:49:37,55.0,53.07647832900888,53.474999999999994,54.795611111111114,53.39639396314753,53.63449488737416,58.1953125,60.05802917480469,53.39861,52.78,53.9,53.4,56.469273
2026-12-02 22:49:42,68.7,74.42113822016563,73.75,68.77066666666667,66.01665197509251,65.83070811842167,56.99241256713867,59.01862716674805,68.23415,66.8,67.56,69.1,68.28454
2026-12-02 22:49:46,63.5,65.48378419548341,64.5,62.900666666666666,61.50556463097035,60.59083319080285,56.92502975463867,58.455780029296875,62.16539,60.2,60.62,61.9,62.488075
2026-12-02 22:49:51,71.6,82.23816609906817,73.625,78.30299999999997,69.08874173958483,72.41948520037933,56.94437026977539,58.56464767456055,72.22594,69.6,68.1,69.94,76.93786
2026-12-02 22:49:56,58.300000000000004,58.428401814572105,58.275,58.999994708994706,60.29326068349115,58.60331020794479,56.33986282348633,57.8958740234375,57.548386,56.3,56.5,57.8,58.675194
2026-12-02 22:50:01,63.5,67.52166336830894,67.4,66.57033333333332,61.043673827425536,66.35136735201553,57.22684860229492,58.971717834472656,61.971573,61.2,62.16,61.94,64.14232
2026-12-02 22:50:05,52.400000000000006,53.05431107690255,53.474999999999994,55.137499999999996,53.95948829912936,52.85086653056346,56.9517822265625,58.431976318359375,53.21542,52.75,53.84,53.47,56.469273
2026-12-02 22:50:10,66.4,71.12088740064907,74.5,70.98466666666667,63.67651526848457,68.9683554280075,56.26581954956055,57.89487075805664,64.443375,63.94,64.4,64.2,66.83895
2026-12-02 22:50:15,60.5,61.912738744557046,60.95,60.22596296296296,60.01245653189348,60.642845920377404,55.04262924194336,56.555267333984375,60.53128,58.25,59.0,59.78,60.43473
2026-12-02 22:50:19,62.1,64.01424683755792,61.5,61.65541666666667,61.153278359392914,61.92417149277659,55.73091125488281,57.17011642456055,61.777164,60.94,61.0,61.9,61.167114
2026-12-02 22:50:24,64.8,70.95690831844912,74.5,68.97233333333332,63.55193334454978,69.04931182031757,56.62790298461914,57.774566650390625,65.10483,63.47,63.44,64.0,66.83895
2026-12-02 22:50:29,57.0,56.437223749011835,58.275,58.559555555555555,55.72918023123619,57.15844808303918,56.04144287109375,57.57918167114258,54.955944,54.6,55.75,55.72,57.961994
2026-12-02 22:50:34,65.3,70.80575509676767,68.14999999999999,65.691,64.30001019773948,66.89149497869415,55.78324890136719,57.444976806640625,66.1255,64.7,65.25,66.75,65.5879
2026-12-02 22:50:38,62.6,65.87121443865442,65.525,64.32231132390154,64.82721224588897,64.32998483180037,56.354984283447266,57.587249755859375,63.431732,63.72,62.38,64.44,61.913822
2026-12-02 22:50:43,58.2,58.59578630148943,58.275,58.308935185185184,57.19489377334935,58.23123698317632,57.71631622314453,58.88668441772461,57.65085,56.4,57.22,57.47,58.675194
2026-12-02 22:50:48,66.19999999999999,69.36909140530355,66.68181818181819,65.85512137681158,64.48378894563083,66.62131893231596,57.33005142211914,59.00309371948242,64.79012,65.8,65.25,66.9,63.96717
2026-12-02 22:50:52,60.3,61.91700241263638,60.95,59.59508449074074,59.292524214665704,60.499261572828544,58.113826751708984,59.6320686340332,60.6051,58.3,59.06,59.62,60.43473
2026-12-02 22:50:57,58.400000000000006,60.05900839592332,60.95,60.51927777777778,56.89270415588103,56.038745416525764,57.866092681884766,59.927730560302734,57.674023,56.7,58.22,57.62,59.72153
2026-12-02 22:51:02,55.900000000000006,55.383986137967845,55.614285714285714,55.39578303571429,55.9747269820315,55.307329929010805,57.245914459228516,59.2535514831543,55.11319,54.4,55.3,55.3,57.182472
2026-12-02 22:51:06,60.2,60.73470467920875,60.03333333333333,59.98127325974679,58.87202551340757,59.715175189358504,56.853416442871094,58.628944396972656,59.657513,58.97,59.3,59.7,59.407578
2026-12-02 22:51:11,59.2,60.68329881989325,60.03333333333333,59.90146523906377,59.56055086797937,59.90141087868429,56.88642883300781,58.35407638549805,59.72668,58.97,58.94,59.7,59.407578
2026-12-02 22:51:16,51.9,53.03606821621234,53.474999999999994,54.21366666666666,52.68212025475459,53.05949565529537,57.313106536865234,58.61405563354492,53.642925,52.78,54.06,53.22,56.469273
2026-12-02 22:51:21,50.6,49.548159793441066,49.525,50.82226738163014,51.18294533542773,50.93010787920497,56.44788360595703,58.05820083618164,51.91848,50.03,51.06,50.72,54.82974
2026-12-02 22:51:25,61.0,63.71224727152823,64.5,65.681,59.645797176051744,72.32923966609414,55.6330680847168,56.83517837524414,59.6199,59.03,61.2,59.72,61.774876
2026-12-02 22:51:30,57.400000000000006,59.916405710524685,60.95,60.34685714285714,57.13679390476866,55.76268524320438,54.14448165893555,55.51295852661133,57.59937,56.62,58.1,57.7,59.72153
2026-12-02 22:51:35,59.300000000000004,63.51301131965694,64.5,62.93644444444444,59.02019829273525,72.64127102720748,54.234371185302734,55.42195510864258,59.91482,58.66,60.16,59.7,61.774876
2026-12-02 22:51:39,58.3,57.444172750850214,57.36666666666667,57.15159153499007,58.65114305286208,57.744200829890026,54.09429931640625,54.96942901611328,57.903496,56.8,56.6,57.62,57.914856
2026-12-02 22:51:44,56.4,58.190427100194846,59.675000000000004,63.166777777777774,55.105568275713004,61.54885389888264,55.144466400146484,55.71148681640625,55.39498,56.16,57.53,56.0,59.030197
2026-12-02 22:51:49,58.7,60.705937032446485,60.03333333333333,60.43960507792861,60.0986917028716,60.11365319306774,54.12355422973633,55.0125846862793,59.764725,58.9,59.12,59.88,59.407578
2026-12-02 22:51:54,59.8,63.59898877651564,64.5,64.24277777777777,59.15709183051463,72.86260878819932,54.909454345703125,55.60506820678711,59.964523,58.72,60.25,59.7,61.774876
2026-12-02 22:51:58,64.80000000000001,69.04836421920187,67.425,65.46104166666666,64.59798969589066,66.65727320801045,54.31253433227539,55.25520324707031,64.69443,65.7,64.9,66.94,63.96717
2026-12-02 22:52:03,52.699999999999996,50.72333910929748,53.474999999999994,56.442166666666665,50.98569660289581,50.39931236295878,55.6901969909668,56.41318893432617,52.034355,52.0,52.78,51.88,55.777935
2026-12-02 22:52:08,65.9,67.58912766103863,64.5,64.024,61.94190501479235,65.86232627685439,54.848358154296875,56.163822174072266,63.55657,62.94,63.84,64.44,63.22046
2026-12-02 22:52:12,59.1,60.54823131650968,58.15,60.127753724053726,60.525270751686314,59.84960785638865,55.281700134277344,56.388031005859375,59.953648,58.9,58.66,59.88,59.407578
2026-12-02 22:52:17,61.0,61.992545652178485,60.95,59.98690740740741,58.670813937451015,60.55765507843,56.08610153198242,57.25034713745117,60.367264,58.4,59.66,59.62,60.43473
2026-12-02 22:52:22,56.8,58.61069404344824,58.275,58.29779232804233,57.07640769559007,58.18089377801155,56.001834869384766,57.32412338256836,57.5866,56.4,57.44,57.56,58.675194
2026-12-02 22:52:26,65.2,70.95582003007576,73.3,69.37366666666667,63.56396441241344,68.96054269728042,55.94782638549805,57.3134880065918,64.96581,63.7,63.88,64.06,66.83895
2026-12-02 22:52:31,65.1,68.91298929719437,70.33333333333333,64.16170089285714,63.412547830107805,62.1996956121192,55.0159912109375,56.55836486816406,64.46351,62.1,62.47,64.2,64.855515
2026-12-02 22:52:36,54.4,56.49874506840614,58.275,58.65772222222222,55.32275119071895,57.11562478723279,56.06512451171875,57.47176742553711,55.09718,54.6,55.75,55.6,57.961994
2026-12-02 22:52:41,61.0,65.61466126482712,64.5,63.28930158730159,60.846077373912316,61.116549146715755,55.9185676574707,57.469661712646484,62.00565,60.34,61.7,61.78,62.488075
2026-12-02 22:52:45,53.5,53.1350098719883,53.474999999999994,54.673319444444445,53.47011396629215,53.6177309440252,56.23663330078125,57.50272750854492,53.375103,52.75,53.84,53.38,56.469273
2026-12-02 22:52:50,53.7,55.45132015011597,54.7,55.3741814484127,54.9588592272895,55.42644008794778,55.4354362487793,56.92598342895508,55.11874,54.44,55.7,55.2,57.182472
2026-12-02 22:52:55,62.9,65.69893474087479,64.5,63.06173333333333,60.89782608457733,60.799977546625904,55.4990119934082,56.770328521728516,61.97904,60.4,61.84,61.78,62.488075
2026-12-02 22:52:59,65.2,69.21329621723716,66.68181818181819,64.80021661490683,65.12738998623904,66.44682007360797,55.24351501464844,56.497440338134766,64.91415,65.7,64.6,66.9,63.96717
2026-12-02 22:53:04,59.0,58.483492640288986,59.166666666666664,58.20956226851852,57.764076403459256,58.23047529551226,56.48782730102539,57.633541107177734,57.798027,56.38,56.97,57.53,58.675194
2026-12-02 22:53:09,65.3,67.42127008409042,64.5,63.22249999999999,62.59888643680246,65.47598781796148,56.68394470214844,58.1293830871582,63.858482,62.88,63.16,64.25,63.22046
2026-12-02 22:53:14,63.900000000000006,68.85241749283911,70.33333333333333,64.05511041666666,63.451022789721044,61.88314104410777,57.03612518310547,58.494483947753906,64.6723,62.22,62.72,64.06,64.855515
2026-12-02 22:53:18,59.5,60.69622093558831,60.03333333333333,59.9293242698478,61.298605838405116,59.78183119945589,57.11701583862305,58.73834228515625,60.010746,58.88,58.47,59.88,59.407578
2026-12-02 22:53:23,61.8,64.08967018236179,61.5,61.78160555555555,61.02382141168092,62.129885725402836,57.561134338378906,59.16829299926758,61.91524,60.97,61.06,61.84,61.167114
2026-12-02 22:53:28,56.2,56.70802950580217,58.275,58.501333333333335,55.02601602344009,57.195406728018526,57.99943923950195,59.60322189331055,55.2001,54.62,56.03,55.47,57.961994
2026-12-02 22:53:32,63.2,67.44649840288707,64.5,63.5385,62.48250478727478,65.86909635941234,57.07135009765625,59.03129577636719,63.700764,62.88,63.28,64.3,63.22046
2026-12-02 22:53:37,65.6,70.58612290240806,70.33333333333333,64.76691111111111,64.81160841109984,66.47661397364139,57.44914627075195,59.127838134765625,66.47855,64.56,64.3,66.6,65.5879
2026-12-02 22:53:42,62.0,62.772251444317355,63.8,62.44397122667781,63.56806072065181,62.036147199678155,58.13223648071289,59.78722381591797,61.62019,61.66,60.2,62.2,60.154285
2026-12-02 22:53:46,60.3,62.01475272683358,60.95,59.45266782407408,58.962041509351266,60.59384508227149,59.38473129272461,60.79638671875,60.363716,58.38,59.44,59.53,60.43473
2026-12-02 22:53:51,52.0,50.60459766908778,53.474999999999994,56.0975,50.51517521822825,50.31637547077175,58.718780517578125,60.466552734375,52.062836,51.94,53.03,51.8,55.777935
2026-12-02 22:53:56,52.1,52.245110609165025,52.983333333333334,53.37768454415956,52.90111646647352,87.67483724147313,56.79690933227539,59.04111099243164,53.4959,52.34,53.47,53.03,55.916004
2026-12-02 22:54:01,52.3,51.0936281241694,53.474999999999994,55.80359999999999,50.177503808147364,50.862388452455285,56.07677459716797,57.667152404785156,52.355476,51.97,53.6,51.66,55.777935
2026-12-02 22:54:05,55.7,56.500310553305695,58.275,59.029333333333334,54.136736832202786,57.0041595294292,54.45526123046875,55.993717193603516,55.165028,54.7,56.78,55.5,57.961994
2026-12-02 22:54:10,59.2,63.650268625449336,64.5,64.05383333333333,59.01248061112912,72.8426059605624,53.824501037597656,54.93320083618164,59.89921,58.72,60.38,59.72,61.774876
2026-12-02 22:54:15,58.6,58.70373965346687,58.275,58.47333845899471,57.752533320775385,58.67361598899687,53.6330451965332,54.42860794067383,57.621075,56.34,57.28,57.56,58.675194
2026-12-02 22:54:19,60.9,65.42245636700456,64.5,62.945055555555555,61.04702800448008,60.726486134141794,54.541324615478516,55.10981369018555,61.972855,60.38,61.53,61.75,62.488075
2026-12-02 22:54:24,64.2,64.99048464001444,64.37923076923077,64.57732885841011,64.7274367894438,64.32785944875278,54.75101089477539,55.24502944946289,63.246685,64.2,62.88,64.5,60.909855
2026-12-02 22:54:29,55.4,55.38349725897318,55.614285714285714,55.39498422619048,55.432594395169716,54.806831436697514,56.326202392578125,56.66252136230469,55.178074,54.44,55.1,55.2,57.182472
2026-12-02 22:54:34,57.9,58.82734408948606,58.275,58.240962268518516,56.28524299546117,58.25415805556612,55.74979782104492,56.61560821533203,57.26404,56.47,57.8,57.44,58.675194
2026-12-02 22:54:38,61.6,63.890757125004974,61.349999999999994,61.769838888888884,60.90296429763939,62.0252402285717,55.168678283691406,56.280086517333984,61.85601,60.97,61.22,61.9,61.167114
2026-12-02 22:54:43,63.8,65.99468633205251,65.525,63.93803719468548,63.65582535526269,64.18162658042316,55.657989501953125,56.93803787231445,63.672558,63.8,62.78,64.4,61.913822
2026-12-02 22:54:48,60.099999999999994,63.58068414982181,64.5,62.95144444444444,59.47451497376359,72.90551500648952,56.75152587890625,58.14263153076172,59.67052,58.66,59.8,59.62,61.774876
2026-12-02 22:54:52,55.5,56.40673582018973,58.275,58.34492592592593,54.84370732907186,57.03012841782879,56.601139068603516,58.407222747802734,55.15848,54.62,56.06,55.6,57.961994
2026-12-02 22:54:57,60.8,63.48822676183583,64.5,63.95387777777778,59.04273284967916,72.65009297465708,56.259464263916016,58.12316131591797,59.871307,58.72,60.38,59.7,61.774876
2026-12-02 22:55:02,56.3,58.65886078396844,58.275,58.43708449074074,57.727017248104914,58.57710642090732,55.86199951171875,57.45948028564453,57.61523,56.34,57.28,57.56,58.675194
2026-12-02 22:55:06,51.6,49.555132098487164,51.96666666666667,50.92250995887766,51.51626163803088,50.87036177659981,56.119232177734375,57.544158935546875,51.88077,50.06,50.8,50.78,54.82974
2026-12-02 22:55:11,64.5,67.41495367959656,64.5,64.70490000000001,62.48464412914076,65.4422787328556,55.861915588378906,56.96723937988281,63.605156,63.0,64.06,64.4,63.22046
2026-12-02 22:55:16,66.5,72.6740569848796,73.3,66.48666666666665,65.50361577638064,77.90391796850568,55.41122055053711,56.53513717651367,67.167564,64.25,64.44,66.25,67.552155
2026-12-02 22:55:21,68.3,69.12091155878844,66.68181818181819,65.21775100644122,65.93273137335547,66.63879917072312,55.62421417236328,57.00559997558594,64.73573,65.6,64.1,66.94,63.96717
2026-12-02 22:55:25,54.5,54.31091888432678,58.275,60.300888888888885,53.075880689676794,54.050861921158855,57.46781921386719,58.708614349365234,53.48828,53.84,54.84,54.0,57.270657
2026-12-02 22:55:30,53.7,53.30278209289209,53.474999999999994,55.221333333333334,52.311862591480335,53.7887619618838,56.37074279785156,58.090003967285156,53.47066,52.75,54.44,53.38,56.469273
2026-12-02 22:55:35,58.6,62.13592848548026,59.675000000000004,60.17729629629629,58.38069710792973,60.887080414608505,55.20002365112305,56.766841888427734,60.214115,58.4,60.06,59.66,60.43473
2026-12-02 22:55:39,71.6,81.63922811705757,73.625,71.60006666666666,69.91259222166751,82.71335261632862,55.104366302490234,56.348541259765625,73.57989,71.0,70.2,73.06,74.68873
2026-12-02 22:55:44,61.5,65.28338691524363,64.5,62.84833333333333,62.22021067776934,60.57686743367188,55.8004264831543,56.89861297607422,61.88633,60.12,60.25,62.0,62.488075
2026-12-02 22:55:49,59.400000000000006,59.64786935478836,60.766666666666666,59.9544085630208,60.71875671082466,59.96244659320004,56.673744201660156,58.08655548095703,60.03228,59.5,58.25,59.94,58.661564
2026-12-02 22:55:54,58.9,62.046287098561,59.675000000000004,59.9381574074074,58.694289206241194,60.48670186370422,57.90585708618164,59.024818420410156,60.190334,58.4,59.72,59.56,60.43473
2026-12-02 22:55:58,55.800000000000004,59.88105472531403,60.95,60.79302380952381,56.718810498048484,55.443699070117965,57.59733581542969,59.20965576171875,57.668945,56.66,58.2,57.66,59.72153
2026-12-02 22:56:03,56.5,55.40264641044489,55.15714285714286,55.53357959656085,55.8873341687933,55.49137943048019,56.446475982666016,58.385990142822266,55.069252,54.38,55.3,55.34,57.182472
2026-12-02 22:56:08,60.1,65.41445640701029,68.14999999999999,69.87458333333332,59.89212464591984,118.84090097279952,56.19293975830078,57.751068115234375,59.9758,61.3,61.28,60.12,63.45098
2026-12-02 22:56:12,66.2,70.64414549169322,68.14999999999999,64.84913333333334,64.59869133329596,66.70414941141576,54.328216552734375,56.01076126098633,66.14204,64.5,64.5,66.8,65.5879
2026-12-02 22:56:17,63.900000000000006,65.93204174621995,65.525,64.22227772601795,64.8006967562892,64.30103107863582,55.91448211669922,57.105438232421875,63.491215,63.72,62.34,64.44,61.913822
2026-12-02 22:56:22,63.4,67.5285716267471,64.5,62.446466666666666,62.90770579659393,65.54923973849915,57.70699691772461,58.814674377441406,64.0225,62.8,62.66,64.25,63.22046
2026-12-02 22:56:26,69.0,74.27678250674926,73.3,66.57644444444443,66.63544395399305,65.64075904679169,58.40837478637695,59.67948913574219,68.58106,66.44,66.1,68.9,68.28454
2026-12-02 22:56:31,67.1,74.17908431933326,69.25,65.38263333333333,66.93896520777972,65.4674464653298,58.53288650512695,59.984336853027344,69.01542,66.2,65.56,68.9,68.28454
2026-12-02 22:56:36,65.9,64.64702329417834,64.37923076923077,64.52376860793312,65.255801149075,64.4425001307364,58.87068176269531,60.59239196777344,63.27571,64.1,62.3,64.56,60.909855
2026-12-02 22:56:41,54.9,55.523576907309355,55.614285714285714,55.231709226190475,55.44596916122881,55.16086676397462,60.144508361816406,61.859230041503906,55.176777,54.44,55.06,55.2,57.182472
2026-12-02 22:56:45,59.3,62.04505374689556,59.675000000000004,59.75398677248677,58.53819017956779,60.5655577235537,59.89652633666992,61.87309646606445,60.222412,58.4,59.9,59.6,60.43473
2026-12-02 22:56:50,60.7,66.95718138089278,68.14999999999999,66.19999999999999,61.26608708613664,65.94030452525179,58.8176383972168,61.011817932128906,62.185234,60.97,61.78,61.88,64.14232
2026-12-02 22:56:55,56.0,59.8454082483948,60.95,60.28512380952381,57.34532022048393,55.76268524320438,57.49500274658203,59.845947265625,57.591133,56.6,57.88,57.75,59.72153
2026-12-02 22:56:59,63.599999999999994,69.07028069767772,70.33333333333333,65.05435714285714,63.15392107070581,62.41887538553065,57.468421936035156,59.32401657104492,64.57421,62.25,63.2,64.1,64.855515
2026-12-02 22:57:04,70.1,74.19987603737195,72.225,69.65604974747475,68.90303985210093,71.02683103171309,57.47530746459961,58.87044906616211,68.93759,69.94,68.8,71.6,67.09018
2026-12-02 22:57:09,56.7,59.871890957783336,60.95,60.529777777777774,57.65548212110081,55.870192723664964,59.21146774291992,60.26145553588867,57.438747,56.6,57.5,57.7,59.72153
2026-12-02 22:57:14,59.400000000000006,63.51449887217088,64.5,63.05583333333333,58.913246370463526,72.68643337757379,58.530799865722656,60.25712203979492,59.869564,58.66,60.16,59.75,61.774876
2026-12-02 23:06:55,56.4,54.84824707272699,53.55,55.340761876914506,56.60481375046253,55.49197321951339,57.3016242980957,59.179786682128906,55.17316,54.66,54.28,55.44,56.648388
2026-12-02 23:07:00,55.400000000000006,54.91420589371838,55.583333333333336,55.265839680342445,55.351207119518165,55.420542433037866,57.15289306640625,58.67290115356445,55.080437,54.72,54.78,55.2,56.648388
2026-12-02 23:07:04,62.8,61.97275042716785,61.763636363636365,61.741340705526234,61.77741740974443,62.13558230975408,56.30807876586914,57.742408752441406,61.39594,62.1,61.34,62.06,59.417133
2026-12-02 23:07:09,62.4,64.12934374156356,61.349999999999994,61.47705555555555,60.79424007447578,62.08279083693531,56.87596893310547,58.07923126220703,61.956352,61.0,61.0,61.8,61.167114
2026-12-02 23:07:14,70.69999999999999,74.28372854566807,72.225,70.37999612428635,68.68580456214764,71.17111905579047,57.04896545410156,58.634986877441406,69.01336,70.0,69.25,71.56,67.09018
2026-12-02 23:07:18,54.8,56.39136843411189,58.275,58.406,55.448869923916114,57.0169694371298,58.674949645996094,59.977237701416016,55.287464,54.62,55.47,55.6,57.961994
2026-12-02 23:07:23,62.7,62.77170256449924,63.8,62.82186379310345,61.6829576932683,62.297638829533334,58.10942840576172,59.98746109008789,61.414757,61.75,61.1,62.2,60.154285
2026-12-02 23:07:28,60.9,61.95478109976656,61.763636363636365,61.76100284732792,62.305499072888466,61.935922419157656,58.59022903442383,59.88558578491211,61.613117,62.03,60.72,62.12,59.417133
2026-12-02 23:07:33,61.3,60.73212881308278,61.03333333333333,60.14881063348416,58.969125690100846,59.85972170757407,58.711036682128906,59.91434097290039,59.767563,58.97,58.94,59.7,59.407578
2026-12-02 23:07:37,54.2,55.43694493576192,56.849999999999994,55.55023356481482,55.29249590459004,55.2168015514343,58.70724868774414,60.21061706542969,55.13773,54.4,55.25,55.25,57.182472
2026-12-02 23:07:42,57.6,57.73703808684611,57.53333333333334,57.58798003320246,57.58612490720783,57.498392688386225,58.00719451904297,59.647789001464844,57.489563,56.88,56.97,57.47,57.914856
2026-12-02 23:07:47,53.8,56.50867673187062,58.275,58.24359259259259,54.84110298159703,57.22545402088446,57.59385299682617,59.07345199584961,55.28422,54.66,56.34,55.4,57.961994
2026-12-02 23:07:51,64.6,64.01048665661448,63.4,65.21258612091677,64.63219924640664,64.69132028180447,56.5450325012207,58.23795700073242,63.12863,64.25,63.72,64.5,60.180862
2026-12-02 23:07:56,62.5,61.62242319912775,61.724242424242426,62.092439878509836,62.162208279448045,61.66015735218541,57.803977966308594,58.588401794433594,61.65233,61.94,60.8,62.06,58.9144
2026-12-02 23:08:01,55.6,57.74413874619305,58.833333333333336,57.329282418240155,57.10950111025683,57.6254468679329,58.891685485839844,59.415283203125,57.42783,56.9,56.8,57.38,57.914856
2026-12-02 23:08:06,55.5,57.665309054508725,56.766666666666666,57.25101041023274,57.60918082279572,57.372829281975164,58.2745246887207,59.44553756713867,57.544487,56.9,56.9,57.5,57.914856
2026-12-02 23:08:10,55.900000000000006,57.91890218897207,59.675000000000004,63.30777777777777,55.12055259810674,61.202336887604076,57.8336181640625,59.21226501464844,55.350346,56.12,57.47,56.03,59.030197
2026-12-02 23:08:15,59.099999999999994,57.57488015557111,57.53333333333334,57.76128746498599,58.303710814301375,57.83261920428706,55.7010612487793,57.67092514038086,57.738064,56.8,56.8,57.66,57.914856
2026-12-02 23:08:20,76.6,79.28444617032923,75.775,74.99566666666666,72.17572613333344,75.30251697690838,55.8820686340332,57.18526840209961,72.391174,74.8,75.06,76.06,70.550545
2026-12-02 23:08:24,51.099999999999994,53.04197926022402,53.474999999999994,54.836333333333336,54.14656812321439,53.07961174907571,57.866790771484375,58.60594940185547,53.09869,52.78,53.25,53.5,56.469273
2026-12-02 23:08:29,60.7,64.08249476677986,60.699999999999996,62.39728888888889,60.09063373447283,62.33490710764986,57.41716384887695,58.98908615112305,61.565002,61.0,61.7,62.06,61.167114
2026-12-02 23:08:34,55.2,55.3958498949243,56.849999999999994,55.87061269841271,55.64772559711219,55.16356057717471,57.37948989868164,58.67448425292969,55.008144,54.38,55.16,55.38,57.182472
2026-12-02 23:08:39,55.5,56.5088088835935,59.166666666666664,58.84769047619047,54.18530539711806,56.204003519217046,57.04233932495117,58.4376106262207,55.0783,54.66,56.62,55.53,57.961994
2026-12-02 23:08:43,57.5,56.99550136163413,57.550000000000004,57.46196993133954,57.9587438464706,57.55764212615136,55.48216247558594,57.040225982666016,58.234825,57.28,56.44,57.72,57.395096
2026-12-02 23:08:48,54.6,55.42662376302719,56.45,55.63273475529101,54.56307602899455,55.083469277576704,55.6103515625,56.57515335083008,55.144417,54.44,55.53,55.12,57.182472
2026-12-02 23:08:53,53.4,52.367197013552506,54.3,53.393331580687835,52.94624118186132,53.20041498023343,55.128387451171875,56.250675201416016,53.519913,52.34,53.2,53.0,55.916004
2026-12-02 23:08:57,60.5,62.08703994190863,59.675000000000004,59.2137201058201,58.48606986395191,60.559302335017094,54.60589599609375,55.685096740722656,60.173782,58.44,60.1,59.6,60.43473
2026-12-02 23:09:02,61.1,60.799647105840975,60.03333333333333,59.94328538095891,60.032102793647226,59.78183119945589,54.694156646728516,55.63090133666992,59.88741,58.9,58.75,59.78,59.407578
2026-12-02 23:09:07,55.599999999999994,57.53020297326617,56.349999999999994,57.292124906172916,57.968634968386546,57.172430664104034,55.293907165527344,56.14671325683594,57.517124,56.84,56.6,57.47,57.914856
2026-12-02 23:09:11,51.400000000000006,50.07547763403387,50.55,51.97316666666665,50.74446234915748,51.02697617173428,55.314998626708984,56.001041412353516,52.031876,50.84,51.88,50.97,55.202805
2026-12-02 23:09:16,55.099999999999994,58.06017530661665,58.55,62.52458333333333,55.086571044177624,60.9915572672541,54.53269958496094,55.50529479980469,55.223885,56.28,57.8,56.0,59.030197
2026-12-02 23:09:21,56.900000000000006,56.51506359139851,58.275,58.46330952380952,54.631479284608524,57.181350362824865,53.13669204711914,54.22802734375,55.03334,54.6,56.25,55.56,57.961994
2026-12-02 23:09:26,58.8,61.971635079908545,60.95,59.24619560185185,58.62878911718628,60.2258383578874,53.31077575683594,54.14067459106445,60.423054,58.34,59.66,59.6,60.43473
2026-12-02 23:09:30,58.0,58.680640067316446,58.275,57.574101157407405,57.396810666262716,58.35271801446433,54.08296585083008,54.605628967285156,57.519726,56.34,57.25,57.5,58.675194
2026-12-02 23:09:35,53.2,54.44054362503831,58.275,59.60014814814815,52.912725443085925,54.004451800612905,54.35476303100586,54.96874237060547,53.606113,53.88,55.22,53.88,57.270657
2026-12-02 23:09:40,51.599999999999994,54.335776194626675,59.166666666666664,59.273330687830686,52.6369764317505,53.49590245209,53.573455810546875,54.408409118652344,53.579014,53.88,55.4,53.9,57.270657
2026-12-02 23:09:44,67.4,69.16628428987978,66.68181818181819,65.5640630952381,64.54827974909406,67.05589605998546,52.96466827392578,53.793880462646484,64.97026,65.8,65.3,66.94,63.96717
2026-12-02 23:09:49,60.8,65.39670427359303,64.5,62.13178819444444,61.30571133780224,60.67977015977815,54.66510772705078,54.92008972167969,62.052277,60.28,60.78,61.78,62.488075
2026-12-02 23:09:54,54.6,54.60941630889433,55.583333333333336,55.177585451001235,56.53398711971103,55.19929896100922,54.85254669189453,55.53455352783203,55.174942,54.66,54.16,55.4,56.648388
2026-12-02 23:09:59,54.0,54.813198063753674,54.2,55.23880368592515,55.36044108695633,55.29340259003273,55.26052474975586,56.038448333740234,55.0738,54.72,54.75,55.16,56.648388
2026-12-02 23:10:03,51.9,52.46281216547372,53.46666666666667,53.4511308802309,52.83839698409986,53.22180443223364,55.19691467285156,56.149417877197266,53.515854,52.34,53.3,52.94,55.916004
2026-12-02 23:10:08,60.3,60.81864811287189,60.03333333333333,59.98544991087344,58.54939849465286,59.86916012560883,54.69487762451172,55.88096618652344,59.571667,59.0,59.44,59.7,59.407578
2026-12-02 23:10:13,57.5,58.61693027100115,58.275,57.67247337962963,57.044845849864885,58.39105325777045,54.806270599365234,55.95347213745117,57.392757,56.4,57.34,57.4,58.675194
2026-12-02 23:10:17,62.5,64.09227762959028,61.5,61.661559259259256,61.06278510911939,62.113658602968734,54.79230499267578,55.99506759643555,61.997807,60.97,61.0,61.84,61.167114
2026-12-02 23:10:22,53.400000000000006,52.993654237742994,53.474999999999994,53.91611111111111,52.898734636644576,53.71373437909489,55.42210006713867,56.49087142944336,53.40865,52.75,53.8,53.28,56.469273
2026-12-02 23:10:27,59.0,60.61548731214171,58.599999999999994,59.75492213309566,58.87100866559478,59.81014501040126,55.27550506591797,56.559349060058594,59.640587,58.97,59.3,59.72,59.407578
2026-12-02 23:10:31,53.800000000000004,53.07497400793797,53.474999999999994,54.073652777777774,52.59076412643171,53.87486642993328,55.95173263549805,56.90092468261719,53.50189,52.78,54.0,53.25,56.469273
2026-12-02 23:10:36,64.2,69.12477861411733,67.4,65.21073333333334,62.97061647649714,62.184688541896065,54.94227600097656,56.13990783691406,64.335396,62.38,63.75,64.2,64.855515
2026-12-02 23:10:41,57.7,58.772598420547205,58.275,57.957907407407404,58.11057888499478,58.25415805556612,54.78446578979492,55.767669677734375,57.65375,56.3,56.9,57.62,58.675194
2026-12-02 23:10:46,57.6,57.10565049970416,56.050000000000004,57.15365057771502,57.91710958226185,57.60958205057397,55.14427947998047,56.29391098022461,58.11755,57.28,56.25,57.62,57.395096
2026-12-02 23:10:50,58.7,60.00785146992878,58.666666666666664,59.60660029522651,59.18361824252519,59.610068145164476,55.95496368408203,56.76600646972656,59.731625,59.6,58.8,59.72,58.661564
2026-12-02 23:10:55,55.8,56.72365586798645,58.275,58.27227777777778,54.83524685041522,57.195406728018526,56.472877502441406,57.435813903808594,55.208748,54.66,56.28,55.4,57.961994
2026-12-02 23:11:00,56.699999999999996,55.45060716646508,56.45,55.492612929894186,55.30592774194413,55.558935245405166,55.388587951660156,56.94268035888672,55.071007,54.38,55.4,55.28,57.182472
2026-12-02 23:11:04,52.9,54.378664914136685,59.166666666666664,59.4895,52.707018850882164,53.565705861353344,55.106624603271484,56.478965759277344,53.7199,53.9,55.47,53.88,57.270657
2026-12-02 23:11:09,51.0,49.68562735113905,50.489999999999995,51.09069322619532,51.53803739162612,50.99784271908071,53.723079681396484,55.11895751953125,51.74325,50.03,50.97,50.88,54.82974
2026-12-02 23:11:14,65.1,72.85205959276917,73.75,68.83766666666665,65.45588528654848,75.02495749739518,53.917415618896484,54.72944259643555,66.380516,65.2,66.2,66.7,67.552155
2026-12-02 23:11:19,58.0,58.42810791737523,58.275,58.007208994708996,58.61725258477274,58.29935802471817,53.56362533569336,54.32795715332031,57.584465,56.28,56.75,57.7,58.675194
2026-12-02 23:11:23,56.1,56.66967479687679,58.275,58.73105555555556,54.567269462371485,57.248980793587016,54.59803009033203,55.444725036621094,54.961407,54.62,56.28,55.5,57.961994
2026-12-02 23:11:28,59.5,62.13828402444932,60.95,59.81074074074074,58.35495194798227,60.82235453491099,54.38731384277344,55.091087341308594,60.28634,58.34,59.7,59.62,60.43473
2026-12-02 23:11:33,52.2,53.100051976060755,53.474999999999994,54.394000000000005,52.8099927016343,53.70032123865521,54.48576736450195,55.10068130493164,53.315125,52.72,53.9,53.34,56.469273
2026-12-02 23:11:37,52.400000000000006,50.02897832506237,50.55,52.03211111111109,50.47123039647424,51.112878463110384,53.96963119506836,54.76805877685547,51.947845,50.8,52.03,51.0,55.202805
2026-12-02 23:11:42,49.7,51.06134457813299,53.474999999999994,55.24191666666666,50.228887768544624,50.85427618177876,53.292449951171875,53.92177200317383,52.177906,51.94,53.53,51.62,55.777935
2026-12-02 23:11:47,58.8,58.70886178636694,58.275,58.25762152777778,56.40685702715269,58.52336612884407,52.36503219604492,52.975677490234375,57.08401,56.4,57.9,57.47,58.675194
2026-12-02 23:11:51,54.4,55.57487120909842,54.7,54.87942311507936,55.39371885588367,55.29667223328876,52.80976486206055,53.085914611816406,55.084873,54.38,55.25,55.22,57.182472
2026-12-02 23:11:56,56.3,58.76331668084982,58.275,57.62125486111111,56.60773511367129,58.35271801446433,53.400535583496094,53.649959564208984,57.235893,56.4,57.66,57.4,58.675194
2026-12-02 23:12:01,75.9,85.46994626428017,73.625,72.48800000000001,71.71274030914714,85.98033317826525,53.56159973144531,53.976104736328125,77.275635,73.25,71.94,75.0,78.38344
2026-12-02 23:12:06,49.2,47.39586406690814,50.55,54.323611111111106,51.357989188257356,52.308280227423225,54.344970703125,54.633140563964844,49.713703,50.12,50.0,49.94,54.51147
2026-12-02 23:12:10,53.3,53.38773507041623,53.474999999999994,55.17833333333333,51.69295590286148,53.71112919260695,53.93902587890625,55.05846405029297,53.47894,52.75,54.78,53.3,56.469273
2026-12-02 23:12:15,56.3,55.580842599408726,56.45,55.94391666666667,54.60410844161773,55.27631400755602,53.67679977416992,54.38022232055664,55.041164,54.38,55.7,55.3,57.182472
2026-12-02 23:12:20,53.2,52.510925884536334,52.983333333333334,53.06610830558331,52.85851615816671,53.04707790788612,53.611515045166016,54.087276458740234,53.45423,52.3,53.25,53.03,55.916004
2026-12-02 23:12:24,57.3,57.95401407073052,57.53333333333334,57.83261066515112,56.55013755761206,57.50173893409175,53.47674560546875,53.91896057128906,57.249077,56.88,57.22,57.47,57.914856
2026-12-02 23:12:29,57.0,60.00601393144507,59.675000000000004,60.17055555555555,57.1979339558601,56.04482259924031,53.782142639160156,54.17768478393555,57.071293,56.75,58.38,57.53,59.72153
2026-12-02 23:12:34,51.4,53.00371818285047,53.474999999999994,53.86222222222223,52.825323479200996,53.63967845141487,53.54172134399414,54.262664794921875,53.324738,52.72,53.97,53.34,56.469273
2026-12-02 23:12:39,63.2,69.28085609467699,70.33333333333333,64.98285714285714,63.077714563861925,62.462772089310235,53.47224044799805,54.156009674072266,64.33229,62.34,63.7,64.2,64.855515
2026-12-02 23:12:43,59.9,61.874326386875694,60.95,59.169862268518514,59.79139075738892,60.464458980388656,53.713592529296875,54.22816467285156,60.64545,58.25,58.88,59.7,60.43473
2026-12-02 23:12:48,64.9,67.28020558846912,64.5,62.75547777777777,62.83145468772448,65.5743704525421,54.480979919433594,55.113338470458984,63.96811,62.8,62.72,64.25,63.22046
2026-12-02 23:12:53,58.300000000000004,58.65823638332155,58.275,57.74879560185185,57.80385672699674,58.345153713299965,55.303314208984375,55.684078216552734,57.54861,56.3,56.94,57.5,58.675194
2026-12-02 23:12:57,52.7,52.38670479714795,52.38,52.77434560185186,53.256946337605626,53.099154846378774,55.56870651245117,56.52424621582031,53.39468,52.34,52.97,53.0,55.916004
2026-12-02 23:13:02,69.6,78.07224904295272,73.625,71.11866666666667,68.27479792136434,70.56140416842632,55.50199890136719,56.64344787597656,71.31911,69.3,69.25,71.25,71.3185
2026-12-02 23:13:07,51.0,50.80274494548647,53.474999999999994,56.08716666666666,51.75606780784315,50.680848329600465,55.605194091796875,56.877655029296875,51.497757,51.94,52.28,52.03,55.777935
2026-12-02 23:13:11,67.4,76.40833168151704,73.625,72.00466666666667,66.61215460945,68.53955661423369,54.902652740478516,56.88050842285156,68.98087,67.3,67.56,68.75,70.58611
2026-12-02 23:13:16,62.2,61.93080764106652,61.763636363636365,62.06265974587353,63.10491281790945,62.42151463598388,55.005794525146484,56.39303207397461,61.70473,61.94,59.94,62.4,59.417133
2026-12-02 23:13:21,58.2,57.94574095413071,57.53333333333334,58.0236182887775,57.041526759871736,57.53382992939555,57.13472366333008,58.16560363769531,57.369404,56.84,56.75,57.5,57.914856
2026-12-02 23:13:26,59.6,60.80288679410981,60.03333333333333,60.61427103174603,58.44828706305182,59.83078584269769,57.475914001464844,58.69816970825195,59.641705,58.94,59.2,59.78,59.407578
2026-12-02 23:13:30,49.099999999999994,47.01836648583418,47.65,48.851511111111115,49.24776181318376,48.91325379311238,57.210357666015625,58.56974411010742,50.2974,48.75,49.7,48.9,54.11654
2026-12-02 23:13:35,52.7,53.3023840756714,53.474999999999994,54.44133333333333,51.77867555247248,53.053026016407784,55.63972091674805,57.25228500366211,53.64577,52.78,54.88,53.25,56.469273
2026-12-02 23:13:40,55.199999999999996,55.555036336365106,54.7,55.255798115079365,54.820625911035904,55.558935245405166,54.16584396362305,55.52296447753906,55.102055,54.4,55.56,55.22,57.182472
2026-12-02 23:13:44,55.6,56.460313260084746,59.166666666666664,58.075,54.65555886087121,56.583810024291566,54.038700103759766,54.95011901855469,55.141186,54.66,56.44,55.4,57.961994
2026-12-02 23:13:49,52.0,52.383357835017065,52.983333333333334,53.17856240079366,53.19994303981591,53.016126788586,53.633243560791016,54.501930236816406,53.384678,52.3,53.06,53.03,55.916004
2026-12-02 23:13:54,53.8,54.91352274426101,55.82222222222222,55.35440345945608,55.22287309556713,55.30352035246591,53.816043853759766,54.20199966430664,55.085342,54.7,54.75,55.12,56.648388
2026-12-02 23:13:59,50.5,50.10360763984787,50.55,51.88438888888887,50.35288698648233,51.134453646000736,54.11234664916992,54.35453414916992,52.106438,50.84,52.03,50.94,55.202805
2026-12-02 23:14:03,58.099999999999994,57.38010740051076,57.4,57.216049456938464,57.65256066171802,57.583971923792426,53.35271453857422,53.70988464355469,57.88177,57.34,56.75,57.53,57.395096
2026-12-02 23:14:08,60.0,61.01590923647386,60.03333333333333,59.93387213309566,58.78015393016073,59.820128980838774,53.39984893798828,53.509666442871094,59.60463,59.0,59.2,59.66,59.407578
2026-12-02 23:14:13,55.9,55.37463260228728,54.7,55.2153728505291,55.32718699678896,55.27637251417874,53.62970733642578,54.00630187988281,55.084213,54.4,55.2,55.22,57.182472
2026-12-02 23:14:17,60.7,63.97758732473442,61.349999999999994,61.97939841269841,60.57706315464638,62.02664023618031,53.68254089355469,54.23731994628906,61.758614,61.0,61.3,61.9,61.167114
2026-12-02 23:14:22,62.3,65.28963244856267,64.5,62.18895486111111,61.16241647043573,60.837853555090696,54.40238952636719,55.0946044921875,61.975883,60.3,61.03,61.75,62.488075
2026-12-02 23:14:27,67.5,74.63663761972323,73.625,70.84533333333333,65.99500439743343,121.19917009665417,54.96153259277344,55.92912673950195,68.4543,65.56,64.6,66.0,69.87292
2026-12-02 23:14:31,52.800000000000004,52.70973342973262,53.474999999999994,54.40316666666667,54.84694596225236,50.506027433091425,54.8052978515625,55.97179412841797,52.87332,52.72,53.38,53.56,56.469273
2026-12-02 23:14:36,53.0,53.25433976481748,53.474999999999994,54.176,52.18873426732979,53.81092435343868,55.26797866821289,56.63677215576172,53.454746,52.72,54.38,53.25,56.469273
2026-12-02 23:14:41,67.2,70.74991775735396,68.14999999999999,66.24366666666667,64.08302547635087,66.8696010155736,54.90121078491211,56.11619186401367,66.17491,64.7,65.3,66.8,65.5879
2026-12-02 23:14:46,54.800000000000004,56.42829774007817,58.275,58.66788888888889,55.18146175125671,57.04424612409239,55.354610443115234,56.39411544799805,55.067127,54.56,55.6,55.62,57.961994
2026-12-02 23:14:50,56.2,55.75734381590919,56.45,55.479055555555554,55.252057082831186,55.24326281026218,55.32099151611328,56.783050537109375,55.02162,54.38,55.4,55.28,57.182472
2026-12-02 23:14:55,61.5,62.77914267135715,63.8,62.51117417864699,61.30608246576141,62.3361884938518,55.23244857788086,56.47334671020508,61.296417,61.75,61.1,62.1,60.154285
2026-12-02 23:15:00,50.4,49.692103636700644,50.489999999999995,50.88604639330474,51.495585270874386,50.87543283917273,55.93543243408203,56.877262115478516,51.768303,50.06,50.6,50.78,54.82974
2026-12-02 23:15:04,57.2,58.83390057412769,58.275,58.176820105820106,56.187436194506,58.40147081722501,55.330841064453125,56.55517578125,56.815002,56.44,58.22,57.44,58.675194
2026-12-02 23:15:09,52.9,54.391439049344584,59.166666666666664,59.777988888888885,52.85303852357206,53.97500930441378,54.567325592041016,55.796756744384766,53.55364,53.88,55.22,53.9,57.270657
2026-12-02 23:15:14,58.2,58.67897256675563,58.275,58.36762152777778,56.675472045384986,58.47386217564073,53.389007568359375,54.713890075683594,57.248463,56.38,57.7,57.53,58.675194
2026-12-02 23:15:19,57.8,57.78361624328769,57.53333333333334,57.58036126232657,57.890585523249705,57.498392688386225,53.876285552978516,54.532047271728516,57.486774,56.84,56.75,57.53,57.914856
2026-12-02 23:15:23,59.7,62.065474098430855,59.675000000000004,59.27807407407407,58.71806692783351,60.535441850929594,54.50376510620117,55.023738861083984,60.395508,58.38,59.62,59.56,60.43473
2026-12-02 23:15:28,57.1,57.55792103927437,56.349999999999994,57.149377200719805,58.31338873653465,57.38601898177531,54.66373062133789,55.394187927246094,57.60473,56.8,56.53,57.56,57.914856
2026-12-02 23:15:33,65.0,65.02526734884505,64.37923076923077,64.72074541804874,64.02273098906008,64.42892983966082,55.12567138671875,55.783546447753906,62.94635,64.3,63.34,64.4,60.909855
2026-12-02 23:15:37,72.5,79.5624971326223,73.625,71.26384444444444,70.24157619983762,72.70530692111934,56.349971771240234,56.9573860168457,73.42922,71.0,70.3,73.5,72.06521
2026-12-02 23:15:42,58.8,61.82991592730345,60.95,59.15079629629629,60.450878291729936,60.316787350099496,57.28273391723633,58.41493225097656,60.838295,58.22,58.3,59.78,60.43473
2026-12-02 23:15:47,64.6,67.32531019402548,64.5,62.641,62.6776676134377,65.49308913774415,57.24073028564453,59.07686996459961,63.829407,62.78,62.75,64.3,63.22046
2026-12-02 23:15:51,56.5,54.63080884319973,55.583333333333336,55.44046654956506,56.41806598651757,55.29685902992289,57.84306335449219,59.62584686279297,55.127388,54.66,54.0,55.38,56.648388
2026-12-02 23:15:56,72.4,77.68952848697097,73.75,73.97877777777776,69.69768657207993,74.03576391584707,58.015926361083984,59.775569915771484,71.54138,72.06,72.44,74.0,69.78682
2026-12-02 23:16:01,64.8,68.98319489875614,66.68181818181819,65.41012645502646,65.84730269247044,65.71160429222054,59.42134094238281,60.776039123535156,65.13897,65.56,63.66,66.9,63.96717
2026-12-02 23:16:06,59.6,61.854191809268876,60.95,59.081296296296294,59.13615547384418,59.78422038455003,60.37397384643555,62.03070831298828,60.609207,58.28,58.88,59.66,60.43473
2026-12-02 23:16:10,61.7,63.59958198103703,64.5,63.385333333333335,58.97241033527437,72.74921459934127,60.04947280883789,61.92644119262695,59.425312,58.62,59.9,59.72,61.774876
2026-12-02 23:16:15,61.800000000000004,64.05794282480127,60.699999999999996,61.57538888888889,61.565391528532786,62.23446303949038,58.77858352661133,60.76985549926758,62.045982,60.88,60.75,62.03,61.167114
2026-12-02 23:16:20,59.400000000000006,60.58417654018758,59.6,59.64986596426449,60.152087317683694,59.84960785638865,58.87627410888672,60.53487777709961,60.027737,58.9,58.56,59.75,59.407578
2026-12-02 23:16:24,71.9,78.0520161449559,73.625,70.048,68.41962767779881,66.13000288220067,58.88157653808594,60.43267822265625,71.68993,68.9,68.3,71.06,71.3185
2026-12-02 23:16:29,59.199999999999996,60.49993735282029,60.975,59.87109872039725,62.13506664697469,59.86103971293709,58.707801818847656,60.16276931762695,60.34721,58.8,57.84,59.94,59.407578
2026-12-02 23:16:34,55.7,54.79583557068075,54.2,55.319273613223736,55.94021031789959,55.34228315000786,59.03046798706055,60.793663024902344,55.080734,54.66,54.28,55.22,56.648388
2026-12-02 23:16:39,61.699999999999996,64.14552439017395,61.5,61.77677380952381,60.45287776951766,62.03391027696018,58.96763229370117,60.421390533447266,61.42061,61.0,61.4,61.8,61.167114
2026-12-02 23:16:43,61.7,64.00835677294157,61.5,61.43374047619047,61.37905607163475,61.798608086365526,58.509674072265625,60.199790954589844,61.969193,60.9,60.62,61.84,61.167114
2026-12-02 23:16:48,67.69999999999999,72.5470097238133,70.33333333333333,67.18074603174603,66.54026768719889,68.73521675338336,58.2686653137207,59.99981689453125,68.00962,67.44,66.44,69.2,66.33461
2026-12-02 23:16:53,64.4,65.71007246345766,65.525,64.31528901468901,64.98396261468118,64.36719155100285,58.76107406616211,60.33892822265625,63.917633,63.72,61.94,64.4,61.913822
2026-12-02 23:16:57,55.099999999999994,55.41461060394577,56.45,54.851938988095235,55.88964974184297,55.10187235281407,59.853729248046875,61.41050338745117,54.962227,54.38,54.84,55.22,57.182472
2026-12-02 23:17:02,54.900000000000006,55.49000898814759,53.85,54.792617559523805,54.89325304941345,55.150089106547505,59.66498947143555,61.30254364013672,55.118786,54.4,55.44,55.2,57.182472
2026-12-02 23:17:07,65.9,68.05542061075612,65.19999999999999,66.72236045464341,65.46140470030267,67.22204890398199,58.41147232055664,60.19595718383789,64.77627,66.5,65.8,66.7,62.669395
2026-12-02 23:17:11,59.5,61.5761792960809,64.5,65.55516666666666,57.70926680343953,65.06176907104533,59.03876876831055,60.36106872558594,56.29142,58.34,58.6,58.1,61.08354
2026-12-02 23:17:16,70.69999999999999,79.96122073943889,73.625,71.92833333333334,68.81755774405943,72.97129799500102,57.181331634521484,59.22749328613281,72.33436,68.8,68.06,70.5,73.956345
2026-12-02 23:17:21,70.7,77.65522580529304,73.625,67.758,68.49020661701681,66.50421200614616,56.739349365234375,58.42075729370117,71.79743,67.75,66.8,71.06,71.3185
2026-12-02 23:17:26,71.1,79.71429960287769,73.625,69.06433333333332,69.11547082097162,72.2190625674336,57.99785614013672,59.45970916748047,72.6544,68.0,66.75,70.3,73.956345
2026-12-02 23:17:30,64.69999999999999,68.7910891727064,69.36666666666666,63.873000000000005,63.7690334056085,61.7574158310745,58.44322204589844,59.81893539428711,63.965305,62.03,61.88,64.3,64.855515
2026-12-02 23:17:35,72.3,77.87687239200352,73.625,68.81723333333333,68.47445299329347,67.28445740435822,58.71527099609375,60.38606643676758,71.9527,68.25,67.44,70.94,71.3185
2026-12-02 23:17:40,73.5,79.4342117245914,73.625,69.13633333333334,70.54156891783744,73.77496069908,59.27305603027344,60.714717864990234,74.03788,70.06,68.9,73.44,72.06521
2026-12-02 23:17:44,61.2,63.797146185626964,61.5,61.2339626984127,63.5442653921547,61.927107576061346,60.22380065917969,61.79563903808594,62.48351,60.78,59.72,62.03,61.167114
2026-12-02 23:17:49,68.1,74.55811519839799,69.25,66.3699,66.61401376908101,65.98592791338386,60.87572479248047,62.864986419677734,68.99407,66.5,66.2,68.9,68.28454
2026-12-02 23:17:54,69.8,75.99149038212289,73.625,66.46784374999999,67.58255919991234,70.48956234233464,61.16069412231445,63.03730392456055,70.45729,66.1,65.3,68.3,70.58611
2026-12-02 23:17:59,70.6,77.79034268121879,73.625,67.48796666666667,68.646385577974,66.7908754439893,60.08906555175781,62.359588623046875,72.14251,67.8,66.9,70.94,71.3185
2026-12-02 23:18:03,78.4,88.71660943314882,85.42500000000001,73.00360000000002,73.73656579157812,80.43393573464525,60.990352630615234,62.67387008666992,80.099594,73.9,71.3,76.3,82.379166
2026-12-02 23:18:08,63.3,65.22987126568367,64.5,62.2645,63.36806528847526,60.69334045085373,61.55415725708008,62.60905075073242,61.29278,60.03,59.6,62.0,62.488075
2026-12-02 23:18:13,55.2,55.434931899719274,54.36666666666667,54.86586755952381,56.1477760806863,55.221273327523654,61.29768371582031,62.99213409423828,54.80386,54.34,54.88,55.34,57.182472
2026-12-02 23:18:17,66.9,74.76541069651903,73.625,73.169,65.92619936314391,115.05430086820431,61.11283493041992,62.608245849609375,67.85152,66.1,65.7,66.25,69.87292
2026-12-02 23:18:22,56.5,59.8321972637028,60.95,60.68483333333333,57.732938413643176,56.01519991198611,59.18360137939453,61.02838897705078,56.97439,56.5,57.38,57.8,59.72153
2026-12-02 23:18:27,61.2,63.54856385345238,64.5,63.28966666666666,58.85268278131015,72.71209880372604,58.15976333618164,60.293190002441406,59.391685,58.62,59.97,59.72,61.774876
2026-12-02 23:18:32,66.0,70.83997705739158,73.3,69.02966666666667,63.38297494362986,68.8546529070897,57.283058166503906,59.13316345214844,65.22807,63.25,63.12,64.0,66.83895
2026-12-02 23:18:36,74.9,81.68920868472945,73.625,70.20133333333334,70.25213386144661,82.21479968904579,56.52486038208008,58.29479217529297,74.86541,70.25,68.9,72.9,74.68873
2026-12-02 23:18:41,63.5,70.62021929578232,73.3,66.62416666666665,63.9061345659443,68.50109769728276,57.570499420166016,58.83359146118164,65.30438,62.5,62.03,64.06,66.83895
2026-12-02 23:18:46,63.9,68.93703011748092,70.33333333333333,63.63053422619048,63.32031630126558,62.48633390441479,57.37744903564453,59.022335052490234,64.31554,62.1,62.28,64.2,64.855515
2026-12-02 23:18:50,63.4,68.92783497549844,70.33333333333333,63.367010416666666,63.36970024264643,62.20724152080917,57.66899108886719,59.26240539550781,64.52074,62.12,62.4,64.1,64.855515
2026-12-02 23:18:55,75.19999999999999,81.09409829587179,74.9,74.86977460317462,71.69829743472648,74.35923395942451,57.63102722167969,59.25029373168945,75.25038,73.25,72.4,75.75,72.82078
2026-12-02 23:19:00,76.6,89.88556804837025,85.42500000000001,78.71999999999997,72.77444188296438,80.45139174116214,59.19599151611328,60.62435531616211,77.804054,72.3,69.3,73.3,85.34884
2026-12-02 23:19:04,72.1,81.41442068822779,73.625,69.05933333333333,70.38986852372942,82.57093908004911,58.10733413696289,60.103389739990234,75.29672,69.2,67.75,73.06,74.68873
2026-12-02 23:19:09,62.8,67.06667716192784,69.36666666666666,64.96033333333334,61.84625412822478,66.74511630877942,59.37183380126953,61.25083923339844,62.249718,60.28,60.53,62.06,64.14232
2026-12-02 23:19:14,71.8,83.65808653575911,73.625,74.549,70.46565739924829,130.88378686122326,59.18136215209961,61.393367767333984,75.021164,70.5,69.2,72.3,77.651054
2026-12-02 23:19:19,67.69999999999999,72.52819236807451,73.75,65.73616666666666,65.55548251744798,77.8209703347134,59.173274993896484,60.899139404296875,67.02469,63.66,63.3,66.56,67.552155
2026-12-02 23:19:23,55.5,56.281145848351116,58.275,58.50291269841269,55.52386091156781,57.10647993067185,59.42633819580078,61.29890441894531,55.094604,54.56,55.5,55.7,57.961994
2026-12-02 23:19:28,57.5,60.09213467076922,60.95,60.121134920634915,56.700146150061165,55.9854717157358,58.84877395629883,60.93709182739258,57.18658,56.7,58.34,57.62,59.72153
2026-12-02 23:19:33,57.7,58.848625000575495,58.275,58.40656068121693,57.33870461229708,58.441819625981545,57.92830276489258,59.922550201416016,57.24639,56.34,57.3,57.53,58.675194
2026-12-02 23:19:37,55.5,55.49523843337044,54.7,54.689071428571424,55.35156353335188,55.29667223328876,57.51316833496094,59.358680725097656,55.010582,54.38,55.22,55.22,57.182472
2026-12-02 23:19:42,62.099999999999994,67.31337666987001,70.33333333333333,65.79791666666667,61.378179518760355,66.46871151271701,57.11800003051758,58.77927780151367,61.976357,61.25,62.16,61.9,64.14232
2026-12-02 23:19:47,57.4,58.60889322409272,58.275,58.044394014550264,58.134710512302554,58.44881626117789,55.629764556884766,57.408973693847656,57.45489,56.28,56.9,57.62,58.675194
2026-12-02 23:19:51,51.5,50.04726235264241,50.55,52.19244444444443,50.90510989615169,51.064847440267094,56.0568733215332,57.49042510986328,51.81303,50.8,51.78,51.06,55.202805
2026-12-02 23:19:56,58.400000000000006,60.225299842146214,59.675000000000004,60.22533333333333,56.79721117273366,56.1298133193188,55.008609771728516,56.32461166381836,57.1572,56.78,58.8,57.6,59.72153
2026-12-02 23:20:01,61.2,60.65478371324274,58.15,60.145111021984555,59.96999974696651,60.0443408084117,54.15784454345703,55.35538864135742,59.827103,58.88,58.8,59.84,59.407578
2026-12-02 23:20:06,55.900000000000006,56.45104113564959,59.166666666666664,58.3631,54.943168589940974,57.01344897673914,54.928863525390625,55.669769287109375,55.218277,54.62,56.1,55.47,57.961994
2026-12-02 23:20:10,52.599999999999994,53.185765205103785,53.474999999999994,53.98675,52.366157808913684,53.43298390021495,54.18269348144531,55.07766342163086,53.347584,52.72,54.12,53.3,56.469273
2026-12-02 23:20:15,74.8,85.56815801863503,73.625,74.35533333333332,71.6991080340194,85.75116617316145,53.759613037109375,54.66216278076172,77.25461,73.5,72.5,75.2,78.38344
2026-12-02 23:20:20,60.5,65.18370887376379,64.5,62.58116666666666,62.74648986731823,60.562493000120575,54.388946533203125,55.01114273071289,61.493484,60.06,59.88,62.06,62.488075
2026-12-02 23:20:24,61.099999999999994,62.03181265067491,60.95,59.506820105820104,58.97553799673545,60.29819684674574,55.36959457397461,56.49605941772461,60.569977,58.25,59.1,59.72,60.43473
2026-12-02 23:20:29,54.3,55.46148040132681,54.36666666666667,55.32816666666667,55.69189407025758,55.066213034419846,55.917633056640625,57.03542709350586,54.871536,54.34,55.1,55.3,57.182472
2026-12-02 23:20:34,55.5,55.715921708910635,54.36666666666667,55.20972222222222,54.75803493254507,55.137397255395996,56.00001525878906,57.11937713623047,55.066826,54.38,55.47,55.22,57.182472
2026-12-02 23:20:39,59.400000000000006,57.777740321432724,57.53333333333334,57.699709164256596,57.34290240017231,57.565948503311205,55.37908935546875,56.60199737548828,57.258915,56.84,56.84,57.44,57.914856
2026-12-02 23:20:43,59.4,62.0376650746456,59.675000000000004,59.582855555555554,58.858265177901025,60.635794098567196,55.54253387451172,56.777198791503906,60.39059,58.38,59.53,59.5,60.43473
2026-12-02 23:20:48,63.199999999999996,69.03573958419932,70.33333333333333,64.43166666666667,63.35944735702061,62.13649767689532,55.466983795166016,56.851524353027344,64.592285,62.22,62.8,64.06,64.855515
2026-12-02 23:20:53,59.400000000000006,62.06926588220003,60.95,59.009680952380954,60.07798930451002,60.326138131413714,55.426185607910156,56.87507247924805,60.671803,58.25,58.78,59.66,60.43473
2026-12-02 23:20:57,58.9,62.051136934665834,60.95,59.06034761904762,59.11351415401432,60.395744337147356,56.09724426269531,57.56021499633789,60.60383,58.3,59.2,59.56,60.43473
2026-12-02 23:21:02,57.6,61.55303058157408,64.5,65.34933333333333,57.55835472458995,65.08826012837834,56.494384765625,57.93610763549805,56.061676,58.38,58.72,58.06,61.08354
2026-12-02 23:21:07,59.800000000000004,63.490766574919334,64.5,62.91173333333333,59.10822790027802,72.63692085500277,55.26807403564453,56.86956024169922,59.149757,58.6,59.8,59.75,61.774876
2026-12-02 23:21:12,61.2,61.958209935401136,60.95,59.20586597222222,59.543619748417164,60.619356295923694,54.93896484375,56.40864562988281,60.670853,58.28,59.1,59.66,60.43473
2026-12-02 23:21:16,65.5,67.42719342268525,64.5,62.57499047619047,63.03999511112522,65.56095731210242,55.51051712036133,56.78135681152344,64.21566,62.8,62.62,64.25,63.22046
2026-12-02 23:21:21,57.8,59.90361587796206,60.95,60.276444444444444,57.449134348786714,56.038745416525764,56.373043060302734,57.617637634277344,56.86652,56.62,57.66,57.62,59.72153
2026-12-02 23:21:26,59.2,61.9716888217733,60.95,59.40953263888889,59.061642634910825,60.72672199250506,55.98991394042969,57.71885681152344,60.654156,58.3,59.3,59.62,60.43473
2026-12-02 23:21:30,60.3,65.42995253948992,70.33333333333333,69.17533333333333,59.71815957994437,118.8592081450928,56.006126403808594,57.69487380981445,60.39782,60.9,60.47,60.06,63.45098
2026-12-02 23:21:35,56.7,55.24376081111014,54.36666666666667,55.610446263227516,56.537100250451864,55.50325826865444,54.839088439941406,56.739501953125,54.677357,54.34,54.94,55.47,57.182472
2026-12-02 23:21:40,58.5,60.96008402455791,60.03333333333333,60.26134435531789,58.82669133133255,59.81078495262045,55.356388092041016,56.860862731933594,59.64634,58.97,59.16,59.72,59.407578
2026-12-02 23:21:44,62.5,67.27178120932443,68.14999999999999,65.87133333333333,61.39564398722618,66.60170668356221,55.687679290771484,56.906105041503906,62.176952,61.06,61.75,61.88,64.14232
2026-12-02 23:21:49,66.5,70.8433152313324,67.4,64.5315,64.71346042406093,67.0603317076309,54.86967468261719,56.42711639404297,66.38107,64.44,64.1,66.75,65.5879
2026-12-02 23:21:54,61.1,65.46756810217944,64.5,62.19334375,61.22780368792162,60.67977015977815,56.12790298461914,57.469451904296875,61.91034,60.22,60.6,61.84,62.488075
2026-12-02 23:21:59,66.2,74.64609205655678,73.625,71.16286666666666,65.7923508090949,121.31013808044932,56.55216979980469,58.05101776123047,68.36405,65.5,64.6,66.06,69.87292
2026-12-02 23:22:03,65.2,74.33925077366565,73.625,69.45433333333332,65.81491760466992,120.98347200336883,55.97233200073242,57.59939956665039,68.39203,65.0,63.94,66.06,69.87292
2026-12-02 23:22:08,58.8,60.47538455090897,60.03333333333333,60.25009991087344,61.925095121920705,60.15858175959687,55.76996612548828,57.459110260009766,60.189266,58.8,58.03,60.0,59.407578
2026-12-02 23:22:13,65.2,71.06454379504358,67.4,65.20973333333333,64.4460146987113,66.92731856672717,57.183895111083984,58.74867248535156,66.3954,64.6,64.7,66.7,65.5879
2026-12-02 23:22:17,57.3,58.582473475433396,58.275,57.82759788359788,58.06752254418211,58.13267702427812,57.75226593017578,59.28378677368164,57.5319,56.3,56.72,57.6,58.675194
2026-12-02 23:22:22,59.7,62.121194816555395,60.95,59.143473379629626,58.58162552557104,60.59219700252009,57.75368881225586,59.68376159667969,60.47282,58.3,59.47,59.6,60.43473
2026-12-02 23:22:27,65.2,72.55337628706079,74.5,66.36639999999998,65.25526415310523,76.82412107361847,57.303672790527344,59.35491943359375,67.316795,64.4,64.6,66.3,67.552155
2026-12-02 23:22:32,59.2,60.550707639975265,58.15,59.86954817927171,61.69191553244266,59.728745480434085,56.90679931640625,58.949134826660156,60.262024,58.8,58.06,59.9,59.407578
2026-12-02 23:22:36,65.1,64.7808166935518,64.37923076923077,64.80568017310118,64.09628326379172,64.42314299812577,57.886478424072266,59.679832458496094,62.98771,64.25,63.03,64.4,60.909855
2026-12-02 23:22:41,62.099999999999994,67.33128531750825,68.14999999999999,66.03366666666666,61.61773015611161,66.82871386754542,59.00514221191406,60.34111022949219,62.392914,61.0,61.56,61.84,64.14232
2026-12-02 23:22:46,61.2,65.41002373505495,64.5,62.65383333333333,60.92569420772129,60.76058191819471,57.71194839477539,59.81889724731445,61.824036,60.22,60.84,61.97,62.488075
2026-12-02 23:22:50,65.7,72.49831018578745,73.75,66.91833333333332,65.0959206741564,77.26616630213229,57.49024963378906,59.522308349609375,67.16622,64.2,64.4,66.4,67.552155
2026-12-02 23:22:55,55.7,55.25604417956357,54.36666666666667,55.439750000000004,57.04221723560276,55.09197313531103,57.45851135253906,59.1855583190918,54.596893,54.38,54.62,55.5,57.182472
2026-12-02 23:23:00,57.0,57.789388527722515,56.766666666666666,57.48989814988861,57.34812505963394,57.331028554801435,57.28005599975586,59.170162200927734,57.286335,56.84,56.94,57.5,57.914856
2026-12-02 23:23:04,56.8,57.62205903345524,57.36666666666667,57.24735698704118,57.33462813541941,57.54732944333984,57.34185791015625,58.76575469970703,57.209194,56.84,56.75,57.4,57.914856
2026-12-02 23:23:09,63.3,67.22370806761505,64.5,63.487566666666666,62.58124022830938,65.51964436025042,57.110374450683594,58.605804443359375,64.10352,62.88,63.03,64.2,63.22046
2026-12-02 23:23:14,62.4,67.09688718553592,68.14999999999999,64.39111111111112,61.47050836825837,66.28045646983627,57.164146423339844,58.74858856201172,62.595764,60.72,61.2,61.8,64.14232
2026-12-02 23:23:19,80.4,97.48334130887315,85.42500000000001,85.0503333333333,75.82354521753389,157.42977798273196,56.411155700683594,58.232505798339844,82.72472,76.3,73.4,77.25,94.5965
2026-12-02 23:23:23,56.2,58.26456737922743,58.275,58.48421693121693,61.628285432137275,59.55567399570652,55.488922119140625,56.940860748291016,56.43967,56.22,55.56,57.84,58.675194
2026-12-02 23:23:28,67.5,74.53293918097634,74.5,68.09623333333334,65.80374665946886,64.96883844371781,56.55644226074219,58.39824676513672,68.13513,66.6,66.75,69.06,68.28454
2026-12-02 23:23:33,54.0,53.20431930657231,53.474999999999994,55.07377777777777,54.05330512754091,53.72111766154501,57.847469329833984,58.979732513427734,52.891315,52.72,53.4,53.53,56.469273
2026-12-02 23:23:37,59.099999999999994,60.7952700216316,58.15,60.28761111111111,58.28192584899251,59.500870520154656,57.0339469909668,58.82720947265625,59.615135,58.9,59.38,59.8,59.407578
2026-12-02 23:23:42,57.400000000000006,57.713090718147924,56.349999999999994,57.55247083918761,57.7278628277563,57.30158517607812,57.09358596801758,58.39270782470703,57.323517,56.8,56.62,57.56,57.914856
2026-12-02 23:23:47,64.1,67.33601095489408,64.5,62.938090058479524,62.304275405803125,64.91682815045655,56.87033462524414,58.28655242919922,64.02756,62.88,63.12,64.25,63.22046
2026-12-02 23:23:52,66.5,67.82055073729192,66.125,66.90338028272087,66.22320725234245,67.02281230002738,56.865787506103516,58.380916595458984,64.710686,66.4,64.8,66.75,62.669395
2026-12-02 23:23:56,63.2,61.37828713298944,62.08,62.34158142113779,62.1248914258781,62.24744631280295,58.22698974609375,59.59304428100586,61.83558,61.88,60.28,62.12,58.9144
2026-12-02 23:24:01,58.0,58.70517970604261,59.166666666666664,57.913589947089946,56.834420057949735,48.333700539221894,59.44028091430664,60.442562103271484,57.089333,56.44,57.47,57.38,58.675194
2026-12-02 23:24:06,62.400000000000006,63.946656130979505,60.699999999999996,61.84296666666666,60.731604291435744,62.0252402285717,58.94689178466797,60.58457946777344,61.909863,60.97,61.03,61.94,61.167114
2026-12-02 23:24:10,59.8,62.0114858530156,60.95,58.93688607804233,58.74806200607123,60.403462370873605,58.44277572631836,60.06175994873047,60.68132,58.3,59.16,59.62,60.43473
2026-12-02 23:24:15,56.5,57.480440095801555,56.766666666666666,57.11729469741,58.246088474799045,57.178571552144824,57.49494171142578,59.45568084716797,57.53392,56.8,56.5,57.6,57.914856
2026-12-02 23:24:20,62.5,64.10351407302797,61.349999999999994,61.7489626984127,60.590705586571,62.01121191233222,57.63776397705078,59.10192108154297,61.897232,61.0,61.12,61.88,61.167114
2026-12-02 23:24:24,59.5,59.60620286653217,61.06666666666667,59.51312694559139,60.57866006955463,59.54555654273568,57.877113342285156,59.242313385009766,59.939,59.5,58.12,59.84,58.661564
2026-12-02 23:24:29,55.8,57.665515134415635,56.349999999999994,57.32323914834966,57.44971698341885,57.24137837993497,58.496273040771484,59.686767578125,57.225082,56.84,56.62,57.38,57.914856
2026-12-02 23:24:34,57.0,57.74666717131171,56.349999999999994,57.27238784132335,57.376048614316936,57.38294313316058,58.36077117919922,59.687198638916016,57.23237,56.84,56.72,57.4,57.914856
2026-12-02 23:24:39,60.3,60.70342879671751,60.975,59.856809651133176,59.232648753474116,59.85972170757407,57.99352264404297,59.326271057128906,59.72503,58.97,58.94,59.62,59.407578
2026-12-02 23:24:43,59.1,62.0353316408172,60.95,58.98931041666667,58.9537885137727,60.34411763770722,57.37022018432617,58.85744094848633,60.579304,58.34,59.28,59.5,60.43473
2026-12-02 23:24:48,55.900000000000006,55.345936211760375,54.7,54.56426587301587,55.72218819644274,55.17904285971207,56.48786544799805,58.287532806396484,54.87845,54.34,55.0,55.25,57.182472
2026-12-02 23:24:53,59.3,57.59133437064338,58.85,57.589790077419856,57.32749057460705,57.57936164375088,56.57660675048828,58.14513397216797,57.23124,56.84,56.8,57.4,57.914856
2026-12-02 23:24:57,65.6,65.94096138319597,65.525,64.37071717911718,63.56495330558039,64.48299696830028,56.660953521728516,57.909454345703125,63.496235,63.88,63.03,64.3,61.913822
2026-12-02 23:25:02,59.8,60.67819106649776,59.6,59.521397097020625,60.27497624748922,59.553770644169205,57.40324020385742,58.51762771606445,60.09371,58.88,58.38,59.7,59.407578
2026-12-02 23:25:07,55.3,55.36541097592428,54.7,54.82633581349206,55.35735906868381,55.26625866299332,57.607337951660156,59.0376091003418,54.981476,54.38,55.06,55.2,57.182472
2026-12-02 23:25:12,56.7,55.455160646544286,53.85,54.725284226190475,54.95450252446313,55.16227891636311,57.144927978515625,58.674190521240234,55.069893,54.4,55.38,55.2,57.182472
2026-12-02 23:25:16,63.800000000000004,65.8329102361982,65.525,64.62050017209039,63.36490239455359,64.8346839686175,56.23038864135742,57.84148406982422,63.426132,63.84,63.16,64.3,61.913822
2026-12-02 23:25:21,67.0,74.70544176491063,73.625,71.558,65.99183746249089,122.4037709591154,56.860931396484375,58.179466247558594,68.484764,65.7,64.7,66.06,69.87292
2026-12-02 23:25:26,57.0,55.26697353849585,54.36666666666667,55.422607142857146,57.37007381297008,55.23702414795873,55.968177795410156,57.726715087890625,54.49848,54.34,54.53,55.56,57.182472
2026-12-02 23:25:30,69.4,72.72091046643064,67.4,67.72041666666667,65.64428855446013,69.14427264333382,56.383663177490234,58.10249328613281,67.65808,67.56,67.3,69.4,66.33461
2026-12-02 23:25:35,79.1,88.91457929535119,85.42500000000001,74.36666666666667,73.3949762978847,73.60848207910406,57.49944305419922,58.64972686767578,79.8824,74.4,72.1,76.5,82.379166
2026-12-02 23:25:40,64.4,66.9486328025168,64.5,62.35644444444444,65.69054046220563,64.43190465220059,57.83140563964844,59.140960693359375,63.32253,62.53,61.16,64.5,63.22046
2026-12-02 23:25:44,61.599999999999994,62.86907230292218,63.8,62.39624539380059,62.592625885897554,62.036147199678155,58.80537033081055,60.58576965332031,61.5207,61.62,60.22,62.2,60.154285
2026-12-02 23:25:49,57.8,59.86568175745744,58.725,59.83433022038092,60.0351458624297,59.37819272738896,59.86100769042969,61.28300857543945,59.8702,59.5,58.25,59.8,58.661564
2026-12-02 23:25:54,60.1,60.8228710098166,58.15,59.852912609286136,58.8924672369836,59.783781505107605,59.98067855834961,61.47154235839844,59.643143,58.94,58.88,59.66,59.407578
2026-12-02 23:25:59,60.099999999999994,60.71168122432384,59.6,59.69974875647228,59.59875308953715,59.811058192070185,59.483421325683594,61.36310958862305,59.816204,58.9,58.72,59.7,59.407578
2026-12-02 23:26:03,66.7,69.35307288816581,66.68181818181819,65.33934523809523,65.08021895604116,66.34872566163055,59.13385772705078,61.05366516113281,65.793205,65.75,64.75,66.75,63.96717
2026-12-02 23:26:08,59.0,57.55719597917945,56.349999999999994,57.36247613728665,58.68413498204984,57.4877584805954,59.467769622802734,61.12140655517578,57.547626,56.78,56.03,57.53,57.914856
2026-12-02 23:26:13,61.0,64.05828882500013,61.5,61.59855952380952,60.72583641890289,61.99484267261019,59.77840042114258,61.18878173828125,61.859356,60.97,61.06,61.8,61.167114
2026-12-02 23:26:17,67.9,74.2200558668967,69.25,66.31173333333334,66.72021135308368,65.42069998568495,59.575477600097656,61.00877380371094,69.38545,66.44,66.06,68.8,68.28454
2026-12-02 23:26:22,62.900000000000006,67.0324807007444,64.5,62.322222222222216,64.30965428963039,59.85743217970545,59.38337326049805,60.84613037109375,64.06881,62.66,61.8,64.3,63.22046
2026-12-02 23:26:27,67.1,70.74623729671983,70.33333333333333,64.64724444444444,64.85676321284082,66.47447553911425,59.74686813354492,61.1672477722168,66.601135,64.5,63.97,66.56,65.5879
2026-12-02 23:26:32,64.4,65.7183665068384,65.525,64.09157543664065,64.92852072285652,64.32047126142673,59.869930267333984,61.311676025390625,63.842598,63.7,62.0,64.4,61.913822
2026-12-02 23:26:36,59.5,62.003570187356566,60.95,58.77847337962963,59.047156356122535,60.38709313115158,60.51187515258789,62.017826080322266,60.6283,58.3,58.97,59.56,60.43473
2026-12-02 23:26:41,62.900000000000006,65.57465556357995,64.5,61.98334375,61.10523330632648,60.799853265847624,59.871517181396484,61.80020523071289,61.96393,60.28,61.03,61.75,62.488075
2026-12-02 23:26:46,59.8,60.59461682855402,59.6,59.71436434088787,60.64759117684069,59.715175189358504,59.10377502441406,61.16292190551758,60.165295,58.88,58.4,59.8,59.407578
2026-12-02 23:26:50,62.3,64.15757106313927,61.5,61.56702222222222,61.01239261803432,62.12482482855519,59.19381332397461,61.04277420043945,62.12995,60.94,60.8,61.84,61.167114
2026-12-02 23:26:55,53.5,53.050851866845086,53.474999999999994,53.721666666666664,52.87944867554584,53.00592158972688,59.101776123046875,60.82275390625,53.285675,52.72,53.75,53.3,56.469273
2026-12-02 23:27:00,60.2,62.049505599421636,59.675000000000004,59.70812962962963,58.51318553050676,60.84564780944847,57.75466537475586,59.89603042602539,60.385223,58.34,59.78,59.6,60.43473
2026-12-02 23:27:04,65.9,66.75560192760057,68.2,66.87305378396806,66.19755538356512,66.59428149459217,57.16512680053711,58.991329193115234,64.61267,66.56,65.6,66.7,61.673584
2026-12-02 23:27:09,64.3,65.95663571725478,65.525,64.7849712071083,63.6595195091404,64.53705973403086,58.806514739990234,59.79884719848633,63.90632,63.84,62.47,64.3,61.913822
2026-12-02 23:27:14,60.199999999999996,60.59348145243863,60.03333333333333,60.18151563958917,59.94405288198618,59.84960785638865,59.28609085083008,60.65089416503906,60.163254,58.9,58.47,59.78,59.407578
2026-12-02 23:27:19,62.0,65.39347539022552,64.5,63.14382222222222,60.939332292259834,60.775847726021745,58.992191314697266,60.68098831176758,61.925007,60.34,61.25,61.78,62.488075
2026-12-02 23:27:23,66.1,67.87326730121885,65.19999999999999,67.08162336552337,66.08774718644293,66.80877345945802,57.82786178588867,59.88544845581055,64.751785,66.4,64.94,66.8,62.669395
2026-12-02 23:27:28,61.3,63.88969891918754,61.349999999999994,61.01792777777778,61.44970954104946,61.78525359850943,59.08614730834961,60.64548873901367,62.546158,60.94,60.38,61.84,61.167114
2026-12-02 23:27:33,63.5,65.53528688918908,64.5,62.11695486111111,61.11695900039469,60.84051719105626,59.422088623046875,61.09640121459961,61.96748,60.3,60.97,61.75,62.488075
2026-12-02 23:27:37,63.4,67.23419072576364,64.5,62.23037936507936,63.226173449328925,65.32804239364407,58.65156555175781,60.6516227722168,64.10618,62.78,62.4,64.3,63.22046
2026-12-02 23:27:42,69.2,69.68812614471409,69.50588235294117,68.95791964127571,67.8183906749274,68.94420275850803,58.772544860839844,60.62212371826172,66.299736,68.75,67.44,68.94,63.433125
2026-12-02 23:27:47,61.6,65.43755695436225,64.5,62.438454861111104,61.38393095284547,60.76702577857215,60.91654968261719,62.100440979003906,62.08209,60.3,60.66,61.72,62.488075
2026-12-02 23:27:52,58.1,57.59145956300936,57.53333333333334,57.581101870792175,58.677586112515115,57.56088760646355,60.689754486083984,62.38182830810547,57.65546,56.8,56.34,57.66,57.914856
2026-12-02 23:27:56,66.6,70.841672137394,68.14999999999999,65.56258333333334,64.20176963000485,66.37509566915924,59.61494445800781,61.617313385009766,66.37636,64.7,65.06,66.75,65.5879
2026-12-02 23:28:01,78.9,90.42115157857498,85.42500000000001,74.99766666666667,74.77710719076195,90.96998806470079,59.134273529052734,61.06465148925781,82.246826,76.56,74.7,79.1,83.12588
2026-12-02 23:28:06,85.7,99.97712948080158,85.42500000000001,75.26046666666667,78.62586795625367,140.5746580490822,59.64139938354492,61.17070388793945,87.41809,78.2,74.6,81.8,96.042076
2026-12-02 23:28:10,59.7,60.39062092921349,60.975,60.05772380952381,63.22244077632408,60.85569157053487,60.2899055480957,61.25554275512695,59.29138,58.72,56.7,60.03,59.407578
2026-12-02 23:28:15,64.8,67.48459129535883,64.5,63.46194005847952,62.18787766840502,65.29255204958035,60.93040466308594,62.56859588623047,63.77124,62.8,62.8,64.25,63.22046
2026-12-02 23:28:20,66.7,72.62538602097356,74.5,66.87433333333333,65.06766937718099,76.2529526351277,61.784759521484375,62.831085205078125,67.13582,64.1,64.25,66.3,67.552155
2026-12-02 23:28:24,71.9,74.2479630552672,72.225,70.12716666666667,68.7814883921452,70.35687720640266,60.69138717651367,62.20774459838867,68.64311,69.9,68.4,71.75,67.09018
2026-12-02 23:28:29,63.300000000000004,65.89892260607441,65.525,64.8374195957567,64.2969401320692,64.16107978846647,61.796714782714844,62.95476150512695,63.624672,63.7,61.9,64.44,61.913822
2026-12-02 23:28:34,63.0,64.00453591541041,61.349999999999994,61.263216666666665,61.37181076553371,61.99592334650102,62.060340881347656,63.4599723815918,62.421898,60.9,60.5,61.88,61.167114
2026-12-02 23:28:39,62.6,64.11871399768702,61.349999999999994,61.19541111111111,61.35962324092145,61.79192190833394,61.99788284301758,63.425323486328125,62.347935,60.9,60.6,61.9,61.167114
2026-12-02 23:28:43,53.2,55.518605797442106,53.85,54.94965922619047,55.77131452909168,55.23047296970826,61.30839157104492,62.98613357543945,54.869286,54.38,54.9,55.28,57.182472
2026-12-02 23:28:48,56.9,57.67101160251547,56.349999999999994,57.35830550551029,57.309657671969035,57.304222966226064,60.24842834472656,61.98377990722656,57.20007,56.84,56.8,57.44,57.914856
2026-12-02 23:28:53,61.099999999999994,64.09742244796476,61.5,61.82442063492063,60.81475880788626,62.11073553297269,59.48811721801758,60.8713264465332,61.95456,60.97,61.03,61.8,61.167114
2026-12-02 23:28:57,64.0,69.04587774027522,70.33333333333333,64.23766666666667,63.43533804330067,62.4354800875776,58.86934280395508,60.235103607177734,64.787346,62.22,62.66,64.0,64.855515
2026-12-02 23:29:02,71.4,80.00808982522639,73.625,70.42406666666668,69.38961239322077,73.54669264282087,57.88771438598633,59.69792556762695,73.17767,68.4,67.1,70.25,73.956345
2026-12-02 23:29:07,66.5,72.27694776769565,69.25,65.02938095238095,65.91633975156898,77.1415963130914,57.823665618896484,59.4022216796875,67.88009,63.66,63.28,66.4,67.552155
2026-12-02 23:29:12,82.0,94.14565473840302,85.42500000000001,74.67933333333335,76.7235456687557,92.5387334804894,58.42308044433594,59.93317413330078,84.95448,78.1,75.9,80.94,87.54113
2026-12-02 23:29:16,74.2,81.28934010608597,73.625,67.59716666666667,70.84594889830774,82.28282944215992,59.45848846435547,60.38539123535156,75.642296,69.06,67.1,72.9,74.68873
2026-12-02 23:29:21,74.0,79.38366797000884,73.625,69.4215,70.35038773703883,73.31617329554656,60.17012023925781,61.59087371826172,74.28198,69.94,68.56,73.5,72.06521
2026-12-02 23:29:26,67.4,75.95917526931319,73.625,66.76866666666665,67.48676627042975,70.19150315704795,61.78736877441406,62.99983596801758,70.66553,65.9,64.94,68.3,70.58611
2026-12-02 23:29:30,67.0,74.13789035988482,73.75,65.75516666666667,66.82153194065732,65.41303497889274,61.4711799621582,63.065643310546875,69.45949,66.1,65.2,68.94,68.28454
2026-12-02 23:29:35,55.3,55.193204501442075,54.36666666666667,55.07614136904762,57.03689407877635,55.26757666835635,61.69771957397461,63.38639831542969,54.788685,54.38,54.4,55.4,57.182472
2026-12-02 23:29:40,76.2,85.38196140300062,73.625,74.43833333333333,71.6103042100889,84.31893129977487,61.226341247558594,63.23431396484375,77.50046,73.44,72.3,75.2,78.38344
2026-12-02 23:29:44,68.5,74.11212077074858,74.5,65.99849999999999,67.57804629482213,65.59287733292467,60.75651931762695,62.2989387512207,69.39692,66.0,64.7,69.0,68.28454
2026-12-02 23:29:49,66.80000000000001,72.56475217759997,74.5,65.44749999999999,65.29985984276593,77.06685740725138,60.99397659301758,62.65147018432617,67.41374,63.84,63.7,66.3,67.552155
2026-12-02 23:29:54,68.4,74.34606213812643,74.5,66.11416666666666,66.37112889899122,65.45375733846699,61.00436782836914,62.40491485595703,69.11694,66.2,65.44,68.94,68.28454
2026-12-02 23:29:59,61.7,65.26338543553094,64.5,62.48544444444444,61.6042947951907,60.120290620970856,61.226959228515625,62.460365295410156,61.723034,60.16,60.3,61.9,62.488075
2026-12-02 23:30:03,73.5,83.80266857035676,73.625,73.676,70.73948655768972,131.70935694713967,60.651309967041016,62.19411087036133,75.551094,70.6,69.1,72.25,77.651054
2026-12-02 23:30:08,68.4,76.14374389310242,73.625,66.39201041666666,67.5570365305981,71.10854530704634,59.6178092956543,61.11697769165039,70.80906,65.5,64.6,68.44,70.58611
2026-12-02 23:30:13,69.8,77.72365911719565,73.625,67.4083,68.57996563555675,66.54066890686155,59.21384811401367,61.04737091064453,72.496895,67.8,66.75,70.94,71.3185
2026-12-02 23:30:17,63.2,68.78192569293388,70.33333333333333,63.43567708333333,63.81290475832925,61.902469689121475,60.17869186401367,61.612850189208984,64.594406,62.03,61.75,64.2,64.855515
2026-12-02 23:30:22,64.5,68.99928176200345,70.33333333333333,63.335880952380954,63.3248554072307,62.217355371994586,60.0516357421875,61.82059097290039,64.5234,62.12,62.28,64.06,64.855515
2026-12-02 23:30:27,72.7,77.8515669743329,73.625,68.70266666666667,68.59013117248989,66.57111832034889,59.843345642089844,61.76869201660156,72.56002,68.1,67.25,70.9,71.3185
2026-12-02 23:30:32,62.900000000000006,65.2468614232095,64.5,61.97462152777778,62.44369477238682,60.573681802239854,60.25136184692383,61.84661102294922,61.707542,60.1,60.06,61.88,62.488075
2026-12-02 23:30:36,67.19999999999999,72.6021754742328,69.25,65.91799999999999,65.48634620930908,77.30865709394052,59.79923629760742,61.8848762512207,67.76165,64.1,64.2,66.25,67.552155
2026-12-02 23:30:41,73.30000000000001,79.46909680638369,73.625,69.34190000000001,70.19586672471226,74.2822610873839,59.54096984863281,61.45996856689453,74.174385,70.2,69.2,73.44,72.06521
2026-12-02 23:30:46,57.3,58.40864793910711,58.275,57.7778962962963,59.0557737680052,58.298381339820395,60.43468475341797,62.05199432373047,57.63031,56.28,56.25,57.66,58.675194
2026-12-02 23:30:50,63.900000000000006,69.16059871151741,67.4,64.72306666666667,62.94547575119286,62.038540455253184,60.223785400390625,62.32367706298828,64.37809,62.28,63.12,64.1,64.855515
2026-12-02 23:30:55,54.900000000000006,55.28278103593283,54.36666666666667,55.06710714285714,56.46854457672265,54.99682263190568,59.70647048950195,61.57522964477539,54.606995,54.34,54.72,55.44,57.182472
2026-12-02 23:31:00,61.900000000000006,62.98045589052156,63.8,62.62441833030853,61.25840223127951,62.356770142820864,58.78630065917969,60.885047912597656,61.271374,61.75,61.0,62.1,60.154285
2026-12-02 23:31:04,62.2,64.03712370646376,61.5,61.430590476190474,60.83432810636556,61.90207841828603,58.943687438964844,60.50238800048828,62.042835,60.94,60.72,61.84,61.167114
2026-12-02 23:31:09,64.8,70.83348118343298,70.33333333333333,65.25161111111112,64.55037333817874,66.6383250350058,58.67903518676758,60.433326721191406,66.54093,64.56,64.25,66.6,65.5879
2026-12-02 23:31:14,72.1,77.86834905843708,73.625,68.50116666666668,68.56828131395042,66.41361779684217,58.724246978759766,60.456119537353516,72.43156,68.1,67.1,70.9,71.3185
2026-12-02 23:31:19,63.8,68.75882499266224,70.33333333333333,63.34617708333333,63.90679912426682,61.902469689121475,58.908790588378906,60.53069305419922,64.74364,62.03,61.75,64.1,64.855515
2026-12-02 23:31:23,57.0,55.3265720007171,54.7,54.68398809523809,56.4722259345151,55.20272700197307,58.8884391784668,60.74355697631836,54.613495,54.34,54.66,55.38,57.182472
2026-12-02 23:31:28,60.1,62.07464679992199,59.675000000000004,59.442685185185184,58.61604542733398,60.559302335017094,58.850074768066406,60.62361526489258,60.2103,58.34,59.6,59.53,60.43473
2026-12-02 23:31:33,60.3,60.68805058266761,60.975,59.819152958152955,60.137338314008865,59.7982203074746,57.9043083190918,59.69768142700195,59.968327,58.88,58.6,59.75,59.407578
2026-12-02 23:31:37,59.7,62.046924231206944,60.95,59.07986226851852,58.80758450143869,60.55459204335974,57.83169937133789,59.640316009521484,60.468834,58.3,59.25,59.53,60.43473
2026-12-02 23:31:42,55.5,54.866003424541816,55.20810810810811,55.35200170368131,56.33767557615389,55.30352035246591,57.525691986083984,59.34004211425781,55.081482,54.62,54.12,55.28,56.648388
2026-12-02 23:31:47,60.7,65.5197499525963,64.5,62.993027777777776,60.93008484834437,60.40244025628807,57.497711181640625,59.12654113769531,61.801975,60.44,61.75,61.78,62.488075
2026-12-02 23:31:52,57.800000000000004,57.466571375555176,57.36666666666667,57.13043340201465,58.54719096280107,57.49808032895292,56.75063705444336,58.55655288696289,57.478363,56.75,56.25,57.62,57.914856
2026-12-02 23:31:56,61.099999999999994,60.87840383072382,60.975,59.94409577922078,58.95273892082516,59.764941603128456,57.0058708190918,58.600894927978516,59.70189,58.94,58.94,59.7,59.407578
2026-12-02 23:32:01,63.7,64.76392206278426,64.37923076923077,64.6793166282139,63.991031777321936,64.22924039358885,57.04837417602539,58.43295669555664,62.95161,64.25,62.97,64.4,60.909855
2026-12-02 23:32:06,60.7,62.796463691461376,63.8,62.30986212740269,62.214962286791696,61.764926593826175,57.86735153198242,58.946781158447266,61.35058,61.72,60.34,62.0,60.154285
2026-12-02 23:32:10,56.9,57.15199540151691,56.650000000000006,56.94964229180874,58.26610560440746,57.1353439532087,58.27018356323242,59.574275970458984,57.852375,57.25,55.88,57.5,57.395096
2026-12-02 23:32:15,75.69999999999999,81.31382804491332,74.9,76.07294444444445,72.07708532293374,78.56155006491076,58.334774017333984,59.7568473815918,75.201805,74.2,74.0,76.0,72.82078
2026-12-02 23:32:20,59.0,58.55715534127564,58.275,58.08651851851852,58.966088007085894,58.35737575098094,59.30491256713867,60.72581100463867,57.59087,56.28,56.2,57.7,58.675194
2026-12-02 23:32:24,60.7,65.58998378805553,64.5,63.41744444444444,60.604280940246426,60.69960339178603,58.81254577636719,60.95561981201172,61.831455,60.3,61.34,61.84,62.488075
2026-12-02 23:32:29,53.7,54.75535319574897,54.8,55.148777526518316,56.494613912054156,55.112371686781536,58.531944274902344,60.31492614746094,54.981724,54.62,54.06,55.44,56.648388
2026-12-02 23:32:34,62.1,62.11680533149607,61.763636363636365,61.900261896929536,61.71367152861268,62.15613250979284,58.27170181274414,59.88016128540039,61.34998,62.1,61.2,62.1,59.417133
2026-12-02 23:32:39,55.2,54.65701813177636,54.199999999999996,55.508416952394576,55.63320791002019,55.066074836702754,59.06813430786133,59.914649963378906,55.013573,54.66,54.25,55.2,56.648388
2026-12-02 23:32:43,65.9,70.92036765965491,68.14999999999999,66.27275,64.31075241749619,66.22336520353417,58.37775802612305,59.61554718017578,66.1833,64.75,65.3,66.75,65.5879
2026-12-02 23:32:48,57.3,57.776510259100725,58.05,57.68349850451528,58.97021605459489,57.515000189944935,57.9951171875,59.4102668762207,57.472515,56.78,56.0,57.66,57.914856
2026-12-02 23:32:53,58.2,59.93266742483107,59.90909090909091,59.853782035461265,59.64593885297802,59.668660687563005,57.861209869384766,59.363826751708984,59.78212,59.53,58.56,59.78,58.661564
2026-12-02 23:32:57,65.7,69.23324775993468,66.68181818181819,65.87733965848966,64.7397388727262,66.51563144946613,58.15810775756836,59.2436408996582,65.626045,65.8,64.94,66.8,63.96717
2026-12-02 23:33:02,64.6,67.26146476086554,64.5,62.201299999999996,63.23633699534116,65.25527799545748,58.464561462402344,59.74912643432617,64.21026,62.72,62.1,64.2,63.22046
2026-12-02 23:33:07,77.69999999999999,91.34254177587607,85.42500000000001,77.73999999999998,73.91665869460901,136.91086583802962,58.46966552734375,59.95257568359375,80.447525,74.3,72.06,75.9,86.062035
2026-12-02 23:33:12,57.9,58.39679077877855,58.275,58.2939074074074,60.76180689481764,59.40976516103541,57.79182052612305,59.24059295654297,56.96334,56.25,55.75,57.8,58.675194
2026-12-02 23:33:16,62.0,61.964607307977154,61.763636363636365,62.02062859055212,62.019146425370764,62.111757902143786,58.3080940246582,60.182621002197266,61.560974,62.0,60.8,62.2,59.417133
2026-12-02 23:33:21,63.0,64.18555649885529,60.699999999999996,61.70123333333333,60.27893295025551,62.03391027696018,59.727699279785156,60.72850036621094,61.766815,60.97,60.97,61.9,61.167114
2026-12-02 23:33:26,63.699999999999996,67.47883772180307,64.5,62.76351111111111,62.421239940888384,65.31504425930167,59.363067626953125,60.8773193359375,63.835293,62.78,62.6,64.3,63.22046
2026-12-02 23:33:30,69.1,76.30920382201191,73.625,69.2774,67.0869617610373,70.16699190216877,59.04549026489258,60.838951110839844,70.05551,66.5,65.9,68.44,70.58611
2026-12-02 23:33:35,70.3,77.60304316800753,73.625,67.45963333333333,68.53460403835096,66.41789557417027,58.46892166137695,60.21728515625,72.553215,67.8,66.75,70.94,71.3185
2026-12-02 23:33:40,58.5,61.772432111093295,60.95,58.8521638558201,60.589962577274086,59.83471446881163,59.03770065307617,60.61790466308594,60.649708,58.2,58.28,59.75,60.43473
2026-12-02 23:33:44,62.8,67.35677427526029,64.5,62.56160158730158,62.872507269968395,65.49266783143717,59.2132682800293,60.995262145996094,64.197556,62.78,62.56,64.25,63.22046
2026-12-02 23:33:49,61.7,63.97249705559094,61.5,61.236518253968256,61.93305736432018,61.798608086365526,59.542789459228516,61.039772033691406,62.43208,60.84,60.34,61.94,61.167114
2026-12-02 23:33:54,61.0,62.8547964456992,63.8,62.26175690878849,62.58468385309587,62.072344739149585,59.49403381347656,61.19035339355469,61.433918,61.7,60.3,62.1,60.154285
2026-12-02 23:33:59,70.30000000000001,76.00297372319005,70.55,68.63094444444445,68.15075969576144,71.14441870121861,60.057613372802734,61.46909713745117,71.1597,69.06,68.44,71.44,69.03124
2026-12-02 23:34:03,64.8,68.97214423602748,66.68181818181819,65.03839523809523,66.40684566041598,66.34795964051636,60.241886138916016,61.91901779174805,65.9738,65.56,63.53,66.8,63.96717
2026-12-02 23:34:08,61.1,61.94967853255922,60.95,58.86758449074074,59.51366970550932,60.45041464981525,60.74287796020508,62.71620559692383,60.473274,58.25,58.72,59.6,60.43473
2026-12-02 23:34:13,61.5,64.03388559331374,61.5,61.221827777777776,61.32633108883772,61.75055197065519,60.41864013671875,62.490516662597656,62.15508,60.9,60.66,61.9,61.167114
2026-12-02 23:34:17,66.6,69.12128729162018,66.68181818181819,65.0321604821507,65.03794467644101,66.29923256439056,60.139556884765625,62.025753021240234,65.75541,65.7,64.44,66.75,63.96717
2026-12-02 23:34:22,57.4,59.939368614581696,60.95,59.83566666666667,57.54484500721591,55.38463626299043,60.7203369140625,62.20812225341797,56.417946,56.6,57.53,57.62,59.72153
2026-12-02 23:34:27,61.2,60.65651763970932,60.03333333333333,60.05937929292929,60.04033570323765,60.083398682699624,59.17129135131836,61.26288604736328,60.092865,58.88,58.75,59.8,59.407578
2026-12-02 23:34:32,75.7,87.72843435014423,85.42500000000001,77.04866666666665,72.13567582210621,137.31140340536643,59.02272415161133,60.77386474609375,77.79731,73.0,71.44,74.4,81.64678
2026-12-02 23:34:36,66.6,74.43834632086944,73.625,69.67049999999999,65.87425863850034,120.99232098188594,58.0097541809082,59.67880630493164,68.28575,64.4,63.22,66.25,69.87292
2026-12-02 23:34:41,69.5,76.19333781482769,73.625,67.67116666666665,66.94300395737456,70.80292098718662,57.5198974609375,59.52839279174805,70.33452,65.94,65.3,68.5,70.58611
2026-12-02 23:34:46,72.9,79.40401821925425,73.625,69.99616666666665,69.87508994100818,73.33277121732058,58.05519485473633,59.667152404785156,73.9685,70.06,69.0,73.56,72.06521
2026-12-02 23:34:50,57.4,58.42287397245859,59.166666666666664,57.77775661375661,58.93790626913783,88.30613982513722,59.630741119384766,60.81466293334961,57.52679,56.28,56.28,57.7,58.675194
2026-12-02 23:34:55,54.5,55.423894493604024,54.36666666666667,55.11325089285714,55.191488818750045,55.050364469608795,59.31220245361328,61.16939926147461,54.884983,54.38,55.2,55.28,57.182472
2026-12-02 23:35:00,63.2,65.44258508075825,64.5,62.90817777777778,60.718660374710446,53.8735000589915,58.73722457885742,60.62723922729492,61.838985,60.38,61.56,61.8,62.488075
2026-12-02 23:35:04,57.9,58.59241838526111,58.275,57.682874966931216,57.680855616691545,58.29372360330378,57.65206527709961,59.75382614135742,57.359146,56.28,56.97,57.56,58.675194
2026-12-02 23:35:09,57.7,58.678424670701915,59.166666666666664,57.57333528439153,57.04538448387188,57.69882089672369,57.03081130981445,59.131683349609375,57.05417,56.34,57.3,57.47,58.675194
2026-12-02 23:35:14,52.6,52.37357547480823,52.38,52.66181428571429,53.017207054054296,53.08278560665675,56.910919189453125,58.70870590209961,53.201534,52.28,52.84,52.94,55.916004
2026-12-02 23:35:19,65.1,67.47971097601496,64.5,63.63502380952381,62.35755598714539,65.90582258153145,56.3745231628418,58.023895263671875,64.027916,62.9,63.4,64.25,63.22046
2026-12-02 23:35:23,62.3,65.43374001953836,64.5,62.10554761904762,61.20945444811824,60.59301044725356,56.552425384521484,57.82509994506836,61.87061,60.25,60.66,61.75,62.488075
2026-12-02 23:35:28,59.8,60.824823064296396,60.975,59.8261176046176,60.588582122962755,59.64654440453011,56.44502258300781,57.91758346557617,60.165623,58.84,58.38,59.8,59.407578
2026-12-02 23:35:33,54.7,55.35813866822922,54.36666666666667,55.02285803571428,55.33836774294194,55.26625866299332,57.007896423339844,58.287353515625,54.88075,54.38,55.06,55.22,57.182472
2026-12-02 23:35:37,55.6,54.78636766436939,54.0,54.594605132465006,55.699449205378514,54.92944944220396,56.26084899902344,57.6190185546875,55.01696,54.66,54.5,55.2,56.648388
2026-12-02 23:35:42,59.6,61.967578516350486,59.675000000000004,59.208696296296296,58.75052811696326,60.47207662951725,55.90446090698242,57.1955680847168,60.090218,58.38,59.78,59.53,60.43473
2026-12-02 23:35:47,64.1,67.27017703107015,64.5,62.53332380952381,62.93465441059875,65.47253893770538,55.3936882019043,56.974578857421875,64.24167,62.78,62.56,64.25,63.22046
2026-12-02 23:35:52,69.69999999999999,72.48511137491678,70.33333333333333,66.31467658730159,66.8559980537547,68.5236537370899,56.0929069519043,57.475799560546875,68.278915,67.4,66.0,69.1,66.33461
2026-12-02 23:35:56,59.7,58.6265938798911,58.275,57.66557337962963,58.168999218000465,58.37410746646454,57.44406509399414,58.732444763183594,57.417896,56.3,56.53,57.56,58.675194
2026-12-02 23:36:01,60.8,60.66531389535276,59.6,59.72925786435786,59.51967493190871,59.531222023712836,57.60308074951172,59.2668342590332,59.904186,58.9,58.8,59.75,59.407578
2026-12-02 23:36:06,57.8,57.57320654906258,56.349999999999994,57.14896234198057,57.77283974804305,57.172430664104034,57.81192398071289,59.42499923706055,57.23625,56.8,56.5,57.47,57.914856
2026-12-02 23:36:10,64.5,70.978653774326,73.3,69.9,63.65140960364859,69.0113036500214,57.65559387207031,59.255760192871094,65.28492,63.75,63.72,64.06,66.83895
2026-12-02 23:36:15,60.699999999999996,59.58660818513343,59.90909090909091,60.20848472287946,61.04611585203488,59.97601688427562,56.27515411376953,58.239341735839844,60.132652,59.47,57.8,60.1,58.661564
2026-12-02 23:36:20,78.5,87.05226357082098,73.625,76.01466666666666,73.19893401133527,81.90809138154839,57.24983596801758,58.82414627075195,79.78064,75.5,74.5,77.56,79.13015
2026-12-02 23:36:24,71.2,79.82475253211204,73.625,69.28983333333333,69.11452105212953,72.28834583633939,58.0890007019043,59.4476432800293,73.16855,67.5,66.0,70.4,73.956345
2026-12-02 23:36:29,57.3,56.9366623667518,57.550000000000004,57.73684294721256,59.517497166707116,56.965281286277694,58.120216369628906,59.990936279296875,58.21528,57.22,55.12,57.94,57.395096
2026-12-02 23:36:34,63.6,65.72327082941909,64.5,64.18066666666667,60.559180566189156,60.3854055712136,59.39579391479492,60.884544372558594,61.64695,60.44,61.8,61.9,62.488075
2026-12-02 23:36:39,57.4,58.635870778182756,59.166666666666664,58.06428042328042,57.43558376077691,57.58600895971965,58.88799285888672,60.49884033203125,57.210587,56.28,57.03,57.62,58.675194
2026-12-02 23:36:43,67.4,74.63787489631186,73.75,67.34066666666666,65.87994876976579,66.0818533938783,57.672386169433594,59.62534713745117,68.75112,66.56,66.6,69.0,68.28454
2026-12-02 23:36:48,63.9,67.2106851690457,64.5,62.38783333333333,63.86706662381398,65.37942994255812,57.726356506347656,59.36528015136719,63.730873,62.66,61.84,64.4,63.22046
2026-12-02 23:36:53,50.9,49.96205011579873,50.55,52.11799999999999,51.52961042657305,51.120559234467855,58.257965087890625,59.936893463134766,51.50667,50.8,51.4,51.2,55.202805
2026-12-02 23:36:57,60.699999999999996,62.09273540316343,59.675000000000004,60.08896296296296,58.309209390330565,60.853483031466745,57.399009704589844,59.28409194946289,59.9992,58.38,60.06,59.62,60.43473
2026-12-02 23:37:02,64.2,67.39297285988768,64.5,62.62157777777777,62.74531399754601,65.3995282471297,57.00026321411133,58.466915130615234,64.14381,62.78,62.6,64.25,63.22046
2026-12-02 23:37:07,69.3,78.36827494060483,73.625,72.706,67.69309295239816,123.45411544935043,56.97461700439453,58.46840286254883,70.91968,67.5,66.0,68.0,73.24314
2026-12-02 23:37:12,64.9,67.12206728700733,64.5,62.63183333333333,64.80709351754545,65.54985156998536,56.07501220703125,57.61473846435547,63.537872,62.6,61.7,64.5,63.22046
2026-12-02 23:37:16,65.6,68.96282469158542,68.14999999999999,63.61233333333333,63.19152719668436,61.81859361699381,57.21338653564453,58.60721969604492,64.58871,62.16,62.44,64.06,64.855515
2026-12-02 23:37:21,69.0,74.22398820914363,73.3,65.83177777777777,66.35967205875524,65.60549775278477,57.14471435546875,58.767112731933594,69.49396,66.25,65.6,68.9,68.28454
2026-12-02 23:37:26,51.900000000000006,49.92213994363108,50.55,52.2492222222222,52.251812191966174,51.309941626499736,57.97526550292969,59.508113861083984,51.294292,50.84,51.12,51.3,55.202805
2026-12-02 23:37:30,51.6,52.56144025178305,52.983333333333334,53.170453988603995,52.378061150346014,53.128041235340305,57.22349548339844,59.33045196533203,53.364864,52.3,53.4,52.97,55.916004
2026-12-02 23:37:35,65.1,72.75897085588532,74.5,68.05066666666666,65.03625820715469,69.05908510816789,56.43208694458008,58.093238830566406,66.96492,64.9,65.6,66.56,67.552155
2026-12-02 23:37:40,60.8,63.86039977975926,61.5,61.434916666666666,62.67246314331515,61.68769352959576,55.43703842163086,57.17038345336914,62.193413,60.78,60.1,62.1,61.167114
2026-12-02 23:37:44,56.2,57.57072686769863,57.36666666666667,57.3525345954971,58.07982415510537,57.537215592154425,56.54238510131836,58.208412170410156,57.28317,56.78,56.34,57.56,57.914856
2026-12-02 23:37:49,61.5,63.0526297909926,63.8,62.42609913673071,61.55418993247171,62.00719344651359,57.180633544921875,58.56886672973633,61.22749,61.72,60.78,62.03,60.154285
2026-12-02 23:37:54,55.599999999999994,56.53792073892795,59.166666666666664,58.220666666666666,55.02526942711353,56.51798367301052,57.59233856201172,58.8357048034668,55.140064,54.6,55.97,55.47,57.961994
2026-12-02 23:37:59,59.900000000000006,60.751279692471684,60.03333333333333,60.201269191919195,59.48547784652278,60.14501146852129,56.557071685791016,58.223262786865234,59.911903,58.9,58.94,59.78,59.407578
2026-12-02 23:38:03,56.1,55.490578709407416,53.85,55.017117559523804,55.262655462985414,55.187847798269736,56.29143142700195,57.756473541259766,54.876457,54.38,55.1,55.25,57.182472
2026-12-02 23:38:08,53.7,54.85590604509027,53.55,55.12919847966361,55.77516858795116,55.21173222746195,55.907901763916016,57.333152770996094,55.03595,54.66,54.53,55.22,56.648388
2026-12-02 23:38:13,62.1,62.248304240469366,61.957142857142856,62.0245967700042,61.972749628106214,62.22151921161698,55.58803939819336,56.680294036865234,61.403675,62.1,61.12,62.03,59.417133
2026-12-02 23:38:17,60.5,60.871515408595656,61.03333333333333,60.06209419191919,59.18648043158313,59.90141087868429,56.394874572753906,57.33234405517578,60.000496,58.94,58.7,59.62,59.407578
2026-12-02 23:38:22,56.099999999999994,55.39502761156143,54.7,55.00320618386243,55.30809454819493,55.28262790271535,56.672142028808594,58.05710983276367,54.874813,54.38,55.06,55.25,57.182472
2026-12-02 23:38:27,55.599999999999994,56.748659319137595,58.275,58.099583333333335,54.8042075038494,57.18863489412427,56.409820556640625,57.81048583984375,55.24735,54.62,56.3,55.44,57.961994
2026-12-02 23:38:32,57.2,55.520463600367414,53.85,54.934089781746025,55.17541428176555,55.39281947158197,55.162925720214844,56.723876953125,54.848053,54.38,55.28,55.28,57.182472
2026-12-02 23:38:36,61.6,64.05255222194491,61.5,61.6777873015873,60.62756519908318,61.98258329876918,54.982208251953125,56.27912902832031,61.90901,60.97,61.12,61.88,61.167114
2026-12-02 23:38:41,72.5,81.62788984225111,73.625,70.296,70.31240745293687,82.320445085335,55.27639389038086,56.320003509521484,75.53587,70.8,69.44,72.9,74.68873
2026-12-02 23:38:46,68.3,74.10845041149933,69.25,65.34996666666666,67.59590336905796,65.4674464653298,56.133121490478516,57.14108657836914,70.06862,66.06,64.7,68.94,68.28454
2026-12-02 23:38:50,58.4,58.52551281088644,58.275,57.72820830026455,58.50927575211558,58.299729593215,57.34950256347656,58.63406753540039,57.384518,56.25,56.47,57.62,58.675194
2026-12-02 23:38:55,65.3,69.04906171440786,68.14999999999999,64.40673333333334,63.01433672757467,62.07611315785014,57.84095001220703,59.40738296508789,64.37258,62.25,63.03,64.1,64.855515
2026-12-02 23:39:00,73.5,81.78086182360741,73.625,69.87100000000001,70.21498397976218,82.48939715457449,57.57779312133789,59.26393127441406,75.66829,70.4,68.9,72.9,74.68873
2026-12-02 23:39:04,66.3,70.69096995970162,67.4,64.21963333333333,66.53892444991224,66.4886561058603,57.73575973510742,59.4356575012207,66.81224,64.25,63.06,66.75,65.5879
2026-12-02 23:39:09,58.7,60.685348865213776,60.975,59.758023809523806,61.07884512007897,59.764941603128456,58.68229293823242,60.54027557373047,60.263733,58.8,58.06,59.84,59.407578
2026-12-02 23:39:14,68.30000000000001,72.93319592519325,73.3,66.58933333333333,65.38088311202407,77.5747550203477,59.43204879760742,61.286346435546875,67.787476,64.5,64.7,66.3,67.552155
2026-12-02 23:39:19,58.3,57.44543306846472,57.36666666666667,57.142372354497354,59.05353165293956,57.511650620028504,59.12215805053711,61.05181884765625,57.275948,56.75,55.9,57.72,57.914856
2026-12-02 23:39:23,58.6,58.82773165872178,58.275,57.779552744708994,56.564549868675016,58.15087250721364,59.195674896240234,61.235469818115234,56.85989,56.38,57.44,57.4,58.675194
2026-12-02 23:39:28,68.2,76.27892319218063,73.625,69.67033333333333,67.0677955580843,62.534988100587086,58.61246109008789,60.579345703125,70.36626,66.9,66.56,68.5,70.58611
2026-12-02 23:39:33,71.5,75.84128390178189,74.5,67.61983333333333,68.4165943343564,71.88118077002034,57.6906623840332,59.549560546875,71.123116,68.7,67.2,71.5,69.03124
2026-12-02 23:39:37,61.599999999999994,65.30874582592527,64.5,62.4345,61.62300723044534,60.548922709044994,58.806488037109375,60.35541534423828,61.69614,60.16,60.2,61.88,62.488075
2026-12-02 23:39:42,56.3,57.5909453414984,57.53333333333334,57.46212631311184,58.49742041302937,57.565948503311205,58.93846893310547,60.73965835571289,57.354477,56.75,56.25,57.62,57.914856
2026-12-02 23:39:47,56.4,56.7518080639637,58.275,58.341833333333334,54.70210311362658,57.18863489412427,59.226463317871094,60.788238525390625,55.135593,54.62,56.28,55.47,57.961994
2026-12-02 23:39:52,62.300000000000004,65.52223179181223,64.5,63.18213492063492,60.7247913887982,61.09714093710679,57.64261245727539,59.55867004394531,61.89718,60.34,61.4,61.84,62.488075
2026-12-02 23:39:56,57.2,57.76670179733708,58.05,57.49553335421888,58.52610398132153,57.565948503311205,56.660255432128906,58.53545379638672,57.368965,56.78,56.25,57.62,57.914856
2026-12-02 23:40:01,64.7,67.57944784539085,64.5,62.99356666666666,62.349670712882606,65.53008954606901,56.901939392089844,58.53446578979492,64.131134,62.88,62.97,64.25,63.22046
2026-12-02 23:40:06,58.599999999999994,61.9364235770999,60.95,58.92166385582011,59.48332820595175,60.38709313115158,57.22661209106445,58.622093200683594,60.44875,58.25,58.8,59.62,60.43473
2026-12-02 23:40:10,69.8,78.40107321094266,73.625,72.72900000000001,67.76998531747137,122.8451268279521,56.82649230957031,58.61732482910156,71.08237,67.75,66.4,68.06,73.24314
2026-12-02 23:40:15,72.7,81.53743242668092,73.625,68.6555,70.24861440551102,82.01227935805369,56.06888961791992,57.850833892822266,75.81123,69.75,68.1,72.9,74.68873
2026-12-02 23:40:20,57.599999999999994,57.48406899869194,56.349999999999994,57.322508585858586,59.48090864150537,57.39651342423616,57.44347381591797,58.79634475708008,57.390003,56.75,55.47,57.78,57.914856
2026-12-02 23:40:24,60.0,63.822843164036065,64.5,64.35766666666666,59.098180722748694,72.88130391721172,58.08299255371094,59.638004302978516,58.8077,58.72,60.2,59.72,61.774876
2026-12-02 23:40:29,61.0,63.9114055526803,60.699999999999996,61.69261111111111,61.48933699077494,62.17165576197974,57.21117401123047,58.960693359375,62.121098,60.84,60.62,62.06,61.167114
2026-12-02 23:40:34,58.8,60.10498610149262,60.95,60.60783333333333,56.899362413062654,56.038745416525764,57.22319412231445,59.05858612060547,56.641483,56.66,57.88,57.66,59.72153
2026-12-02 23:40:39,58.0,59.88459739878253,60.95,60.57219047619048,56.75331122679123,55.81588671756316,56.59286880493164,58.6402702331543,56.78368,56.66,58.06,57.7,59.72153
2026-12-02 23:40:43,61.0,61.908068722700875,60.95,59.31624004629629,58.97215235066686,60.5365093920445,55.928672790527344,57.824790954589844,60.67222,58.28,59.28,59.66,60.43473
2026-12-02 23:40:48,56.199999999999996,55.36867932836409,54.7,54.74420089285714,55.61833736300769,55.26123845071515,55.92729568481445,57.564674377441406,54.767128,54.34,54.97,55.3,57.182472
2026-12-02 23:40:53,52.5,52.235952708672116,52.983333333333334,52.91492287087913,52.631884686797726,53.14467424695444,55.903350830078125,57.349735260009766,53.27569,52.3,53.06,52.94,55.916004
2026-12-02 23:40:57,66.4,68.88141033112235,70.33333333333333,67.971,63.09867601770132,50.61402601506976,55.43400573730469,56.745479583740234,64.29362,62.38,63.62,64.2,64.855515
2026-12-02 23:41:02,71.4,72.67063295902368,70.17500000000001,70.84697048460801,69.19994878488946,70.99578646141711,55.12294387817383,56.36662673950195,68.51699,70.56,69.25,71.5,65.486465
2026-12-02 23:41:07,68.2,74.69405501652064,73.625,71.715,65.87899221772466,121.1289164582719,57.27199172973633,58.09298324584961,68.56103,65.4,64.2,66.06,69.87292
2026-12-02 23:41:12,60.0,61.843472551394655,60.95,59.77462962962963,60.099132301833464,60.6049236463221,56.28145217895508,57.93440246582031,60.58322,58.2,58.62,59.94,60.43473
2026-12-02 23:41:16,52.4,50.02389000695604,50.55,52.633166666666654,51.12349102694048,50.72219639489851,56.69920349121094,58.5467643737793,51.512833,50.8,51.72,51.25,55.202805
2026-12-02 23:41:21,57.099999999999994,56.823254849231226,58.275,58.968555555555554,54.207668615282756,56.875138917065165,55.806514739990234,57.630672454833984,55.065025,54.66,56.8,55.56,57.961994
2026-12-02 23:41:26,59.2,62.007708437577136,60.95,59.97674074074074,58.26883395224165,60.82114065876601,54.85613250732422,56.50347900390625,60.55461,58.3,59.6,59.7,60.43473
2026-12-02 23:41:30,59.7,61.984084548355405,60.95,59.08591782407407,59.08113205079989,60.464458980388656,54.95467758178711,56.273555755615234,60.437504,58.28,59.12,59.6,60.43473
2026-12-02 23:41:35,58.2,61.96925582082409,60.95,58.85879206349206,59.216694101632044,59.77080097257128,55.200157165527344,56.37200164794922,60.380962,58.28,59.1,59.6,60.43473
2026-12-02 23:41:40,58.2,60.06697256765999,60.95,60.02561111111111,57.3460366963261,55.96540159587092,55.43181228637695,56.617225646972656,56.210335,56.66,57.84,57.6,59.72153
2026-12-02 23:41:44,60.1,61.94958377876787,60.95,59.45864375,59.37277956080168,60.72672199250506,55.08998489379883,56.49810791015625,60.482628,58.3,59.2,59.6,60.43473
2026-12-02 23:41:49,60.2,63.98948192043953,61.5,61.12557777777778,61.74924430625491,61.82641356492544,55.441322326660156,56.63838577270508,62.387085,60.9,60.56,61.88,61.167114
2026-12-02 23:41:54,60.099999999999994,61.980767968097055,60.95,58.96925486111111,59.417344848050405,60.48584843238886,55.650054931640625,56.72868347167969,60.194042,58.3,58.94,59.53,60.43473
2026-12-02 23:41:59,67.9,72.60964334337578,69.25,66.08473333333333,65.54192343001587,77.50050212249323,55.79829025268555,57.021812438964844,68.08481,64.3,64.44,66.3,67.552155
2026-12-02 23:42:03,68.5,74.07683483891493,69.25,65.53479999999999,66.91561367258376,65.23247035282982,55.64236831665039,57.0755729675293,70.24241,66.2,65.25,68.8,68.28454
2026-12-02 23:42:08,60.900000000000006,61.84551534745771,60.95,58.89590740740741,60.4044950489302,60.44415926127864,56.86744689941406,58.497135162353516,60.49736,58.2,58.4,59.72,60.43473
2026-12-02 23:42:13,54.599999999999994,55.346346102789894,54.7,54.84602380952381,55.56657331623431,55.120702478526255,57.52801513671875,59.44767761230469,54.704056,54.34,54.97,55.28,57.182472
2026-12-02 23:42:17,48.5,47.012303155032164,49.4,48.86446666666667,48.74170911772029,48.951754101809975,57.42295837402344,59.343223571777344,50.1679,48.72,49.72,48.84,54.11654
2026-12-02 23:42:22,57.1,54.78208593863635,55.20810810810811,55.64380471051262,54.57591951197291,55.632979082494174,56.032718658447266,58.017452239990234,54.94909,54.7,55.03,55.16,56.648388
2026-12-02 23:42:27,66.8,72.89263443945482,74.5,68.25866666666666,65.23247154450816,76.7381250266861,55.50426483154297,57.008121490478516,67.243515,64.9,65.44,66.5,67.552155
2026-12-02 23:42:32,69.19999999999999,80.00144162430594,73.625,70.45866666666667,69.26849274841905,73.31752563771707,55.073909759521484,56.694942474365234,73.42043,68.1,66.8,70.3,73.956345
2026-12-02 23:42:36,56.9,55.40069806287541,54.36666666666667,55.13216666666666,57.604486432148036,55.16773148982054,55.64961242675781,57.07152557373047,54.579422,54.3,54.22,55.56,57.182472
2026-12-02 23:42:41,74.2,86.4044911042849,85.42500000000001,82.84499999999996,71.43340403817709,77.28279510233305,56.33639907836914,57.82572555541992,75.69844,72.06,70.4,72.25,80.93358
2026-12-02 23:42:46,69.7,74.34852633004205,74.5,66.57616666666667,67.87685285961197,65.7072915508878,55.46831512451172,56.781036376953125,69.30762,65.9,64.7,69.1,68.28454
2026-12-02 23:42:50,61.4,61.89231671571306,61.763636363636365,62.23327659950475,62.59081031311303,62.1890749385255,56.96572494506836,58.29280090332031,61.734653,61.9,59.8,62.3,59.417133
2026-12-02 23:42:55,63.8,69.0984678676944,69.36666666666666,65.919,62.89538119765195,61.3258422997801,58.561973571777344,59.56602096557617,64.199844,62.3,63.2,64.2,64.855515
2026-12-02 23:43:00,53.1,51.98827091545106,52.599999999999994,53.10900072242573,54.29700665554642,52.876174105213785,58.08652114868164,59.5938720703125,53.06793,52.2,51.6,53.28,55.56212
2026-12-02 23:43:04,55.099999999999994,53.313143324177126,53.474999999999994,54.665211111111105,52.09783836968977,53.66411010941194,57.37938690185547,59.19641876220703,53.394737,52.75,54.6,53.25,56.469273
2026-12-02 23:43:09,55.0,54.82734690803132,55.583333333333336,55.36485936682713,55.653908253614425,55.48135312407407,56.1008186340332,58.18401336669922,54.926582,54.62,54.7,55.3,56.648388
2026-12-02 23:43:14,57.199999999999996,60.09936596052463,59.675000000000004,61.18066666666667,56.8615406144485,56.058235739679986,55.8009033203125,57.29969787597656,56.752674,56.78,58.6,57.62,59.72153
2026-12-02 23:43:19,52.400000000000006,52.32290188976819,52.983333333333334,53.20822407407408,53.2809778286101,53.02536127990524,54.8545036315918,56.301788330078125,53.008972,52.28,52.88,53.16,55.916004
2026-12-02 23:43:23,62.599999999999994,64.1655713973724,60.699999999999996,62.04222222222222,60.12973694737151,62.09450841053859,54.800010681152344,55.70948028564453,61.71676,61.0,61.47,61.9,61.167114
2026-12-02 23:43:28,55.7,55.317680859207165,54.36666666666667,55.15701428571428,55.599743978939195,55.29604104315503,54.95497131347656,55.68324661254883,54.707504,54.34,54.9,55.3,57.182472
2026-12-02 23:43:33,51.8,49.6231384385501,49.075,50.801916975845295,51.13445308898924,50.795048976011984,55.196346282958984,55.86472702026367,51.5748,50.0,50.8,50.75,54.82974
2026-12-02 23:43:37,54.5,52.20276683308553,52.53186813186813,52.66553982178028,52.78656037542201,52.831585658483135,54.30291748046875,54.869422912597656,53.293648,52.2,52.47,52.84,55.56212
2026-12-02 23:43:42,59.6,58.983436531576565,58.275,58.24302962962963,56.43785778792545,58.51855959757713,53.458343505859375,53.922645568847656,56.67463,56.44,57.94,57.4,58.675194
2026-12-02 23:43:47,57.800000000000004,58.73379778613491,58.275,57.60599444444445,57.23189114877455,58.40629208003282,53.13454818725586,53.67715072631836,56.992493,56.34,57.28,57.44,58.675194
2026-12-02 23:43:52,55.1,55.420322586770425,53.85,54.61094047619047,55.33541868603913,54.87458464571684,53.31116485595703,53.995853424072266,54.796867,54.34,55.12,55.22,57.182472
2026-12-02 23:43:56,55.0,55.37992569741979,54.7,54.62635714285714,55.02957505063083,54.969364750162455,53.862274169921875,54.4873046875,54.8994,54.38,55.3,55.2,57.182472
2026-12-02 23:44:01,54.900000000000006,55.359332034138326,54.7,54.568079365079356,55.070446933817,55.31008537372844,53.849430084228516,54.528167724609375,54.887585,54.38,55.28,55.16,57.182472
2026-12-02 23:44:06,62.699999999999996,65.61261137140612,64.5,62.6164,61.08672955329166,60.76218401887752,54.049739837646484,54.66981506347656,61.895084,60.38,61.4,61.72,62.488075
2026-12-02 23:44:10,78.6,91.3983109154855,85.42500000000001,78.27866666666662,74.01953646190866,137.62276902890653,54.128936767578125,54.9324836730957,80.8884,74.25,72.0,75.9,86.062035
2026-12-02 23:44:15,60.3,60.42670065757534,60.975,60.20495396825397,62.460235184768926,61.1678957238654,54.39697265625,55.10403823852539,59.72863,58.72,57.06,60.03,59.407578
2026-12-02 23:44:20,56.7,57.76433878546967,56.349999999999994,57.267960287397784,57.581426720987025,57.481503092058794,56.22962951660156,57.39944839477539,56.97797,56.78,56.5,57.5,57.914856
2026-12-02 23:44:24,67.5,71.09648571593367,67.4,65.72266666666667,64.06953781439897,66.49444633989376,57.05837631225586,58.16433334350586,66.11287,64.7,64.9,66.7,65.5879
2026-12-02 23:44:29,56.9,56.557389960093865,58.275,58.797444444444444,55.200251723807426,57.010197603235554,57.1352653503418,58.604042053222656,54.993286,54.53,55.53,55.66,57.961994
2026-12-02 23:44:34,62.0,62.17481448557498,61.763636363636365,62.34256265603782,62.03525633973591,62.20444051232629,56.38886260986328,58.384178161621094,61.58403,62.03,60.9,62.22,59.417133
2026-12-02 23:44:39,58.5,59.8705522288895,59.90909090909091,59.992268292963665,59.75252344736384,59.740203231109426,57.468727111816406,58.672847747802734,59.74752,59.56,58.3,59.75,58.661564
2026-12-02 23:44:43,57.699999999999996,58.73345734266632,58.275,58.07774074074074,56.48790663080868,58.34886635675301,57.82414627075195,59.17778015136719,57.09049,56.4,57.4,57.44,58.675194
2026-12-02 23:44:48,65.1,64.9244499151587,64.37923076923077,64.83725408826068,63.67768828416667,64.42892983966082,57.1433219909668,58.93390655517578,62.965523,64.3,63.12,64.5,60.909855
2026-12-02 23:44:53,60.5,60.580412724343695,61.03333333333333,60.09147222222222,59.542451277133225,59.69106365820756,58.0822639465332,59.403968811035156,60.258644,58.94,58.5,59.7,59.407578
2026-12-02 23:44:57,52.2,49.61280683532219,51.175,51.02547614991363,51.40399250827796,50.87543283917273,58.19009780883789,59.66282653808594,51.534107,50.03,50.6,50.8,54.82974
2026-12-02 23:45:02,57.8,60.96138984703616,60.03333333333333,60.29089141414141,58.274393544972945,59.789527648406285,57.21177291870117,58.54798126220703,59.548103,59.0,59.6,59.75,59.407578
2026-12-02 23:45:07,58.5,60.734876452782665,58.15,59.92714855699855,59.480686377526375,59.783781505107605,56.252647399902344,57.681427001953125,60.05028,58.9,58.7,59.75,59.407578
2026-12-02 23:45:12,54.0,52.34931698766025,54.3,53.34278124098125,53.02947539378257,53.22180443223364,56.35746765136719,57.752967834472656,53.12548,52.3,52.8,53.0,55.916004
2026-12-02 23:45:16,57.3,57.75086281935651,56.349999999999994,57.34396307586176,56.74788584610048,57.59442572805391,55.96763229370117,57.2072639465332,56.795662,56.88,57.0,57.44,57.914856
2026-12-02 23:45:21,61.4,60.80662447773246,60.975,59.99783423520923,59.213766349967706,59.90141087868429,56.04074478149414,57.017669677734375,59.873608,58.94,58.84,59.66,59.407578
2026-12-02 23:45:26,55.2,55.53424828322578,53.85,54.654107142857136,55.43345611528388,55.16086676397462,55.87494659423828,56.99568557739258,54.798584,54.34,55.0,55.22,57.182472
2026-12-02 23:45:30,60.5,63.64022876886071,64.5,63.61366666666666,59.29946059153329,72.73006440691113,55.50310134887695,56.7572135925293,58.71321,58.72,60.2,59.66,61.774876
2026-12-02 23:45:35,56.2,55.348037671693525,54.36666666666667,55.058412698412695,55.838370042486986,55.50744268027428,54.8635139465332,56.20397186279297,54.618156,54.34,54.9,55.38,57.182472
2026-12-02 23:45:40,56.9,55.37512651219725,54.7,54.78669047619047,54.98655579943662,54.969364750162455,54.88396072387695,56.06095886230469,54.871998,54.38,55.34,55.2,57.182472
2026-12-02 23:45:44,56.3,57.60256767517872,56.349999999999994,57.21492276889777,57.20467094157007,57.16631926643227,54.733062744140625,55.7077522277832,56.944286,56.84,56.78,57.47,57.914856
2026-12-02 23:45:49,55.099999999999994,55.50683957222045,54.7,54.8774365079365,55.066200333433414,55.28262790271535,55.0676155090332,56.00827407836914,54.88806,54.38,55.25,55.16,57.182472
2026-12-02 23:45:54,64.19999999999999,68.97475819417724,70.33333333333333,64.60991666666666,63.07487779426806,61.64943749084136,54.79588317871094,55.85486602783203,64.47011,62.3,63.3,64.1,64.855515
2026-12-02 23:45:59,68.6,72.42451906029473,70.33333333333333,66.11833333333333,66.98828602793486,67.68415927104186,54.55412292480469,55.66994094848633,68.50399,67.4,65.8,69.2,66.33461
2026-12-02 23:46:03,53.599999999999994,55.318975250526634,54.36666666666667,55.113833068783066,56.44946675179215,55.21400260278786,56.29595947265625,57.35053634643555,54.847473,54.34,54.47,55.38,57.182472
2026-12-02 23:46:08,58.400000000000006,58.60337390796092,58.275,57.768708994708994,56.52410368660473,58.37296309502451,56.478492736816406,57.91838455200195,56.886993,56.38,57.56,57.47,58.675194
2026-12-02 23:46:13,61.1,65.6540721128394,64.5,62.876999999999995,60.78181305488284,60.697764163671756,56.054317474365234,57.50063705444336,61.876163,60.3,61.25,61.78,62.488075
2026-12-02 23:46:17,53.8,52.32327680611685,54.3,53.17905476190477,53.69314663196653,53.213985271309014,55.71779251098633,57.3346061706543,52.901424,52.3,52.6,53.16,55.916004
2026-12-02 23:46:22,59.4,60.93504351850588,60.975,60.132991414141415,58.51889687505167,59.94928058567966,55.806419372558594,57.29564666748047,59.614372,58.94,59.25,59.72,59.407578
2026-12-02 23:46:27,55.4,55.431943634755335,54.36666666666667,54.9180238095238,55.398392360429604,55.26625866299332,55.88330841064453,57.18858337402344,54.77244,54.34,55.03,55.22,57.182472
2026-12-02 23:46:32,59.3,57.70740328977096,56.349999999999994,57.10926963874332,57.19528018553339,57.40278292512427,55.64857864379883,57.104801177978516,56.909325,56.84,56.78,57.44,57.914856
2026-12-02 23:46:36,58.7,58.73819774787145,58.275,57.727701851851855,56.742425835738004,58.31511305530398,55.71284866333008,56.97944259643555,56.899876,56.38,57.4,57.4,58.675194
2026-12-02 23:46:41,58.8,58.80723718594434,58.275,57.65955,57.33798950998961,58.35271801446433,55.443050384521484,56.84144973754883,57.041252,56.34,57.25,57.44,58.675194
2026-12-02 23:46:46,55.699999999999996,58.68258688800917,59.166666666666664,57.32064920634921,57.40615158822468,57.54399764651203,55.40354537963867,56.65994644165039,57.064087,56.34,57.25,57.44,58.675194
2026-12-02 23:46:50,58.5,58.38734475878604,58.275,57.62099444444445,57.44801647498833,52.377505199478904,55.00521469116211,56.16129684448242,57.075893,56.34,57.22,57.44,58.675194
2026-12-02 23:46:55,65.4,69.20699479404246,70.33333333333333,64.38106666666667,63.326434973849906,62.102303785440796,54.975372314453125,56.17194366455078,64.8581,62.28,62.9,64.06,64.855515
2026-12-02 23:47:00,64.19999999999999,65.89894070970175,65.525,63.55556145617667,64.84776529261947,64.34124008161477,55.13211441040039,56.357627868652344,63.626312,63.72,62.03,64.44,61.913822
2026-12-02 23:47:04,55.4,55.328521943391266,54.36666666666667,54.937978571428566,55.729088330115076,54.9785019164501,56.71196746826172,57.77698516845703,54.852818,54.34,54.78,55.25,57.182472
2026-12-02 23:47:09,60.800000000000004,63.80971724473215,64.5,63.94833333333333,59.17868556171105,72.86558406304454,56.60704040527344,58.10245132446289,58.651714,58.72,60.22,59.7,61.774876
2026-12-02 23:47:14,61.3,65.4629505882616,64.5,62.15156666666667,60.842687559858305,60.88717027957436,55.545745849609375,57.312965393066406,61.79777,60.25,60.88,61.88,62.488075
2026-12-02 23:47:19,60.199999999999996,61.97137994754607,60.95,58.83008677248677,59.4920700306957,60.33674992598681,55.71432876586914,57.40834426879883,60.42051,58.25,58.9,59.7,60.43473
2026-12-02 23:47:23,55.0,53.2401192260826,53.474999999999994,54.07544444444444,52.905451144743424,53.861453289493596,55.95744705200195,57.59256362915039,53.07053,52.72,53.78,53.34,56.469273
2026-12-02 23:47:28,65.4,67.02922015983712,67.2,66.92242459772133,66.02706070185617,66.56602919643306,55.52417755126953,57.18714141845703,64.537056,66.7,66.2,66.7,61.673584
2026-12-02 23:47:33,74.9,77.70069527571468,73.75,73.10836904761902,70.30539193521152,73.72046161228475,57.169620513916016,58.08908462524414,73.087776,71.56,70.9,73.7,69.78682
2026-12-02 23:47:37,56.099999999999994,56.35048459731984,59.166666666666664,58.488,55.458344184851676,56.12740835112813,58.451622009277344,59.79356002807617,55.21909,54.56,55.22,55.72,57.961994
2026-12-02 23:47:42,63.400000000000006,67.39197178214296,64.5,63.51095555555555,62.13080666089743,65.69936110005504,57.616676330566406,59.85964584350586,63.874096,62.84,63.06,64.44,63.22046
2026-12-02 23:47:47,61.900000000000006,67.2238217983025,69.36666666666666,64.96033333333334,61.16753872766856,65.40440609028472,57.667152404785156,59.47195816040039,62.59532,60.72,61.25,61.97,64.14232
2026-12-02 23:47:52,62.7,65.38038085646564,64.5,62.7255,61.042619582002885,60.7887409045839,56.28878402709961,58.43846893310547,61.702732,60.2,60.72,61.97,62.488075
2026-12-02 23:47:56,57.900000000000006,61.776787923305804,60.95,59.05248677248677,59.2598175972291,59.77624407298951,56.530059814453125,58.456172943115234,60.61363,58.25,58.97,59.72,60.43473
2026-12-02 23:48:01,59.3,57.57295286749231,57.36666666666667,57.26937168348221,58.07990679786883,57.50433571748954,56.92047882080078,58.595638275146484,57.181664,56.78,56.4,57.56,57.914856
2026-12-02 23:48:06,57.3,58.72781032488417,58.275,57.58660555555556,56.80982475551455,58.28615930213942,57.25509262084961,58.700626373291016,56.98474,56.38,57.38,57.4,58.675194
2026-12-02 23:48:10,55.7,55.41660509023695,54.7,54.7052738095238,55.36500800401647,55.17904285971207,56.7073974609375,58.345794677734375,54.757835,54.34,55.12,55.22,57.182472
2026-12-02 23:48:15,55.8,54.79077150467853,55.82222222222222,55.27300202188356,55.58652926968643,55.20627886997241,56.36644744873047,58.058719635009766,54.996185,54.66,54.47,55.2,56.648388
2026-12-02 23:48:20,55.7,55.58754826767854,53.85,54.673384920634916,54.91042105464161,55.29837596489909,55.88338088989258,57.329463958740234,54.96276,54.4,55.44,55.12,57.182472
2026-12-02 23:48:24,60.2,62.15715311309341,59.675000000000004,59.31077222222222,58.71641892241287,60.501467885486846,54.94879150390625,56.3509635925293,60.093056,58.34,59.53,59.56,60.43473
2026-12-02 23:48:29,55.0,55.413712687530825,53.85,54.57405158730158,55.57653182854099,55.16227891636311,54.80683135986328,56.21300506591797,54.72953,54.34,54.94,55.28,57.182472
2026-12-02 23:48:34,58.5,59.907727114941274,59.675000000000004,60.37405555555556,57.09548788716268,56.02879324348087,54.89518356323242,56.15534973144531,56.27615,56.72,58.28,57.56,59.72153
2026-12-02 23:48:39,62.599999999999994,66.1224008390258,65.525,63.736276007326005,64.00379226013108,64.40037139490231,54.44427490234375,55.65410232543945,63.49673,63.78,62.66,64.44,61.913822
2026-12-02 23:48:43,55.4,55.41499874953426,54.36666666666667,55.14232380952381,55.66175968001715,54.98995790605976,55.74302291870117,56.56578826904297,54.870518,54.34,54.78,55.28,57.182472
2026-12-02 23:48:48,59.0,60.85640529014477,60.03333333333333,60.23200151515152,58.98198685425274,59.873279870697786,55.6453971862793,56.77040481567383,59.8911,58.94,59.03,59.72,59.407578
2026-12-02 23:48:53,57.2,56.51838327432183,58.275,58.1895,55.069121626376536,57.09290963959627,55.67441177368164,56.811038970947266,55.237667,54.62,56.03,55.5,57.961994
2026-12-02 23:48:57,62.099999999999994,65.51794329225929,64.5,63.09146825396825,60.7390328718946,61.09714093710679,54.89786911010742,56.37065505981445,61.90604,60.34,61.38,61.84,62.488075
2026-12-02 23:49:02,59.1,59.68324200465947,59.90909090909091,59.70609541910331,60.36577108173954,60.034055046598944,54.91647720336914,56.26069641113281,59.978558,59.47,58.0,59.97,58.661564
2026-12-02 23:49:07,52.900000000000006,52.468886206951545,52.983333333333334,52.92103220298222,52.8210523367315,53.075221305492384,56.043094635009766,57.161964416503906,53.207424,52.34,52.9,52.97,55.916004
2026-12-02 23:49:12,57.400000000000006,58.775009681715424,58.275,57.98783677248677,56.36283160189018,58.391356966039595,55.706787109375,57.02109909057617,56.86396,56.4,57.8,57.44,58.675194
2026-12-02 23:49:16,63.6,65.4731552448329,64.5,62.86372222222222,60.84711368041651,60.75445827402154,55.12734603881836,56.49175262451172,61.877056,60.34,61.22,61.78,62.488075
2026-12-02 23:49:21,67.5,69.27630038649798,66.68181818181819,64.96330656199677,65.40331494825487,66.64386006757077,54.982948303222656,56.40720748901367,66.002304,65.7,64.25,66.9,63.96717
2026-12-02 23:49:26,51.400000000000006,49.95856668612572,50.55,51.904259259259234,51.564335475723055,51.17697769024088,56.63240432739258,57.71065902709961,51.455627,50.84,51.3,51.22,55.202805
2026-12-02 23:49:30,58.099999999999994,58.725245464193925,58.275,58.5015462962963,56.21077694629679,58.74182644889808,55.74916076660156,57.23045349121094,56.81544,56.4,57.94,57.5,58.675194
2026-12-02 23:49:35,64.2,67.27737872200274,64.5,63.28994444444444,62.44873315320544,65.46680188571491,55.27524948120117,56.62428283691406,64.17703,62.8,62.8,64.3,63.22046
2026-12-02 23:49:40,59.0,59.7254115105513,59.90909090909091,59.56609129406169,60.37384042483463,59.565959842351134,55.59220886230469,56.856117248535156,59.97719,59.47,57.9,59.94,58.661564
2026-12-02 23:49:44,63.5,65.9476026741462,65.525,64.68951937190647,63.22395221250577,64.52287426917164,56.730873107910156,57.8708381652832,63.593903,63.84,62.84,64.3,61.913822
2026-12-02 23:49:49,65.6,67.42909050114228,64.5,62.226077777777775,63.06585663922344,65.57718443453653,57.480796813964844,58.62014389038086,64.25361,62.78,62.25,64.2,63.22046
2026-12-02 23:49:54,61.8,63.963632596947974,61.5,61.17957777777778,62.07869620343261,61.798608086365526,57.411582946777344,59.05398941040039,62.415283,60.84,60.25,61.9,61.167114
2026-12-02 23:49:59,59.7,59.79881667013926,59.714285714285715,59.48284130832131,60.33716023545017,59.736216502487984,57.88368225097656,59.71823501586914,59.879982,59.47,58.03,59.84,58.661564
2026-12-02 23:50:03,66.7,70.99427401138517,70.33333333333333,65.52883333333334,64.7086851648845,67.0724045475721,58.627742767333984,60.21546173095703,66.88493,64.7,64.6,66.6,65.5879
2026-12-02 23:50:08,62.900000000000006,67.16740371558868,70.33333333333333,64.06627777777777,61.548312935392005,66.40667376283335,58.65681076049805,60.3784294128418,63.282135,60.56,60.84,61.84,64.14232
2026-12-02 23:50:13,57.9,58.57387580823246,58.275,57.942828042328046,58.00297851143323,58.60987113815343,57.269901275634766,59.51723098754883,57.28623,56.28,56.84,57.66,58.675194
2026-12-02 23:50:17,56.0,58.653784803275265,59.166666666666664,57.43058677248677,57.08325958307943,57.727774649888254,57.55448532104492,59.55784225463867,56.938446,56.34,57.3,57.47,58.675194
2026-12-02 23:50:22,61.5,64.13031462987274,61.5,61.393794444444445,60.80433968542123,61.909428920837726,57.53192901611328,59.23994827270508,62.057064,60.9,60.84,61.88,61.167114
2026-12-02 23:50:27,62.400000000000006,65.45573557471663,64.5,61.87811111111111,61.12002575319495,60.802074277753036,57.66130828857422,59.15180587768555,61.84733,60.28,60.84,61.72,62.488075
2026-12-02 23:50:32,68.4,74.28355282300053,69.25,66.41411111111111,66.46024281931437,65.3688899419031,57.13296890258789,58.9232292175293,70.27657,66.3,65.75,68.8,68.28454
2026-12-02 23:50:36,64.4,68.899485123741,70.33333333333333,63.26566666666666,63.708847418045806,62.22863097280938,57.572349548339844,59.18143844604492,65.374825,62.06,61.84,64.06,64.855515
2026-12-02 23:50:41,71.5,77.90383578235819,73.625,68.68716666666667,68.51875827573674,66.96590126543606,57.65803146362305,59.44990158081055,73.1832,68.06,67.1,70.9,71.3185
2026-12-02 23:50:46,65.3,70.66568120378766,70.33333333333333,64.36146666666667,66.27803270769795,66.78896122014321,58.26663589477539,59.877994537353516,67.29532,64.3,63.2,66.7,65.5879
2026-12-02 23:50:50,60.8,59.65034858237061,61.24,59.551063154438154,60.55532003772993,59.69159148060434,58.86159133911133,60.75559616088867,60.03719,59.47,57.66,59.94,58.661564
2026-12-02 23:50:55,56.0,55.44717544892282,54.36666666666667,54.9605119047619,55.151868092614656,55.26625866299332,59.7335090637207,61.45244598388672,54.845932,54.38,55.16,55.16,57.182472
2026-12-02 23:51:00,61.1,62.92876537922903,62.2,62.12037481366816,61.4817448900162,62.12516175745269,59.04766845703125,61.04690933227539,61.216507,61.75,60.9,62.06,60.154285
2026-12-02 23:51:04,61.1,60.77425686594568,60.03333333333333,60.07947651515151,59.59236073564147,59.90141087868429,58.83050537109375,60.745140075683594,60.145325,58.9,58.53,59.7,59.407578
2026-12-02 23:51:09,58.6,57.78319172661133,57.53333333333334,57.410801078398364,57.65347992187192,57.513619708684956,58.690364837646484,60.66022491455078,56.994545,56.8,56.47,57.5,57.914856
2026-12-02 23:51:14,61.9,62.058210788613074,59.675000000000004,59.48235555555556,58.801904239141216,60.622380958127515,58.41004180908203,60.18107223510742,59.980457,58.34,59.44,59.56,60.43473
2026-12-02 23:51:19,63.4,62.91247620168311,62.2,62.23995019493178,62.386427252806065,62.29161885018487,57.754905700683594,59.52976989746094,61.58651,61.7,60.38,62.12,60.154285
2026-12-02 23:51:23,51.3,52.44783957546185,52.983333333333334,52.99635619288121,53.09506580520045,53.09159054521441,58.272369384765625,59.596065521240234,53.09106,52.3,52.72,53.0,55.916004
2026-12-02 23:51:28,58.0,58.88307169956942,58.275,58.23989074074074,56.4534313305157,58.49717014557692,57.55478286743164,58.996395111083984,56.86037,56.4,57.78,57.44,58.675194
2026-12-02 23:51:33,55.7,54.754561783486665,55.20810810810811,55.1972113302977,56.05152550475381,55.18572866993364,56.50700759887695,57.95366668701172,54.97827,54.62,54.3,55.28,56.648388
2026-12-02 23:51:37,54.4,54.77825632668778,55.20810810810811,55.276115951929434,55.21165010480421,54.96879143406595,56.10325622558594,57.29262924194336,54.941357,54.66,54.6,55.12,56.648388
2026-12-02 23:51:42,55.900000000000006,57.66098546715026,57.36666666666667,57.25943492138287,56.96964273664144,57.620462614014045,55.54345703125,56.68879699707031,56.66433,56.88,56.88,57.4,57.914856
2026-12-02 23:51:47,65.6,67.48513201415479,64.5,62.796899999999994,62.66040002240846,65.55803424210637,55.59076690673828,56.68886184692383,64.15408,62.84,62.84,64.2,63.22046
2026-12-02 23:51:52,57.8,58.53382723303981,58.275,57.59457777777778,57.967817367249296,58.38093940658503,55.73091125488281,56.919734954833984,57.077393,56.28,56.75,57.53,58.675194
2026-12-02 23:51:56,58.9,62.05534806625609,60.95,58.91985555555556,58.9048912514676,60.53320259135953,55.8144645690918,57.162559509277344,59.931522,58.3,59.28,59.53,60.43473
2026-12-02 23:52:01,62.2,63.753000203822126,61.5,61.64413333333333,61.59289427309113,62.28480270677823,55.763790130615234,57.09890365600586,62.2209,60.88,60.56,61.88,61.167114
2026-12-02 23:52:06,62.6,65.96246000112183,65.525,63.60630738831471,64.24039755820272,64.32998483180037,56.46256637573242,57.655670166015625,63.793324,63.78,62.34,64.3,61.913822
2026-12-02 23:52:10,54.0,55.417558587441526,54.7,54.722428571428566,55.78218987256737,55.21054616289769,57.221839904785156,58.43550109863281,54.94066,54.34,54.75,55.25,57.182472
2026-12-02 23:52:15,59.300000000000004,59.826983592139015,59.90909090909091,59.53747721504743,59.882719121300475,59.96870198173665,56.99710464477539,58.656715393066406,59.72464,59.56,58.6,59.78,58.661564
2026-12-02 23:52:20,53.1,52.496973899356036,52.983333333333334,53.051840031265044,52.80629050852618,53.02198433948077,57.42730712890625,58.814353942871094,53.18935,52.34,52.88,52.94,55.916004
2026-12-02 23:52:24,58.4,58.76159726293607,58.275,57.99564074074074,56.45686905394839,58.4554809744667,56.51850509643555,58.30669021606445,56.90492,56.4,57.78,57.44,58.675194
2026-12-02 23:52:29,60.9,62.16012002289589,60.95,58.97635185185185,58.705083799463075,60.59219700252009,55.809364318847656,57.6264533996582,60.23739,58.3,59.34,59.6,60.43473
2026-12-02 23:52:34,57.7,58.55714819172506,59.166666666666664,57.39757777777778,57.580024720818145,57.75505133685083,55.649696350097656,57.30982208251953,57.11416,56.3,57.06,57.5,58.675194
2026-12-02 23:52:39,55.0,56.54554565930928,58.275,57.91227777777778,55.10937078746455,57.003499248491735,55.717586517333984,57.10721206665039,55.138985,54.6,56.06,55.47,57.961994
2026-12-02 23:52:43,66.5,69.3374086005438,66.68181818181819,65.30090476190476,64.91820322093345,66.62131893231596,55.140098571777344,56.54288101196289,66.122955,65.75,64.9,66.8,63.96717
2026-12-02 23:52:48,57.2,58.67917100808617,58.275,57.57278518518519,57.84620851821677,58.16098635839906,56.35231018066406,57.285400390625,57.200397,56.3,56.7,57.53,58.675194
2026-12-02 23:52:53,66.6,69.3857257353022,66.68181818181819,65.63495471014492,64.75713586074335,66.80640401972074,56.2117805480957,57.53291702270508,66.03129,65.75,64.8,66.8,63.96717
2026-12-02 23:52:57,58.3,57.66179959925773,57.8,57.48294546672609,58.49936767223225,57.513619708684956,56.83952331542969,57.9868278503418,57.29239,56.78,56.03,57.6,57.914856
2026-12-02 23:53:02,57.8,58.76236108012194,58.275,57.88248677248677,56.54434525276456,58.352503593451985,57.061439514160156,58.568328857421875,56.949043,56.38,57.47,57.47,58.675194
2026-12-02 23:53:07,57.1,58.56629635097286,59.166666666666664,57.499320105820104,57.136888264690846,62.33107712715097,56.32124328613281,58.07695770263672,56.98599,56.34,57.3,57.47,58.675194
2026-12-02 23:53:12,54.3,54.8611358148453,55.20810810810811,55.466882695951256,56.025774800169444,55.40253321874665,55.93914794921875,57.795143127441406,54.950287,54.62,54.3,55.28,56.648388
2026-12-02 23:53:16,59.7,60.75817413661367,60.975,59.742629906204904,58.77334841007479,59.913704685818125,56.11827850341797,57.60762405395508,59.659214,58.97,59.1,59.66,59.407578
2026-12-02 23:53:21,60.400000000000006,61.86284197125663,60.95,59.182855555555555,58.91684159635791,60.603141268701705,56.16606140136719,57.55512237548828,59.743156,58.3,59.16,59.53,60.43473
2026-12-02 23:53:26,58.0,59.7425628570432,61.06666666666667,59.57044350938821,60.21684116191183,59.950194307487486,55.92064666748047,57.499786376953125,59.876625,59.5,58.16,59.88,58.661564
2026-12-02 23:53:30,55.0,54.66543049495576,55.20810810810811,55.493884152835506,55.6691457988131,55.24453500941252,57.00346374511719,58.17757034301758,54.959557,54.66,54.28,55.16,56.648388
2026-12-02 23:53:35,59.300000000000004,62.135181040161214,59.675000000000004,59.32236296296296,58.7581658455793,60.622380958127515,56.64215087890625,57.86194610595703,59.857536,58.38,59.72,59.56,60.43473
2026-12-02 23:53:40,59.599999999999994,62.066361244812455,60.95,58.81707407407407,59.13301562778551,60.267143720253166,55.955806732177734,57.482418060302734,60.13053,58.28,59.1,59.62,60.43473
2026-12-02 23:53:44,59.8,59.78880132694894,59.90909090909091,59.64458068517539,60.19335911237481,59.83819543620682,55.61735534667969,57.140933990478516,59.883232,59.5,58.2,59.9,58.661564
2026-12-02 23:53:49,61.8,60.58368966750865,58.599999999999994,59.98205252525253,59.13975985147865,59.75110655007403,56.442813873291016,57.618221282958984,59.956036,58.94,58.75,59.66,59.407578
2026-12-02 23:53:54,57.2,58.65336046332085,59.166666666666664,57.62050740740741,57.224550708422285,58.20319860854968,56.75908660888672,58.029945373535156,57.00976,56.34,57.16,57.44,58.675194
2026-12-02 23:53:59,60.3,59.44693363413842,61.233333333333334,60.48693357342932,60.17981316032559,60.06980558947277,56.39924621582031,57.93236541748047,60.080696,59.7,58.28,59.9,58.15067
2026-12-02 23:54:03,59.2,62.1213108764333,58.55,59.06886296296296,58.897538843308574,59.969492897514066,57.104820251464844,58.21853256225586,59.840008,58.38,59.56,59.56,60.43473
2026-12-02 23:54:08,53.2,55.449704880349046,54.36666666666667,55.110184920634914,55.480927145539624,55.150089106547505,56.48179244995117,58.12513732910156,54.745796,54.34,55.0,55.38,57.182472
2026-12-02 23:54:13,56.8,57.66003371681028,56.766666666666666,57.191695553131076,57.28219945307813,57.290868478369966,56.114967346191406,57.74047088623047,56.885628,56.84,56.84,57.5,57.914856
2026-12-02 23:54:17,60.6,60.796139604954675,58.15,60.11385966810967,58.93161152423235,59.783781505107605,55.923736572265625,57.282073974609375,59.98364,58.94,58.9,59.72,59.407578
2026-12-02 23:54:22,62.099999999999994,67.30680962470609,70.33333333333333,65.63641666666666,61.538050784031526,66.50493188676425,56.01397705078125,57.34901428222656,62.896484,60.97,61.6,61.84,64.14232
2026-12-02 23:54:27,60.2,62.09529290766151,60.95,59.228462962962965,60.040425409561166,60.51379970182914,55.32943344116211,56.8734016418457,60.241177,58.22,58.78,59.75,60.43473
2026-12-02 23:54:32,74.1,79.63170116766078,73.625,70.86673333333334,69.60732835334473,74.35243714156489,55.81166458129883,57.18625259399414,74.54849,70.75,70.06,73.5,72.06521
2026-12-02 23:54:36,56.3,55.22292871092299,54.36666666666667,55.304361111111106,57.1843201871134,55.195952881941245,56.928993225097656,57.983280181884766,54.82482,54.34,54.2,55.5,57.182472
2026-12-02 23:54:41,65.5,69.2489174204276,69.36666666666666,65.31224999999999,62.75351630325408,62.03753359695382,57.017250061035156,58.63421630859375,64.25462,62.34,63.4,64.2,64.855515
2026-12-02 23:54:46,62.699999999999996,65.24189149634378,64.5,63.682500000000005,61.144219295027746,56.09206975400786,56.76326370239258,58.325889587402344,61.668438,60.2,60.56,61.9,62.488075
2026-12-02 23:54:50,65.0,67.32158859280048,64.5,62.543166666666664,63.01465578816227,65.4081628537149,56.39425277709961,58.259830474853516,64.16232,62.72,62.3,64.3,63.22046
2026-12-02 23:54:55,59.5,61.86261326792174,60.95,59.15482010582011,59.441571396828756,60.36358247840524,57.20429992675781,58.79170227050781,60.007484,58.22,58.78,59.66,60.43473
2026-12-02 23:55:00,62.8,67.24137400538274,64.5,62.538533333333326,62.96888754316393,65.47253893770538,57.1773796081543,59.00054931640625,64.27349,62.78,62.44,64.25,63.22046
2026-12-02 23:55:05,52.7,52.30126684760205,52.983333333333334,53.00418571428572,53.660929916529724,52.88992009265697,57.57891845703125,59.3296012878418,52.831394,52.3,52.47,53.1,55.916004
2026-12-02 23:55:09,59.2,59.893038306614656,59.90909090909091,59.3282532935855,59.36024501139858,59.72423153685178,57.14325714111328,59.096187591552734,59.639515,59.6,58.84,59.75,58.661564
2026-12-02 23:55:14,65.1,68.02753430767797,66.125,66.5269906182677,65.75290459912483,67.28786820569277,57.55770492553711,58.97749710083008,65.06002,66.5,65.25,66.6,62.669395
2026-12-02 23:55:19,66.1,69.05755600957053,67.425,66.18252380952381,65.1563029500342,71.68604568962135,58.350589752197266,59.774871826171875,66.140686,65.7,64.06,66.7,63.96717
2026-12-02 23:55:23,52.0,50.005763920658424,50.55,52.049555555555536,51.49972911525654,51.34530112994418,58.800010681152344,60.43550491333008,51.395206,50.8,51.3,51.22,55.202805
2026-12-02 23:55:28,58.900000000000006,62.044538469717025,59.675000000000004,59.82889629629629,58.34521727951973,60.775184877760495,57.522987365722656,59.742149353027344,59.998,58.38,60.03,59.66,60.43473
2026-12-02 23:55:33,63.6,69.08473133341826,68.14999999999999,64.38766666666666,63.02185211100976,61.96618407429483,56.82459259033203,58.6837158203125,64.847534,62.22,62.75,64.1,64.855515
2026-12-02 23:55:37,55.699999999999996,55.33304442800756,54.36666666666667,54.984740476190474,56.18896010027357,54.98005868855672,56.499568939208984,58.21946716308594,54.696045,54.34,54.66,55.44,57.182472
2026-12-02 23:55:42,59.7,63.70130374879891,64.5,63.928666666666665,59.086111741291994,72.7199505557257,56.51540756225586,58.0936164855957,58.55696,58.72,60.25,59.72,61.774876
2026-12-02 23:55:47,61.5,65.47265121494773,64.5,62.077690476190476,61.02616632663069,60.899422565286926,55.710567474365234,57.253379821777344,61.73275,60.22,60.8,61.8,62.488075
2026-12-02 23:55:52,53.599999999999994,52.51202834489763,54.3,53.13428703703705,53.526960726216785,53.12639655572831,55.82371139526367,57.190589904785156,52.798435,52.28,52.56,53.12,55.916004
2026-12-02 23:55:56,50.900000000000006,49.82781715898671,51.31666666666667,51.05447441846607,50.89081303129764,50.72438399363577,55.91038131713867,57.27210235595703,51.567616,49.97,50.94,50.7,54.82974
2026-12-02 23:56:01,54.2,52.45804392866888,52.38,52.69259954571573,52.310351737038005,53.22723260366976,55.1231575012207,56.3132209777832,53.28755,52.3,53.44,52.88,55.916004
2026-12-02 23:56:06,67.0,71.05702575980848,70.33333333333333,66.23973333333333,64.27684740428298,67.10371320767523,54.032962799072266,55.11075973510742,66.62039,64.75,65.25,66.75,65.5879
2026-12-02 23:56:10,56.4,58.67369494997138,58.275,57.796507407407404,58.16001122234188,58.345153713299965,54.07099151611328,54.9544792175293,57.035244,56.28,56.6,57.6,58.675194
2026-12-02 23:56:15,60.599999999999994,60.00618124041848,60.400000000000006,59.50520935974156,59.981816814445445,59.823061947161676,54.703121185302734,55.85009765625,59.7951,59.5,58.38,59.84,58.661564
2026-12-02 23:56:20,58.2,57.07734921573689,57.94166666666667,57.34858881798055,58.03700821732295,57.420628724872685,55.790985107421875,56.572811126708984,57.392612,57.25,56.03,57.5,57.395096
2026-12-02 23:56:25,59.3,60.058850552262385,58.55,60.613,57.13828793305129,55.60607665998075,56.09532928466797,56.86040496826172,56.18955,56.78,58.44,57.6,59.72153
2026-12-02 23:56:29,63.3,65.93218479365237,65.525,64.41314572649573,63.73886545917904,64.66309197805724,54.86302185058594,56.36437225341797,63.382595,63.78,62.7,64.44,61.913822
2026-12-02 23:56:34,68.30000000000001,74.36950294194489,73.3,66.5504,66.37575413713016,65.98784446851602,56.08115768432617,57.20218276977539,70.09955,66.44,65.9,68.9,68.28454
2026-12-02 23:56:39,62.4,65.3620827483166,64.5,62.16154444444444,61.76209395486518,60.573681802239854,56.52604675292969,57.756717681884766,61.79604,60.16,60.25,61.94,62.488075
2026-12-02 23:56:43,62.9,65.34248430188687,64.5,61.92511111111111,60.87452508266294,60.182777241098314,56.768768310546875,58.41322326660156,61.756916,60.25,60.78,61.84,62.488075
2026-12-02 23:56:48,59.0,61.96085507995743,60.95,58.80507407407407,59.5637101821234,60.36570367915137,57.04936981201172,58.758113861083984,60.08825,58.25,58.9,59.7,60.43473
2026-12-02 23:56:53,65.9,72.70397787351324,69.25,65.86773333333332,65.40791496339139,77.67460671154753,57.20785140991211,58.9838752746582,68.50811,64.25,64.4,66.3,67.552155
2026-12-02 23:56:57,64.0,65.69462834933174,65.525,63.85275471014493,65.0236817358485,64.58434646505926,57.048282623291016,58.70323944091797,63.548256,63.66,61.8,64.5,61.913822
2026-12-02 23:57:02,60.0,59.891500491929484,60.400000000000006,59.49742077507771,60.29674766006261,59.78447182653316,58.32637023925781,59.897151947021484,59.850548,59.5,57.9,59.8,58.661564
2026-12-02 23:57:07,59.7,60.989753945964125,60.975,60.17383484848485,59.1300953446813,59.84277591626815,58.91275405883789,60.50595474243164,59.869606,58.94,58.75,59.66,59.407578
2026-12-02 23:57:12,55.099999999999994,55.474899486317014,54.36666666666667,54.8715238095238,55.33561106283382,55.26412022846618,58.53327941894531,60.51837158203125,54.76414,54.34,55.06,55.25,57.182472
2026-12-02 23:57:16,60.7,62.750558191240295,62.2,62.37950115010312,61.554149951006444,62.4015415587141,57.86640930175781,59.98133850097656,61.303215,61.75,60.88,62.06,60.154285
2026-12-02 23:57:21,58.9,57.624940774182136,56.349999999999994,57.332634264891865,57.746366704762636,57.47138924087337,57.880279541015625,59.612693786621094,56.896507,56.8,56.34,57.47,57.914856
2026-12-02 23:57:26,60.5,63.69452559317254,64.5,63.54333333333333,59.42421018009787,72.69197841584595,57.69866943359375,59.34605026245117,58.692345,58.72,60.06,59.66,61.774876
2026-12-02 23:57:30,65.8,70.7916935833749,70.33333333333333,64.67557777777778,64.7127399991831,66.77201758577404,56.3997688293457,58.364776611328125,66.999725,64.5,64.1,66.7,65.5879
2026-12-02 23:57:35,60.2,60.425128445441786,58.15,59.81138189033189,60.838132978127355,59.75110655007403,57.03703689575195,58.57365798950195,60.441486,58.8,58.06,59.88,59.407578
2026-12-02 23:57:40,58.2,57.08710798756455,56.45,57.066090366065644,57.97932818240419,57.198469518690175,57.73992156982422,59.18121337890625,57.561672,57.25,55.97,57.6,57.395096
2026-12-02 23:57:45,59.099999999999994,60.0184363569414,59.90909090909091,59.658697289150595,59.50720653560126,59.82585647593402,58.219539642333984,59.24730682373047,59.624393,59.6,58.6,59.72,58.661564
2026-12-02 23:57:49,58.5,58.83123566557302,58.275,57.75856296296296,56.82305016724786,58.345153713299965,57.84114074707031,59.1018180847168,56.947056,56.38,57.3,57.4,58.675194
2026-12-02 23:57:54,68.2,69.44648367669089,66.68181818181819,65.42495471014493,64.84392366031442,66.83535777288532,56.74183654785156,58.60224914550781,66.13575,65.75,64.75,66.8,63.96717
2026-12-02 23:57:59,61.3,59.742915277362,59.90909090909091,59.6693413191175,60.39800019459406,59.78447182653316,57.375614166259766,58.942047119140625,59.936195,59.47,57.75,59.88,58.661564
2026-12-02 23:58:03,60.5,60.831203538799016,60.03333333333333,60.31807651515152,59.10709479140546,59.90141087868429,58.2415771484375,59.69463348388672,59.938873,58.94,58.75,59.66,59.407578
2026-12-02 23:58:08,55.9,55.44681185418517,54.36666666666667,55.05318492063491,55.31481314206891,55.25400637728077,58.10280990600586,59.66597366333008,54.811527,54.38,55.06,55.25,57.182472
2026-12-02 23:58:13,55.800000000000004,55.47215499983876,54.7,54.726746031746025,54.99760378365328,55.25498306217854,57.22806167602539,59.05908203125,54.745174,54.38,55.34,55.22,57.182472
2026-12-02 23:58:17,59.300000000000004,58.99209063559944,58.275,57.760577777777776,57.00563059218702,58.32376426129976,56.77717590332031,58.347015380859375,56.87708,56.38,57.47,57.4,58.675194
2026-12-02 23:58:22,58.1,59.795283156834145,58.725,59.13122142082863,60.034162564222484,59.48214263558844,56.13213348388672,57.57380294799805,59.77908,59.53,58.34,59.8,58.661564
2026-12-02 23:58:27,55.2,54.88723218328127,54.925000000000004,55.493541064914304,55.58359523776945,55.33551131611361,56.69062805175781,57.74360656738281,54.95924,54.62,54.25,55.16,56.648388
2026-12-02 23:58:32,60.9,62.02255375652598,59.675000000000004,59.27153333333333,58.82173657898444,60.594104927456975,56.44016647338867,57.63961410522461,59.690105,58.38,59.72,59.56,60.43473
2026-12-02 23:58:36,66.1,69.20798036244817,66.68181818181819,64.87637494824017,65.21905684804031,66.76997107106118,55.74114990234375,57.23615264892578,66.24498,65.75,64.44,66.8,63.96717
2026-12-02 23:58:41,60.7,59.85909897545575,59.90909090909091,59.51411483402851,60.379112120911806,59.78447182653316,56.915313720703125,58.133853912353516,59.93386,59.47,57.75,59.88,58.661564
2026-12-02 23:58:46,58.800000000000004,60.87627319076476,60.03333333333333,60.04977355699856,59.10221936005121,59.764941603128456,57.57941818237305,58.767601013183594,59.896057,58.94,58.75,59.66,59.407578
2026-12-02 23:58:50,61.5,65.50275010393477,64.5,62.61961111111111,60.9717302145227,60.795176371035446,57.36264419555664,58.81462860107422,61.823,60.3,61.06,61.75,62.488075
2026-12-02 23:58:55,59.9,61.90517273385279,60.95,58.86807407407407,59.659492279256376,60.30074151133871,56.7509651184082,58.539424896240234,59.89869,58.22,58.88,59.66,60.43473
2026-12-02 23:59:00,66.6,67.89793500904668,66.125,66.77851729844267,65.99920195401913,67.02281230002738,56.70161437988281,58.55173110961914,65.09955,66.44,64.94,66.7,62.669395
2026-12-02 23:59:05,59.0,58.69970246074612,58.275,57.636296296296294,57.5725908759227,58.43274242888067,58.37562942504883,59.65951156616211,57.07396,56.34,56.78,57.47,58.675194
2026-12-02 23:59:09,61.5,63.96536472804919,61.349999999999994,61.7795,60.82483792548874,62.0252402285717,58.156856536865234,59.85932922363281,62.092987,60.94,60.88,61.9,61.167114
2026-12-02 23:59:14,59.199999999999996,60.758933365239535,60.03333333333333,59.83379419191919,60.15676169587863,59.764941603128456,57.86172103881836,59.62663650512695,60.382095,58.88,58.44,59.78,59.407578
2026-12-02 23:59:19,59.800000000000004,60.786539211544905,60.03333333333333,59.861365404040406,59.62754564493298,59.80015074482963,57.89856719970703,59.719581604003906,60.25361,58.9,58.66,59.72,59.407578
2026-12-02 23:59:23,61.6,59.870744269034695,59.90909090909091,59.525471304821444,60.080967491192865,59.73115560564034,58.072021484375,59.724884033203125,59.77459,59.53,58.25,59.8,58.661564
2026-12-02 23:59:28,60.3,61.96455665783477,58.55,59.09107777777778,58.983223715087824,60.00462898241635,58.1536750793457,59.61812210083008,59.42403,58.34,59.3,59.53,60.43473
2026-12-02 23:59:33,55.7,54.64774700135542,55.20810810810811,55.24556379828605,56.24905443308903,55.19733157167517,57.22700500488281,59.17363739013672,54.804543,54.62,54.12,55.3,56.648388
2026-12-02 23:59:37,65.2,66.12062456117606,65.525,63.8903768814921,63.12801570573292,64.44519541942577,57.093814849853516,58.796878814697266,63.471024,63.9,63.2,64.3,61.913822
2026-12-02 23:59:42,63.2,65.48630311337105,64.5,62.25822222222222,61.07520312375335,60.86129794207109,57.62960433959961,59.012516021728516,61.82768,60.28,60.75,61.75,62.488075
2026-12-02 23:59:47,65.7,69.2792693543162,66.68181818181819,64.82359359903381,65.3705000702976,66.44682007360797,57.23451614379883,58.9703254699707,66.11846,65.7,64.25,66.9,63.96717
2026-12-02 23:59:52,60.5,60.71488145454538,60.03333333333333,59.917554112554114,60.52278691208229,59.75482775194304,57.914268493652344,59.411869049072266,60.40288,58.84,58.12,59.8,59.407578
2026-12-02 23:59:56,64.2,65.93208075603921,65.525,64.02969765082997,63.65711598368567,64.4183898308504,58.366764068603516,59.9371223449707,63.700653,63.8,62.62,64.3,61.913822
