Timestamp,Actual,Predicted,Error,Abs_Error
2026-12-02 21:34:36,60.1,61.61578947368421,-1.5157894736842081,1.5157894736842081
2026-12-02 21:34:41,56.2,55.1,1.1000000000000014,1.1000000000000014
2026-12-02 21:34:46,54.900000000000006,53.474999999999994,1.4250000000000114,1.4250000000000114
2026-12-02 21:34:51,52.7,52.983333333333334,-0.28333333333333144,0.28333333333333144
2026-12-02 21:34:55,65.8,66.68181818181819,-0.8818181818181898,0.8818181818181898
2026-12-02 21:35:00,56.9,57.221739130434784,-0.32173913043478564,0.32173913043478564
2026-12-02 21:35:05,56.3,56.650000000000006,-0.3500000000000085,0.3500000000000085
2026-12-02 21:35:09,54.400000000000006,55.15714285714286,-0.7571428571428527,0.7571428571428527
2026-12-02 21:35:14,56.099999999999994,57.32142857142857,-1.221428571428575,1.221428571428575
2026-12-02 21:35:19,54.3,55.1,-0.8000000000000043,0.8000000000000043
2026-12-02 21:35:24,51.7,52.983333333333334,-1.2833333333333314,1.2833333333333314
2026-12-02 21:35:28,52.9,53.474999999999994,-0.5749999999999957,0.5749999999999957
2026-12-02 21:35:33,60.9,59.6,1.2999999999999972,1.2999999999999972
2026-12-02 21:35:38,56.3,59.166666666666664,-2.866666666666667,2.866666666666667
2026-12-02 21:35:42,50.5,51.05,-0.5499999999999972,0.5499999999999972
2026-12-02 21:35:47,54.599999999999994,55.1,-0.5000000000000071,0.5000000000000071
2026-12-02 21:35:52,52.900000000000006,52.983333333333334,-0.0833333333333286,0.0833333333333286
2026-12-02 21:35:56,53.2,52.53186813186813,0.6681318681318729,0.6681318681318729
2026-12-02 21:36:01,53.900000000000006,58.275,-4.374999999999993,4.374999999999993
2026-12-02 21:36:06,56.0,58.275,-2.2749999999999986,2.2749999999999986
2026-12-02 21:36:11,54.9,55.1,-0.20000000000000284,0.20000000000000284
2026-12-02 21:36:15,63.3,65.525,-2.2250000000000085,2.2250000000000085
2026-12-02 21:36:20,54.5,55.614285714285714,-1.1142857142857139,1.1142857142857139
2026-12-02 21:36:25,61.599999999999994,62.949999999999996,-1.3500000000000014,1.3500000000000014
2026-12-02 21:36:29,59.3,60.03333333333333,-0.7333333333333343,0.7333333333333343
2026-12-02 21:36:34,59.0,58.275,0.7250000000000014,0.7250000000000014
2026-12-02 21:36:39,55.6,55.1,0.5,0.5
2026-12-02 21:36:44,58.199999999999996,58.275,-0.07500000000000284,0.07500000000000284
2026-12-02 21:36:48,55.0,58.275,-3.2749999999999986,3.2749999999999986
2026-12-02 21:36:53,56.7,55.1,1.6000000000000014,1.6000000000000014
2026-12-02 21:36:58,54.8,55.1,-0.30000000000000426,0.30000000000000426
2026-12-02 21:37:02,52.4,52.38,0.01999999999999602,0.01999999999999602
2026-12-02 21:37:07,53.2,55.1,-1.8999999999999986,1.8999999999999986
2026-12-02 21:37:12,54.900000000000006,55.1,-0.19999999999999574,0.19999999999999574
2026-12-02 21:37:16,59.3,59.6,-0.30000000000000426,0.30000000000000426
2026-12-02 21:37:21,59.0,59.6,-0.6000000000000014,0.6000000000000014
2026-12-02 21:37:26,57.2,58.275,-1.0749999999999957,1.0749999999999957
2026-12-02 21:37:31,54.7,55.1,-0.3999999999999986,0.3999999999999986
2026-12-02 21:37:35,52.8,52.38,0.4199999999999946,0.4199999999999946
2026-12-02 21:37:40,48.6,49.6,-1.0,1.0
2026-12-02 21:37:45,52.6,52.38,0.21999999999999886,0.21999999999999886
2026-12-02 21:37:49,58.3,57.075,1.2249999999999943,1.2249999999999943
2026-12-02 21:37:54,53.8,52.983333333333334,0.8166666666666629,0.8166666666666629
2026-12-02 21:37:59,65.8,73.3,-7.5,7.5
2026-12-02 21:38:04,57.1,56.6,0.5,0.5
2026-12-02 21:38:08,53.8,53.474999999999994,0.32500000000000284,0.32500000000000284
2026-12-02 21:38:13,59.4,59.675000000000004,-0.2750000000000057,0.2750000000000057
2026-12-02 21:38:18,54.1,55.583333333333336,-1.4833333333333343,1.4833333333333343
2026-12-02 21:38:22,58.3,58.275,0.02499999999999858,0.02499999999999858
2026-12-02 21:38:27,57.2,58.34,-1.1400000000000006,1.1400000000000006
2026-12-02 21:38:32,60.7,60.975,-0.2749999999999986,0.2749999999999986
2026-12-02 21:38:36,57.5,59.166666666666664,-1.6666666666666643,1.6666666666666643
2026-12-02 21:38:41,55.7,55.20810810810811,0.4918918918918962,0.4918918918918962
2026-12-02 21:38:46,58.3,58.275,0.02499999999999858,0.02499999999999858
2026-12-02 21:38:51,52.599999999999994,52.38,0.21999999999999176,0.21999999999999176
2026-12-02 21:38:55,55.900000000000006,55.1,0.8000000000000043,0.8000000000000043
2026-12-02 21:39:00,55.7,54.53333333333333,1.1666666666666714,1.1666666666666714
2026-12-02 21:39:05,54.9,55.15714285714286,-0.2571428571428598,0.2571428571428598
2026-12-02 21:39:09,58.8,60.03333333333333,-1.2333333333333343,1.2333333333333343
2026-12-02 21:39:14,55.3,55.20810810810811,0.09189189189189051,0.09189189189189051
2026-12-02 21:39:19,61.0,64.5,-3.5,3.5
2026-12-02 21:39:24,63.099999999999994,62.95,0.14999999999999147,0.14999999999999147
2026-12-02 21:39:28,61.0,61.763636363636365,-0.7636363636363654,0.7636363636363654
2026-12-02 21:39:33,55.5,56.849999999999994,-1.3499999999999943,1.3499999999999943
2026-12-02 21:39:38,51.3,52.983333333333334,-1.6833333333333371,1.6833333333333371
2026-12-02 21:39:42,53.0,52.983333333333334,0.01666666666666572,0.01666666666666572
2026-12-02 21:39:47,61.3,59.675000000000004,1.624999999999993,1.624999999999993
2026-12-02 21:39:52,59.900000000000006,59.6,0.30000000000000426,0.30000000000000426
2026-12-02 21:39:56,50.7,51.05,-0.3499999999999943,0.3499999999999943
2026-12-02 21:40:01,55.7,59.166666666666664,-3.4666666666666615,3.4666666666666615
2026-12-02 21:40:06,58.4,57.8,0.6000000000000014,0.6000000000000014
2026-12-02 21:40:11,54.2,53.474999999999994,0.7250000000000085,0.7250000000000085
2026-12-02 21:40:15,64.7,65.19999999999999,-0.4999999999999858,0.4999999999999858
2026-12-02 21:40:20,56.4,57.8,-1.3999999999999986,1.3999999999999986
2026-12-02 21:40:25,55.300000000000004,56.849999999999994,-1.54999999999999,1.54999999999999
2026-12-02 21:40:29,52.8,52.983333333333334,-0.18333333333333712,0.18333333333333712
2026-12-02 21:40:34,55.0,55.614285714285714,-0.6142857142857139,0.6142857142857139
2026-12-02 21:40:39,60.0,60.03333333333333,-0.03333333333333144,0.03333333333333144
2026-12-02 21:40:44,53.5,55.1,-1.6000000000000014,1.6000000000000014
2026-12-02 21:40:48,66.9,66.125,0.7750000000000057,0.7750000000000057
2026-12-02 21:40:53,65.19999999999999,70.33333333333333,-5.13333333333334,5.13333333333334
2026-12-02 21:40:58,62.699999999999996,61.349999999999994,1.3500000000000014,1.3500000000000014
2026-12-02 21:41:02,61.099999999999994,61.349999999999994,-0.25,0.25
2026-12-02 21:41:07,54.2,55.614285714285714,-1.414285714285711,1.414285714285711
2026-12-02 21:41:12,53.400000000000006,52.983333333333334,0.4166666666666714,0.4166666666666714
2026-12-02 21:41:16,53.0,52.38,0.6199999999999974,0.6199999999999974
2026-12-02 21:41:21,60.099999999999994,58.599999999999994,1.5,1.5
2026-12-02 21:41:26,52.8,54.3,-1.5,1.5
2026-12-02 21:41:31,60.9,64.5,-3.6000000000000014,3.6000000000000014
2026-12-02 21:41:35,55.300000000000004,58.275,-2.9749999999999943,2.9749999999999943
2026-12-02 21:41:40,50.6,51.05,-0.44999999999999574,0.44999999999999574
2026-12-02 21:41:45,58.6,59.675000000000004,-1.0750000000000028,1.0750000000000028
2026-12-02 21:41:49,61.8,61.5,0.29999999999999716,0.29999999999999716
2026-12-02 21:41:54,61.599999999999994,62.5425,-0.9425000000000026,0.9425000000000026
2026-12-02 21:41:59,58.0,58.34,-0.3400000000000034,0.3400000000000034
2026-12-02 21:42:04,59.5,59.6,-0.10000000000000142,0.10000000000000142
2026-12-02 21:42:08,51.599999999999994,50.73558282208589,0.8644171779141061,0.8644171779141061
2026-12-02 21:42:13,57.2,57.85,-0.6499999999999986,0.6499999999999986
2026-12-02 21:42:18,54.3,55.20810810810811,-0.9081081081081095,0.9081081081081095
2026-12-02 21:42:22,58.7,58.275,0.42500000000000426,0.42500000000000426
2026-12-02 21:42:27,61.7,64.5,-2.799999999999997,2.799999999999997
2026-12-02 21:42:32,57.800000000000004,58.275,-0.4749999999999943,0.4749999999999943
2026-12-02 21:42:36,52.599999999999994,53.474999999999994,-0.875,0.875
2026-12-02 21:42:41,59.7,64.5,-4.799999999999997,4.799999999999997
2026-12-02 21:42:46,67.3,70.33333333333333,-3.0333333333333314,3.0333333333333314
2026-12-02 21:42:51,65.9,64.37923076923077,1.5207692307692326,1.5207692307692326
2026-12-02 21:42:55,54.7,53.474999999999994,1.2250000000000085,1.2250000000000085
2026-12-02 21:43:00,58.4,58.275,0.125,0.125
2026-12-02 21:43:05,53.6,56.849999999999994,-3.249999999999993,3.249999999999993
2026-12-02 21:43:09,60.4,58.15,2.25,2.25
2026-12-02 21:43:14,53.0,52.983333333333334,0.01666666666666572,0.01666666666666572
2026-12-02 21:43:19,56.9,56.050000000000004,0.8499999999999943,0.8499999999999943
2026-12-02 21:43:24,56.0,58.05555555555556,-2.055555555555557,2.055555555555557
2026-12-02 21:43:28,57.7,57.94166666666667,-0.24166666666666714,0.24166666666666714
2026-12-02 21:43:33,56.099999999999994,54.9,1.1999999999999957,1.1999999999999957
2026-12-02 21:43:38,62.0,61.957142857142856,0.04285714285714448,0.04285714285714448
2026-12-02 21:43:42,55.8,55.1,0.6999999999999957,0.6999999999999957
2026-12-02 21:43:47,54.7,55.1,-0.3999999999999986,0.3999999999999986
2026-12-02 21:43:52,58.6,58.34,0.259999999999998,0.259999999999998
2026-12-02 21:43:57,56.599999999999994,55.1,1.499999999999993,1.499999999999993
2026-12-02 21:44:01,62.599999999999994,64.5,-1.9000000000000057,1.9000000000000057
2026-12-02 21:44:06,54.8,55.20810810810811,-0.4081081081081095,0.4081081081081095
2026-12-02 21:44:11,53.7,55.15714285714286,-1.4571428571428555,1.4571428571428555
2026-12-02 21:44:15,55.6,55.15714285714286,0.44285714285714306,0.44285714285714306
2026-12-02 21:44:20,53.7,53.55,0.15000000000000568,0.15000000000000568
2026-12-02 21:44:25,56.400000000000006,55.1,1.3000000000000043,1.3000000000000043
2026-12-02 21:44:29,56.2,55.1,1.1000000000000014,1.1000000000000014
2026-12-02 21:44:34,58.4,59.166666666666664,-0.7666666666666657,0.7666666666666657
2026-12-02 21:44:39,55.0,55.1,-0.10000000000000142,0.10000000000000142
2026-12-02 21:44:44,58.3,58.34,-0.04000000000000625,0.04000000000000625
2026-12-02 21:44:48,52.8,53.474999999999994,-0.6749999999999972,0.6749999999999972
2026-12-02 21:44:53,54.0,52.53186813186813,1.46813186813187,1.46813186813187
2026-12-02 21:44:58,53.7,52.983333333333334,0.7166666666666686,0.7166666666666686
2026-12-02 21:45:02,58.199999999999996,58.55,-0.3500000000000014,0.3500000000000014
2026-12-02 21:45:07,59.7,60.03333333333333,-0.3333333333333286,0.3333333333333286
2026-12-02 21:45:12,55.3,55.20810810810811,0.09189189189189051,0.09189189189189051
2026-12-02 21:45:17,53.2,52.38,0.8200000000000003,0.8200000000000003
2026-12-02 21:45:21,53.4,53.474999999999994,-0.07499999999999574,0.07499999999999574
2026-12-02 21:45:26,64.30000000000001,64.5,-0.19999999999998863,0.19999999999998863
2026-12-02 21:45:31,55.5,55.15714285714286,0.34285714285714164,0.34285714285714164
2026-12-02 21:45:35,60.3,64.5,-4.200000000000003,4.200000000000003
2026-12-02 21:45:40,55.400000000000006,58.275,-2.874999999999993,2.874999999999993
2026-12-02 21:45:45,56.4,55.15714285714286,1.2428571428571402,1.2428571428571402
2026-12-02 21:45:49,57.5,59.166666666666664,-1.6666666666666643,1.6666666666666643
2026-12-02 21:45:54,56.6,58.275,-1.6749999999999972,1.6749999999999972
2026-12-02 21:45:59,53.0,53.474999999999994,-0.4749999999999943,0.4749999999999943
2026-12-02 21:46:04,57.4,59.675000000000004,-2.2750000000000057,2.2750000000000057
2026-12-02 21:46:08,53.7,58.275,-4.574999999999996,4.574999999999996
2026-12-02 21:46:13,56.800000000000004,55.1,1.7000000000000028,1.7000000000000028
2026-12-02 21:46:18,61.2,64.5,-3.299999999999997,3.299999999999997
2026-12-02 21:46:22,56.800000000000004,58.275,-1.4749999999999943,1.4749999999999943
2026-12-02 21:46:27,56.5,58.34,-1.8400000000000034,1.8400000000000034
2026-12-02 21:46:32,53.1,52.38,0.7199999999999989,0.7199999999999989
2026-12-02 21:46:37,57.3,58.275,-0.9750000000000014,0.9750000000000014
2026-12-02 21:46:41,56.599999999999994,60.95,-4.3500000000000085,4.3500000000000085
2026-12-02 21:46:46,56.1,58.275,-2.174999999999997,2.174999999999997
2026-12-02 21:46:51,51.8,54.3,-2.5,2.5
2026-12-02 21:46:55,52.0,53.474999999999994,-1.4749999999999943,1.4749999999999943
2026-12-02 21:47:00,56.4,55.1,1.2999999999999972,1.2999999999999972
2026-12-02 21:47:05,53.400000000000006,55.1,-1.6999999999999957,1.6999999999999957
2026-12-02 21:47:09,59.400000000000006,60.975,-1.5749999999999957,1.5749999999999957
2026-12-02 21:47:14,57.5,58.34,-0.8400000000000034,0.8400000000000034
2026-12-02 21:47:19,54.7,55.1,-0.3999999999999986,0.3999999999999986
2026-12-02 21:47:24,63.7,65.525,-1.8250000000000028,1.8250000000000028
2026-12-02 21:47:28,53.9,55.20810810810811,-1.308108108108108,1.308108108108108
2026-12-02 21:47:33,55.1,55.1,0.0,0.0
2026-12-02 21:47:38,62.5,61.61578947368421,0.8842105263157904,0.8842105263157904
2026-12-02 21:47:42,61.5,62.5425,-1.0424999999999969,1.0424999999999969
2026-12-02 21:47:47,53.2,53.474999999999994,-0.2749999999999915,0.2749999999999915
2026-12-02 21:47:52,56.0,55.1,0.8999999999999986,0.8999999999999986
2026-12-02 21:47:57,57.0,58.275,-1.2749999999999986,1.2749999999999986
2026-12-02 21:48:01,59.7,61.233333333333334,-1.5333333333333314,1.5333333333333314
2026-12-02 21:48:06,53.5,53.46666666666667,0.03333333333333144,0.03333333333333144
2026-12-02 21:48:11,57.099999999999994,58.34,-1.240000000000009,1.240000000000009
2026-12-02 21:48:15,60.8,59.675000000000004,1.124999999999993,1.124999999999993
2026-12-02 21:48:20,56.800000000000004,58.275,-1.4749999999999943,1.4749999999999943
2026-12-02 21:48:25,56.599999999999994,59.166666666666664,-2.56666666666667,2.56666666666667
2026-12-02 21:48:29,61.4,61.5,-0.10000000000000142,0.10000000000000142
2026-12-02 21:48:34,59.3,58.275,1.0249999999999986,1.0249999999999986
2026-12-02 21:48:39,53.9,59.166666666666664,-5.266666666666666,5.266666666666666
2026-12-02 21:48:44,53.9,52.983333333333334,0.9166666666666643,0.9166666666666643
2026-12-02 21:48:48,57.2,59.166666666666664,-1.9666666666666615,1.9666666666666615
2026-12-02 21:48:53,55.099999999999994,55.1,-7.105427357601002e-15,7.105427357601002e-15
2026-12-02 21:48:58,57.5,59.166666666666664,-1.6666666666666643,1.6666666666666643
2026-12-02 21:49:02,60.6,64.5,-3.8999999999999986,3.8999999999999986
2026-12-02 21:49:07,60.3,64.5,-4.200000000000003,4.200000000000003
2026-12-02 21:49:12,56.3,55.1,1.1999999999999957,1.1999999999999957
2026-12-02 21:49:17,56.400000000000006,55.1,1.3000000000000043,1.3000000000000043
2026-12-02 21:49:21,53.0,52.38,0.6199999999999974,0.6199999999999974
2026-12-02 21:49:26,60.699999999999996,61.06666666666667,-0.36666666666667425,0.36666666666667425
2026-12-02 21:49:31,57.9,58.275,-0.375,0.375
2026-12-02 21:49:35,56.900000000000006,58.34,-1.4399999999999977,1.4399999999999977
2026-12-02 21:49:40,55.0,55.1,-0.10000000000000142,0.10000000000000142
2026-12-02 21:49:45,56.099999999999994,59.166666666666664,-3.06666666666667,3.06666666666667
2026-12-02 21:49:49,56.2,58.34,-2.1400000000000006,2.1400000000000006
2026-12-02 21:49:54,55.6,57.075,-1.4750000000000014,1.4750000000000014
2026-12-02 21:49:59,54.8,52.983333333333334,1.8166666666666629,1.8166666666666629
2026-12-02 21:50:04,61.2,60.03333333333333,1.1666666666666714,1.1666666666666714
2026-12-02 21:50:08,58.800000000000004,58.275,0.5250000000000057,0.5250000000000057
2026-12-02 21:50:13,55.8,55.20810810810811,0.5918918918918905,0.5918918918918905
2026-12-02 21:50:18,60.599999999999994,59.675000000000004,0.92499999999999,0.92499999999999
2026-12-02 21:50:22,127.7,133.55,-5.8500000000000085,5.8500000000000085
2026-12-02 21:50:27,59.5,60.975,-1.4750000000000014,1.4750000000000014
2026-12-02 21:50:32,60.099999999999994,64.5,-4.400000000000006,4.400000000000006
2026-12-02 21:50:37,58.7,58.275,0.42500000000000426,0.42500000000000426
2026-12-02 21:50:41,60.6,64.5,-3.8999999999999986,3.8999999999999986
2026-12-02 21:50:46,60.5,64.5,-4.0,4.0
2026-12-02 21:50:51,55.4,55.15714285714286,0.24285714285714022,0.24285714285714022
2026-12-02 21:50:55,57.0,58.275,-1.2749999999999986,1.2749999999999986
2026-12-02 21:51:00,58.800000000000004,60.95,-2.1499999999999986,2.1499999999999986
2026-12-02 21:51:05,59.5,60.975,-1.4750000000000014,1.4750000000000014
2026-12-02 21:51:09,60.5,58.599999999999994,1.9000000000000057,1.9000000000000057
2026-12-02 21:51:14,55.900000000000006,55.1,0.8000000000000043,0.8000000000000043
2026-12-02 21:51:19,64.5,64.5,0.0,0.0
2026-12-02 21:51:24,58.0,58.275,-0.2749999999999986,0.2749999999999986
2026-12-02 21:51:28,62.900000000000006,64.5,-1.5999999999999943,1.5999999999999943
2026-12-02 21:51:33,69.7,73.625,-3.924999999999997,3.924999999999997
2026-12-02 21:51:38,57.5,56.6,0.8999999999999986,0.8999999999999986
2026-12-02 21:51:42,59.8,59.675000000000004,0.1249999999999929,0.1249999999999929
2026-12-02 21:51:47,59.5,64.5,-5.0,5.0
2026-12-02 21:51:52,58.2,64.5,-6.299999999999997,6.299999999999997
2026-12-02 21:51:57,55.099999999999994,59.166666666666664,-4.06666666666667,4.06666666666667
2026-12-02 21:52:01,51.1,53.474999999999994,-2.374999999999993,2.374999999999993
2026-12-02 21:52:06,62.3,61.349999999999994,0.9500000000000028,0.9500000000000028
2026-12-02 21:52:11,60.400000000000006,60.95,-0.5499999999999972,0.5499999999999972
2026-12-02 21:52:15,65.5,69.25,-3.75,3.75
2026-12-02 21:52:20,57.900000000000006,60.95,-3.049999999999997,3.049999999999997
2026-12-02 21:52:25,58.3,64.5,-6.200000000000003,6.200000000000003
2026-12-02 21:52:29,56.3,64.5,-8.200000000000003,8.200000000000003
2026-12-02 21:52:34,53.599999999999994,58.275,-4.675000000000004,4.675000000000004
2026-12-02 21:52:39,56.6,58.05,-1.4499999999999957,1.4499999999999957
2026-12-02 21:52:44,65.7,70.33333333333333,-4.633333333333326,4.633333333333326
2026-12-02 21:52:48,67.19999999999999,69.25,-2.0500000000000114,2.0500000000000114
2026-12-02 21:52:53,52.300000000000004,53.474999999999994,-1.17499999999999,1.17499999999999
2026-12-02 21:52:58,58.6,64.5,-5.899999999999999,5.899999999999999
2026-12-02 21:53:02,55.0,60.95,-5.950000000000003,5.950000000000003
2026-12-02 21:53:07,55.6,58.275,-2.674999999999997,2.674999999999997
2026-12-02 21:53:12,62.2,74.5,-12.299999999999997,12.299999999999997
2026-12-02 21:53:17,61.8,69.25,-7.450000000000003,7.450000000000003
2026-12-02 21:53:21,54.6,55.15714285714286,-0.5571428571428569,0.5571428571428569
2026-12-02 21:53:26,63.1,64.5,-1.3999999999999986,1.3999999999999986
2026-12-02 21:53:31,58.7,60.03333333333333,-1.3333333333333286,1.3333333333333286
2026-12-02 21:53:35,52.900000000000006,58.275,-5.374999999999993,5.374999999999993
2026-12-02 21:53:40,50.9,53.474999999999994,-2.5749999999999957,2.5749999999999957
2026-12-02 21:53:45,59.699999999999996,64.5,-4.800000000000004,4.800000000000004
2026-12-02 21:53:49,56.3,58.275,-1.9750000000000014,1.9750000000000014
2026-12-02 21:53:54,61.7,64.5,-2.799999999999997,2.799999999999997
2026-12-02 21:53:59,63.599999999999994,61.5,2.0999999999999943,2.0999999999999943
2026-12-02 21:54:04,61.0,70.33333333333333,-9.333333333333329,9.333333333333329
2026-12-02 21:54:08,53.9,54.2,-0.30000000000000426,0.30000000000000426
2026-12-02 21:54:13,53.5,53.474999999999994,0.025000000000005684,0.025000000000005684
2026-12-02 21:54:18,52.400000000000006,53.474999999999994,-1.0749999999999886,1.0749999999999886
2026-12-02 21:54:22,60.1,59.675000000000004,0.42499999999999716,0.42499999999999716
2026-12-02 21:54:27,62.1,64.5,-2.3999999999999986,2.3999999999999986
2026-12-02 21:54:32,55.6,64.5,-8.899999999999999,8.899999999999999
2026-12-02 21:54:37,49.5,50.55,-1.0499999999999972,1.0499999999999972
2026-12-02 21:54:41,59.199999999999996,59.675000000000004,-0.4750000000000085,0.4750000000000085
2026-12-02 21:54:46,61.9,64.5,-2.6000000000000014,2.6000000000000014
2026-12-02 21:54:51,57.4,58.275,-0.875,0.875
2026-12-02 21:54:55,53.0,53.474999999999994,-0.4749999999999943,0.4749999999999943
2026-12-02 21:55:00,55.6,58.275,-2.674999999999997,2.674999999999997
2026-12-02 21:55:05,54.300000000000004,53.474999999999994,0.82500000000001,0.82500000000001
2026-12-02 21:55:09,57.3,58.275,-0.9750000000000014,0.9750000000000014
2026-12-02 21:55:14,52.4,53.474999999999994,-1.0749999999999957,1.0749999999999957
2026-12-02 21:55:19,72.9,73.625,-0.7249999999999943,0.7249999999999943
2026-12-02 21:55:24,55.6,60.95,-5.350000000000001,5.350000000000001
2026-12-02 21:55:28,58.0,60.95,-2.950000000000003,2.950000000000003
2026-12-02 21:55:33,55.5,55.614285714285714,-0.11428571428571388,0.11428571428571388
2026-12-02 21:55:38,55.4,55.614285714285714,-0.2142857142857153,0.2142857142857153
2026-12-02 21:55:42,54.9,55.614285714285714,-0.7142857142857153,0.7142857142857153
2026-12-02 21:55:47,56.0,55.1,0.8999999999999986,0.8999999999999986
2026-12-02 21:55:52,63.7,70.33333333333333,-6.633333333333326,6.633333333333326
2026-12-02 21:55:57,55.5,58.275,-2.7749999999999986,2.7749999999999986
2026-12-02 21:56:01,61.0,59.6,1.3999999999999986,1.3999999999999986
2026-12-02 21:56:06,58.3,58.275,0.02499999999999858,0.02499999999999858
2026-12-02 21:56:11,54.4,58.275,-3.875,3.875
2026-12-02 21:56:15,61.0,60.95,0.04999999999999716,0.04999999999999716
2026-12-02 21:56:20,62.0,61.5,0.5,0.5
2026-12-02 21:56:25,59.1,60.975,-1.875,1.875
2026-12-02 21:58:19,73.9,73.625,0.2750000000000057,0.2750000000000057
2026-12-02 21:58:24,68.8,69.25,-0.45000000000000284,0.45000000000000284
2026-12-02 21:58:29,67.0,66.68181818181819,0.318181818181813,0.318181818181813
2026-12-02 21:58:33,65.9,66.125,-0.22499999999999432,0.22499999999999432
2026-12-02 21:58:38,70.2,70.7235294117647,-0.5235294117646987,0.5235294117646987
2026-12-02 21:58:43,58.0,58.34,-0.3400000000000034,0.3400000000000034
2026-12-02 21:58:47,57.6,58.34,-0.740000000000002,0.740000000000002
2026-12-02 21:58:52,51.099999999999994,53.474999999999994,-2.375,2.375
2026-12-02 21:58:57,66.0,65.19999999999999,0.8000000000000114,0.8000000000000114
2026-12-02 21:59:02,52.8,53.56666666666667,-0.7666666666666728,0.7666666666666728
2026-12-02 21:59:06,60.7,69.36666666666666,-8.666666666666657,8.666666666666657
2026-12-02 21:59:11,66.2,73.75,-7.549999999999997,7.549999999999997
2026-12-02 21:59:16,76.2,85.42500000000001,-9.225000000000009,9.225000000000009
2026-12-02 21:59:20,66.0,73.75,-7.75,7.75
2026-12-02 21:59:25,77.1,85.42500000000001,-8.325000000000017,8.325000000000017
2026-12-02 21:59:30,58.400000000000006,60.95,-2.549999999999997,2.549999999999997
2026-12-02 21:59:35,78.0,73.625,4.375,4.375
2026-12-02 21:59:39,69.5,73.625,-4.125,4.125
2026-12-02 21:59:44,69.0,73.625,-4.625,4.625
2026-12-02 21:59:49,63.5,65.525,-2.0250000000000057,2.0250000000000057
2026-12-02 21:59:53,63.900000000000006,60.699999999999996,3.20000000000001,3.20000000000001
2026-12-02 21:59:58,61.8,63.15,-1.3500000000000014,1.3500000000000014
2026-12-02 22:00:03,67.4,73.75,-6.349999999999994,6.349999999999994
2026-12-02 22:00:07,51.7,53.474999999999994,-1.7749999999999915,1.7749999999999915
2026-12-02 22:00:12,54.2,53.36190476190476,0.8380952380952422,0.8380952380952422
2026-12-02 22:00:17,62.3,64.525,-2.2250000000000085,2.2250000000000085
2026-12-02 22:00:22,60.2,60.16470588235294,0.03529411764706225,0.03529411764706225
2026-12-02 22:00:26,57.8,58.05,-0.25,0.25
2026-12-02 22:00:31,59.599999999999994,59.90909090909091,-0.3090909090909122,0.3090909090909122
2026-12-02 22:00:36,58.699999999999996,60.03333333333333,-1.3333333333333357,1.3333333333333357
2026-12-02 22:00:40,54.8,53.85,0.9499999999999957,0.9499999999999957
2026-12-02 22:00:45,54.8,54.3,0.5,0.5
2026-12-02 22:00:50,60.5,58.9625,1.5375000000000014,1.5375000000000014
2026-12-02 22:00:55,57.2,59.166666666666664,-1.9666666666666615,1.9666666666666615
2026-12-02 22:00:59,54.7,55.614285714285714,-0.914285714285711,0.914285714285711
2026-12-02 22:01:04,53.2,53.474999999999994,-0.2749999999999915,0.2749999999999915
2026-12-02 22:01:09,66.2,66.68181818181819,-0.48181818181818414,0.48181818181818414
2026-12-02 22:01:13,54.4,55.583333333333336,-1.1833333333333371,1.1833333333333371
2026-12-02 22:01:18,65.0,65.19999999999999,-0.19999999999998863,0.19999999999998863
2026-12-02 22:01:23,63.5,63.15,0.3500000000000014,0.3500000000000014
2026-12-02 22:01:27,56.0,59.166666666666664,-3.1666666666666643,3.1666666666666643
2026-12-02 22:01:32,58.9,60.03333333333333,-1.1333333333333329,1.1333333333333329
2026-12-02 22:01:37,62.900000000000006,68.14999999999999,-5.249999999999986,5.249999999999986
2026-12-02 22:01:42,62.0,61.349999999999994,0.6500000000000057,0.6500000000000057
2026-12-02 22:01:46,63.4,64.37923076923077,-0.9792307692307745,0.9792307692307745
2026-12-02 22:01:51,56.8,58.275,-1.4750000000000014,1.4750000000000014
2026-12-02 22:01:56,69.4,73.625,-4.224999999999994,4.224999999999994
2026-12-02 22:02:00,53.3,53.474999999999994,-0.17499999999999716,0.17499999999999716
2026-12-02 22:02:05,57.099999999999994,58.275,-1.1750000000000043,1.1750000000000043
2026-12-02 22:02:10,53.900000000000006,52.983333333333334,0.9166666666666714,0.9166666666666714
2026-12-02 22:02:15,52.199999999999996,53.474999999999994,-1.2749999999999986,1.2749999999999986
2026-12-02 22:02:19,56.9,59.675000000000004,-2.7750000000000057,2.7750000000000057
2026-12-02 22:02:24,56.4,54.7,1.6999999999999957,1.6999999999999957
2026-12-02 22:02:29,58.6,59.6,-1.0,1.0
2026-12-02 22:02:33,55.6,58.275,-2.674999999999997,2.674999999999997
2026-12-02 22:02:38,56.400000000000006,58.34,-1.9399999999999977,1.9399999999999977
2026-12-02 22:02:43,65.4,64.35733333333333,1.0426666666666762,1.0426666666666762
2026-12-02 22:02:47,58.5,57.38,1.1199999999999974,1.1199999999999974
2026-12-02 22:02:52,53.599999999999994,56.849999999999994,-3.25,3.25
2026-12-02 22:02:57,61.5,63.15,-1.6499999999999986,1.6499999999999986
2026-12-02 22:03:02,64.3,64.37923076923077,-0.07923076923077588,0.07923076923077588
2026-12-02 22:03:06,60.3,60.95,-0.6500000000000057,0.6500000000000057
2026-12-02 22:03:11,60.5,64.5,-4.0,4.0
2026-12-02 22:03:16,57.8,58.275,-0.4750000000000014,0.4750000000000014
2026-12-02 22:03:20,57.800000000000004,60.95,-3.1499999999999986,3.1499999999999986
2026-12-02 22:03:25,56.1,58.275,-2.174999999999997,2.174999999999997
2026-12-02 22:03:30,61.8,61.5,0.29999999999999716,0.29999999999999716
2026-12-02 22:03:35,141.7,108.73333333333335,32.96666666666664,32.96666666666664
2026-12-02 22:03:39,60.800000000000004,60.975,-0.17499999999999716,0.17499999999999716
2026-12-02 22:03:44,63.2,64.5,-1.2999999999999972,1.2999999999999972
2026-12-02 22:03:49,57.4,59.166666666666664,-1.7666666666666657,1.7666666666666657
2026-12-02 22:03:53,57.099999999999994,59.166666666666664,-2.06666666666667,2.06666666666667
2026-12-02 22:03:58,65.2,65.525,-0.32500000000000284,0.32500000000000284
2026-12-02 22:04:03,63.5,61.5,2.0,2.0
2026-12-02 22:04:07,67.1,70.33333333333333,-3.2333333333333343,3.2333333333333343
2026-12-02 22:04:12,60.800000000000004,60.975,-0.17499999999999716,0.17499999999999716
2026-12-02 22:04:17,62.7,64.5,-1.7999999999999972,1.7999999999999972
2026-12-02 22:04:22,58.2,58.275,-0.07499999999999574,0.07499999999999574
2026-12-02 22:04:26,56.0,56.050000000000004,-0.05000000000000426,0.05000000000000426
2026-12-02 22:04:31,59.0,59.6,-0.6000000000000014,0.6000000000000014
2026-12-02 22:04:36,66.5,66.68181818181819,-0.18181818181818699,0.18181818181818699
2026-12-02 22:04:40,71.9,73.32000000000001,-1.4200000000000017,1.4200000000000017
2026-12-02 22:04:45,63.5,65.525,-2.0250000000000057,2.0250000000000057
2026-12-02 22:04:50,69.1,69.31666666666666,-0.21666666666666856,0.21666666666666856
2026-12-02 22:04:55,60.5,60.95,-0.45000000000000284,0.45000000000000284
2026-12-02 22:04:59,61.3,61.763636363636365,-0.4636363636363683,0.4636363636363683
2026-12-02 22:05:04,65.3,64.5,0.7999999999999972,0.7999999999999972
2026-12-02 22:05:09,66.0,65.19999999999999,0.8000000000000114,0.8000000000000114
2026-12-02 22:05:13,56.800000000000004,56.849999999999994,-0.04999999999999005,0.04999999999999005
2026-12-02 22:05:18,67.2,69.36666666666666,-2.166666666666657,2.166666666666657
2026-12-02 22:05:23,71.4,73.75,-2.3499999999999943,2.3499999999999943
2026-12-02 22:05:27,69.9,70.0,-0.09999999999999432,0.09999999999999432
2026-12-02 22:05:32,71.9,72.225,-0.32499999999998863,0.32499999999998863
2026-12-02 22:05:37,63.099999999999994,61.349999999999994,1.75,1.75
2026-12-02 22:05:42,56.4,55.20810810810811,1.191891891891892,1.191891891891892
2026-12-02 22:05:46,63.5,65.525,-2.0250000000000057,2.0250000000000057
2026-12-02 22:05:51,62.8,61.5,1.2999999999999972,1.2999999999999972
2026-12-02 22:05:56,53.0,52.983333333333334,0.01666666666666572,0.01666666666666572
2026-12-02 22:06:00,58.5,59.675000000000004,-1.1750000000000043,1.1750000000000043
2026-12-02 22:06:05,60.5,59.90909090909091,0.5909090909090935,0.5909090909090935
2026-12-02 22:06:10,59.3,60.03333333333333,-0.7333333333333343,0.7333333333333343
2026-12-02 22:06:15,62.1,61.5,0.6000000000000014,0.6000000000000014
2026-12-02 22:06:19,53.400000000000006,58.275,-4.874999999999993,4.874999999999993
2026-12-02 22:06:24,67.3,70.33333333333333,-3.0333333333333314,3.0333333333333314
2026-12-02 22:06:29,56.099999999999994,55.15714285714286,0.942857142857136,0.942857142857136
2026-12-02 22:06:33,57.7,58.275,-0.5749999999999957,0.5749999999999957
2026-12-02 22:06:38,57.6,58.275,-0.6749999999999972,0.6749999999999972
2026-12-02 22:06:43,65.7,65.525,0.17499999999999716,0.17499999999999716
2026-12-02 22:06:47,70.19999999999999,70.525,-0.32500000000001705,0.32500000000001705
2026-12-02 22:06:52,62.900000000000006,64.5,-1.5999999999999943,1.5999999999999943
2026-12-02 22:06:57,77.4,73.625,3.7750000000000057,3.7750000000000057
2026-12-02 22:07:02,57.3,60.95,-3.6500000000000057,3.6500000000000057
2026-12-02 22:07:06,65.8,69.36666666666666,-3.566666666666663,3.566666666666663
2026-12-02 22:07:11,68.2,70.06666666666666,-1.86666666666666,1.86666666666666
2026-12-02 22:07:16,58.3,60.95,-2.6500000000000057,2.6500000000000057
2026-12-02 22:07:20,56.1,55.583333333333336,0.5166666666666657,0.5166666666666657
2026-12-02 22:07:25,59.0,57.53333333333334,1.4666666666666615,1.4666666666666615
2026-12-02 22:07:30,50.8,50.55,0.25,0.25
2026-12-02 22:07:35,58.1,59.675000000000004,-1.5750000000000028,1.5750000000000028
2026-12-02 22:07:39,53.9,53.474999999999994,0.42500000000000426,0.42500000000000426
2026-12-02 22:07:44,50.8,53.474999999999994,-2.674999999999997,2.674999999999997
2026-12-02 22:07:49,59.8,59.675000000000004,0.1249999999999929,0.1249999999999929
2026-12-02 22:07:53,58.1,58.34,-0.240000000000002,0.240000000000002
2026-12-02 22:07:58,56.5,57.53333333333334,-1.0333333333333385,1.0333333333333385
2026-12-02 22:08:03,75.9,85.42500000000001,-9.525000000000006,9.525000000000006
2026-12-02 22:08:07,63.099999999999994,63.15,-0.05000000000000426,0.05000000000000426
2026-12-02 22:08:12,59.7,60.95,-1.25,1.25
2026-12-02 22:08:17,49.0,49.6,-0.6000000000000014,0.6000000000000014
2026-12-02 22:08:22,55.599999999999994,58.275,-2.6750000000000043,2.6750000000000043
2026-12-02 22:08:26,54.6,60.95,-6.350000000000001,6.350000000000001
2026-12-02 22:08:31,58.3,60.95,-2.6500000000000057,2.6500000000000057
2026-12-02 22:08:36,57.3,58.275,-0.9750000000000014,0.9750000000000014
2026-12-02 22:08:40,57.1,58.275,-1.1749999999999972,1.1749999999999972
2026-12-02 22:08:45,55.6,54.7,0.8999999999999986,0.8999999999999986
2026-12-02 22:08:50,58.0,58.275,-0.2749999999999986,0.2749999999999986
2026-12-02 22:08:55,63.900000000000006,64.5,-0.5999999999999943,0.5999999999999943
2026-12-02 22:08:59,56.099999999999994,58.34,-2.240000000000009,2.240000000000009
2026-12-02 22:09:04,61.5,64.5,-3.0,3.0
2026-12-02 22:09:09,47.5,51.05,-3.549999999999997,3.549999999999997
2026-12-02 22:09:13,56.2,58.275,-2.0749999999999957,2.0749999999999957
2026-12-02 22:09:18,61.3,60.95,0.3499999999999943,0.3499999999999943
2026-12-02 22:09:23,67.5,65.19999999999999,2.3000000000000114,2.3000000000000114
2026-12-02 22:09:27,51.900000000000006,53.474999999999994,-1.5749999999999886,1.5749999999999886
2026-12-02 22:09:32,57.9,59.675000000000004,-1.7750000000000057,1.7750000000000057
2026-12-02 22:09:37,50.1,50.55,-0.44999999999999574,0.44999999999999574
2026-12-02 22:09:42,53.099999999999994,53.474999999999994,-0.375,0.375
2026-12-02 22:09:46,59.3,68.14999999999999,-8.849999999999994,8.849999999999994
2026-12-02 22:09:51,52.199999999999996,53.474999999999994,-1.2749999999999986,1.2749999999999986
2026-12-02 22:09:56,53.0,53.474999999999994,-0.4749999999999943,0.4749999999999943
2026-12-02 22:10:00,52.7,53.474999999999994,-0.7749999999999915,0.7749999999999915
2026-12-02 22:10:05,59.7,60.03333333333333,-0.3333333333333286,0.3333333333333286
2026-12-02 22:10:10,61.8,64.5,-2.700000000000003,2.700000000000003
2026-12-02 22:10:15,54.599999999999994,58.275,-3.6750000000000043,3.6750000000000043
2026-12-02 22:10:19,56.5,60.95,-4.450000000000003,4.450000000000003
2026-12-02 22:10:24,56.900000000000006,57.53333333333334,-0.6333333333333329,0.6333333333333329
2026-12-02 22:10:29,60.9,64.5,-3.6000000000000014,3.6000000000000014
2026-12-02 22:10:33,66.6,69.25,-2.6500000000000057,2.6500000000000057
2026-12-02 22:10:38,66.80000000000001,69.25,-2.4499999999999886,2.4499999999999886
2026-12-02 22:10:43,64.0,70.33333333333333,-6.333333333333329,6.333333333333329
2026-12-02 22:10:47,53.6,54.3,-0.6999999999999957,0.6999999999999957
2026-12-02 22:10:52,48.6,51.05,-2.4499999999999957,2.4499999999999957
2026-12-02 22:10:57,52.1,53.474999999999994,-1.374999999999993,1.374999999999993
2026-12-02 22:11:02,58.1,57.8,0.30000000000000426,0.30000000000000426
2026-12-02 22:11:06,52.5,53.474999999999994,-0.9749999999999943,0.9749999999999943
2026-12-02 22:11:11,52.0,53.474999999999994,-1.4749999999999943,1.4749999999999943
2026-12-02 22:11:16,53.8,53.474999999999994,0.32500000000000284,0.32500000000000284
2026-12-02 22:11:20,68.19999999999999,69.25,-1.0500000000000114,1.0500000000000114
2026-12-02 22:11:25,56.3,58.275,-1.9750000000000014,1.9750000000000014
2026-12-02 22:11:30,59.4,64.5,-5.100000000000001,5.100000000000001
2026-12-02 22:11:35,61.3,60.95,0.3499999999999943,0.3499999999999943
2026-12-02 22:11:39,47.3,51.05,-3.75,3.75
2026-12-02 22:11:44,60.1,60.03333333333333,0.06666666666666998,0.06666666666666998
2026-12-02 22:11:49,61.2,61.349999999999994,-0.14999999999999147,0.14999999999999147
2026-12-02 22:11:53,59.2,59.90909090909091,-0.7090909090909037,0.7090909090909037
2026-12-02 22:11:58,56.2,55.614285714285714,0.585714285714289,0.585714285714289
2026-12-02 22:12:03,56.5,59.675000000000004,-3.1750000000000043,3.1750000000000043
2026-12-02 22:12:08,57.6,58.34,-0.740000000000002,0.740000000000002
2026-12-02 22:12:12,58.2,58.599999999999994,-0.3999999999999915,0.3999999999999915
2026-12-02 22:12:17,56.3,54.7,1.5999999999999943,1.5999999999999943
2026-12-02 22:12:22,49.900000000000006,50.55,-0.6499999999999915,0.6499999999999915
2026-12-02 22:12:26,54.1,52.983333333333334,1.1166666666666671,1.1166666666666671
2026-12-02 22:12:31,52.4,53.474999999999994,-1.0749999999999957,1.0749999999999957
2026-12-02 22:12:36,53.400000000000006,54.7,-1.2999999999999972,1.2999999999999972
2026-12-02 22:12:40,60.0,59.675000000000004,0.32499999999999574,0.32499999999999574
2026-12-02 22:12:45,61.8,64.5,-2.700000000000003,2.700000000000003
2026-12-02 22:12:50,57.900000000000006,59.6,-1.6999999999999957,1.6999999999999957
2026-12-02 22:12:55,51.6,53.474999999999994,-1.874999999999993,1.874999999999993
2026-12-02 22:12:59,62.3,70.33333333333333,-8.033333333333331,8.033333333333331
2026-12-02 22:13:04,58.900000000000006,60.95,-2.049999999999997,2.049999999999997
2026-12-02 22:13:09,56.699999999999996,58.275,-1.5750000000000028,1.5750000000000028
2026-12-02 22:13:13,65.19999999999999,64.5,0.6999999999999886,0.6999999999999886
2026-12-02 22:13:18,57.5,58.275,-0.7749999999999986,0.7749999999999986
2026-12-02 22:13:23,61.900000000000006,61.5,0.4000000000000057,0.4000000000000057
2026-12-02 22:13:28,55.099999999999994,54.7,0.3999999999999915,0.3999999999999915
2026-12-02 22:13:32,63.6,64.5,-0.8999999999999986,0.8999999999999986
2026-12-02 22:13:37,51.5,50.55,0.9500000000000028,0.9500000000000028
2026-12-02 22:13:42,64.9,74.5,-9.599999999999994,9.599999999999994
2026-12-02 22:13:46,56.8,58.275,-1.4750000000000014,1.4750000000000014
2026-12-02 22:13:51,51.7,53.474999999999994,-1.7749999999999915,1.7749999999999915
2026-12-02 22:13:56,60.2,59.675000000000004,0.5249999999999986,0.5249999999999986
2026-12-02 22:14:00,60.4,60.95,-0.5500000000000043,0.5500000000000043
2026-12-02 22:14:05,65.2,65.525,-0.32500000000000284,0.32500000000000284
2026-12-02 22:14:10,52.0,50.55,1.4500000000000028,1.4500000000000028
2026-12-02 22:14:15,56.2,58.275,-2.0749999999999957,2.0749999999999957
2026-12-02 22:14:19,56.3,58.55,-2.25,2.25
2026-12-02 22:14:24,50.4,50.32173913043478,0.07826086956522005,0.07826086956522005
2026-12-02 22:14:29,52.9,53.474999999999994,-0.5749999999999957,0.5749999999999957
2026-12-02 22:14:33,61.099999999999994,63.15,-2.0500000000000043,2.0500000000000043
2026-12-02 22:14:38,67.6,67.425,0.17499999999999716,0.17499999999999716
2026-12-02 22:14:43,52.7,53.474999999999994,-0.7749999999999915,0.7749999999999915
2026-12-02 22:14:48,56.2,59.675000000000004,-3.4750000000000014,3.4750000000000014
2026-12-02 22:14:52,51.7,53.474999999999994,-1.7749999999999915,1.7749999999999915
2026-12-02 22:14:57,53.5,54.3,-0.7999999999999972,0.7999999999999972
2026-12-02 22:15:02,60.3,60.03333333333333,0.2666666666666657,0.2666666666666657
2026-12-02 22:15:06,56.3,60.95,-4.650000000000006,4.650000000000006
2026-12-02 22:15:11,52.599999999999994,53.474999999999994,-0.875,0.875
2026-12-02 22:15:16,54.2,58.275,-4.074999999999996,4.074999999999996
2026-12-02 22:15:20,55.4,60.95,-5.550000000000004,5.550000000000004
2026-12-02 22:15:25,52.699999999999996,53.474999999999994,-0.7749999999999986,0.7749999999999986
2026-12-02 22:15:30,47.3,49.6,-2.3000000000000043,2.3000000000000043
2026-12-02 22:15:35,58.7,64.5,-5.799999999999997,5.799999999999997
2026-12-02 22:15:39,56.900000000000006,60.95,-4.049999999999997,4.049999999999997
2026-12-02 22:15:44,56.4,60.95,-4.550000000000004,4.550000000000004
2026-12-02 22:15:49,59.8,64.5,-4.700000000000003,4.700000000000003
2026-12-02 22:15:53,64.5,69.25,-4.75,4.75
2026-12-02 22:15:58,55.2,55.15714285714286,0.04285714285714448,0.04285714285714448
2026-12-02 22:16:03,53.9,58.275,-4.375,4.375
2026-12-02 22:16:08,58.599999999999994,60.95,-2.3500000000000085,2.3500000000000085
2026-12-02 22:16:12,49.2,50.55,-1.3499999999999943,1.3499999999999943
2026-12-02 22:16:17,57.599999999999994,59.675000000000004,-2.07500000000001,2.07500000000001
2026-12-02 22:16:22,58.7,60.95,-2.25,2.25
2026-12-02 22:16:26,56.9,60.95,-4.050000000000004,4.050000000000004
2026-12-02 22:16:31,57.4,58.275,-0.875,0.875
2026-12-02 22:16:36,58.8,60.95,-2.1500000000000057,2.1500000000000057
2026-12-02 22:16:40,50.5,50.55,-0.04999999999999716,0.04999999999999716
2026-12-02 22:16:45,58.400000000000006,59.675000000000004,-1.2749999999999986,1.2749999999999986
2026-12-02 22:16:50,53.3,54.3,-1.0,1.0
2026-12-02 22:16:55,57.7,58.275,-0.5749999999999957,0.5749999999999957
2026-12-02 22:16:59,67.0,66.125,0.875,0.875
2026-12-02 22:17:04,57.0,57.53333333333334,-0.5333333333333385,0.5333333333333385
2026-12-02 22:17:09,55.5,59.166666666666664,-3.6666666666666643,3.6666666666666643
2026-12-02 22:17:13,52.6,53.474999999999994,-0.8749999999999929,0.8749999999999929
2026-12-02 22:17:18,62.9,63.15,-0.25,0.25
2026-12-02 22:17:23,56.599999999999994,58.275,-1.6750000000000043,1.6750000000000043
2026-12-02 22:17:28,56.1,58.34,-2.240000000000002,2.240000000000002
2026-12-02 22:17:32,57.2,59.675000000000004,-2.4750000000000014,2.4750000000000014
2026-12-02 22:17:37,68.5,73.3,-4.799999999999997,4.799999999999997
2026-12-02 22:17:42,63.0,64.5,-1.5,1.5
2026-12-02 22:17:46,65.69999999999999,66.2,-0.5000000000000142,0.5000000000000142
2026-12-02 22:17:51,51.5,58.275,-6.774999999999999,6.774999999999999
2026-12-02 22:17:56,55.2,54.78,0.4200000000000017,0.4200000000000017
2026-12-02 22:18:00,62.1,61.763636363636365,0.336363636363636,0.336363636363636
2026-12-02 22:18:05,56.6,56.849999999999994,-0.2499999999999929,0.2499999999999929
2026-12-02 22:18:10,62.2,64.5,-2.299999999999997,2.299999999999997
2026-12-02 22:18:15,61.9,61.349999999999994,0.5500000000000043,0.5500000000000043
2026-12-02 22:18:19,55.4,57.099999999999994,-1.6999999999999957,1.6999999999999957
2026-12-02 22:18:24,53.0,53.474999999999994,-0.4749999999999943,0.4749999999999943
2026-12-02 22:18:29,58.7,59.90909090909091,-1.2090909090909037,1.2090909090909037
2026-12-02 22:18:33,51.6,50.55,1.0500000000000043,1.0500000000000043
2026-12-02 22:18:38,54.900000000000006,59.166666666666664,-4.266666666666659,4.266666666666659
2026-12-02 22:18:43,54.5,56.849999999999994,-2.3499999999999943,2.3499999999999943
2026-12-02 22:18:48,56.9,58.275,-1.375,1.375
2026-12-02 22:18:52,58.800000000000004,64.5,-5.699999999999996,5.699999999999996
2026-12-02 22:18:57,56.2,58.275,-2.0749999999999957,2.0749999999999957
2026-12-02 22:19:02,56.599999999999994,54.7,1.8999999999999915,1.8999999999999915
2026-12-02 22:19:06,61.3,61.5,-0.20000000000000284,0.20000000000000284
2026-12-02 22:19:11,58.6,58.34,0.259999999999998,0.259999999999998
2026-12-02 22:19:16,57.7,59.675000000000004,-1.9750000000000014,1.9750000000000014
2026-12-02 22:19:20,61.3,64.5,-3.200000000000003,3.200000000000003
2026-12-02 22:19:25,59.0,60.03333333333333,-1.0333333333333314,1.0333333333333314
2026-12-02 22:19:30,51.6,50.55,1.0500000000000043,1.0500000000000043
2026-12-02 22:19:35,57.0,58.275,-1.2749999999999986,1.2749999999999986
2026-12-02 22:19:39,63.5,64.5,-1.0,1.0
2026-12-02 22:19:44,54.7,58.275,-3.5749999999999957,3.5749999999999957
2026-12-02 22:19:49,53.900000000000006,53.474999999999994,0.42500000000001137,0.42500000000001137
2026-12-02 22:19:53,52.300000000000004,53.474999999999994,-1.17499999999999,1.17499999999999
2026-12-02 22:19:58,59.0,59.675000000000004,-0.6750000000000043,0.6750000000000043
2026-12-02 22:20:03,59.0,64.5,-5.5,5.5
2026-12-02 22:20:08,55.3,58.275,-2.9750000000000014,2.9750000000000014
2026-12-02 22:20:12,51.2,53.474999999999994,-2.2749999999999915,2.2749999999999915
2026-12-02 22:20:17,56.3,59.166666666666664,-2.866666666666667,2.866666666666667
2026-12-02 22:20:22,53.2,52.983333333333334,0.21666666666666856,0.21666666666666856
2026-12-02 22:20:26,59.4,59.675000000000004,-0.2750000000000057,0.2750000000000057
2026-12-02 22:20:31,56.4,57.8,-1.3999999999999986,1.3999999999999986
2026-12-02 22:20:36,57.800000000000004,58.05,-0.2499999999999929,0.2499999999999929
2026-12-02 22:20:40,55.599999999999994,55.15714285714286,0.44285714285713595,0.44285714285713595
2026-12-02 22:20:45,53.9,53.474999999999994,0.42500000000000426,0.42500000000000426
2026-12-02 22:20:50,60.3,59.675000000000004,0.6249999999999929,0.6249999999999929
2026-12-02 22:20:55,51.599999999999994,53.474999999999994,-1.875,1.875
2026-12-02 22:20:59,51.1,53.474999999999994,-2.374999999999993,2.374999999999993
2026-12-02 22:21:04,48.0,50.55,-2.549999999999997,2.549999999999997
2026-12-02 22:21:09,50.599999999999994,50.55,0.04999999999999716,0.04999999999999716
2026-12-02 22:21:13,56.900000000000006,54.7,2.200000000000003,2.200000000000003
2026-12-02 22:21:18,53.4,58.275,-4.875,4.875
2026-12-02 22:21:23,50.8,50.55,0.25,0.25
2026-12-02 22:21:28,53.1,53.474999999999994,-0.3749999999999929,0.3749999999999929
2026-12-02 22:21:32,56.599999999999994,58.275,-1.6750000000000043,1.6750000000000043
2026-12-02 22:21:37,51.5,50.55,0.9500000000000028,0.9500000000000028
2026-12-02 22:21:42,59.1,64.5,-5.399999999999999,5.399999999999999
2026-12-02 22:21:46,49.0,50.55,-1.5499999999999972,1.5499999999999972
2026-12-02 22:21:51,55.6,59.166666666666664,-3.566666666666663,3.566666666666663
2026-12-02 22:21:56,56.0,58.275,-2.2749999999999986,2.2749999999999986
2026-12-02 22:22:00,54.2,58.275,-4.074999999999996,4.074999999999996
2026-12-02 22:22:05,66.0,73.625,-7.625,7.625
2026-12-02 22:22:10,65.3,65.525,-0.22500000000000853,0.22500000000000853
2026-12-02 22:22:15,57.0,64.5,-7.5,7.5
2026-12-02 22:22:19,66.0,73.75,-7.75,7.75
2026-12-02 22:22:24,53.9,56.849999999999994,-2.9499999999999957,2.9499999999999957
2026-12-02 22:22:29,54.3,56.849999999999994,-2.549999999999997,2.549999999999997
2026-12-02 22:22:33,51.6,53.474999999999994,-1.874999999999993,1.874999999999993
2026-12-02 22:22:38,46.4,51.05,-4.649999999999999,4.649999999999999
2026-12-02 22:22:43,56.0,57.32142857142857,-1.3214285714285694,1.3214285714285694
2026-12-02 22:22:48,52.199999999999996,53.474999999999994,-1.2749999999999986,1.2749999999999986
2026-12-02 22:22:52,55.8,54.7,1.0999999999999943,1.0999999999999943
2026-12-02 22:22:57,55.5,58.34,-2.8400000000000034,2.8400000000000034
2026-12-02 22:23:02,48.8,47.65,1.1499999999999986,1.1499999999999986
2026-12-02 22:23:06,56.1,58.275,-2.174999999999997,2.174999999999997
2026-12-02 22:23:11,60.9,64.5,-3.6000000000000014,3.6000000000000014
2026-12-02 22:23:16,56.2,58.275,-2.0749999999999957,2.0749999999999957
2026-12-02 22:23:20,55.699999999999996,55.15714285714286,0.5428571428571374,0.5428571428571374
2026-12-02 22:23:25,59.300000000000004,59.675000000000004,-0.375,0.375
2026-12-02 22:23:30,57.400000000000006,57.53333333333334,-0.13333333333333286,0.13333333333333286
2026-12-02 22:23:35,56.8,58.275,-1.4750000000000014,1.4750000000000014
2026-12-02 22:23:39,62.8,70.33333333333333,-7.533333333333331,7.533333333333331
2026-12-02 22:23:44,56.7,64.5,-7.799999999999997,7.799999999999997
2026-12-02 22:23:49,60.5,60.03333333333333,0.46666666666666856,0.46666666666666856
2026-12-02 22:23:53,57.0,58.55,-1.5499999999999972,1.5499999999999972
2026-12-02 22:23:58,52.1,53.474999999999994,-1.374999999999993,1.374999999999993
2026-12-02 22:24:03,56.0,58.275,-2.2749999999999986,2.2749999999999986
2026-12-02 22:24:08,55.300000000000004,54.7,0.6000000000000014,0.6000000000000014
2026-12-02 22:24:12,59.6,64.5,-4.899999999999999,4.899999999999999
2026-12-02 22:24:17,50.3,49.075,1.2249999999999943,1.2249999999999943
2026-12-02 22:24:22,59.2,58.15,1.0500000000000043,1.0500000000000043
2026-12-02 22:24:26,54.1,55.43809523809524,-1.3380952380952351,1.3380952380952351
2026-12-02 22:24:31,50.8,50.55,0.25,0.25
2026-12-02 22:24:36,63.400000000000006,60.699999999999996,2.70000000000001,2.70000000000001
2026-12-02 22:24:40,48.5,51.05,-2.549999999999997,2.549999999999997
2026-12-02 22:24:45,54.400000000000006,56.849999999999994,-2.4499999999999886,2.4499999999999886
2026-12-02 22:24:50,52.7,52.983333333333334,-0.28333333333333144,0.28333333333333144
2026-12-02 22:24:55,50.1,50.32173913043478,-0.2217391304347771,0.2217391304347771
2026-12-02 22:24:59,79.5,85.42500000000001,-5.925000000000011,5.925000000000011
2026-12-02 22:25:04,60.5,64.5,-4.0,4.0
2026-12-02 22:25:09,51.900000000000006,53.474999999999994,-1.5749999999999886,1.5749999999999886
2026-12-02 22:25:13,48.6,49.6,-1.0,1.0
2026-12-02 22:25:18,54.1,55.15714285714286,-1.057142857142857,1.057142857142857
2026-12-02 22:25:23,55.7,59.166666666666664,-3.4666666666666615,3.4666666666666615
2026-12-02 22:25:28,51.099999999999994,52.38,-1.2800000000000082,1.2800000000000082
2026-12-02 22:25:32,65.1,65.525,-0.42500000000001137,0.42500000000001137
2026-12-02 22:25:37,53.7,54.3,-0.5999999999999943,0.5999999999999943
2026-12-02 22:25:42,54.5,59.166666666666664,-4.666666666666664,4.666666666666664
2026-12-02 22:25:46,59.099999999999994,60.95,-1.8500000000000085,1.8500000000000085
2026-12-02 22:25:51,58.6,58.05,0.5500000000000043,0.5500000000000043
2026-12-02 22:25:56,54.4,58.275,-3.875,3.875
2026-12-02 22:26:00,56.6,55.614285714285714,0.9857142857142875,0.9857142857142875
2026-12-02 22:26:05,55.099999999999994,59.166666666666664,-4.06666666666667,4.06666666666667
2026-12-02 22:26:10,59.4,60.95,-1.5500000000000043,1.5500000000000043
2026-12-02 22:26:15,56.3,59.166666666666664,-2.866666666666667,2.866666666666667
2026-12-02 22:26:19,58.800000000000004,60.95,-2.1499999999999986,2.1499999999999986
2026-12-02 22:26:24,69.7,73.625,-3.924999999999997,3.924999999999997
2026-12-02 22:26:29,57.400000000000006,60.95,-3.549999999999997,3.549999999999997
2026-12-02 22:26:33,58.800000000000004,60.95,-2.1499999999999986,2.1499999999999986
2026-12-02 22:26:38,65.1,70.33333333333333,-5.233333333333334,5.233333333333334
2026-12-02 22:26:43,59.900000000000006,64.5,-4.599999999999994,4.599999999999994
2026-12-02 22:26:48,59.2,64.5,-5.299999999999997,5.299999999999997
2026-12-02 22:26:52,55.4,53.85,1.5499999999999972,1.5499999999999972
2026-12-02 22:26:57,57.5,59.675000000000004,-2.1750000000000043,2.1750000000000043
2026-12-02 22:27:02,55.1,58.275,-3.174999999999997,3.174999999999997
2026-12-02 22:27:06,71.9,73.625,-1.7249999999999943,1.7249999999999943
2026-12-02 22:27:11,56.699999999999996,60.95,-4.250000000000007,4.250000000000007
2026-12-02 22:27:16,59.8,60.95,-1.1500000000000057,1.1500000000000057
2026-12-02 22:27:20,60.6,64.5,-3.8999999999999986,3.8999999999999986
2026-12-02 22:27:25,64.2,73.75,-9.549999999999997,9.549999999999997
2026-12-02 22:27:30,60.699999999999996,64.5,-3.8000000000000043,3.8000000000000043
2026-12-02 22:27:35,62.599999999999994,70.33333333333333,-7.733333333333334,7.733333333333334
2026-12-02 22:27:39,55.9,60.95,-5.050000000000004,5.050000000000004
2026-12-02 22:27:44,63.699999999999996,61.349999999999994,2.3500000000000014,2.3500000000000014
2026-12-02 22:27:49,56.400000000000006,58.275,-1.874999999999993,1.874999999999993
2026-12-02 22:27:53,61.900000000000006,61.349999999999994,0.5500000000000114,0.5500000000000114
2026-12-02 22:27:58,52.800000000000004,58.275,-5.474999999999994,5.474999999999994
2026-12-02 22:28:03,72.6,73.75,-1.1500000000000057,1.1500000000000057
2026-12-02 22:28:08,64.8,64.5,0.29999999999999716,0.29999999999999716
2026-12-02 22:28:12,62.099999999999994,64.5,-2.4000000000000057,2.4000000000000057
2026-12-02 22:28:17,59.699999999999996,60.95,-1.250000000000007,1.250000000000007
2026-12-02 22:28:22,56.900000000000006,58.275,-1.374999999999993,1.374999999999993
2026-12-02 22:28:26,59.3,60.95,-1.6500000000000057,1.6500000000000057
2026-12-02 22:28:31,61.8,64.5,-2.700000000000003,2.700000000000003
2026-12-02 22:28:36,66.3,69.25,-2.950000000000003,2.950000000000003
2026-12-02 22:28:40,60.9,64.5,-3.6000000000000014,3.6000000000000014
2026-12-02 22:28:45,65.6,69.25,-3.6500000000000057,3.6500000000000057
2026-12-02 22:28:50,79.0,85.42500000000001,-6.425000000000011,6.425000000000011
2026-12-02 22:28:55,57.7,59.166666666666664,-1.4666666666666615,1.4666666666666615
2026-12-02 22:28:59,63.0,64.5,-1.5,1.5
2026-12-02 22:29:04,63.400000000000006,69.36666666666666,-5.966666666666654,5.966666666666654
2026-12-02 22:29:09,52.8,53.474999999999994,-0.6749999999999972,0.6749999999999972
2026-12-02 22:29:13,60.1,59.675000000000004,0.42499999999999716,0.42499999999999716
2026-12-02 22:29:18,57.3,56.45,0.8499999999999943,0.8499999999999943
2026-12-02 22:29:23,69.8,73.625,-3.825000000000003,3.825000000000003
2026-12-02 22:29:28,61.8,64.5,-2.700000000000003,2.700000000000003
2026-12-02 22:29:32,60.8,64.5,-3.700000000000003,3.700000000000003
2026-12-02 22:29:37,64.30000000000001,64.5,-0.19999999999998863,0.19999999999998863
2026-12-02 22:29:42,65.4,74.5,-9.099999999999994,9.099999999999994
2026-12-02 22:29:46,69.80000000000001,73.625,-3.8249999999999886,3.8249999999999886
2026-12-02 22:29:51,60.4,64.5,-4.100000000000001,4.100000000000001
2026-12-02 22:29:56,68.3,69.25,-0.9500000000000028,0.9500000000000028
2026-12-02 22:30:00,66.4,67.4,-1.0,1.0
2026-12-02 22:30:05,69.8,73.625,-3.825000000000003,3.825000000000003
2026-12-02 22:30:10,56.1,59.166666666666664,-3.066666666666663,3.066666666666663
2026-12-02 22:30:15,64.8,67.4,-2.6000000000000085,2.6000000000000085
2026-12-02 22:30:19,61.7,64.5,-2.799999999999997,2.799999999999997
2026-12-02 22:30:24,63.3,64.5,-1.2000000000000028,1.2000000000000028
2026-12-02 22:30:29,65.69999999999999,64.5,1.1999999999999886,1.1999999999999886
2026-12-02 22:30:33,75.4,75.10000000000001,0.29999999999999716,0.29999999999999716
2026-12-02 22:30:38,63.5,64.5,-1.0,1.0
2026-12-02 22:30:43,59.400000000000006,64.5,-5.099999999999994,5.099999999999994
2026-12-02 22:30:48,65.4,65.525,-0.125,0.125
2026-12-02 22:30:52,58.400000000000006,56.766666666666666,1.63333333333334,1.63333333333334
2026-12-02 22:30:57,62.6,63.15,-0.5499999999999972,0.5499999999999972
2026-12-02 22:31:02,54.7,59.166666666666664,-4.4666666666666615,4.4666666666666615
2026-12-02 22:31:06,56.6,58.275,-1.6749999999999972,1.6749999999999972
2026-12-02 22:31:11,61.099999999999994,60.03333333333333,1.0666666666666629,1.0666666666666629
2026-12-02 22:31:16,57.7,58.275,-0.5749999999999957,0.5749999999999957
2026-12-02 22:31:20,55.0,54.7,0.29999999999999716,0.29999999999999716
2026-12-02 22:31:25,53.5,52.38,1.1199999999999974,1.1199999999999974
2026-12-02 22:31:30,57.7,57.075,0.625,0.625
2026-12-02 22:31:35,62.099999999999994,61.5,0.5999999999999943,0.5999999999999943
2026-12-02 22:31:39,57.2,57.53333333333334,-0.3333333333333357,0.3333333333333357
2026-12-02 22:31:44,52.3,52.983333333333334,-0.6833333333333371,0.6833333333333371
2026-12-02 22:31:49,58.5,59.90909090909091,-1.4090909090909065,1.4090909090909065
2026-12-02 22:31:53,54.400000000000006,54.46666666666667,-0.06666666666666288,0.06666666666666288
2026-12-02 22:31:58,48.3,49.6,-1.3000000000000043,1.3000000000000043
2026-12-02 22:32:03,54.400000000000006,53.85,0.5500000000000043,0.5500000000000043
2026-12-02 22:32:08,54.5,59.166666666666664,-4.666666666666664,4.666666666666664
2026-12-02 22:32:12,55.400000000000006,58.05,-2.6499999999999915,2.6499999999999915
2026-12-02 22:32:17,57.099999999999994,57.36666666666667,-0.2666666666666728,0.2666666666666728
2026-12-02 22:32:22,55.0,53.85,1.1499999999999986,1.1499999999999986
2026-12-02 22:32:26,51.8,50.55,1.25,1.25
2026-12-02 22:32:31,54.8,53.85,0.9499999999999957,0.9499999999999957
2026-12-02 22:32:36,57.2,59.166666666666664,-1.9666666666666615,1.9666666666666615
2026-12-02 22:32:41,56.599999999999994,54.7,1.8999999999999915,1.8999999999999915
2026-12-02 22:32:45,54.8,52.38,2.4199999999999946,2.4199999999999946
2026-12-02 22:32:50,63.9,70.33333333333333,-6.43333333333333,6.43333333333333
2026-12-02 22:32:55,53.6,53.474999999999994,0.1250000000000071,0.1250000000000071
2026-12-02 22:32:59,58.0,58.15,-0.14999999999999858,0.14999999999999858
2026-12-02 22:33:04,56.5,55.15714285714286,1.3428571428571416,1.3428571428571416
2026-12-02 22:33:09,55.0,58.275,-3.2749999999999986,3.2749999999999986
2026-12-02 22:33:13,51.6,52.983333333333334,-1.3833333333333329,1.3833333333333329
2026-12-02 22:33:18,56.400000000000006,56.349999999999994,0.05000000000001137,0.05000000000001137
2026-12-02 22:33:23,54.0,54.7,-0.7000000000000028,0.7000000000000028
2026-12-02 22:33:28,58.6,59.90909090909091,-1.309090909090905,1.309090909090905
2026-12-02 22:33:32,60.2,60.03333333333333,0.1666666666666714,0.1666666666666714
2026-12-02 22:33:37,57.800000000000004,59.166666666666664,-1.36666666666666,1.36666666666666
2026-12-02 22:33:42,60.099999999999994,60.03333333333333,0.06666666666666288,0.06666666666666288
2026-12-02 22:33:46,54.099999999999994,53.85,0.2499999999999929,0.2499999999999929
2026-12-02 22:33:51,50.4,49.525,0.875,0.875
2026-12-02 22:33:56,54.9,54.7,0.19999999999999574,0.19999999999999574
2026-12-02 22:34:01,58.400000000000006,58.275,0.1250000000000071,0.1250000000000071
2026-12-02 22:34:05,61.3,61.5,-0.20000000000000284,0.20000000000000284
2026-12-02 22:34:10,57.0,54.7,2.299999999999997,2.299999999999997
2026-12-02 22:34:15,55.099999999999994,59.166666666666664,-4.06666666666667,4.06666666666667
2026-12-02 22:34:19,62.1,70.33333333333333,-8.233333333333327,8.233333333333327
2026-12-02 22:34:24,57.6,59.166666666666664,-1.5666666666666629,1.5666666666666629
2026-12-02 22:34:29,54.099999999999994,53.474999999999994,0.625,0.625
2026-12-02 22:34:33,58.7,59.675000000000004,-0.9750000000000014,0.9750000000000014
2026-12-02 22:34:38,54.099999999999994,55.15714285714286,-1.057142857142864,1.057142857142864
2026-12-02 22:34:43,56.3,58.275,-1.9750000000000014,1.9750000000000014
2026-12-02 22:34:48,54.1,59.166666666666664,-5.066666666666663,5.066666666666663
2026-12-02 22:34:52,56.599999999999994,56.349999999999994,0.25,0.25
2026-12-02 22:34:57,61.5,63.15,-1.6499999999999986,1.6499999999999986
2026-12-02 22:35:02,60.3,61.5,-1.2000000000000028,1.2000000000000028
2026-12-02 22:35:06,59.5,64.5,-5.0,5.0
2026-12-02 22:35:11,61.1,64.5,-3.3999999999999986,3.3999999999999986
2026-12-02 22:35:16,53.4,58.275,-4.875,4.875
2026-12-02 22:35:21,56.0,54.7,1.2999999999999972,1.2999999999999972
2026-12-02 22:35:25,58.2,59.90909090909091,-1.7090909090909037,1.7090909090909037
2026-12-02 22:35:30,57.6,56.349999999999994,1.250000000000007,1.250000000000007
2026-12-02 22:35:35,54.099999999999994,53.474999999999994,0.625,0.625
2026-12-02 22:35:39,57.0,58.275,-1.2749999999999986,1.2749999999999986
2026-12-02 22:35:44,57.099999999999994,54.7,2.3999999999999915,2.3999999999999915
2026-12-02 22:35:49,55.699999999999996,53.85,1.8499999999999943,1.8499999999999943
2026-12-02 22:35:53,57.900000000000006,58.85,-0.9499999999999957,0.9499999999999957
2026-12-02 22:35:58,55.8,58.275,-2.4750000000000014,2.4750000000000014
2026-12-02 22:36:03,55.5,58.275,-2.7749999999999986,2.7749999999999986
2026-12-02 22:36:08,59.5,60.03333333333333,-0.5333333333333314,0.5333333333333314
2026-12-02 22:36:12,62.4,65.525,-3.125000000000007,3.125000000000007
2026-12-02 22:36:17,56.8,54.7,2.0999999999999943,2.0999999999999943
2026-12-02 22:36:22,64.8,65.525,-0.7250000000000085,0.7250000000000085
2026-12-02 22:36:26,56.8,58.275,-1.4750000000000014,1.4750000000000014
2026-12-02 22:36:31,62.400000000000006,68.14999999999999,-5.749999999999986,5.749999999999986
2026-12-02 22:36:36,51.0,51.05,-0.04999999999999716,0.04999999999999716
2026-12-02 22:36:41,56.400000000000006,56.349999999999994,0.05000000000001137,0.05000000000001137
2026-12-02 22:36:45,54.400000000000006,53.474999999999994,0.9250000000000114,0.9250000000000114
2026-12-02 22:36:50,52.2,50.55,1.6500000000000057,1.6500000000000057
2026-12-02 22:36:55,57.6,59.675000000000004,-2.075000000000003,2.075000000000003
2026-12-02 22:36:59,65.9,64.5,1.4000000000000057,1.4000000000000057
2026-12-02 22:37:04,57.1,58.275,-1.1749999999999972,1.1749999999999972
2026-12-02 22:37:09,58.3,60.03333333333333,-1.7333333333333343,1.7333333333333343
2026-12-02 22:37:13,52.4,52.983333333333334,-0.5833333333333357,0.5833333333333357
2026-12-02 22:37:18,56.9,54.7,2.1999999999999957,2.1999999999999957
2026-12-02 22:37:23,62.2,64.5,-2.299999999999997,2.299999999999997
2026-12-02 22:37:28,72.4,73.625,-1.2249999999999943,1.2249999999999943
2026-12-02 22:37:32,59.7,58.9625,0.7375000000000043,0.7375000000000043
2026-12-02 22:37:37,59.5,56.349999999999994,3.1500000000000057,3.1500000000000057
2026-12-02 22:37:42,56.900000000000006,56.349999999999994,0.5500000000000114,0.5500000000000114
2026-12-02 22:37:46,61.6,61.5,0.10000000000000142,0.10000000000000142
2026-12-02 22:37:51,56.1,58.275,-2.174999999999997,2.174999999999997
2026-12-02 22:37:56,59.0,60.95,-1.9500000000000028,1.9500000000000028
2026-12-02 22:38:01,56.8,56.349999999999994,0.45000000000000284,0.45000000000000284
2026-12-02 22:38:05,54.599999999999994,54.7,-0.10000000000000853,0.10000000000000853
2026-12-02 22:38:10,60.8,60.03333333333333,0.7666666666666657,0.7666666666666657
2026-12-02 22:38:15,51.2,49.525,1.6750000000000043,1.6750000000000043
2026-12-02 22:38:19,57.3,58.275,-0.9750000000000014,0.9750000000000014
2026-12-02 22:38:24,56.199999999999996,54.7,1.499999999999993,1.499999999999993
2026-12-02 22:38:29,52.1,50.55,1.5500000000000043,1.5500000000000043
2026-12-02 22:38:33,55.4,57.8,-2.3999999999999986,2.3999999999999986
2026-12-02 22:38:38,53.0,53.474999999999994,-0.4749999999999943,0.4749999999999943
2026-12-02 22:38:43,59.3,60.03333333333333,-0.7333333333333343,0.7333333333333343
2026-12-02 22:38:48,53.5,53.474999999999994,0.025000000000005684,0.025000000000005684
2026-12-02 22:38:52,48.2,47.9,0.30000000000000426,0.30000000000000426
2026-12-02 22:38:57,59.2,59.90909090909091,-0.7090909090909037,0.7090909090909037
2026-12-02 22:39:02,57.599999999999994,57.8,-0.20000000000000284,0.20000000000000284
2026-12-02 22:39:06,56.5,58.275,-1.7749999999999986,1.7749999999999986
2026-12-02 22:39:11,62.099999999999994,63.15,-1.0500000000000043,1.0500000000000043
2026-12-02 22:39:16,54.900000000000006,55.20810810810811,-0.30810810810810096,0.30810810810810096
2026-12-02 22:39:21,54.3,59.166666666666664,-4.866666666666667,4.866666666666667
2026-12-02 22:39:25,54.8,55.20810810810811,-0.4081081081081095,0.4081081081081095
2026-12-02 22:39:30,62.0,61.349999999999994,0.6500000000000057,0.6500000000000057
2026-12-02 22:39:35,65.19999999999999,67.4,-2.200000000000017,2.200000000000017
2026-12-02 22:39:39,59.9,58.45,1.4499999999999957,1.4499999999999957
2026-12-02 22:39:44,57.4,59.166666666666664,-1.7666666666666657,1.7666666666666657
2026-12-02 22:39:49,57.6,57.53333333333334,0.06666666666666288,0.06666666666666288
2026-12-02 22:39:53,56.2,58.275,-2.0749999999999957,2.0749999999999957
2026-12-02 22:39:58,55.4,55.614285714285714,-0.2142857142857153,0.2142857142857153
2026-12-02 22:40:03,57.599999999999994,59.675000000000004,-2.07500000000001,2.07500000000001
2026-12-02 22:40:08,50.9,50.55,0.3500000000000014,0.3500000000000014
2026-12-02 22:40:12,53.599999999999994,53.474999999999994,0.125,0.125
2026-12-02 22:40:17,56.7,58.275,-1.5749999999999957,1.5749999999999957
2026-12-02 22:40:22,54.5,53.474999999999994,1.0250000000000057,1.0250000000000057
2026-12-02 22:40:26,55.300000000000004,58.275,-2.9749999999999943,2.9749999999999943
2026-12-02 22:40:31,57.6,60.95,-3.3500000000000014,3.3500000000000014
2026-12-02 22:40:36,56.4,58.275,-1.875,1.875
2026-12-02 22:40:41,61.4,61.5,-0.10000000000000142,0.10000000000000142
2026-12-02 22:40:45,59.6,60.95,-1.3500000000000014,1.3500000000000014
2026-12-02 22:40:50,53.3,53.85,-0.5500000000000043,0.5500000000000043
2026-12-02 22:40:55,52.2,53.474999999999994,-1.2749999999999915,1.2749999999999915
2026-12-02 22:40:59,55.300000000000004,58.275,-2.9749999999999943,2.9749999999999943
2026-12-02 22:41:04,60.6,60.95,-0.3500000000000014,0.3500000000000014
2026-12-02 22:41:09,53.0,52.53186813186813,0.46813186813187,0.46813186813187
2026-12-02 22:41:13,58.900000000000006,59.4,-0.4999999999999929,0.4999999999999929
2026-12-02 22:41:18,66.5,73.3,-6.799999999999997,6.799999999999997
2026-12-02 22:41:23,62.9,68.14999999999999,-5.249999999999993,5.249999999999993
2026-12-02 22:41:28,62.0,64.5,-2.5,2.5
2026-12-02 22:41:32,57.5,58.275,-0.7749999999999986,0.7749999999999986
2026-12-02 22:41:37,57.099999999999994,58.275,-1.1750000000000043,1.1750000000000043
2026-12-02 22:41:42,58.2,60.95,-2.75,2.75
2026-12-02 22:41:46,62.0,64.5,-2.5,2.5
2026-12-02 22:41:51,56.599999999999994,60.95,-4.3500000000000085,4.3500000000000085
2026-12-02 22:41:56,58.599999999999994,64.5,-5.900000000000006,5.900000000000006
2026-12-02 22:42:01,60.599999999999994,64.5,-3.9000000000000057,3.9000000000000057
2026-12-02 22:42:05,62.4,70.33333333333333,-7.93333333333333,7.93333333333333
2026-12-02 22:42:10,62.599999999999994,70.33333333333333,-7.733333333333334,7.733333333333334
2026-12-02 22:42:15,55.7,58.275,-2.5749999999999957,2.5749999999999957
2026-12-02 22:42:19,59.8,60.95,-1.1500000000000057,1.1500000000000057
2026-12-02 22:42:24,62.8,61.5,1.2999999999999972,1.2999999999999972
2026-12-02 22:42:29,66.3,70.33333333333333,-4.033333333333331,4.033333333333331
2026-12-02 22:42:33,65.0,69.25,-4.25,4.25
2026-12-02 22:42:38,55.3,55.583333333333336,-0.28333333333333854,0.28333333333333854
2026-12-02 22:42:43,47.3,51.05,-3.75,3.75
2026-12-02 22:42:48,66.3,73.75,-7.450000000000003,7.450000000000003
2026-12-02 22:42:52,59.400000000000006,60.95,-1.5499999999999972,1.5499999999999972
2026-12-02 22:42:57,59.8,60.95,-1.1500000000000057,1.1500000000000057
2026-12-02 22:43:02,58.0,58.275,-0.2749999999999986,0.2749999999999986
2026-12-02 22:43:06,61.3,68.14999999999999,-6.849999999999994,6.849999999999994
2026-12-02 22:43:11,56.3,60.95,-4.650000000000006,4.650000000000006
2026-12-02 22:43:16,69.3,73.625,-4.325000000000003,4.325000000000003
2026-12-02 22:43:21,70.4,73.625,-3.2249999999999943,3.2249999999999943
2026-12-02 22:43:25,55.099999999999994,60.95,-5.8500000000000085,5.8500000000000085
2026-12-02 22:43:30,53.599999999999994,53.474999999999994,0.125,0.125
2026-12-02 22:43:35,64.7,67.4,-2.700000000000003,2.700000000000003
2026-12-02 22:43:39,61.3,64.5,-3.200000000000003,3.200000000000003
2026-12-02 22:43:44,63.6,63.15,0.45000000000000284,0.45000000000000284
2026-12-02 22:43:49,59.0,58.275,0.7250000000000014,0.7250000000000014
2026-12-02 22:43:53,60.0,64.5,-4.5,4.5
2026-12-02 22:43:58,56.5,60.95,-4.450000000000003,4.450000000000003
2026-12-02 22:44:03,59.2,58.05,1.1500000000000057,1.1500000000000057
2026-12-02 22:44:08,61.3,61.5,-0.20000000000000284,0.20000000000000284
2026-12-02 22:44:12,59.099999999999994,64.5,-5.400000000000006,5.400000000000006
2026-12-02 22:44:17,57.199999999999996,64.5,-7.300000000000004,7.300000000000004
2026-12-02 22:44:22,59.1,60.95,-1.8500000000000014,1.8500000000000014
2026-12-02 22:44:26,56.3,60.95,-4.650000000000006,4.650000000000006
2026-12-02 22:44:31,56.0,58.275,-2.2749999999999986,2.2749999999999986
2026-12-02 22:44:36,65.1,69.25,-4.150000000000006,4.150000000000006
2026-12-02 22:44:41,55.9,58.275,-2.375,2.375
2026-12-02 22:44:45,60.599999999999994,64.5,-3.9000000000000057,3.9000000000000057
2026-12-02 22:44:50,61.4,64.5,-3.1000000000000014,3.1000000000000014
2026-12-02 22:44:55,55.2,58.275,-3.0749999999999957,3.0749999999999957
2026-12-02 22:44:59,58.9,60.95,-2.0500000000000043,2.0500000000000043
2026-12-02 22:45:04,51.0,51.05,-0.04999999999999716,0.04999999999999716
2026-12-02 22:45:09,53.599999999999994,53.85,-0.2500000000000071,0.2500000000000071
2026-12-02 22:45:13,61.3,59.675000000000004,1.624999999999993,1.624999999999993
2026-12-02 22:45:18,55.099999999999994,58.275,-3.1750000000000043,3.1750000000000043
2026-12-02 22:45:23,59.8,60.03333333333333,-0.23333333333333428,0.23333333333333428
2026-12-02 22:45:28,61.5,61.5,0.0,0.0
2026-12-02 22:45:32,64.9,69.25,-4.349999999999994,4.349999999999994
2026-12-02 22:45:37,72.0,70.55,1.4500000000000028,1.4500000000000028
2026-12-02 22:45:42,57.5,60.95,-3.450000000000003,3.450000000000003
2026-12-02 22:45:46,63.5,64.5,-1.0,1.0
2026-12-02 22:45:51,57.1,58.275,-1.1749999999999972,1.1749999999999972
2026-12-02 22:45:56,66.9,67.4,-0.5,0.5
2026-12-02 22:46:01,62.800000000000004,68.14999999999999,-5.349999999999987,5.349999999999987
2026-12-02 22:46:05,61.300000000000004,64.5,-3.1999999999999957,3.1999999999999957
2026-12-02 22:46:10,64.4,70.33333333333333,-5.933333333333323,5.933333333333323
2026-12-02 22:46:15,58.599999999999994,60.95,-2.3500000000000085,2.3500000000000085
2026-12-02 22:46:19,65.6,69.25,-3.6500000000000057,3.6500000000000057
2026-12-02 22:46:24,59.900000000000006,60.95,-1.0499999999999972,1.0499999999999972
2026-12-02 22:46:29,57.1,56.349999999999994,0.7500000000000071,0.7500000000000071
2026-12-02 22:46:33,61.7,61.5,0.20000000000000284,0.20000000000000284
2026-12-02 22:46:38,59.5,60.95,-1.4500000000000028,1.4500000000000028
2026-12-02 22:46:43,62.5,70.33333333333333,-7.833333333333329,7.833333333333329
2026-12-02 22:46:48,55.4,59.166666666666664,-3.7666666666666657,3.7666666666666657
2026-12-02 22:46:52,60.0,70.33333333333333,-10.333333333333329,10.333333333333329
2026-12-02 22:46:57,61.2,64.5,-3.299999999999997,3.299999999999997
2026-12-02 22:47:02,63.1,70.33333333333333,-7.233333333333327,7.233333333333327
2026-12-02 22:47:06,57.7,60.95,-3.25,3.25
2026-12-02 22:47:11,58.5,60.95,-2.450000000000003,2.450000000000003
2026-12-02 22:47:16,58.1,60.95,-2.8500000000000014,2.8500000000000014
2026-12-02 22:47:21,57.2,58.275,-1.0749999999999957,1.0749999999999957
2026-12-02 22:47:25,56.8,58.275,-1.4750000000000014,1.4750000000000014
2026-12-02 22:47:30,58.7,60.95,-2.25,2.25
2026-12-02 22:47:35,57.400000000000006,60.95,-3.549999999999997,3.549999999999997
2026-12-02 22:47:39,59.2,60.95,-1.75,1.75
2026-12-02 22:47:44,66.8,69.25,-2.450000000000003,2.450000000000003
2026-12-02 22:47:49,65.19999999999999,70.33333333333333,-5.13333333333334,5.13333333333334
2026-12-02 22:47:53,54.900000000000006,53.85,1.0500000000000043,1.0500000000000043
2026-12-02 22:47:58,59.0,64.5,-5.5,5.5
2026-12-02 22:48:03,56.4,59.166666666666664,-2.7666666666666657,2.7666666666666657
2026-12-02 22:48:08,65.2,64.5,0.7000000000000028,0.7000000000000028
2026-12-02 22:48:12,66.0,67.425,-1.4249999999999972,1.4249999999999972
2026-12-02 22:48:17,53.3,52.983333333333334,0.3166666666666629,0.3166666666666629
2026-12-02 22:48:22,65.9,67.4,-1.5,1.5
2026-12-02 22:48:26,62.400000000000006,64.5,-2.0999999999999943,2.0999999999999943
2026-12-02 22:48:31,63.300000000000004,68.14999999999999,-4.849999999999987,4.849999999999987
2026-12-02 22:48:36,56.699999999999996,60.95,-4.250000000000007,4.250000000000007
2026-12-02 22:48:41,59.4,58.275,1.125,1.125
2026-12-02 22:48:45,68.6,73.625,-5.025000000000006,5.025000000000006
2026-12-02 22:48:50,69.5,73.625,-4.125,4.125
2026-12-02 22:48:55,63.4,68.14999999999999,-4.749999999999993,4.749999999999993
2026-12-02 22:48:59,73.9,73.625,0.2750000000000057,0.2750000000000057
2026-12-02 22:49:04,56.7,58.275,-1.5749999999999957,1.5749999999999957
2026-12-02 22:49:09,58.599999999999994,60.95,-2.3500000000000085,2.3500000000000085
2026-12-02 22:49:13,65.1,73.625,-8.525000000000006,8.525000000000006
2026-12-02 22:49:18,69.2,73.625,-4.424999999999997,4.424999999999997
2026-12-02 22:49:23,63.7,64.37923076923077,-0.6792307692307702,0.6792307692307702
2026-12-02 22:49:28,57.4,58.275,-0.875,0.875
2026-12-02 22:49:32,61.7,64.5,-2.799999999999997,2.799999999999997
2026-12-02 22:49:37,55.0,53.474999999999994,1.5250000000000057,1.5250000000000057
2026-12-02 22:49:42,68.7,73.75,-5.049999999999997,5.049999999999997
2026-12-02 22:49:46,63.5,64.5,-1.0,1.0
2026-12-02 22:49:51,71.6,73.625,-2.0250000000000057,2.0250000000000057
2026-12-02 22:49:56,58.300000000000004,58.275,0.025000000000005684,0.025000000000005684
2026-12-02 22:50:01,63.5,67.4,-3.9000000000000057,3.9000000000000057
2026-12-02 22:50:05,52.400000000000006,53.474999999999994,-1.0749999999999886,1.0749999999999886
2026-12-02 22:50:10,66.4,74.5,-8.099999999999994,8.099999999999994
2026-12-02 22:50:15,60.5,60.95,-0.45000000000000284,0.45000000000000284
2026-12-02 22:50:19,62.1,61.5,0.6000000000000014,0.6000000000000014
2026-12-02 22:50:24,64.8,74.5,-9.700000000000003,9.700000000000003
2026-12-02 22:50:29,57.0,58.275,-1.2749999999999986,1.2749999999999986
2026-12-02 22:50:34,65.3,68.14999999999999,-2.8499999999999943,2.8499999999999943
2026-12-02 22:50:38,62.6,65.525,-2.9250000000000043,2.9250000000000043
2026-12-02 22:50:43,58.2,58.275,-0.07499999999999574,0.07499999999999574
2026-12-02 22:50:48,66.19999999999999,66.68181818181819,-0.48181818181819835,0.48181818181819835
2026-12-02 22:50:52,60.3,60.95,-0.6500000000000057,0.6500000000000057
2026-12-02 22:50:57,58.400000000000006,60.95,-2.549999999999997,2.549999999999997
2026-12-02 22:51:02,55.900000000000006,55.614285714285714,0.2857142857142918,0.2857142857142918
2026-12-02 22:51:06,60.2,60.03333333333333,0.1666666666666714,0.1666666666666714
2026-12-02 22:51:11,59.2,60.03333333333333,-0.8333333333333286,0.8333333333333286
2026-12-02 22:51:16,51.9,53.474999999999994,-1.5749999999999957,1.5749999999999957
2026-12-02 22:51:21,50.6,49.525,1.0750000000000028,1.0750000000000028
2026-12-02 22:51:25,61.0,64.5,-3.5,3.5
2026-12-02 22:51:30,57.400000000000006,60.95,-3.549999999999997,3.549999999999997
2026-12-02 22:51:35,59.300000000000004,64.5,-5.199999999999996,5.199999999999996
2026-12-02 22:51:39,58.3,57.36666666666667,0.93333333333333,0.93333333333333
2026-12-02 22:51:44,56.4,59.675000000000004,-3.2750000000000057,3.2750000000000057
2026-12-02 22:51:49,58.7,60.03333333333333,-1.3333333333333286,1.3333333333333286
2026-12-02 22:51:54,59.8,64.5,-4.700000000000003,4.700000000000003
2026-12-02 22:51:58,64.80000000000001,67.425,-2.624999999999986,2.624999999999986
2026-12-02 22:52:03,52.699999999999996,53.474999999999994,-0.7749999999999986,0.7749999999999986
2026-12-02 22:52:08,65.9,64.5,1.4000000000000057,1.4000000000000057
2026-12-02 22:52:12,59.1,58.15,0.9500000000000028,0.9500000000000028
2026-12-02 22:52:17,61.0,60.95,0.04999999999999716,0.04999999999999716
2026-12-02 22:52:22,56.8,58.275,-1.4750000000000014,1.4750000000000014
2026-12-02 22:52:26,65.2,73.3,-8.099999999999994,8.099999999999994
2026-12-02 22:52:31,65.1,70.33333333333333,-5.233333333333334,5.233333333333334
2026-12-02 22:52:36,54.4,58.275,-3.875,3.875
2026-12-02 22:52:41,61.0,64.5,-3.5,3.5
2026-12-02 22:52:45,53.5,53.474999999999994,0.025000000000005684,0.025000000000005684
2026-12-02 22:52:50,53.7,54.7,-1.0,1.0
2026-12-02 22:52:55,62.9,64.5,-1.6000000000000014,1.6000000000000014
2026-12-02 22:52:59,65.2,66.68181818181819,-1.4818181818181841,1.4818181818181841
2026-12-02 22:53:04,59.0,59.166666666666664,-0.1666666666666643,0.1666666666666643
2026-12-02 22:53:09,65.3,64.5,0.7999999999999972,0.7999999999999972
2026-12-02 22:53:14,63.900000000000006,70.33333333333333,-6.433333333333323,6.433333333333323
2026-12-02 22:53:18,59.5,60.03333333333333,-0.5333333333333314,0.5333333333333314
2026-12-02 22:53:23,61.8,61.5,0.29999999999999716,0.29999999999999716
2026-12-02 22:53:28,56.2,58.275,-2.0749999999999957,2.0749999999999957
2026-12-02 22:53:32,63.2,64.5,-1.2999999999999972,1.2999999999999972
2026-12-02 22:53:37,65.6,70.33333333333333,-4.733333333333334,4.733333333333334
2026-12-02 22:53:42,62.0,63.8,-1.7999999999999972,1.7999999999999972
2026-12-02 22:53:46,60.3,60.95,-0.6500000000000057,0.6500000000000057
2026-12-02 22:53:51,52.0,53.474999999999994,-1.4749999999999943,1.4749999999999943
2026-12-02 22:53:56,52.1,52.983333333333334,-0.8833333333333329,0.8833333333333329
2026-12-02 22:54:01,52.3,53.474999999999994,-1.1749999999999972,1.1749999999999972
2026-12-02 22:54:05,55.7,58.275,-2.5749999999999957,2.5749999999999957
2026-12-02 22:54:10,59.2,64.5,-5.299999999999997,5.299999999999997
2026-12-02 22:54:15,58.6,58.275,0.32500000000000284,0.32500000000000284
2026-12-02 22:54:19,60.9,64.5,-3.6000000000000014,3.6000000000000014
2026-12-02 22:54:24,64.2,64.37923076923077,-0.1792307692307702,0.1792307692307702
2026-12-02 22:54:29,55.4,55.614285714285714,-0.2142857142857153,0.2142857142857153
2026-12-02 22:54:34,57.9,58.275,-0.375,0.375
2026-12-02 22:54:38,61.6,61.349999999999994,0.2500000000000071,0.2500000000000071
2026-12-02 22:54:43,63.8,65.525,-1.7250000000000085,1.7250000000000085
2026-12-02 22:54:48,60.099999999999994,64.5,-4.400000000000006,4.400000000000006
2026-12-02 22:54:52,55.5,58.275,-2.7749999999999986,2.7749999999999986
2026-12-02 22:54:57,60.8,64.5,-3.700000000000003,3.700000000000003
2026-12-02 22:55:02,56.3,58.275,-1.9750000000000014,1.9750000000000014
2026-12-02 22:55:06,51.6,51.96666666666667,-0.36666666666666714,0.36666666666666714
2026-12-02 22:55:11,64.5,64.5,0.0,0.0
2026-12-02 22:55:16,66.5,73.3,-6.799999999999997,6.799999999999997
2026-12-02 22:55:21,68.3,66.68181818181819,1.6181818181818102,1.6181818181818102
2026-12-02 22:55:25,54.5,58.275,-3.7749999999999986,3.7749999999999986
2026-12-02 22:55:30,53.7,53.474999999999994,0.22500000000000853,0.22500000000000853
2026-12-02 22:55:35,58.6,59.675000000000004,-1.0750000000000028,1.0750000000000028
2026-12-02 22:55:39,71.6,73.625,-2.0250000000000057,2.0250000000000057
2026-12-02 22:55:44,61.5,64.5,-3.0,3.0
2026-12-02 22:55:49,59.400000000000006,60.766666666666666,-1.36666666666666,1.36666666666666
2026-12-02 22:55:54,58.9,59.675000000000004,-0.7750000000000057,0.7750000000000057
2026-12-02 22:55:58,55.800000000000004,60.95,-5.149999999999999,5.149999999999999
2026-12-02 22:56:03,56.5,55.15714285714286,1.3428571428571416,1.3428571428571416
2026-12-02 22:56:08,60.1,68.14999999999999,-8.04999999999999,8.04999999999999
2026-12-02 22:56:12,66.2,68.14999999999999,-1.9499999999999886,1.9499999999999886
2026-12-02 22:56:17,63.900000000000006,65.525,-1.625,1.625
2026-12-02 22:56:22,63.4,64.5,-1.1000000000000014,1.1000000000000014
2026-12-02 22:56:26,69.0,73.3,-4.299999999999997,4.299999999999997
2026-12-02 22:56:31,67.1,69.25,-2.1500000000000057,2.1500000000000057
2026-12-02 22:56:36,65.9,64.37923076923077,1.5207692307692326,1.5207692307692326
2026-12-02 22:56:41,54.9,55.614285714285714,-0.7142857142857153,0.7142857142857153
2026-12-02 22:56:45,59.3,59.675000000000004,-0.3750000000000071,0.3750000000000071
2026-12-02 22:56:50,60.7,68.14999999999999,-7.449999999999989,7.449999999999989
2026-12-02 22:56:55,56.0,60.95,-4.950000000000003,4.950000000000003
2026-12-02 22:56:59,63.599999999999994,70.33333333333333,-6.733333333333334,6.733333333333334
2026-12-02 22:57:04,70.1,72.225,-2.125,2.125
2026-12-02 22:57:09,56.7,60.95,-4.25,4.25
2026-12-02 22:57:14,59.400000000000006,64.5,-5.099999999999994,5.099999999999994
2026-12-02 23:06:55,56.4,53.55,2.8500000000000014,2.8500000000000014
2026-12-02 23:07:00,55.400000000000006,55.583333333333336,-0.18333333333333002,0.18333333333333002
2026-12-02 23:07:04,62.8,61.763636363636365,1.0363636363636317,1.0363636363636317
2026-12-02 23:07:09,62.4,61.349999999999994,1.0500000000000043,1.0500000000000043
2026-12-02 23:07:14,70.69999999999999,72.225,-1.5250000000000057,1.5250000000000057
2026-12-02 23:07:18,54.8,58.275,-3.4750000000000014,3.4750000000000014
2026-12-02 23:07:23,62.7,63.8,-1.0999999999999943,1.0999999999999943
2026-12-02 23:07:28,60.9,61.763636363636365,-0.8636363636363669,0.8636363636363669
2026-12-02 23:07:33,61.3,61.03333333333333,0.2666666666666657,0.2666666666666657
2026-12-02 23:07:37,54.2,56.849999999999994,-2.6499999999999915,2.6499999999999915
2026-12-02 23:07:42,57.6,57.53333333333334,0.06666666666666288,0.06666666666666288
2026-12-02 23:07:47,53.8,58.275,-4.475000000000001,4.475000000000001
2026-12-02 23:07:51,64.6,63.4,1.1999999999999957,1.1999999999999957
2026-12-02 23:07:56,62.5,61.724242424242426,0.7757575757575736,0.7757575757575736
2026-12-02 23:08:01,55.6,58.833333333333336,-3.2333333333333343,3.2333333333333343
2026-12-02 23:08:06,55.5,56.766666666666666,-1.2666666666666657,1.2666666666666657
2026-12-02 23:08:10,55.900000000000006,59.675000000000004,-3.7749999999999986,3.7749999999999986
2026-12-02 23:08:15,59.099999999999994,57.53333333333334,1.5666666666666558,1.5666666666666558
2026-12-02 23:08:20,76.6,75.775,0.8249999999999886,0.8249999999999886
2026-12-02 23:08:24,51.099999999999994,53.474999999999994,-2.375,2.375
2026-12-02 23:08:29,60.7,60.699999999999996,7.105427357601002e-15,7.105427357601002e-15
2026-12-02 23:08:34,55.2,56.849999999999994,-1.6499999999999915,1.6499999999999915
2026-12-02 23:08:39,55.5,59.166666666666664,-3.6666666666666643,3.6666666666666643
2026-12-02 23:08:43,57.5,57.550000000000004,-0.05000000000000426,0.05000000000000426
2026-12-02 23:08:48,54.6,56.45,-1.8500000000000014,1.8500000000000014
2026-12-02 23:08:53,53.4,54.3,-0.8999999999999986,0.8999999999999986
2026-12-02 23:08:57,60.5,59.675000000000004,0.8249999999999957,0.8249999999999957
2026-12-02 23:09:02,61.1,60.03333333333333,1.06666666666667,1.06666666666667
2026-12-02 23:09:07,55.599999999999994,56.349999999999994,-0.75,0.75
2026-12-02 23:09:11,51.400000000000006,50.55,0.8500000000000085,0.8500000000000085
2026-12-02 23:09:16,55.099999999999994,58.55,-3.450000000000003,3.450000000000003
2026-12-02 23:09:21,56.900000000000006,58.275,-1.374999999999993,1.374999999999993
2026-12-02 23:09:26,58.8,60.95,-2.1500000000000057,2.1500000000000057
2026-12-02 23:09:30,58.0,58.275,-0.2749999999999986,0.2749999999999986
2026-12-02 23:09:35,53.2,58.275,-5.074999999999996,5.074999999999996
2026-12-02 23:09:40,51.599999999999994,59.166666666666664,-7.56666666666667,7.56666666666667
2026-12-02 23:09:44,67.4,66.68181818181819,0.7181818181818187,0.7181818181818187
2026-12-02 23:09:49,60.8,64.5,-3.700000000000003,3.700000000000003
2026-12-02 23:09:54,54.6,55.583333333333336,-0.9833333333333343,0.9833333333333343
2026-12-02 23:09:59,54.0,54.2,-0.20000000000000284,0.20000000000000284
2026-12-02 23:10:03,51.9,53.46666666666667,-1.56666666666667,1.56666666666667
2026-12-02 23:10:08,60.3,60.03333333333333,0.2666666666666657,0.2666666666666657
2026-12-02 23:10:13,57.5,58.275,-0.7749999999999986,0.7749999999999986
2026-12-02 23:10:17,62.5,61.5,1.0,1.0
2026-12-02 23:10:22,53.400000000000006,53.474999999999994,-0.07499999999998863,0.07499999999998863
2026-12-02 23:10:27,59.0,58.599999999999994,0.4000000000000057,0.4000000000000057
2026-12-02 23:10:31,53.800000000000004,53.474999999999994,0.32500000000000995,0.32500000000000995
2026-12-02 23:10:36,64.2,67.4,-3.200000000000003,3.200000000000003
2026-12-02 23:10:41,57.7,58.275,-0.5749999999999957,0.5749999999999957
2026-12-02 23:10:46,57.6,56.050000000000004,1.5499999999999972,1.5499999999999972
2026-12-02 23:10:50,58.7,58.666666666666664,0.033333333333338544,0.033333333333338544
2026-12-02 23:10:55,55.8,58.275,-2.4750000000000014,2.4750000000000014
2026-12-02 23:11:00,56.699999999999996,56.45,0.2499999999999929,0.2499999999999929
2026-12-02 23:11:04,52.9,59.166666666666664,-6.266666666666666,6.266666666666666
2026-12-02 23:11:09,51.0,50.489999999999995,0.5100000000000051,0.5100000000000051
2026-12-02 23:11:14,65.1,73.75,-8.650000000000006,8.650000000000006
2026-12-02 23:11:19,58.0,58.275,-0.2749999999999986,0.2749999999999986
2026-12-02 23:11:23,56.1,58.275,-2.174999999999997,2.174999999999997
2026-12-02 23:11:28,59.5,60.95,-1.4500000000000028,1.4500000000000028
2026-12-02 23:11:33,52.2,53.474999999999994,-1.2749999999999915,1.2749999999999915
2026-12-02 23:11:37,52.400000000000006,50.55,1.8500000000000085,1.8500000000000085
2026-12-02 23:11:42,49.7,53.474999999999994,-3.7749999999999915,3.7749999999999915
2026-12-02 23:11:47,58.8,58.275,0.5249999999999986,0.5249999999999986
2026-12-02 23:11:51,54.4,54.7,-0.30000000000000426,0.30000000000000426
2026-12-02 23:11:56,56.3,58.275,-1.9750000000000014,1.9750000000000014
2026-12-02 23:12:01,75.9,73.625,2.2750000000000057,2.2750000000000057
2026-12-02 23:12:06,49.2,50.55,-1.3499999999999943,1.3499999999999943
2026-12-02 23:12:10,53.3,53.474999999999994,-0.17499999999999716,0.17499999999999716
2026-12-02 23:12:15,56.3,56.45,-0.15000000000000568,0.15000000000000568
2026-12-02 23:12:20,53.2,52.983333333333334,0.21666666666666856,0.21666666666666856
2026-12-02 23:12:24,57.3,57.53333333333334,-0.2333333333333414,0.2333333333333414
2026-12-02 23:12:29,57.0,59.675000000000004,-2.6750000000000043,2.6750000000000043
2026-12-02 23:12:34,51.4,53.474999999999994,-2.0749999999999957,2.0749999999999957
2026-12-02 23:12:39,63.2,70.33333333333333,-7.133333333333326,7.133333333333326
2026-12-02 23:12:43,59.9,60.95,-1.0500000000000043,1.0500000000000043
2026-12-02 23:12:48,64.9,64.5,0.4000000000000057,0.4000000000000057
2026-12-02 23:12:53,58.300000000000004,58.275,0.025000000000005684,0.025000000000005684
2026-12-02 23:12:57,52.7,52.38,0.3200000000000003,0.3200000000000003
2026-12-02 23:13:02,69.6,73.625,-4.025000000000006,4.025000000000006
2026-12-02 23:13:07,51.0,53.474999999999994,-2.4749999999999943,2.4749999999999943
2026-12-02 23:13:11,67.4,73.625,-6.224999999999994,6.224999999999994
2026-12-02 23:13:16,62.2,61.763636363636365,0.4363636363636374,0.4363636363636374
2026-12-02 23:13:21,58.2,57.53333333333334,0.6666666666666643,0.6666666666666643
2026-12-02 23:13:26,59.6,60.03333333333333,-0.43333333333333,0.43333333333333
2026-12-02 23:13:30,49.099999999999994,47.65,1.4499999999999957,1.4499999999999957
2026-12-02 23:13:35,52.7,53.474999999999994,-0.7749999999999915,0.7749999999999915
2026-12-02 23:13:40,55.199999999999996,54.7,0.4999999999999929,0.4999999999999929
2026-12-02 23:13:44,55.6,59.166666666666664,-3.566666666666663,3.566666666666663
2026-12-02 23:13:49,52.0,52.983333333333334,-0.9833333333333343,0.9833333333333343
2026-12-02 23:13:54,53.8,55.82222222222222,-2.0222222222222257,2.0222222222222257
2026-12-02 23:13:59,50.5,50.55,-0.04999999999999716,0.04999999999999716
2026-12-02 23:14:03,58.099999999999994,57.4,0.6999999999999957,0.6999999999999957
2026-12-02 23:14:08,60.0,60.03333333333333,-0.03333333333333144,0.03333333333333144
2026-12-02 23:14:13,55.9,54.7,1.1999999999999957,1.1999999999999957
2026-12-02 23:14:17,60.7,61.349999999999994,-0.6499999999999915,0.6499999999999915
2026-12-02 23:14:22,62.3,64.5,-2.200000000000003,2.200000000000003
2026-12-02 23:14:27,67.5,73.625,-6.125,6.125
2026-12-02 23:14:31,52.800000000000004,53.474999999999994,-0.67499999999999,0.67499999999999
2026-12-02 23:14:36,53.0,53.474999999999994,-0.4749999999999943,0.4749999999999943
2026-12-02 23:14:41,67.2,68.14999999999999,-0.9499999999999886,0.9499999999999886
2026-12-02 23:14:46,54.800000000000004,58.275,-3.4749999999999943,3.4749999999999943
2026-12-02 23:14:50,56.2,56.45,-0.25,0.25
2026-12-02 23:14:55,61.5,63.8,-2.299999999999997,2.299999999999997
2026-12-02 23:15:00,50.4,50.489999999999995,-0.0899999999999963,0.0899999999999963
2026-12-02 23:15:04,57.2,58.275,-1.0749999999999957,1.0749999999999957
2026-12-02 23:15:09,52.9,59.166666666666664,-6.266666666666666,6.266666666666666
2026-12-02 23:15:14,58.2,58.275,-0.07499999999999574,0.07499999999999574
2026-12-02 23:15:19,57.8,57.53333333333334,0.2666666666666586,0.2666666666666586
2026-12-02 23:15:23,59.7,59.675000000000004,0.02499999999999858,0.02499999999999858
2026-12-02 23:15:28,57.1,56.349999999999994,0.7500000000000071,0.7500000000000071
2026-12-02 23:15:33,65.0,64.37923076923077,0.620769230769227,0.620769230769227
2026-12-02 23:15:37,72.5,73.625,-1.125,1.125
2026-12-02 23:15:42,58.8,60.95,-2.1500000000000057,2.1500000000000057
2026-12-02 23:15:47,64.6,64.5,0.09999999999999432,0.09999999999999432
2026-12-02 23:15:51,56.5,55.583333333333336,0.9166666666666643,0.9166666666666643
2026-12-02 23:15:56,72.4,73.75,-1.3499999999999943,1.3499999999999943
2026-12-02 23:16:01,64.8,66.68181818181819,-1.8818181818181898,1.8818181818181898
2026-12-02 23:16:06,59.6,60.95,-1.3500000000000014,1.3500000000000014
2026-12-02 23:16:10,61.7,64.5,-2.799999999999997,2.799999999999997
2026-12-02 23:16:15,61.800000000000004,60.699999999999996,1.1000000000000085,1.1000000000000085
2026-12-02 23:16:20,59.400000000000006,59.6,-0.19999999999999574,0.19999999999999574
2026-12-02 23:16:24,71.9,73.625,-1.7249999999999943,1.7249999999999943
2026-12-02 23:16:29,59.199999999999996,60.975,-1.7750000000000057,1.7750000000000057
2026-12-02 23:16:34,55.7,54.2,1.5,1.5
2026-12-02 23:16:39,61.699999999999996,61.5,0.19999999999999574,0.19999999999999574
2026-12-02 23:16:43,61.7,61.5,0.20000000000000284,0.20000000000000284
2026-12-02 23:16:48,67.69999999999999,70.33333333333333,-2.63333333333334,2.63333333333334
2026-12-02 23:16:53,64.4,65.525,-1.125,1.125
2026-12-02 23:16:57,55.099999999999994,56.45,-1.3500000000000085,1.3500000000000085
2026-12-02 23:17:02,54.900000000000006,53.85,1.0500000000000043,1.0500000000000043
2026-12-02 23:17:07,65.9,65.19999999999999,0.700000000000017,0.700000000000017
2026-12-02 23:17:11,59.5,64.5,-5.0,5.0
2026-12-02 23:17:16,70.69999999999999,73.625,-2.9250000000000114,2.9250000000000114
2026-12-02 23:17:21,70.7,73.625,-2.924999999999997,2.924999999999997
2026-12-02 23:17:26,71.1,73.625,-2.5250000000000057,2.5250000000000057
2026-12-02 23:17:30,64.69999999999999,69.36666666666666,-4.666666666666671,4.666666666666671
2026-12-02 23:17:35,72.3,73.625,-1.3250000000000028,1.3250000000000028
2026-12-02 23:17:40,73.5,73.625,-0.125,0.125
2026-12-02 23:17:44,61.2,61.5,-0.29999999999999716,0.29999999999999716
2026-12-02 23:17:49,68.1,69.25,-1.1500000000000057,1.1500000000000057
2026-12-02 23:17:54,69.8,73.625,-3.825000000000003,3.825000000000003
2026-12-02 23:17:59,70.6,73.625,-3.0250000000000057,3.0250000000000057
2026-12-02 23:18:03,78.4,85.42500000000001,-7.025000000000006,7.025000000000006
2026-12-02 23:18:08,63.3,64.5,-1.2000000000000028,1.2000000000000028
2026-12-02 23:18:13,55.2,54.36666666666667,0.8333333333333357,0.8333333333333357
2026-12-02 23:18:17,66.9,73.625,-6.724999999999994,6.724999999999994
2026-12-02 23:18:22,56.5,60.95,-4.450000000000003,4.450000000000003
2026-12-02 23:18:27,61.2,64.5,-3.299999999999997,3.299999999999997
2026-12-02 23:18:32,66.0,73.3,-7.299999999999997,7.299999999999997
2026-12-02 23:18:36,74.9,73.625,1.2750000000000057,1.2750000000000057
2026-12-02 23:18:41,63.5,73.3,-9.799999999999997,9.799999999999997
2026-12-02 23:18:46,63.9,70.33333333333333,-6.43333333333333,6.43333333333333
2026-12-02 23:18:50,63.4,70.33333333333333,-6.93333333333333,6.93333333333333
2026-12-02 23:18:55,75.19999999999999,74.9,0.29999999999998295,0.29999999999998295
2026-12-02 23:19:00,76.6,85.42500000000001,-8.825000000000017,8.825000000000017
2026-12-02 23:19:04,72.1,73.625,-1.5250000000000057,1.5250000000000057
2026-12-02 23:19:09,62.8,69.36666666666666,-6.566666666666663,6.566666666666663
2026-12-02 23:19:14,71.8,73.625,-1.8250000000000028,1.8250000000000028
2026-12-02 23:19:19,67.69999999999999,73.75,-6.050000000000011,6.050000000000011
2026-12-02 23:19:23,55.5,58.275,-2.7749999999999986,2.7749999999999986
2026-12-02 23:19:28,57.5,60.95,-3.450000000000003,3.450000000000003
2026-12-02 23:19:33,57.7,58.275,-0.5749999999999957,0.5749999999999957
2026-12-02 23:19:37,55.5,54.7,0.7999999999999972,0.7999999999999972
2026-12-02 23:19:42,62.099999999999994,70.33333333333333,-8.233333333333334,8.233333333333334
2026-12-02 23:19:47,57.4,58.275,-0.875,0.875
2026-12-02 23:19:51,51.5,50.55,0.9500000000000028,0.9500000000000028
2026-12-02 23:19:56,58.400000000000006,59.675000000000004,-1.2749999999999986,1.2749999999999986
2026-12-02 23:20:01,61.2,58.15,3.0500000000000043,3.0500000000000043
2026-12-02 23:20:06,55.900000000000006,59.166666666666664,-3.2666666666666586,3.2666666666666586
2026-12-02 23:20:10,52.599999999999994,53.474999999999994,-0.875,0.875
2026-12-02 23:20:15,74.8,73.625,1.1749999999999972,1.1749999999999972
2026-12-02 23:20:20,60.5,64.5,-4.0,4.0
2026-12-02 23:20:24,61.099999999999994,60.95,0.14999999999999147,0.14999999999999147
2026-12-02 23:20:29,54.3,54.36666666666667,-0.06666666666666998,0.06666666666666998
2026-12-02 23:20:34,55.5,54.36666666666667,1.1333333333333329,1.1333333333333329
2026-12-02 23:20:39,59.400000000000006,57.53333333333334,1.8666666666666671,1.8666666666666671
2026-12-02 23:20:43,59.4,59.675000000000004,-0.2750000000000057,0.2750000000000057
2026-12-02 23:20:48,63.199999999999996,70.33333333333333,-7.133333333333333,7.133333333333333
2026-12-02 23:20:53,59.400000000000006,60.95,-1.5499999999999972,1.5499999999999972
2026-12-02 23:20:57,58.9,60.95,-2.0500000000000043,2.0500000000000043
2026-12-02 23:21:02,57.6,64.5,-6.899999999999999,6.899999999999999
2026-12-02 23:21:07,59.800000000000004,64.5,-4.699999999999996,4.699999999999996
2026-12-02 23:21:12,61.2,60.95,0.25,0.25
2026-12-02 23:21:16,65.5,64.5,1.0,1.0
2026-12-02 23:21:21,57.8,60.95,-3.1500000000000057,3.1500000000000057
2026-12-02 23:21:26,59.2,60.95,-1.75,1.75
2026-12-02 23:21:30,60.3,70.33333333333333,-10.033333333333331,10.033333333333331
2026-12-02 23:21:35,56.7,54.36666666666667,2.3333333333333357,2.3333333333333357
2026-12-02 23:21:40,58.5,60.03333333333333,-1.5333333333333314,1.5333333333333314
2026-12-02 23:21:44,62.5,68.14999999999999,-5.6499999999999915,5.6499999999999915
2026-12-02 23:21:49,66.5,67.4,-0.9000000000000057,0.9000000000000057
2026-12-02 23:21:54,61.1,64.5,-3.3999999999999986,3.3999999999999986
2026-12-02 23:21:59,66.2,73.625,-7.424999999999997,7.424999999999997
2026-12-02 23:22:03,65.2,73.625,-8.424999999999997,8.424999999999997
2026-12-02 23:22:08,58.8,60.03333333333333,-1.2333333333333343,1.2333333333333343
2026-12-02 23:22:13,65.2,67.4,-2.200000000000003,2.200000000000003
2026-12-02 23:22:17,57.3,58.275,-0.9750000000000014,0.9750000000000014
2026-12-02 23:22:22,59.7,60.95,-1.25,1.25
2026-12-02 23:22:27,65.2,74.5,-9.299999999999997,9.299999999999997
2026-12-02 23:22:32,59.2,58.15,1.0500000000000043,1.0500000000000043
2026-12-02 23:22:36,65.1,64.37923076923077,0.7207692307692213,0.7207692307692213
2026-12-02 23:22:41,62.099999999999994,68.14999999999999,-6.049999999999997,6.049999999999997
2026-12-02 23:22:46,61.2,64.5,-3.299999999999997,3.299999999999997
2026-12-02 23:22:50,65.7,73.75,-8.049999999999997,8.049999999999997
2026-12-02 23:22:55,55.7,54.36666666666667,1.3333333333333357,1.3333333333333357
2026-12-02 23:23:00,57.0,56.766666666666666,0.23333333333333428,0.23333333333333428
2026-12-02 23:23:04,56.8,57.36666666666667,-0.56666666666667,0.56666666666667
2026-12-02 23:23:09,63.3,64.5,-1.2000000000000028,1.2000000000000028
2026-12-02 23:23:14,62.4,68.14999999999999,-5.749999999999993,5.749999999999993
2026-12-02 23:23:19,80.4,85.42500000000001,-5.025000000000006,5.025000000000006
2026-12-02 23:23:23,56.2,58.275,-2.0749999999999957,2.0749999999999957
2026-12-02 23:23:28,67.5,74.5,-7.0,7.0
2026-12-02 23:23:33,54.0,53.474999999999994,0.5250000000000057,0.5250000000000057
2026-12-02 23:23:37,59.099999999999994,58.15,0.9499999999999957,0.9499999999999957
2026-12-02 23:23:42,57.400000000000006,56.349999999999994,1.0500000000000114,1.0500000000000114
2026-12-02 23:23:47,64.1,64.5,-0.4000000000000057,0.4000000000000057
2026-12-02 23:23:52,66.5,66.125,0.375,0.375
2026-12-02 23:23:56,63.2,62.08,1.1200000000000045,1.1200000000000045
2026-12-02 23:24:01,58.0,59.166666666666664,-1.1666666666666643,1.1666666666666643
2026-12-02 23:24:06,62.400000000000006,60.699999999999996,1.70000000000001,1.70000000000001
2026-12-02 23:24:10,59.8,60.95,-1.1500000000000057,1.1500000000000057
2026-12-02 23:24:15,56.5,56.766666666666666,-0.2666666666666657,0.2666666666666657
2026-12-02 23:24:20,62.5,61.349999999999994,1.1500000000000057,1.1500000000000057
2026-12-02 23:24:24,59.5,61.06666666666667,-1.56666666666667,1.56666666666667
2026-12-02 23:24:29,55.8,56.349999999999994,-0.5499999999999972,0.5499999999999972
2026-12-02 23:24:34,57.0,56.349999999999994,0.6500000000000057,0.6500000000000057
2026-12-02 23:24:39,60.3,60.975,-0.6750000000000043,0.6750000000000043
2026-12-02 23:24:43,59.1,60.95,-1.8500000000000014,1.8500000000000014
2026-12-02 23:24:48,55.900000000000006,54.7,1.2000000000000028,1.2000000000000028
2026-12-02 23:24:53,59.3,58.85,0.44999999999999574,0.44999999999999574
2026-12-02 23:24:57,65.6,65.525,0.07499999999998863,0.07499999999998863
2026-12-02 23:25:02,59.8,59.6,0.19999999999999574,0.19999999999999574
2026-12-02 23:25:07,55.3,54.7,0.5999999999999943,0.5999999999999943
2026-12-02 23:25:12,56.7,53.85,2.8500000000000014,2.8500000000000014
2026-12-02 23:25:16,63.800000000000004,65.525,-1.7250000000000014,1.7250000000000014
2026-12-02 23:25:21,67.0,73.625,-6.625,6.625
2026-12-02 23:25:26,57.0,54.36666666666667,2.633333333333333,2.633333333333333
2026-12-02 23:25:30,69.4,67.4,2.0,2.0
2026-12-02 23:25:35,79.1,85.42500000000001,-6.325000000000017,6.325000000000017
2026-12-02 23:25:40,64.4,64.5,-0.09999999999999432,0.09999999999999432
2026-12-02 23:25:44,61.599999999999994,63.8,-2.200000000000003,2.200000000000003
2026-12-02 23:25:49,57.8,58.725,-0.9250000000000043,0.9250000000000043
2026-12-02 23:25:54,60.1,58.15,1.9500000000000028,1.9500000000000028
2026-12-02 23:25:59,60.099999999999994,59.6,0.4999999999999929,0.4999999999999929
2026-12-02 23:26:03,66.7,66.68181818181819,0.018181818181815856,0.018181818181815856
2026-12-02 23:26:08,59.0,56.349999999999994,2.6500000000000057,2.6500000000000057
2026-12-02 23:26:13,61.0,61.5,-0.5,0.5
2026-12-02 23:26:17,67.9,69.25,-1.3499999999999943,1.3499999999999943
2026-12-02 23:26:22,62.900000000000006,64.5,-1.5999999999999943,1.5999999999999943
2026-12-02 23:26:27,67.1,70.33333333333333,-3.2333333333333343,3.2333333333333343
2026-12-02 23:26:32,64.4,65.525,-1.125,1.125
2026-12-02 23:26:36,59.5,60.95,-1.4500000000000028,1.4500000000000028
2026-12-02 23:26:41,62.900000000000006,64.5,-1.5999999999999943,1.5999999999999943
2026-12-02 23:26:46,59.8,59.6,0.19999999999999574,0.19999999999999574
2026-12-02 23:26:50,62.3,61.5,0.7999999999999972,0.7999999999999972
2026-12-02 23:26:55,53.5,53.474999999999994,0.025000000000005684,0.025000000000005684
2026-12-02 23:27:00,60.2,59.675000000000004,0.5249999999999986,0.5249999999999986
2026-12-02 23:27:04,65.9,68.2,-2.299999999999997,2.299999999999997
2026-12-02 23:27:09,64.3,65.525,-1.2250000000000085,1.2250000000000085
2026-12-02 23:27:14,60.199999999999996,60.03333333333333,0.1666666666666643,0.1666666666666643
2026-12-02 23:27:19,62.0,64.5,-2.5,2.5
2026-12-02 23:27:23,66.1,65.19999999999999,0.9000000000000057,0.9000000000000057
2026-12-02 23:27:28,61.3,61.349999999999994,-0.04999999999999716,0.04999999999999716
2026-12-02 23:27:33,63.5,64.5,-1.0,1.0
2026-12-02 23:27:37,63.4,64.5,-1.1000000000000014,1.1000000000000014
2026-12-02 23:27:42,69.2,69.50588235294117,-0.3058823529411683,0.3058823529411683
2026-12-02 23:27:47,61.6,64.5,-2.8999999999999986,2.8999999999999986
2026-12-02 23:27:52,58.1,57.53333333333334,0.5666666666666629,0.5666666666666629
2026-12-02 23:27:56,66.6,68.14999999999999,-1.5499999999999972,1.5499999999999972
2026-12-02 23:28:01,78.9,85.42500000000001,-6.525000000000006,6.525000000000006
2026-12-02 23:28:06,85.7,85.42500000000001,0.2749999999999915,0.2749999999999915
2026-12-02 23:28:10,59.7,60.975,-1.2749999999999986,1.2749999999999986
2026-12-02 23:28:15,64.8,64.5,0.29999999999999716,0.29999999999999716
2026-12-02 23:28:20,66.7,74.5,-7.799999999999997,7.799999999999997
2026-12-02 23:28:24,71.9,72.225,-0.32499999999998863,0.32499999999998863
2026-12-02 23:28:29,63.300000000000004,65.525,-2.2250000000000014,2.2250000000000014
2026-12-02 23:28:34,63.0,61.349999999999994,1.6500000000000057,1.6500000000000057
2026-12-02 23:28:39,62.6,61.349999999999994,1.250000000000007,1.250000000000007
2026-12-02 23:28:43,53.2,53.85,-0.6499999999999986,0.6499999999999986
2026-12-02 23:28:48,56.9,56.349999999999994,0.5500000000000043,0.5500000000000043
2026-12-02 23:28:53,61.099999999999994,61.5,-0.4000000000000057,0.4000000000000057
2026-12-02 23:28:57,64.0,70.33333333333333,-6.333333333333329,6.333333333333329
2026-12-02 23:29:02,71.4,73.625,-2.2249999999999943,2.2249999999999943
2026-12-02 23:29:07,66.5,69.25,-2.75,2.75
2026-12-02 23:29:12,82.0,85.42500000000001,-3.4250000000000114,3.4250000000000114
2026-12-02 23:29:16,74.2,73.625,0.5750000000000028,0.5750000000000028
2026-12-02 23:29:21,74.0,73.625,0.375,0.375
2026-12-02 23:29:26,67.4,73.625,-6.224999999999994,6.224999999999994
2026-12-02 23:29:30,67.0,73.75,-6.75,6.75
2026-12-02 23:29:35,55.3,54.36666666666667,0.93333333333333,0.93333333333333
2026-12-02 23:29:40,76.2,73.625,2.575000000000003,2.575000000000003
2026-12-02 23:29:44,68.5,74.5,-6.0,6.0
2026-12-02 23:29:49,66.80000000000001,74.5,-7.699999999999989,7.699999999999989
2026-12-02 23:29:54,68.4,74.5,-6.099999999999994,6.099999999999994
2026-12-02 23:29:59,61.7,64.5,-2.799999999999997,2.799999999999997
2026-12-02 23:30:03,73.5,73.625,-0.125,0.125
2026-12-02 23:30:08,68.4,73.625,-5.224999999999994,5.224999999999994
2026-12-02 23:30:13,69.8,73.625,-3.825000000000003,3.825000000000003
2026-12-02 23:30:17,63.2,70.33333333333333,-7.133333333333326,7.133333333333326
2026-12-02 23:30:22,64.5,70.33333333333333,-5.833333333333329,5.833333333333329
2026-12-02 23:30:27,72.7,73.625,-0.9249999999999972,0.9249999999999972
2026-12-02 23:30:32,62.900000000000006,64.5,-1.5999999999999943,1.5999999999999943
2026-12-02 23:30:36,67.19999999999999,69.25,-2.0500000000000114,2.0500000000000114
2026-12-02 23:30:41,73.30000000000001,73.625,-0.32499999999998863,0.32499999999998863
2026-12-02 23:30:46,57.3,58.275,-0.9750000000000014,0.9750000000000014
2026-12-02 23:30:50,63.900000000000006,67.4,-3.5,3.5
2026-12-02 23:30:55,54.900000000000006,54.36666666666667,0.5333333333333385,0.5333333333333385
2026-12-02 23:31:00,61.900000000000006,63.8,-1.8999999999999915,1.8999999999999915
2026-12-02 23:31:04,62.2,61.5,0.7000000000000028,0.7000000000000028
2026-12-02 23:31:09,64.8,70.33333333333333,-5.533333333333331,5.533333333333331
2026-12-02 23:31:14,72.1,73.625,-1.5250000000000057,1.5250000000000057
2026-12-02 23:31:19,63.8,70.33333333333333,-6.533333333333331,6.533333333333331
2026-12-02 23:31:23,57.0,54.7,2.299999999999997,2.299999999999997
2026-12-02 23:31:28,60.1,59.675000000000004,0.42499999999999716,0.42499999999999716
2026-12-02 23:31:33,60.3,60.975,-0.6750000000000043,0.6750000000000043
2026-12-02 23:31:37,59.7,60.95,-1.25,1.25
2026-12-02 23:31:42,55.5,55.20810810810811,0.29189189189189335,0.29189189189189335
2026-12-02 23:31:47,60.7,64.5,-3.799999999999997,3.799999999999997
2026-12-02 23:31:52,57.800000000000004,57.36666666666667,0.4333333333333371,0.4333333333333371
2026-12-02 23:31:56,61.099999999999994,60.975,0.1249999999999929,0.1249999999999929
2026-12-02 23:32:01,63.7,64.37923076923077,-0.6792307692307702,0.6792307692307702
2026-12-02 23:32:06,60.7,63.8,-3.0999999999999943,3.0999999999999943
2026-12-02 23:32:10,56.9,56.650000000000006,0.2499999999999929,0.2499999999999929
2026-12-02 23:32:15,75.69999999999999,74.9,0.799999999999983,0.799999999999983
2026-12-02 23:32:20,59.0,58.275,0.7250000000000014,0.7250000000000014
2026-12-02 23:32:24,60.7,64.5,-3.799999999999997,3.799999999999997
2026-12-02 23:32:29,53.7,54.8,-1.0999999999999943,1.0999999999999943
2026-12-02 23:32:34,62.1,61.763636363636365,0.336363636363636,0.336363636363636
2026-12-02 23:32:39,55.2,54.199999999999996,1.000000000000007,1.000000000000007
2026-12-02 23:32:43,65.9,68.14999999999999,-2.249999999999986,2.249999999999986
2026-12-02 23:32:48,57.3,58.05,-0.75,0.75
2026-12-02 23:32:53,58.2,59.90909090909091,-1.7090909090909037,1.7090909090909037
2026-12-02 23:32:57,65.7,66.68181818181819,-0.9818181818181841,0.9818181818181841
2026-12-02 23:33:02,64.6,64.5,0.09999999999999432,0.09999999999999432
2026-12-02 23:33:07,77.69999999999999,85.42500000000001,-7.725000000000023,7.725000000000023
2026-12-02 23:33:12,57.9,58.275,-0.375,0.375
2026-12-02 23:33:16,62.0,61.763636363636365,0.23636363636363455,0.23636363636363455
2026-12-02 23:33:21,63.0,60.699999999999996,2.3000000000000043,2.3000000000000043
2026-12-02 23:33:26,63.699999999999996,64.5,-0.8000000000000043,0.8000000000000043
2026-12-02 23:33:30,69.1,73.625,-4.525000000000006,4.525000000000006
2026-12-02 23:33:35,70.3,73.625,-3.325000000000003,3.325000000000003
2026-12-02 23:33:40,58.5,60.95,-2.450000000000003,2.450000000000003
2026-12-02 23:33:44,62.8,64.5,-1.7000000000000028,1.7000000000000028
2026-12-02 23:33:49,61.7,61.5,0.20000000000000284,0.20000000000000284
2026-12-02 23:33:54,61.0,63.8,-2.799999999999997,2.799999999999997
2026-12-02 23:33:59,70.30000000000001,70.55,-0.2499999999999858,0.2499999999999858
2026-12-02 23:34:03,64.8,66.68181818181819,-1.8818181818181898,1.8818181818181898
2026-12-02 23:34:08,61.1,60.95,0.14999999999999858,0.14999999999999858
2026-12-02 23:34:13,61.5,61.5,0.0,0.0
2026-12-02 23:34:17,66.6,66.68181818181819,-0.08181818181819267,0.08181818181819267
2026-12-02 23:34:22,57.4,60.95,-3.5500000000000043,3.5500000000000043
2026-12-02 23:34:27,61.2,60.03333333333333,1.1666666666666714,1.1666666666666714
2026-12-02 23:34:32,75.7,85.42500000000001,-9.725000000000009,9.725000000000009
2026-12-02 23:34:36,66.6,73.625,-7.025000000000006,7.025000000000006
2026-12-02 23:34:41,69.5,73.625,-4.125,4.125
2026-12-02 23:34:46,72.9,73.625,-0.7249999999999943,0.7249999999999943
2026-12-02 23:34:50,57.4,59.166666666666664,-1.7666666666666657,1.7666666666666657
2026-12-02 23:34:55,54.5,54.36666666666667,0.13333333333333286,0.13333333333333286
2026-12-02 23:35:00,63.2,64.5,-1.2999999999999972,1.2999999999999972
2026-12-02 23:35:04,57.9,58.275,-0.375,0.375
2026-12-02 23:35:09,57.7,59.166666666666664,-1.4666666666666615,1.4666666666666615
2026-12-02 23:35:14,52.6,52.38,0.21999999999999886,0.21999999999999886
2026-12-02 23:35:19,65.1,64.5,0.5999999999999943,0.5999999999999943
2026-12-02 23:35:23,62.3,64.5,-2.200000000000003,2.200000000000003
2026-12-02 23:35:28,59.8,60.975,-1.1750000000000043,1.1750000000000043
2026-12-02 23:35:33,54.7,54.36666666666667,0.3333333333333357,0.3333333333333357
2026-12-02 23:35:37,55.6,54.0,1.6000000000000014,1.6000000000000014
2026-12-02 23:35:42,59.6,59.675000000000004,-0.07500000000000284,0.07500000000000284
2026-12-02 23:35:47,64.1,64.5,-0.4000000000000057,0.4000000000000057
2026-12-02 23:35:52,69.69999999999999,70.33333333333333,-0.63333333333334,0.63333333333334
2026-12-02 23:35:56,59.7,58.275,1.4250000000000043,1.4250000000000043
2026-12-02 23:36:01,60.8,59.6,1.1999999999999957,1.1999999999999957
2026-12-02 23:36:06,57.8,56.349999999999994,1.4500000000000028,1.4500000000000028
2026-12-02 23:36:10,64.5,73.3,-8.799999999999997,8.799999999999997
2026-12-02 23:36:15,60.699999999999996,59.90909090909091,0.7909090909090892,0.7909090909090892
2026-12-02 23:36:20,78.5,73.625,4.875,4.875
2026-12-02 23:36:24,71.2,73.625,-2.424999999999997,2.424999999999997
2026-12-02 23:36:29,57.3,57.550000000000004,-0.2500000000000071,0.2500000000000071
2026-12-02 23:36:34,63.6,64.5,-0.8999999999999986,0.8999999999999986
2026-12-02 23:36:39,57.4,59.166666666666664,-1.7666666666666657,1.7666666666666657
2026-12-02 23:36:43,67.4,73.75,-6.349999999999994,6.349999999999994
2026-12-02 23:36:48,63.9,64.5,-0.6000000000000014,0.6000000000000014
2026-12-02 23:36:53,50.9,50.55,0.3500000000000014,0.3500000000000014
2026-12-02 23:36:57,60.699999999999996,59.675000000000004,1.0249999999999915,1.0249999999999915
2026-12-02 23:37:02,64.2,64.5,-0.29999999999999716,0.29999999999999716
2026-12-02 23:37:07,69.3,73.625,-4.325000000000003,4.325000000000003
2026-12-02 23:37:12,64.9,64.5,0.4000000000000057,0.4000000000000057
2026-12-02 23:37:16,65.6,68.14999999999999,-2.549999999999997,2.549999999999997
2026-12-02 23:37:21,69.0,73.3,-4.299999999999997,4.299999999999997
2026-12-02 23:37:26,51.900000000000006,50.55,1.3500000000000085,1.3500000000000085
2026-12-02 23:37:30,51.6,52.983333333333334,-1.3833333333333329,1.3833333333333329
2026-12-02 23:37:35,65.1,74.5,-9.400000000000006,9.400000000000006
2026-12-02 23:37:40,60.8,61.5,-0.7000000000000028,0.7000000000000028
2026-12-02 23:37:44,56.2,57.36666666666667,-1.1666666666666643,1.1666666666666643
2026-12-02 23:37:49,61.5,63.8,-2.299999999999997,2.299999999999997
2026-12-02 23:37:54,55.599999999999994,59.166666666666664,-3.56666666666667,3.56666666666667
2026-12-02 23:37:59,59.900000000000006,60.03333333333333,-0.13333333333332575,0.13333333333332575
2026-12-02 23:38:03,56.1,53.85,2.25,2.25
2026-12-02 23:38:08,53.7,53.55,0.15000000000000568,0.15000000000000568
2026-12-02 23:38:13,62.1,61.957142857142856,0.1428571428571459,0.1428571428571459
2026-12-02 23:38:17,60.5,61.03333333333333,-0.5333333333333314,0.5333333333333314
2026-12-02 23:38:22,56.099999999999994,54.7,1.3999999999999915,1.3999999999999915
2026-12-02 23:38:27,55.599999999999994,58.275,-2.6750000000000043,2.6750000000000043
2026-12-02 23:38:32,57.2,53.85,3.3500000000000014,3.3500000000000014
2026-12-02 23:38:36,61.6,61.5,0.10000000000000142,0.10000000000000142
2026-12-02 23:38:41,72.5,73.625,-1.125,1.125
2026-12-02 23:38:46,68.3,69.25,-0.9500000000000028,0.9500000000000028
2026-12-02 23:38:50,58.4,58.275,0.125,0.125
2026-12-02 23:38:55,65.3,68.14999999999999,-2.8499999999999943,2.8499999999999943
2026-12-02 23:39:00,73.5,73.625,-0.125,0.125
2026-12-02 23:39:04,66.3,67.4,-1.1000000000000085,1.1000000000000085
2026-12-02 23:39:09,58.7,60.975,-2.2749999999999986,2.2749999999999986
2026-12-02 23:39:14,68.30000000000001,73.3,-4.999999999999986,4.999999999999986
2026-12-02 23:39:19,58.3,57.36666666666667,0.93333333333333,0.93333333333333
2026-12-02 23:39:23,58.6,58.275,0.32500000000000284,0.32500000000000284
2026-12-02 23:39:28,68.2,73.625,-5.424999999999997,5.424999999999997
2026-12-02 23:39:33,71.5,74.5,-3.0,3.0
2026-12-02 23:39:37,61.599999999999994,64.5,-2.9000000000000057,2.9000000000000057
2026-12-02 23:39:42,56.3,57.53333333333334,-1.2333333333333414,1.2333333333333414
2026-12-02 23:39:47,56.4,58.275,-1.875,1.875
2026-12-02 23:39:52,62.300000000000004,64.5,-2.1999999999999957,2.1999999999999957
2026-12-02 23:39:56,57.2,58.05,-0.8499999999999943,0.8499999999999943
2026-12-02 23:40:01,64.7,64.5,0.20000000000000284,0.20000000000000284
2026-12-02 23:40:06,58.599999999999994,60.95,-2.3500000000000085,2.3500000000000085
2026-12-02 23:40:10,69.8,73.625,-3.825000000000003,3.825000000000003
2026-12-02 23:40:15,72.7,73.625,-0.9249999999999972,0.9249999999999972
2026-12-02 23:40:20,57.599999999999994,56.349999999999994,1.25,1.25
2026-12-02 23:40:24,60.0,64.5,-4.5,4.5
2026-12-02 23:40:29,61.0,60.699999999999996,0.30000000000000426,0.30000000000000426
2026-12-02 23:40:34,58.8,60.95,-2.1500000000000057,2.1500000000000057
2026-12-02 23:40:39,58.0,60.95,-2.950000000000003,2.950000000000003
2026-12-02 23:40:43,61.0,60.95,0.04999999999999716,0.04999999999999716
2026-12-02 23:40:48,56.199999999999996,54.7,1.499999999999993,1.499999999999993
2026-12-02 23:40:53,52.5,52.983333333333334,-0.4833333333333343,0.4833333333333343
2026-12-02 23:40:57,66.4,70.33333333333333,-3.933333333333323,3.933333333333323
2026-12-02 23:41:02,71.4,70.17500000000001,1.2249999999999943,1.2249999999999943
2026-12-02 23:41:07,68.2,73.625,-5.424999999999997,5.424999999999997
2026-12-02 23:41:12,60.0,60.95,-0.9500000000000028,0.9500000000000028
2026-12-02 23:41:16,52.4,50.55,1.8500000000000014,1.8500000000000014
2026-12-02 23:41:21,57.099999999999994,58.275,-1.1750000000000043,1.1750000000000043
2026-12-02 23:41:26,59.2,60.95,-1.75,1.75
2026-12-02 23:41:30,59.7,60.95,-1.25,1.25
2026-12-02 23:41:35,58.2,60.95,-2.75,2.75
2026-12-02 23:41:40,58.2,60.95,-2.75,2.75
2026-12-02 23:41:44,60.1,60.95,-0.8500000000000014,0.8500000000000014
2026-12-02 23:41:49,60.2,61.5,-1.2999999999999972,1.2999999999999972
2026-12-02 23:41:54,60.099999999999994,60.95,-0.8500000000000085,0.8500000000000085
2026-12-02 23:41:59,67.9,69.25,-1.3499999999999943,1.3499999999999943
2026-12-02 23:42:03,68.5,69.25,-0.75,0.75
2026-12-02 23:42:08,60.900000000000006,60.95,-0.04999999999999716,0.04999999999999716
2026-12-02 23:42:13,54.599999999999994,54.7,-0.10000000000000853,0.10000000000000853
2026-12-02 23:42:17,48.5,49.4,-0.8999999999999986,0.8999999999999986
2026-12-02 23:42:22,57.1,55.20810810810811,1.8918918918918948,1.8918918918918948
2026-12-02 23:42:27,66.8,74.5,-7.700000000000003,7.700000000000003
2026-12-02 23:42:32,69.19999999999999,73.625,-4.425000000000011,4.425000000000011
2026-12-02 23:42:36,56.9,54.36666666666667,2.5333333333333314,2.5333333333333314
2026-12-02 23:42:41,74.2,85.42500000000001,-11.225000000000009,11.225000000000009
2026-12-02 23:42:46,69.7,74.5,-4.799999999999997,4.799999999999997
2026-12-02 23:42:50,61.4,61.763636363636365,-0.36363636363636687,0.36363636363636687
2026-12-02 23:42:55,63.8,69.36666666666666,-5.566666666666663,5.566666666666663
2026-12-02 23:43:00,53.1,52.599999999999994,0.5000000000000071,0.5000000000000071
2026-12-02 23:43:04,55.099999999999994,53.474999999999994,1.625,1.625
2026-12-02 23:43:09,55.0,55.583333333333336,-0.5833333333333357,0.5833333333333357
2026-12-02 23:43:14,57.199999999999996,59.675000000000004,-2.4750000000000085,2.4750000000000085
2026-12-02 23:43:19,52.400000000000006,52.983333333333334,-0.5833333333333286,0.5833333333333286
2026-12-02 23:43:23,62.599999999999994,60.699999999999996,1.8999999999999986,1.8999999999999986
2026-12-02 23:43:28,55.7,54.36666666666667,1.3333333333333357,1.3333333333333357
2026-12-02 23:43:33,51.8,49.075,2.7249999999999943,2.7249999999999943
2026-12-02 23:43:37,54.5,52.53186813186813,1.96813186813187,1.96813186813187
2026-12-02 23:43:42,59.6,58.275,1.3250000000000028,1.3250000000000028
2026-12-02 23:43:47,57.800000000000004,58.275,-0.4749999999999943,0.4749999999999943
2026-12-02 23:43:52,55.1,53.85,1.25,1.25
2026-12-02 23:43:56,55.0,54.7,0.29999999999999716,0.29999999999999716
2026-12-02 23:44:01,54.900000000000006,54.7,0.20000000000000284,0.20000000000000284
2026-12-02 23:44:06,62.699999999999996,64.5,-1.8000000000000043,1.8000000000000043
2026-12-02 23:44:10,78.6,85.42500000000001,-6.825000000000017,6.825000000000017
2026-12-02 23:44:15,60.3,60.975,-0.6750000000000043,0.6750000000000043
2026-12-02 23:44:20,56.7,56.349999999999994,0.3500000000000085,0.3500000000000085
2026-12-02 23:44:24,67.5,67.4,0.09999999999999432,0.09999999999999432
2026-12-02 23:44:29,56.9,58.275,-1.375,1.375
2026-12-02 23:44:34,62.0,61.763636363636365,0.23636363636363455,0.23636363636363455
2026-12-02 23:44:39,58.5,59.90909090909091,-1.4090909090909065,1.4090909090909065
2026-12-02 23:44:43,57.699999999999996,58.275,-0.5750000000000028,0.5750000000000028
2026-12-02 23:44:48,65.1,64.37923076923077,0.7207692307692213,0.7207692307692213
2026-12-02 23:44:53,60.5,61.03333333333333,-0.5333333333333314,0.5333333333333314
2026-12-02 23:44:57,52.2,51.175,1.0250000000000057,1.0250000000000057
2026-12-02 23:45:02,57.8,60.03333333333333,-2.2333333333333343,2.2333333333333343
2026-12-02 23:45:07,58.5,58.15,0.3500000000000014,0.3500000000000014
2026-12-02 23:45:12,54.0,54.3,-0.29999999999999716,0.29999999999999716
2026-12-02 23:45:16,57.3,56.349999999999994,0.9500000000000028,0.9500000000000028
2026-12-02 23:45:21,61.4,60.975,0.42499999999999716,0.42499999999999716
2026-12-02 23:45:26,55.2,53.85,1.3500000000000014,1.3500000000000014
2026-12-02 23:45:30,60.5,64.5,-4.0,4.0
2026-12-02 23:45:35,56.2,54.36666666666667,1.8333333333333357,1.8333333333333357
2026-12-02 23:45:40,56.9,54.7,2.1999999999999957,2.1999999999999957
2026-12-02 23:45:44,56.3,56.349999999999994,-0.04999999999999716,0.04999999999999716
2026-12-02 23:45:49,55.099999999999994,54.7,0.3999999999999915,0.3999999999999915
2026-12-02 23:45:54,64.19999999999999,70.33333333333333,-6.13333333333334,6.13333333333334
2026-12-02 23:45:59,68.6,70.33333333333333,-1.7333333333333343,1.7333333333333343
2026-12-02 23:46:03,53.599999999999994,54.36666666666667,-0.7666666666666728,0.7666666666666728
2026-12-02 23:46:08,58.400000000000006,58.275,0.1250000000000071,0.1250000000000071
2026-12-02 23:46:13,61.1,64.5,-3.3999999999999986,3.3999999999999986
2026-12-02 23:46:17,53.8,54.3,-0.5,0.5
2026-12-02 23:46:22,59.4,60.975,-1.5750000000000028,1.5750000000000028
2026-12-02 23:46:27,55.4,54.36666666666667,1.0333333333333314,1.0333333333333314
2026-12-02 23:46:32,59.3,56.349999999999994,2.950000000000003,2.950000000000003
2026-12-02 23:46:36,58.7,58.275,0.42500000000000426,0.42500000000000426
2026-12-02 23:46:41,58.8,58.275,0.5249999999999986,0.5249999999999986
2026-12-02 23:46:46,55.699999999999996,59.166666666666664,-3.4666666666666686,3.4666666666666686
2026-12-02 23:46:50,58.5,58.275,0.22500000000000142,0.22500000000000142
2026-12-02 23:46:55,65.4,70.33333333333333,-4.933333333333323,4.933333333333323
2026-12-02 23:47:00,64.19999999999999,65.525,-1.325000000000017,1.325000000000017
2026-12-02 23:47:04,55.4,54.36666666666667,1.0333333333333314,1.0333333333333314
2026-12-02 23:47:09,60.800000000000004,64.5,-3.6999999999999957,3.6999999999999957
2026-12-02 23:47:14,61.3,64.5,-3.200000000000003,3.200000000000003
2026-12-02 23:47:19,60.199999999999996,60.95,-0.7500000000000071,0.7500000000000071
2026-12-02 23:47:23,55.0,53.474999999999994,1.5250000000000057,1.5250000000000057
2026-12-02 23:47:28,65.4,67.2,-1.7999999999999972,1.7999999999999972
2026-12-02 23:47:33,74.9,73.75,1.1500000000000057,1.1500000000000057
2026-12-02 23:47:37,56.099999999999994,59.166666666666664,-3.06666666666667,3.06666666666667
2026-12-02 23:47:42,63.400000000000006,64.5,-1.0999999999999943,1.0999999999999943
2026-12-02 23:47:47,61.900000000000006,69.36666666666666,-7.466666666666654,7.466666666666654
2026-12-02 23:47:52,62.7,64.5,-1.7999999999999972,1.7999999999999972
2026-12-02 23:47:56,57.900000000000006,60.95,-3.049999999999997,3.049999999999997
2026-12-02 23:48:01,59.3,57.36666666666667,1.93333333333333,1.93333333333333
2026-12-02 23:48:06,57.3,58.275,-0.9750000000000014,0.9750000000000014
2026-12-02 23:48:10,55.7,54.7,1.0,1.0
2026-12-02 23:48:15,55.8,55.82222222222222,-0.022222222222225696,0.022222222222225696
2026-12-02 23:48:20,55.7,53.85,1.8500000000000014,1.8500000000000014
2026-12-02 23:48:24,60.2,59.675000000000004,0.5249999999999986,0.5249999999999986
2026-12-02 23:48:29,55.0,53.85,1.1499999999999986,1.1499999999999986
2026-12-02 23:48:34,58.5,59.675000000000004,-1.1750000000000043,1.1750000000000043
2026-12-02 23:48:39,62.599999999999994,65.525,-2.9250000000000114,2.9250000000000114
2026-12-02 23:48:43,55.4,54.36666666666667,1.0333333333333314,1.0333333333333314
2026-12-02 23:48:48,59.0,60.03333333333333,-1.0333333333333314,1.0333333333333314
2026-12-02 23:48:53,57.2,58.275,-1.0749999999999957,1.0749999999999957
2026-12-02 23:48:57,62.099999999999994,64.5,-2.4000000000000057,2.4000000000000057
2026-12-02 23:49:02,59.1,59.90909090909091,-0.8090909090909051,0.8090909090909051
2026-12-02 23:49:07,52.900000000000006,52.983333333333334,-0.0833333333333286,0.0833333333333286
2026-12-02 23:49:12,57.400000000000006,58.275,-0.8749999999999929,0.8749999999999929
2026-12-02 23:49:16,63.6,64.5,-0.8999999999999986,0.8999999999999986
2026-12-02 23:49:21,67.5,66.68181818181819,0.818181818181813,0.818181818181813
2026-12-02 23:49:26,51.400000000000006,50.55,0.8500000000000085,0.8500000000000085
2026-12-02 23:49:30,58.099999999999994,58.275,-0.17500000000000426,0.17500000000000426
2026-12-02 23:49:35,64.2,64.5,-0.29999999999999716,0.29999999999999716
2026-12-02 23:49:40,59.0,59.90909090909091,-0.9090909090909065,0.9090909090909065
2026-12-02 23:49:44,63.5,65.525,-2.0250000000000057,2.0250000000000057
2026-12-02 23:49:49,65.6,64.5,1.0999999999999943,1.0999999999999943
2026-12-02 23:49:54,61.8,61.5,0.29999999999999716,0.29999999999999716
2026-12-02 23:49:59,59.7,59.714285714285715,-0.014285714285712459,0.014285714285712459
2026-12-02 23:50:03,66.7,70.33333333333333,-3.6333333333333258,3.6333333333333258
2026-12-02 23:50:08,62.900000000000006,70.33333333333333,-7.433333333333323,7.433333333333323
2026-12-02 23:50:13,57.9,58.275,-0.375,0.375
2026-12-02 23:50:17,56.0,59.166666666666664,-3.1666666666666643,3.1666666666666643
2026-12-02 23:50:22,61.5,61.5,0.0,0.0
2026-12-02 23:50:27,62.400000000000006,64.5,-2.0999999999999943,2.0999999999999943
2026-12-02 23:50:32,68.4,69.25,-0.8499999999999943,0.8499999999999943
2026-12-02 23:50:36,64.4,70.33333333333333,-5.933333333333323,5.933333333333323
2026-12-02 23:50:41,71.5,73.625,-2.125,2.125
2026-12-02 23:50:46,65.3,70.33333333333333,-5.033333333333331,5.033333333333331
2026-12-02 23:50:50,60.8,61.24,-0.44000000000000483,0.44000000000000483
2026-12-02 23:50:55,56.0,54.36666666666667,1.6333333333333329,1.6333333333333329
2026-12-02 23:51:00,61.1,62.2,-1.1000000000000014,1.1000000000000014
2026-12-02 23:51:04,61.1,60.03333333333333,1.06666666666667,1.06666666666667
2026-12-02 23:51:09,58.6,57.53333333333334,1.0666666666666629,1.0666666666666629
2026-12-02 23:51:14,61.9,59.675000000000004,2.2249999999999943,2.2249999999999943
2026-12-02 23:51:19,63.4,62.2,1.1999999999999957,1.1999999999999957
2026-12-02 23:51:23,51.3,52.983333333333334,-1.6833333333333371,1.6833333333333371
2026-12-02 23:51:28,58.0,58.275,-0.2749999999999986,0.2749999999999986
2026-12-02 23:51:33,55.7,55.20810810810811,0.4918918918918962,0.4918918918918962
2026-12-02 23:51:37,54.4,55.20810810810811,-0.8081081081081081,0.8081081081081081
2026-12-02 23:51:42,55.900000000000006,57.36666666666667,-1.4666666666666615,1.4666666666666615
2026-12-02 23:51:47,65.6,64.5,1.0999999999999943,1.0999999999999943
2026-12-02 23:51:52,57.8,58.275,-0.4750000000000014,0.4750000000000014
2026-12-02 23:51:56,58.9,60.95,-2.0500000000000043,2.0500000000000043
2026-12-02 23:52:01,62.2,61.5,0.7000000000000028,0.7000000000000028
2026-12-02 23:52:06,62.6,65.525,-2.9250000000000043,2.9250000000000043
2026-12-02 23:52:10,54.0,54.7,-0.7000000000000028,0.7000000000000028
2026-12-02 23:52:15,59.300000000000004,59.90909090909091,-0.6090909090909022,0.6090909090909022
2026-12-02 23:52:20,53.1,52.983333333333334,0.11666666666666714,0.11666666666666714
2026-12-02 23:52:24,58.4,58.275,0.125,0.125
2026-12-02 23:52:29,60.9,60.95,-0.05000000000000426,0.05000000000000426
2026-12-02 23:52:34,57.7,59.166666666666664,-1.4666666666666615,1.4666666666666615
2026-12-02 23:52:39,55.0,58.275,-3.2749999999999986,3.2749999999999986
2026-12-02 23:52:43,66.5,66.68181818181819,-0.18181818181818699,0.18181818181818699
2026-12-02 23:52:48,57.2,58.275,-1.0749999999999957,1.0749999999999957
2026-12-02 23:52:53,66.6,66.68181818181819,-0.08181818181819267,0.08181818181819267
2026-12-02 23:52:57,58.3,57.8,0.5,0.5
2026-12-02 23:53:02,57.8,58.275,-0.4750000000000014,0.4750000000000014
2026-12-02 23:53:07,57.1,59.166666666666664,-2.066666666666663,2.066666666666663
2026-12-02 23:53:12,54.3,55.20810810810811,-0.9081081081081095,0.9081081081081095
2026-12-02 23:53:16,59.7,60.975,-1.2749999999999986,1.2749999999999986
2026-12-02 23:53:21,60.400000000000006,60.95,-0.5499999999999972,0.5499999999999972
2026-12-02 23:53:26,58.0,61.06666666666667,-3.06666666666667,3.06666666666667
2026-12-02 23:53:30,55.0,55.20810810810811,-0.20810810810810665,0.20810810810810665
2026-12-02 23:53:35,59.300000000000004,59.675000000000004,-0.375,0.375
2026-12-02 23:53:40,59.599999999999994,60.95,-1.3500000000000085,1.3500000000000085
2026-12-02 23:53:44,59.8,59.90909090909091,-0.10909090909090935,0.10909090909090935
2026-12-02 23:53:49,61.8,58.599999999999994,3.200000000000003,3.200000000000003
2026-12-02 23:53:54,57.2,59.166666666666664,-1.9666666666666615,1.9666666666666615
2026-12-02 23:53:59,60.3,61.233333333333334,-0.9333333333333371,0.9333333333333371
2026-12-02 23:54:03,59.2,58.55,0.6500000000000057,0.6500000000000057
2026-12-02 23:54:08,53.2,54.36666666666667,-1.1666666666666643,1.1666666666666643
2026-12-02 23:54:13,56.8,56.766666666666666,0.03333333333333144,0.03333333333333144
2026-12-02 23:54:17,60.6,58.15,2.450000000000003,2.450000000000003
2026-12-02 23:54:22,62.099999999999994,70.33333333333333,-8.233333333333334,8.233333333333334
2026-12-02 23:54:27,60.2,60.95,-0.75,0.75
2026-12-02 23:54:32,74.1,73.625,0.4749999999999943,0.4749999999999943
2026-12-02 23:54:36,56.3,54.36666666666667,1.93333333333333,1.93333333333333
2026-12-02 23:54:41,65.5,69.36666666666666,-3.86666666666666,3.86666666666666
2026-12-02 23:54:46,62.699999999999996,64.5,-1.8000000000000043,1.8000000000000043
2026-12-02 23:54:50,65.0,64.5,0.5,0.5
2026-12-02 23:54:55,59.5,60.95,-1.4500000000000028,1.4500000000000028
2026-12-02 23:55:00,62.8,64.5,-1.7000000000000028,1.7000000000000028
2026-12-02 23:55:05,52.7,52.983333333333334,-0.28333333333333144,0.28333333333333144
2026-12-02 23:55:09,59.2,59.90909090909091,-0.7090909090909037,0.7090909090909037
2026-12-02 23:55:14,65.1,66.125,-1.0250000000000057,1.0250000000000057
2026-12-02 23:55:19,66.1,67.425,-1.3250000000000028,1.3250000000000028
2026-12-02 23:55:23,52.0,50.55,1.4500000000000028,1.4500000000000028
2026-12-02 23:55:28,58.900000000000006,59.675000000000004,-0.7749999999999986,0.7749999999999986
2026-12-02 23:55:33,63.6,68.14999999999999,-4.54999999999999,4.54999999999999
2026-12-02 23:55:37,55.699999999999996,54.36666666666667,1.3333333333333286,1.3333333333333286
2026-12-02 23:55:42,59.7,64.5,-4.799999999999997,4.799999999999997
2026-12-02 23:55:47,61.5,64.5,-3.0,3.0
2026-12-02 23:55:52,53.599999999999994,54.3,-0.7000000000000028,0.7000000000000028
2026-12-02 23:55:56,50.900000000000006,51.31666666666667,-0.4166666666666643,0.4166666666666643
2026-12-02 23:56:01,54.2,52.38,1.8200000000000003,1.8200000000000003
2026-12-02 23:56:06,67.0,70.33333333333333,-3.3333333333333286,3.3333333333333286
2026-12-02 23:56:10,56.4,58.275,-1.875,1.875
2026-12-02 23:56:15,60.599999999999994,60.400000000000006,0.19999999999998863,0.19999999999998863
2026-12-02 23:56:20,58.2,57.94166666666667,0.25833333333333286,0.25833333333333286
2026-12-02 23:56:25,59.3,58.55,0.75,0.75
2026-12-02 23:56:29,63.3,65.525,-2.2250000000000085,2.2250000000000085
2026-12-02 23:56:34,68.30000000000001,73.3,-4.999999999999986,4.999999999999986
2026-12-02 23:56:39,62.4,64.5,-2.1000000000000014,2.1000000000000014
2026-12-02 23:56:43,62.9,64.5,-1.6000000000000014,1.6000000000000014
2026-12-02 23:56:48,59.0,60.95,-1.9500000000000028,1.9500000000000028
2026-12-02 23:56:53,65.9,69.25,-3.3499999999999943,3.3499999999999943
2026-12-02 23:56:57,64.0,65.525,-1.5250000000000057,1.5250000000000057
2026-12-02 23:57:02,60.0,60.400000000000006,-0.4000000000000057,0.4000000000000057
2026-12-02 23:57:07,59.7,60.975,-1.2749999999999986,1.2749999999999986
2026-12-02 23:57:12,55.099999999999994,54.36666666666667,0.7333333333333272,0.7333333333333272
2026-12-02 23:57:16,60.7,62.2,-1.5,1.5
2026-12-02 23:57:21,58.9,56.349999999999994,2.5500000000000043,2.5500000000000043
2026-12-02 23:57:26,60.5,64.5,-4.0,4.0
2026-12-02 23:57:30,65.8,70.33333333333333,-4.533333333333331,4.533333333333331
2026-12-02 23:57:35,60.2,58.15,2.0500000000000043,2.0500000000000043
2026-12-02 23:57:40,58.2,56.45,1.75,1.75
2026-12-02 23:57:45,59.099999999999994,59.90909090909091,-0.8090909090909122,0.8090909090909122
2026-12-02 23:57:49,58.5,58.275,0.22500000000000142,0.22500000000000142
2026-12-02 23:57:54,68.2,66.68181818181819,1.5181818181818159,1.5181818181818159
2026-12-02 23:57:59,61.3,59.90909090909091,1.3909090909090907,1.3909090909090907
2026-12-02 23:58:03,60.5,60.03333333333333,0.46666666666666856,0.46666666666666856
2026-12-02 23:58:08,55.9,54.36666666666667,1.5333333333333314,1.5333333333333314
2026-12-02 23:58:13,55.800000000000004,54.7,1.1000000000000014,1.1000000000000014
2026-12-02 23:58:17,59.300000000000004,58.275,1.0250000000000057,1.0250000000000057
2026-12-02 23:58:22,58.1,58.725,-0.625,0.625
2026-12-02 23:58:27,55.2,54.925000000000004,0.2749999999999986,0.2749999999999986
2026-12-02 23:58:32,60.9,59.675000000000004,1.2249999999999943,1.2249999999999943
2026-12-02 23:58:36,66.1,66.68181818181819,-0.5818181818181927,0.5818181818181927
2026-12-02 23:58:41,60.7,59.90909090909091,0.7909090909090963,0.7909090909090963
2026-12-02 23:58:46,58.800000000000004,60.03333333333333,-1.2333333333333272,1.2333333333333272
2026-12-02 23:58:50,61.5,64.5,-3.0,3.0
2026-12-02 23:58:55,59.9,60.95,-1.0500000000000043,1.0500000000000043
2026-12-02 23:59:00,66.6,66.125,0.4749999999999943,0.4749999999999943
2026-12-02 23:59:05,59.0,58.275,0.7250000000000014,0.7250000000000014
2026-12-02 23:59:09,61.5,61.349999999999994,0.15000000000000568,0.15000000000000568
2026-12-02 23:59:14,59.199999999999996,60.03333333333333,-0.8333333333333357,0.8333333333333357
2026-12-02 23:59:19,59.800000000000004,60.03333333333333,-0.23333333333332718,0.23333333333332718
2026-12-02 23:59:23,61.6,59.90909090909091,1.690909090909095,1.690909090909095
2026-12-02 23:59:28,60.3,58.55,1.75,1.75
2026-12-02 23:59:33,55.7,55.20810810810811,0.4918918918918962,0.4918918918918962
2026-12-02 23:59:37,65.2,65.525,-0.32500000000000284,0.32500000000000284
2026-12-02 23:59:42,63.2,64.5,-1.2999999999999972,1.2999999999999972
2026-12-02 23:59:47,65.7,66.68181818181819,-0.9818181818181841,0.9818181818181841
2026-12-02 23:59:52,60.5,60.03333333333333,0.46666666666666856,0.46666666666666856
2026-12-02 23:59:56,64.2,65.525,-1.3250000000000028,1.3250000000000028
