Timestamp,Actual,Predicted,Error,Abs_Error
2026-12-02 21:34:36,60.1,61.97,-1.8687499999999986,1.8687499999999986
2026-12-02 21:34:41,56.2,55.6,0.6062500000000028,0.6062500000000028
2026-12-02 21:34:46,54.900000000000006,54.8,0.08750000000000568,0.08750000000000568
2026-12-02 21:34:51,52.7,53.75,-1.0499999999999972,1.0499999999999972
2026-12-02 21:34:55,65.8,66.5,-0.7000000000000028,0.7000000000000028
2026-12-02 21:35:00,56.9,56.16,0.7437499999999986,0.7437499999999986
2026-12-02 21:35:05,56.3,56.94,-0.6375000000000028,0.6375000000000028
2026-12-02 21:35:09,54.400000000000006,56.06,-1.6624999999999943,1.6624999999999943
2026-12-02 21:35:14,56.099999999999994,57.5,-1.4000000000000057,1.4000000000000057
2026-12-02 21:35:19,54.3,55.9,-1.6062500000000028,1.6062500000000028
2026-12-02 21:35:24,51.7,53.62,-1.9249999999999972,1.9249999999999972
2026-12-02 21:35:28,52.9,55.0,-2.1000000000000014,2.1000000000000014
2026-12-02 21:35:33,60.9,59.88,1.0249999999999986,1.0249999999999986
2026-12-02 21:35:38,56.3,57.9,-1.6062500000000028,1.6062500000000028
2026-12-02 21:35:42,50.5,52.28,-1.78125,1.78125
2026-12-02 21:35:47,54.599999999999994,56.34,-1.7437500000000057,1.7437500000000057
2026-12-02 21:35:52,52.900000000000006,53.66,-0.7562499999999943,0.7562499999999943
2026-12-02 21:35:56,53.2,52.84,0.35625000000000284,0.35625000000000284
2026-12-02 21:36:01,53.900000000000006,57.4,-3.5062499999999943,3.5062499999999943
2026-12-02 21:36:06,56.0,58.12,-2.125,2.125
2026-12-02 21:36:11,54.9,55.78,-0.8812500000000014,0.8812500000000014
2026-12-02 21:36:15,63.3,63.97,-0.6687500000000028,0.6687500000000028
2026-12-02 21:36:20,54.5,55.44,-0.9375,0.9375
2026-12-02 21:36:25,61.599999999999994,61.97,-0.3687500000000057,0.3687500000000057
2026-12-02 21:36:29,59.3,59.2,0.11249999999999716,0.11249999999999716
2026-12-02 21:36:34,59.0,57.94,1.0625,1.0625
2026-12-02 21:36:39,55.6,55.78,-0.18124999999999858,0.18124999999999858
2026-12-02 21:36:44,58.199999999999996,58.22,-0.018750000000004263,0.018750000000004263
2026-12-02 21:36:48,55.0,56.72,-1.71875,1.71875
2026-12-02 21:36:53,56.7,55.88,0.8250000000000028,0.8250000000000028
2026-12-02 21:36:58,54.8,55.97,-1.1687500000000028,1.1687500000000028
2026-12-02 21:37:02,52.4,53.6,-1.1937500000000014,1.1937500000000014
2026-12-02 21:37:07,53.2,56.16,-2.956249999999997,2.956249999999997
2026-12-02 21:37:12,54.900000000000006,55.94,-1.0374999999999943,1.0374999999999943
2026-12-02 21:37:16,59.3,59.7,-0.38750000000000284,0.38750000000000284
2026-12-02 21:37:21,59.0,59.34,-0.34375,0.34375
2026-12-02 21:37:26,57.2,57.84,-0.6437499999999972,0.6437499999999972
2026-12-02 21:37:31,54.7,55.75,-1.0499999999999972,1.0499999999999972
2026-12-02 21:37:35,52.8,53.6,-0.7937500000000028,0.7937500000000028
2026-12-02 21:37:40,48.6,50.34,-1.7437499999999986,1.7437499999999986
2026-12-02 21:37:45,52.6,54.12,-1.5249999999999986,1.5249999999999986
2026-12-02 21:37:49,58.3,57.12,1.1749999999999972,1.1749999999999972
2026-12-02 21:37:54,53.8,53.62,0.17499999999999716,0.17499999999999716
2026-12-02 21:37:59,65.8,65.1,0.6749999999999972,0.6749999999999972
2026-12-02 21:38:04,57.1,56.7,0.4125000000000014,0.4125000000000014
2026-12-02 21:38:08,53.8,54.78,-0.9812500000000028,0.9812500000000028
2026-12-02 21:38:13,59.4,60.6,-1.1937500000000014,1.1937500000000014
2026-12-02 21:38:18,54.1,54.78,-0.6812499999999986,0.6812499999999986
2026-12-02 21:38:22,58.3,58.44,-0.13750000000000284,0.13750000000000284
2026-12-02 21:38:27,57.2,57.25,-0.04999999999999716,0.04999999999999716
2026-12-02 21:38:32,60.7,59.62,1.0750000000000028,1.0750000000000028
2026-12-02 21:38:36,57.5,57.88,-0.375,0.375
2026-12-02 21:38:41,55.7,54.88,0.8250000000000028,0.8250000000000028
2026-12-02 21:38:46,58.3,58.34,-0.04375000000000284,0.04375000000000284
2026-12-02 21:38:51,52.599999999999994,53.44,-0.8375000000000057,0.8375000000000057
2026-12-02 21:38:55,55.900000000000006,56.2,-0.2874999999999943,0.2874999999999943
2026-12-02 21:39:00,55.7,54.47,1.2312500000000028,1.2312500000000028
2026-12-02 21:39:05,54.9,56.25,-1.3500000000000014,1.3500000000000014
2026-12-02 21:39:09,58.8,59.75,-0.9500000000000028,0.9500000000000028
2026-12-02 21:39:14,55.3,54.8,0.48749999999999716,0.48749999999999716
2026-12-02 21:39:19,61.0,61.3,-0.3125,0.3125
2026-12-02 21:39:24,63.099999999999994,61.16,1.9437499999999943,1.9437499999999943
2026-12-02 21:39:28,61.0,61.22,-0.21875,0.21875
2026-12-02 21:39:33,55.5,55.75,-0.25,0.25
2026-12-02 21:39:38,51.3,53.7,-2.387500000000003,2.387500000000003
2026-12-02 21:39:42,53.0,53.88,-0.875,0.875
2026-12-02 21:39:47,61.3,60.7,0.6124999999999972,0.6124999999999972
2026-12-02 21:39:52,59.900000000000006,59.28,0.6187500000000057,0.6187500000000057
2026-12-02 21:39:56,50.7,52.16,-1.4562499999999972,1.4562499999999972
2026-12-02 21:40:01,55.7,57.34,-1.6437499999999972,1.6437499999999972
2026-12-02 21:40:06,58.4,57.38,1.0249999999999986,1.0249999999999986
2026-12-02 21:40:11,54.2,54.7,-0.48749999999999716,0.48749999999999716
2026-12-02 21:40:15,64.7,66.7,-1.9874999999999972,1.9874999999999972
2026-12-02 21:40:20,56.4,56.78,-0.3812500000000014,0.3812500000000014
2026-12-02 21:40:25,55.300000000000004,55.94,-0.6374999999999957,0.6374999999999957
2026-12-02 21:40:29,52.8,53.7,-0.8875000000000028,0.8875000000000028
2026-12-02 21:40:34,55.0,56.25,-1.25,1.25
2026-12-02 21:40:39,60.0,59.72,0.28125,0.28125
2026-12-02 21:40:44,53.5,55.62,-2.125,2.125
2026-12-02 21:40:48,66.9,66.5,0.4000000000000057,0.4000000000000057
2026-12-02 21:40:53,65.19999999999999,63.28,1.9187499999999886,1.9187499999999886
2026-12-02 21:40:58,62.699999999999996,61.03,1.6687499999999957,1.6687499999999957
2026-12-02 21:41:02,61.099999999999994,61.38,-0.2750000000000057,0.2750000000000057
2026-12-02 21:41:07,54.2,55.53,-1.3312499999999972,1.3312499999999972
2026-12-02 21:41:12,53.400000000000006,53.62,-0.22499999999999432,0.22499999999999432
2026-12-02 21:41:16,53.0,53.78,-0.78125,0.78125
2026-12-02 21:41:21,60.099999999999994,59.97,0.13124999999999432,0.13124999999999432
2026-12-02 21:41:26,52.8,53.3,-0.5125000000000028,0.5125000000000028
2026-12-02 21:41:31,60.9,61.34,-0.4437500000000014,0.4437500000000014
2026-12-02 21:41:35,55.300000000000004,56.47,-1.1687499999999957,1.1687499999999957
2026-12-02 21:41:40,50.6,52.34,-1.7437499999999986,1.7437499999999986
2026-12-02 21:41:45,58.6,60.78,-2.1812499999999986,2.1812499999999986
2026-12-02 21:41:49,61.8,61.4,0.39374999999999716,0.39374999999999716
2026-12-02 21:41:54,61.599999999999994,61.0,0.5999999999999943,0.5999999999999943
2026-12-02 21:41:59,58.0,57.0,1.0,1.0
2026-12-02 21:42:04,59.5,59.6,-0.09375,0.09375
2026-12-02 21:42:08,51.599999999999994,49.94,1.6624999999999943,1.6624999999999943
2026-12-02 21:42:13,57.2,58.06,-0.8624999999999972,0.8624999999999972
2026-12-02 21:42:18,54.3,54.94,-0.6375000000000028,0.6375000000000028
2026-12-02 21:42:22,58.7,58.3,0.38750000000000284,0.38750000000000284
2026-12-02 21:42:27,61.7,62.03,-0.33124999999999716,0.33124999999999716
2026-12-02 21:42:32,57.800000000000004,57.53,0.26875000000000426,0.26875000000000426
2026-12-02 21:42:36,52.599999999999994,54.53,-1.9312500000000057,1.9312500000000057
2026-12-02 21:42:41,59.7,61.1,-1.3937499999999972,1.3937499999999972
2026-12-02 21:42:46,67.3,65.06,2.237499999999997,2.237499999999997
2026-12-02 21:42:51,65.9,63.0,2.9000000000000057,2.9000000000000057
2026-12-02 21:42:55,54.7,54.38,0.32500000000000284,0.32500000000000284
2026-12-02 21:43:00,58.4,58.4,-0.006250000000001421,0.006250000000001421
2026-12-02 21:43:05,53.6,55.84,-2.2437499999999986,2.2437499999999986
2026-12-02 21:43:09,60.4,59.78,0.6187499999999986,0.6187499999999986
2026-12-02 21:43:14,53.0,53.38,-0.375,0.375
2026-12-02 21:43:19,56.9,57.1,-0.19375000000000142,0.19375000000000142
2026-12-02 21:43:24,56.0,56.88,-0.875,0.875
2026-12-02 21:43:28,57.7,56.88,0.8250000000000028,0.8250000000000028
2026-12-02 21:43:33,56.099999999999994,55.06,1.0374999999999943,1.0374999999999943
2026-12-02 21:43:38,62.0,61.78,0.21875,0.21875
2026-12-02 21:43:42,55.8,55.66,0.14374999999999716,0.14374999999999716
2026-12-02 21:43:47,54.7,55.97,-1.2687499999999972,1.2687499999999972
2026-12-02 21:43:52,58.6,57.44,1.1625000000000014,1.1625000000000014
2026-12-02 21:43:57,56.599999999999994,55.88,0.7249999999999943,0.7249999999999943
2026-12-02 21:44:01,62.599999999999994,63.94,-1.3375000000000057,1.3375000000000057
2026-12-02 21:44:06,54.8,54.4,0.39374999999999716,0.39374999999999716
2026-12-02 21:44:11,53.7,56.06,-2.362499999999997,2.362499999999997
2026-12-02 21:44:15,55.6,55.97,-0.3687499999999986,0.3687499999999986
2026-12-02 21:44:20,53.7,55.06,-1.3624999999999972,1.3624999999999972
2026-12-02 21:44:25,56.400000000000006,56.06,0.3375000000000057,0.3375000000000057
2026-12-02 21:44:29,56.2,55.9,0.29375000000000284,0.29375000000000284
2026-12-02 21:44:34,58.4,58.16,0.24374999999999858,0.24374999999999858
2026-12-02 21:44:39,55.0,55.72,-0.71875,0.71875
2026-12-02 21:44:44,58.3,57.38,0.9249999999999972,0.9249999999999972
2026-12-02 21:44:48,52.8,54.62,-1.8250000000000028,1.8250000000000028
2026-12-02 21:44:53,54.0,52.75,1.25,1.25
2026-12-02 21:44:58,53.7,53.94,-0.23749999999999716,0.23749999999999716
2026-12-02 21:45:02,58.199999999999996,60.66,-2.4562500000000043,2.4562500000000043
2026-12-02 21:45:07,59.7,59.28,0.41875000000000284,0.41875000000000284
2026-12-02 21:45:12,55.3,54.75,0.5499999999999972,0.5499999999999972
2026-12-02 21:45:17,53.2,53.7,-0.48749999999999716,0.48749999999999716
2026-12-02 21:45:21,53.4,54.94,-1.5375000000000014,1.5375000000000014
2026-12-02 21:45:26,64.30000000000001,64.06,0.23750000000001137,0.23750000000001137
2026-12-02 21:45:31,55.5,55.3,0.1875,0.1875
2026-12-02 21:45:35,60.3,61.03,-0.7312500000000028,0.7312500000000028
2026-12-02 21:45:40,55.400000000000006,56.47,-1.0687499999999943,1.0687499999999943
2026-12-02 21:45:45,56.4,55.88,0.5249999999999986,0.5249999999999986
2026-12-02 21:45:49,57.5,58.2,-0.6875,0.6875
2026-12-02 21:45:54,56.6,57.94,-1.3374999999999986,1.3374999999999986
2026-12-02 21:45:59,53.0,54.5,-1.5,1.5
2026-12-02 21:46:04,57.4,59.12,-1.7250000000000014,1.7250000000000014
2026-12-02 21:46:08,53.7,56.6,-2.893749999999997,2.893749999999997
2026-12-02 21:46:13,56.800000000000004,55.8,0.9875000000000043,0.9875000000000043
2026-12-02 21:46:18,61.2,62.28,-1.0812499999999972,1.0812499999999972
2026-12-02 21:46:22,56.800000000000004,57.53,-0.7312499999999957,0.7312499999999957
2026-12-02 21:46:27,56.5,57.2,-0.6875,0.6875
2026-12-02 21:46:32,53.1,53.47,-0.3687499999999986,0.3687499999999986
2026-12-02 21:46:37,57.3,58.4,-1.1062500000000028,1.1062500000000028
2026-12-02 21:46:41,56.599999999999994,58.78,-2.1812500000000057,2.1812500000000057
2026-12-02 21:46:46,56.1,56.6,-0.4937499999999986,0.4937499999999986
2026-12-02 21:46:51,51.8,53.5,-1.7000000000000028,1.7000000000000028
2026-12-02 21:46:55,52.0,54.94,-2.9375,2.9375
2026-12-02 21:47:00,56.4,56.03,0.3687499999999986,0.3687499999999986
2026-12-02 21:47:05,53.400000000000006,55.9,-2.5062499999999943,2.5062499999999943
2026-12-02 21:47:09,59.400000000000006,59.66,-0.2562499999999943,0.2562499999999943
2026-12-02 21:47:14,57.5,57.06,0.4375,0.4375
2026-12-02 21:47:19,54.7,55.78,-1.0812499999999972,1.0812499999999972
2026-12-02 21:47:24,63.7,63.84,-0.14374999999999716,0.14374999999999716
2026-12-02 21:47:28,53.9,54.47,-0.5687500000000014,0.5687500000000014
2026-12-02 21:47:33,55.1,56.06,-0.9624999999999986,0.9624999999999986
2026-12-02 21:47:38,62.5,61.66,0.84375,0.84375
2026-12-02 21:47:42,61.5,61.16,0.34375,0.34375
2026-12-02 21:47:47,53.2,54.38,-1.1749999999999972,1.1749999999999972
2026-12-02 21:47:52,56.0,56.1,-0.09375,0.09375
2026-12-02 21:47:57,57.0,58.22,-1.21875,1.21875
2026-12-02 21:48:01,59.7,58.97,0.7312500000000028,0.7312500000000028
2026-12-02 21:48:06,53.5,53.56,-0.0625,0.0625
2026-12-02 21:48:11,57.099999999999994,57.7,-0.5875000000000057,0.5875000000000057
2026-12-02 21:48:15,60.8,60.28,0.5187499999999972,0.5187499999999972
2026-12-02 21:48:20,56.800000000000004,57.8,-1.0124999999999957,1.0124999999999957
2026-12-02 21:48:25,56.599999999999994,56.72,-0.11875000000000568,0.11875000000000568
2026-12-02 21:48:29,61.4,61.72,-0.3187500000000014,0.3187500000000014
2026-12-02 21:48:34,59.3,57.62,1.6749999999999972,1.6749999999999972
2026-12-02 21:48:39,53.9,56.72,-2.8187500000000014,2.8187500000000014
2026-12-02 21:48:44,53.9,53.5,0.3999999999999986,0.3999999999999986
2026-12-02 21:48:48,57.2,58.44,-1.2374999999999972,1.2374999999999972
2026-12-02 21:48:53,55.099999999999994,55.72,-0.6187500000000057,0.6187500000000057
2026-12-02 21:48:58,57.5,58.16,-0.65625,0.65625
2026-12-02 21:49:02,60.6,61.94,-1.3374999999999986,1.3374999999999986
2026-12-02 21:49:07,60.3,61.4,-1.1062500000000028,1.1062500000000028
2026-12-02 21:49:12,56.3,55.3,0.9874999999999972,0.9874999999999972
2026-12-02 21:49:17,56.400000000000006,55.88,0.5250000000000057,0.5250000000000057
2026-12-02 21:49:21,53.0,53.53,-0.53125,0.53125
2026-12-02 21:49:26,60.699999999999996,59.5,1.1999999999999957,1.1999999999999957
2026-12-02 21:49:31,57.9,57.97,-0.06875000000000142,0.06875000000000142
2026-12-02 21:49:35,56.900000000000006,57.2,-0.2874999999999943,0.2874999999999943
2026-12-02 21:49:40,55.0,55.84,-0.84375,0.84375
2026-12-02 21:49:45,56.099999999999994,56.94,-0.8375000000000057,0.8375000000000057
2026-12-02 21:49:49,56.2,57.3,-1.1124999999999972,1.1124999999999972
2026-12-02 21:49:54,55.6,56.75,-1.1499999999999986,1.1499999999999986
2026-12-02 21:49:59,54.8,53.6,1.2062499999999972,1.2062499999999972
2026-12-02 21:50:04,61.2,59.97,1.2312500000000028,1.2312500000000028
2026-12-02 21:50:08,58.800000000000004,57.84,0.9562500000000043,0.9562500000000043
2026-12-02 21:50:13,55.8,54.84,0.9562499999999972,0.9562499999999972
2026-12-02 21:50:18,60.599999999999994,60.5,0.09999999999999432,0.09999999999999432
2026-12-02 21:50:22,127.7,121.1,6.575000000000003,6.575000000000003
2026-12-02 21:50:27,59.5,54.3,5.1875,5.1875
2026-12-02 21:50:32,60.099999999999994,61.22,-1.1187500000000057,1.1187500000000057
2026-12-02 21:50:37,58.7,58.2,0.5125000000000028,0.5125000000000028
2026-12-02 21:50:41,60.6,62.62,-2.0249999999999986,2.0249999999999986
2026-12-02 21:50:46,60.5,61.88,-1.375,1.375
2026-12-02 21:50:51,55.4,55.38,0.02499999999999858,0.02499999999999858
2026-12-02 21:50:55,57.0,58.12,-1.125,1.125
2026-12-02 21:51:00,58.800000000000004,60.0,-1.1999999999999957,1.1999999999999957
2026-12-02 21:51:05,59.5,59.16,0.34375,0.34375
2026-12-02 21:51:09,60.5,59.28,1.21875,1.21875
2026-12-02 21:51:14,55.900000000000006,55.56,0.3375000000000057,0.3375000000000057
2026-12-02 21:51:19,64.5,63.84,0.65625,0.65625
2026-12-02 21:51:24,58.0,57.4,0.59375,0.59375
2026-12-02 21:51:28,62.900000000000006,61.97,0.9312500000000057,0.9312500000000057
2026-12-02 21:51:33,69.7,68.44,1.2625000000000028,1.2625000000000028
2026-12-02 21:51:38,57.5,56.2,1.3125,1.3125
2026-12-02 21:51:42,59.8,60.22,-0.41875000000000284,0.41875000000000284
2026-12-02 21:51:47,59.5,60.47,-0.96875,0.96875
2026-12-02 21:51:52,58.2,60.34,-2.143749999999997,2.143749999999997
2026-12-02 21:51:57,55.099999999999994,56.4,-1.3062500000000057,1.3062500000000057
2026-12-02 21:52:01,51.1,53.56,-2.4624999999999986,2.4624999999999986
2026-12-02 21:52:06,62.3,62.12,0.17499999999999716,0.17499999999999716
2026-12-02 21:52:11,60.400000000000006,59.72,0.6812500000000057,0.6812500000000057
2026-12-02 21:52:15,65.5,65.4,0.125,0.125
2026-12-02 21:52:20,57.900000000000006,58.0,-0.09999999999999432,0.09999999999999432
2026-12-02 21:52:25,58.3,59.53,-1.2312500000000028,1.2312500000000028
2026-12-02 21:52:29,56.3,59.34,-3.043750000000003,3.043750000000003
2026-12-02 21:52:34,53.599999999999994,55.47,-1.8687500000000057,1.8687500000000057
2026-12-02 21:52:39,56.6,57.44,-0.8374999999999986,0.8374999999999986
2026-12-02 21:52:44,65.7,65.7,0.012500000000002842,0.012500000000002842
2026-12-02 21:52:48,67.19999999999999,64.7,2.5124999999999886,2.5124999999999886
2026-12-02 21:52:53,52.300000000000004,52.94,-0.6374999999999957,0.6374999999999957
2026-12-02 21:52:58,58.6,61.28,-2.6812499999999986,2.6812499999999986
2026-12-02 21:53:02,55.0,57.44,-2.4375,2.4375
2026-12-02 21:53:07,55.6,56.75,-1.1499999999999986,1.1499999999999986
2026-12-02 21:53:12,62.2,63.28,-1.0812499999999972,1.0812499999999972
2026-12-02 21:53:17,61.8,62.28,-0.48125000000000284,0.48125000000000284
2026-12-02 21:53:21,54.6,55.28,-0.6812499999999986,0.6812499999999986
2026-12-02 21:53:26,63.1,63.9,-0.8062499999999986,0.8062499999999986
2026-12-02 21:53:31,58.7,58.94,-0.23749999999999716,0.23749999999999716
2026-12-02 21:53:35,52.900000000000006,55.66,-2.7562499999999943,2.7562499999999943
2026-12-02 21:53:40,50.9,53.75,-2.8500000000000014,2.8500000000000014
2026-12-02 21:53:45,59.699999999999996,61.22,-1.5187500000000043,1.5187500000000043
2026-12-02 21:53:49,56.3,56.44,-0.13750000000000284,0.13750000000000284
2026-12-02 21:53:54,61.7,62.12,-0.42499999999999716,0.42499999999999716
2026-12-02 21:53:59,63.599999999999994,61.1,2.5062499999999943,2.5062499999999943
2026-12-02 21:54:04,61.0,62.1,-1.09375,1.09375
2026-12-02 21:54:08,53.9,54.47,-0.5687500000000014,0.5687500000000014
2026-12-02 21:54:13,53.5,54.88,-1.375,1.375
2026-12-02 21:54:18,52.400000000000006,53.84,-1.4437499999999943,1.4437499999999943
2026-12-02 21:54:22,60.1,60.62,-0.5249999999999986,0.5249999999999986
2026-12-02 21:54:27,62.1,61.78,0.3187500000000014,0.3187500000000014
2026-12-02 21:54:32,55.6,59.16,-3.5562499999999986,3.5562499999999986
2026-12-02 21:54:37,49.5,52.1,-2.59375,2.59375
2026-12-02 21:54:41,59.199999999999996,60.75,-1.5500000000000043,1.5500000000000043
2026-12-02 21:54:46,61.9,61.75,0.14999999999999858,0.14999999999999858
2026-12-02 21:54:51,57.4,57.53,-0.13125000000000142,0.13125000000000142
2026-12-02 21:54:55,53.0,54.5,-1.5,1.5
2026-12-02 21:55:00,55.6,57.0,-1.3999999999999986,1.3999999999999986
2026-12-02 21:55:05,54.300000000000004,54.56,-0.26249999999999574,0.26249999999999574
2026-12-02 21:55:09,57.3,58.22,-0.9187500000000028,0.9187500000000028
2026-12-02 21:55:14,52.4,54.47,-2.0687500000000014,2.0687500000000014
2026-12-02 21:55:19,72.9,69.7,3.2125000000000057,3.2125000000000057
2026-12-02 21:55:24,55.6,56.75,-1.1499999999999986,1.1499999999999986
2026-12-02 21:55:28,58.0,60.16,-2.15625,2.15625
2026-12-02 21:55:33,55.5,55.6,-0.09375,0.09375
2026-12-02 21:55:38,55.4,56.0,-0.6000000000000014,0.6000000000000014
2026-12-02 21:55:42,54.9,55.94,-1.0375000000000014,1.0375000000000014
2026-12-02 21:55:47,56.0,55.88,0.125,0.125
2026-12-02 21:55:52,63.7,62.75,0.9500000000000028,0.9500000000000028
2026-12-02 21:55:57,55.5,56.2,-0.6875,0.6875
2026-12-02 21:56:01,61.0,59.53,1.46875,1.46875
2026-12-02 21:56:06,58.3,57.8,0.48749999999999716,0.48749999999999716
2026-12-02 21:56:11,54.4,56.7,-2.2875000000000014,2.2875000000000014
2026-12-02 21:56:15,61.0,60.12,0.875,0.875
2026-12-02 21:56:20,62.0,61.3,0.6875,0.6875
2026-12-02 21:56:25,59.1,59.03,0.06875000000000142,0.06875000000000142
2026-12-02 21:58:19,73.9,71.25,2.6500000000000057,2.6500000000000057
2026-12-02 21:58:24,68.8,65.56,3.237499999999997,3.237499999999997
2026-12-02 21:58:29,67.0,64.44,2.5625,2.5625
2026-12-02 21:58:33,65.9,65.25,0.6500000000000057,0.6500000000000057
2026-12-02 21:58:38,70.2,70.94,-0.7374999999999972,0.7374999999999972
2026-12-02 21:58:43,58.0,56.6,1.40625,1.40625
2026-12-02 21:58:47,57.6,57.34,0.2562500000000014,0.2562500000000014
2026-12-02 21:58:52,51.099999999999994,53.66,-2.5562500000000057,2.5562500000000057
2026-12-02 21:58:57,66.0,66.8,-0.8125,0.8125
2026-12-02 21:59:02,52.8,53.03,-0.23125000000000284,0.23125000000000284
2026-12-02 21:59:06,60.7,63.28,-2.581249999999997,2.581249999999997
2026-12-02 21:59:11,66.2,65.06,1.1375000000000028,1.1375000000000028
2026-12-02 21:59:16,76.2,71.0,5.200000000000003,5.200000000000003
2026-12-02 21:59:20,66.0,63.7,2.3125,2.3125
2026-12-02 21:59:25,77.1,72.7,4.412499999999994,4.412499999999994
2026-12-02 21:59:30,58.400000000000006,57.2,1.2125000000000057,1.2125000000000057
2026-12-02 21:59:35,78.0,75.06,2.9375,2.9375
2026-12-02 21:59:39,69.5,65.44,4.0625,4.0625
2026-12-02 21:59:44,69.0,66.06,2.9375,2.9375
2026-12-02 21:59:49,63.5,62.47,1.03125,1.03125
2026-12-02 21:59:53,63.900000000000006,61.22,2.6812500000000057,2.6812500000000057
2026-12-02 21:59:58,61.8,61.0,0.7999999999999972,0.7999999999999972
2026-12-02 22:00:03,67.4,65.44,1.9625000000000057,1.9625000000000057
2026-12-02 22:00:07,51.7,53.9,-2.206249999999997,2.206249999999997
2026-12-02 22:00:12,54.2,52.7,1.5125000000000028,1.5125000000000028
2026-12-02 22:00:17,62.3,64.6,-2.325000000000003,2.325000000000003
2026-12-02 22:00:22,60.2,58.56,1.6375000000000028,1.6375000000000028
2026-12-02 22:00:26,57.8,57.3,0.48749999999999716,0.48749999999999716
2026-12-02 22:00:31,59.599999999999994,59.12,0.4749999999999943,0.4749999999999943
2026-12-02 22:00:36,58.699999999999996,59.4,-0.7062500000000043,0.7062500000000043
2026-12-02 22:00:40,54.8,55.56,-0.7625000000000028,0.7625000000000028
2026-12-02 22:00:45,54.8,53.53,1.2687499999999972,1.2687499999999972
2026-12-02 22:00:50,60.5,59.34,1.15625,1.15625
2026-12-02 22:00:55,57.2,58.1,-0.8937499999999972,0.8937499999999972
2026-12-02 22:00:59,54.7,55.72,-1.0187499999999972,1.0187499999999972
2026-12-02 22:01:04,53.2,54.7,-1.4874999999999972,1.4874999999999972
2026-12-02 22:01:09,66.2,66.1,0.07500000000000284,0.07500000000000284
2026-12-02 22:01:13,54.4,54.3,0.08749999999999858,0.08749999999999858
2026-12-02 22:01:18,65.0,66.6,-1.625,1.625
2026-12-02 22:01:23,63.5,60.75,2.75,2.75
2026-12-02 22:01:27,56.0,56.56,-0.5625,0.5625
2026-12-02 22:01:32,58.9,59.6,-0.6937500000000014,0.6937500000000014
2026-12-02 22:01:37,62.900000000000006,62.38,0.5250000000000057,0.5250000000000057
2026-12-02 22:01:42,62.0,61.06,0.9375,0.9375
2026-12-02 22:01:46,63.4,63.44,-0.03750000000000142,0.03750000000000142
2026-12-02 22:01:51,56.8,56.44,0.36249999999999716,0.36249999999999716
2026-12-02 22:01:56,69.4,69.44,-0.037499999999994316,0.037499999999994316
2026-12-02 22:02:00,53.3,53.7,-0.38750000000000284,0.38750000000000284
2026-12-02 22:02:05,57.099999999999994,57.12,-0.025000000000005684,0.025000000000005684
2026-12-02 22:02:10,53.900000000000006,53.53,0.3687500000000057,0.3687500000000057
2026-12-02 22:02:15,52.199999999999996,53.94,-1.7375000000000043,1.7375000000000043
2026-12-02 22:02:19,56.9,59.25,-2.3500000000000014,2.3500000000000014
2026-12-02 22:02:24,56.4,55.6,0.8062499999999986,0.8062499999999986
2026-12-02 22:02:29,58.6,59.62,-1.0249999999999986,1.0249999999999986
2026-12-02 22:02:33,55.6,57.78,-2.1812499999999986,2.1812499999999986
2026-12-02 22:02:38,56.400000000000006,57.1,-0.6937499999999943,0.6937499999999943
2026-12-02 22:02:43,65.4,64.2,1.2125000000000057,1.2125000000000057
2026-12-02 22:02:47,58.5,56.53,1.96875,1.96875
2026-12-02 22:02:52,53.599999999999994,55.94,-2.3375000000000057,2.3375000000000057
2026-12-02 22:02:57,61.5,61.62,-0.125,0.125
2026-12-02 22:03:02,64.3,63.53,0.7687499999999972,0.7687499999999972
2026-12-02 22:03:06,60.3,59.7,0.6124999999999972,0.6124999999999972
2026-12-02 22:03:11,60.5,61.7,-1.1875,1.1875
2026-12-02 22:03:16,57.8,57.5,0.29999999999999716,0.29999999999999716
2026-12-02 22:03:20,57.800000000000004,60.0,-2.1999999999999957,2.1999999999999957
2026-12-02 22:03:25,56.1,57.66,-1.5562499999999986,1.5562499999999986
2026-12-02 22:03:30,61.8,61.47,0.33124999999999716,0.33124999999999716
2026-12-02 22:03:35,141.7,140.2,1.4499999999999886,1.4499999999999886
2026-12-02 22:03:39,60.800000000000004,53.6,7.206250000000004,7.206250000000004
2026-12-02 22:03:44,63.2,64.1,-0.9249999999999972,0.9249999999999972
2026-12-02 22:03:49,57.4,57.97,-0.5687500000000014,0.5687500000000014
2026-12-02 22:03:53,57.099999999999994,58.5,-1.4000000000000057,1.4000000000000057
2026-12-02 22:03:58,65.2,63.97,1.2312500000000028,1.2312500000000028
2026-12-02 22:04:03,63.5,61.03,2.46875,2.46875
2026-12-02 22:04:07,67.1,64.94,2.1624999999999943,2.1624999999999943
2026-12-02 22:04:12,60.800000000000004,58.62,2.1750000000000043,2.1750000000000043
2026-12-02 22:04:17,62.7,61.8,0.8875000000000028,0.8875000000000028
2026-12-02 22:04:22,58.2,57.44,0.7625000000000028,0.7625000000000028
2026-12-02 22:04:26,56.0,56.6,-0.59375,0.59375
2026-12-02 22:04:31,59.0,59.66,-0.65625,0.65625
2026-12-02 22:04:36,66.5,65.44,1.0625,1.0625
2026-12-02 22:04:40,71.9,72.75,-0.8499999999999943,0.8499999999999943
2026-12-02 22:04:45,63.5,62.47,1.03125,1.03125
2026-12-02 22:04:50,69.1,67.6,1.4749999999999943,1.4749999999999943
2026-12-02 22:04:55,60.5,59.28,1.21875,1.21875
2026-12-02 22:04:59,61.3,61.16,0.14374999999999716,0.14374999999999716
2026-12-02 22:05:04,65.3,63.5,1.7999999999999972,1.7999999999999972
2026-12-02 22:05:09,66.0,65.44,0.5625,0.5625
2026-12-02 22:05:13,56.800000000000004,55.25,1.5500000000000043,1.5500000000000043
2026-12-02 22:05:18,67.2,65.9,1.3250000000000028,1.3250000000000028
2026-12-02 22:05:23,71.4,68.44,2.9625000000000057,2.9625000000000057
2026-12-02 22:05:27,69.9,67.56,2.3375000000000057,2.3375000000000057
2026-12-02 22:05:32,71.9,69.4,2.5250000000000057,2.5250000000000057
2026-12-02 22:05:37,63.099999999999994,60.53,2.5687499999999943,2.5687499999999943
2026-12-02 22:05:42,56.4,54.5,1.8999999999999986,1.8999999999999986
2026-12-02 22:05:46,63.5,64.0,-0.5,0.5
2026-12-02 22:05:51,62.8,61.03,1.7687499999999972,1.7687499999999972
2026-12-02 22:05:56,53.0,53.06,-0.0625,0.0625
2026-12-02 22:06:00,58.5,60.5,-2.0,2.0
2026-12-02 22:06:05,60.5,58.75,1.75,1.75
2026-12-02 22:06:10,59.3,59.38,-0.07500000000000284,0.07500000000000284
2026-12-02 22:06:15,62.1,61.4,0.6937500000000014,0.6937500000000014
2026-12-02 22:06:19,53.400000000000006,56.34,-2.9437499999999943,2.9437499999999943
2026-12-02 22:06:24,67.3,65.56,1.7374999999999972,1.7374999999999972
2026-12-02 22:06:29,56.099999999999994,55.06,1.0374999999999943,1.0374999999999943
2026-12-02 22:06:33,57.7,58.12,-0.42499999999999716,0.42499999999999716
2026-12-02 22:06:38,57.6,57.9,-0.3062499999999986,0.3062499999999986
2026-12-02 22:06:43,65.7,63.5,2.200000000000003,2.200000000000003
2026-12-02 22:06:47,70.19999999999999,70.4,-0.17500000000001137,0.17500000000001137
2026-12-02 22:06:52,62.900000000000006,61.0,1.9000000000000057,1.9000000000000057
2026-12-02 22:06:57,77.4,74.3,3.0875000000000057,3.0875000000000057
2026-12-02 22:07:02,57.3,57.3,-0.012500000000002842,0.012500000000002842
2026-12-02 22:07:06,65.8,65.4,0.42499999999999716,0.42499999999999716
2026-12-02 22:07:11,68.2,67.3,0.8875000000000028,0.8875000000000028
2026-12-02 22:07:16,58.3,58.12,0.17499999999999716,0.17499999999999716
2026-12-02 22:07:20,56.1,54.78,1.3187500000000014,1.3187500000000014
2026-12-02 22:07:25,59.0,57.5,1.5,1.5
2026-12-02 22:07:30,50.8,52.28,-1.4812500000000028,1.4812500000000028
2026-12-02 22:07:35,58.1,59.4,-1.3062499999999986,1.3062499999999986
2026-12-02 22:07:39,53.9,54.38,-0.4750000000000014,0.4750000000000014
2026-12-02 22:07:44,50.8,53.7,-2.887500000000003,2.887500000000003
2026-12-02 22:07:49,59.8,60.47,-0.6687500000000028,0.6687500000000028
2026-12-02 22:07:53,58.1,56.9,1.1937500000000014,1.1937500000000014
2026-12-02 22:07:58,56.5,57.2,-0.6875,0.6875
2026-12-02 22:08:03,75.9,72.7,3.2125000000000057,3.2125000000000057
2026-12-02 22:08:07,63.099999999999994,59.66,3.4437499999999943,3.4437499999999943
2026-12-02 22:08:12,59.7,59.84,-0.14374999999999716,0.14374999999999716
2026-12-02 22:08:17,49.0,49.9,-0.90625,0.90625
2026-12-02 22:08:22,55.599999999999994,57.56,-1.9625000000000057,1.9625000000000057
2026-12-02 22:08:26,54.6,57.8,-3.2124999999999986,3.2124999999999986
2026-12-02 22:08:31,58.3,58.7,-0.38750000000000284,0.38750000000000284
2026-12-02 22:08:36,57.3,57.75,-0.45000000000000284,0.45000000000000284
2026-12-02 22:08:40,57.1,57.8,-0.7124999999999986,0.7124999999999986
2026-12-02 22:08:45,55.6,55.6,0.006250000000001421,0.006250000000001421
2026-12-02 22:08:50,58.0,58.0,0.0,0.0
2026-12-02 22:08:55,63.900000000000006,63.4,0.4937500000000057,0.4937500000000057
2026-12-02 22:08:59,56.099999999999994,56.56,-0.4625000000000057,0.4625000000000057
2026-12-02 22:09:04,61.5,62.03,-0.53125,0.53125
2026-12-02 22:09:09,47.5,50.84,-3.34375,3.34375
2026-12-02 22:09:13,56.2,57.3,-1.1124999999999972,1.1124999999999972
2026-12-02 22:09:18,61.3,60.1,1.2062499999999972,1.2062499999999972
2026-12-02 22:09:23,67.5,65.8,1.6875,1.6875
2026-12-02 22:09:27,51.900000000000006,54.06,-2.1624999999999943,2.1624999999999943
2026-12-02 22:09:32,57.9,59.12,-1.2250000000000014,1.2250000000000014
2026-12-02 22:09:37,50.1,52.12,-2.0249999999999986,2.0249999999999986
2026-12-02 22:09:42,53.099999999999994,55.0,-1.9000000000000057,1.9000000000000057
2026-12-02 22:09:46,59.3,61.75,-2.450000000000003,2.450000000000003
2026-12-02 22:09:51,52.199999999999996,54.12,-1.9250000000000043,1.9250000000000043
2026-12-02 22:09:56,53.0,54.72,-1.71875,1.71875
2026-12-02 22:10:00,52.7,54.72,-2.018749999999997,2.018749999999997
2026-12-02 22:10:05,59.7,59.72,-0.018749999999997158,0.018749999999997158
2026-12-02 22:10:10,61.8,61.75,0.04999999999999716,0.04999999999999716
2026-12-02 22:10:15,54.599999999999994,56.22,-1.6187500000000057,1.6187500000000057
2026-12-02 22:10:19,56.5,58.78,-2.28125,2.28125
2026-12-02 22:10:24,56.900000000000006,57.03,-0.13124999999999432,0.13124999999999432
2026-12-02 22:10:29,60.9,60.75,0.14999999999999858,0.14999999999999858
2026-12-02 22:10:33,66.6,65.06,1.5374999999999943,1.5374999999999943
2026-12-02 22:10:38,66.80000000000001,64.44,2.3625000000000114,2.3625000000000114
2026-12-02 22:10:43,64.0,62.72,1.28125,1.28125
2026-12-02 22:10:47,53.6,52.84,0.7562500000000014,0.7562500000000014
2026-12-02 22:10:52,48.6,51.47,-2.8687499999999986,2.8687499999999986
2026-12-02 22:10:57,52.1,55.03,-2.9312499999999986,2.9312499999999986
2026-12-02 22:11:02,58.1,57.44,0.6625000000000014,0.6625000000000014
2026-12-02 22:11:06,52.5,54.53,-2.03125,2.03125
2026-12-02 22:11:11,52.0,54.72,-2.71875,2.71875
2026-12-02 22:11:16,53.8,54.7,-0.8875000000000028,0.8875000000000028
2026-12-02 22:11:20,68.19999999999999,66.06,2.1374999999999886,2.1374999999999886
2026-12-02 22:11:25,56.3,57.1,-0.7937500000000028,0.7937500000000028
2026-12-02 22:11:30,59.4,60.56,-1.1625000000000014,1.1625000000000014
2026-12-02 22:11:35,61.3,59.62,1.6749999999999972,1.6749999999999972
2026-12-02 22:11:39,47.3,51.0,-3.700000000000003,3.700000000000003
2026-12-02 22:11:44,60.1,60.12,-0.02499999999999858,0.02499999999999858
2026-12-02 22:11:49,61.2,61.4,-0.20624999999999716,0.20624999999999716
2026-12-02 22:11:53,59.2,58.62,0.5750000000000028,0.5750000000000028
2026-12-02 22:11:58,56.2,55.66,0.5437500000000028,0.5437500000000028
2026-12-02 22:12:03,56.5,58.94,-2.4375,2.4375
2026-12-02 22:12:08,57.6,57.0,0.6000000000000014,0.6000000000000014
2026-12-02 22:12:12,58.2,59.47,-1.2687499999999972,1.2687499999999972
2026-12-02 22:12:17,56.3,55.53,0.7687499999999972,0.7687499999999972
2026-12-02 22:12:22,49.900000000000006,52.28,-2.3812499999999943,2.3812499999999943
2026-12-02 22:12:26,54.1,53.75,0.3500000000000014,0.3500000000000014
2026-12-02 22:12:31,52.4,54.78,-2.3812500000000014,2.3812500000000014
2026-12-02 22:12:36,53.400000000000006,55.9,-2.5062499999999943,2.5062499999999943
2026-12-02 22:12:40,60.0,60.16,-0.15625,0.15625
2026-12-02 22:12:45,61.8,61.56,0.23749999999999716,0.23749999999999716
2026-12-02 22:12:50,57.900000000000006,58.88,-0.9749999999999943,0.9749999999999943
2026-12-02 22:12:55,51.6,54.3,-2.7124999999999986,2.7124999999999986
2026-12-02 22:12:59,62.3,62.8,-0.5125000000000028,0.5125000000000028
2026-12-02 22:13:04,58.900000000000006,58.16,0.7437500000000057,0.7437500000000057
2026-12-02 22:13:09,56.699999999999996,57.72,-1.0187500000000043,1.0187500000000043
2026-12-02 22:13:13,65.19999999999999,63.44,1.7624999999999886,1.7624999999999886
2026-12-02 22:13:18,57.5,57.28,0.21875,0.21875
2026-12-02 22:13:23,61.900000000000006,61.44,0.4625000000000057,0.4625000000000057
2026-12-02 22:13:28,55.099999999999994,55.3,-0.21250000000000568,0.21250000000000568
2026-12-02 22:13:32,63.6,63.75,-0.14999999999999858,0.14999999999999858
2026-12-02 22:13:37,51.5,51.72,-0.21875,0.21875
2026-12-02 22:13:42,64.9,65.0,-0.09999999999999432,0.09999999999999432
2026-12-02 22:13:46,56.8,57.22,-0.41875000000000284,0.41875000000000284
2026-12-02 22:13:51,51.7,54.47,-2.768749999999997,2.768749999999997
2026-12-02 22:13:56,60.2,60.38,-0.17499999999999716,0.17499999999999716
2026-12-02 22:14:00,60.4,59.7,0.7124999999999986,0.7124999999999986
2026-12-02 22:14:05,65.2,63.2,2.012500000000003,2.012500000000003
2026-12-02 22:14:10,52.0,51.78,0.21875,0.21875
2026-12-02 22:14:15,56.2,57.2,-0.9874999999999972,0.9874999999999972
2026-12-02 22:14:19,56.3,57.22,-0.9187500000000028,0.9187500000000028
2026-12-02 22:14:24,50.4,51.12,-0.7250000000000014,0.7250000000000014
2026-12-02 22:14:29,52.9,55.06,-2.1625000000000014,2.1625000000000014
2026-12-02 22:14:33,61.099999999999994,61.62,-0.5250000000000057,0.5250000000000057
2026-12-02 22:14:38,67.6,65.25,2.3499999999999943,2.3499999999999943
2026-12-02 22:14:43,52.7,53.9,-1.2062499999999972,1.2062499999999972
2026-12-02 22:14:48,56.2,58.03,-1.8312499999999972,1.8312499999999972
2026-12-02 22:14:52,51.7,53.47,-1.7687499999999972,1.7687499999999972
2026-12-02 22:14:57,53.5,53.7,-0.1875,0.1875
2026-12-02 22:15:02,60.3,59.84,0.45624999999999716,0.45624999999999716
2026-12-02 22:15:06,56.3,57.53,-1.2312500000000028,1.2312500000000028
2026-12-02 22:15:11,52.599999999999994,54.44,-1.8375000000000057,1.8375000000000057
2026-12-02 22:15:16,54.2,55.9,-1.7062499999999972,1.7062499999999972
2026-12-02 22:15:20,55.4,57.8,-2.4125000000000014,2.4125000000000014
2026-12-02 22:15:25,52.699999999999996,53.4,-0.7062500000000043,0.7062500000000043
2026-12-02 22:15:30,47.3,50.2,-2.887500000000003,2.887500000000003
2026-12-02 22:15:35,58.7,61.56,-2.862499999999997,2.862499999999997
2026-12-02 22:15:39,56.900000000000006,58.3,-1.4124999999999943,1.4124999999999943
2026-12-02 22:15:44,56.4,57.47,-1.0687500000000014,1.0687500000000014
2026-12-02 22:15:49,59.8,60.53,-0.7312500000000028,0.7312500000000028
2026-12-02 22:15:53,64.5,63.6,0.90625,0.90625
2026-12-02 22:15:58,55.2,55.0,0.20000000000000284,0.20000000000000284
2026-12-02 22:16:03,53.9,55.78,-1.8812500000000014,1.8812500000000014
2026-12-02 22:16:08,58.599999999999994,58.88,-0.2750000000000057,0.2750000000000057
2026-12-02 22:16:12,49.2,51.03,-1.8312499999999972,1.8312499999999972
2026-12-02 22:16:17,57.599999999999994,59.44,-1.8375000000000057,1.8375000000000057
2026-12-02 22:16:22,58.7,58.53,0.16875000000000284,0.16875000000000284
2026-12-02 22:16:26,56.9,58.5,-1.6000000000000014,1.6000000000000014
2026-12-02 22:16:31,57.4,57.7,-0.2875000000000014,0.2875000000000014
2026-12-02 22:16:36,58.8,59.84,-1.0437500000000028,1.0437500000000028
2026-12-02 22:16:40,50.5,51.9,-1.40625,1.40625
2026-12-02 22:16:45,58.400000000000006,59.25,-0.8499999999999943,0.8499999999999943
2026-12-02 22:16:50,53.3,53.2,0.11249999999999716,0.11249999999999716
2026-12-02 22:16:55,57.7,58.25,-0.5499999999999972,0.5499999999999972
2026-12-02 22:16:59,67.0,66.0,1.0,1.0
2026-12-02 22:17:04,57.0,56.56,0.4375,0.4375
2026-12-02 22:17:09,55.5,56.72,-1.21875,1.21875
2026-12-02 22:17:13,52.6,54.53,-1.9312499999999986,1.9312499999999986
2026-12-02 22:17:18,62.9,61.66,1.2437499999999986,1.2437499999999986
2026-12-02 22:17:23,56.599999999999994,56.4,0.19374999999999432,0.19374999999999432
2026-12-02 22:17:28,56.1,57.22,-1.1187499999999986,1.1187499999999986
2026-12-02 22:17:32,57.2,58.84,-1.6437499999999972,1.6437499999999972
2026-12-02 22:17:37,68.5,67.06,1.4375,1.4375
2026-12-02 22:17:42,63.0,62.4,0.59375,0.59375
2026-12-02 22:17:46,65.69999999999999,65.75,-0.05000000000001137,0.05000000000001137
2026-12-02 22:17:51,51.5,55.34,-3.84375,3.84375
2026-12-02 22:17:56,55.2,55.06,0.13750000000000284,0.13750000000000284
2026-12-02 22:18:00,62.1,61.75,0.3500000000000014,0.3500000000000014
2026-12-02 22:18:05,56.6,55.62,0.9750000000000014,0.9750000000000014
2026-12-02 22:18:10,62.2,63.88,-1.6749999999999972,1.6749999999999972
2026-12-02 22:18:15,61.9,60.94,0.9624999999999986,0.9624999999999986
2026-12-02 22:18:19,55.4,54.47,0.9312499999999986,0.9312499999999986
2026-12-02 22:18:24,53.0,54.7,-1.6875,1.6875
2026-12-02 22:18:29,58.7,59.25,-0.5499999999999972,0.5499999999999972
2026-12-02 22:18:33,51.6,52.1,-0.4937499999999986,0.4937499999999986
2026-12-02 22:18:38,54.900000000000006,57.2,-2.2874999999999943,2.2874999999999943
2026-12-02 22:18:43,54.5,55.75,-1.25,1.25
2026-12-02 22:18:48,56.9,58.06,-1.1625000000000014,1.1625000000000014
2026-12-02 22:18:52,58.800000000000004,60.53,-1.7312499999999957,1.7312499999999957
2026-12-02 22:18:57,56.2,57.47,-1.2687499999999972,1.2687499999999972
2026-12-02 22:19:02,56.599999999999994,55.53,1.0687499999999943,1.0687499999999943
2026-12-02 22:19:06,61.3,61.66,-0.35625000000000284,0.35625000000000284
2026-12-02 22:19:11,58.6,56.72,1.8812500000000014,1.8812500000000014
2026-12-02 22:19:16,57.7,58.75,-1.0499999999999972,1.0499999999999972
2026-12-02 22:19:20,61.3,61.7,-0.38750000000000284,0.38750000000000284
2026-12-02 22:19:25,59.0,58.88,0.125,0.125
2026-12-02 22:19:30,51.6,51.97,-0.3687499999999986,0.3687499999999986
2026-12-02 22:19:35,57.0,58.4,-1.40625,1.40625
2026-12-02 22:19:39,63.5,61.8,1.6875,1.6875
2026-12-02 22:19:44,54.7,55.16,-0.45624999999999716,0.45624999999999716
2026-12-02 22:19:49,53.900000000000006,54.6,-0.6937499999999943,0.6937499999999943
2026-12-02 22:19:53,52.300000000000004,54.66,-2.3562499999999957,2.3562499999999957
2026-12-02 22:19:58,59.0,60.25,-1.25,1.25
2026-12-02 22:20:03,59.0,60.25,-1.25,1.25
2026-12-02 22:20:08,55.3,56.22,-0.9187500000000028,0.9187500000000028
2026-12-02 22:20:12,51.2,53.44,-2.237499999999997,2.237499999999997
2026-12-02 22:20:17,56.3,56.97,-0.6687500000000028,0.6687500000000028
2026-12-02 22:20:22,53.2,53.34,-0.14374999999999716,0.14374999999999716
2026-12-02 22:20:26,59.4,59.12,0.2749999999999986,0.2749999999999986
2026-12-02 22:20:31,56.4,56.97,-0.5687500000000014,0.5687500000000014
2026-12-02 22:20:36,57.800000000000004,57.12,0.6750000000000043,0.6750000000000043
2026-12-02 22:20:40,55.599999999999994,55.66,-0.056250000000005684,0.056250000000005684
2026-12-02 22:20:45,53.9,54.56,-0.6625000000000014,0.6625000000000014
2026-12-02 22:20:50,60.3,60.25,0.04999999999999716,0.04999999999999716
2026-12-02 22:20:55,51.599999999999994,53.2,-1.5875000000000057,1.5875000000000057
2026-12-02 22:20:59,51.1,53.72,-2.6187499999999986,2.6187499999999986
2026-12-02 22:21:04,48.0,51.38,-3.375,3.375
2026-12-02 22:21:09,50.599999999999994,52.6,-1.9937500000000057,1.9937500000000057
2026-12-02 22:21:13,56.900000000000006,56.06,0.8375000000000057,0.8375000000000057
2026-12-02 22:21:18,53.4,56.7,-3.2875000000000014,3.2875000000000014
2026-12-02 22:21:23,50.8,52.12,-1.3250000000000028,1.3250000000000028
2026-12-02 22:21:28,53.1,54.8,-1.7124999999999986,1.7124999999999986
2026-12-02 22:21:32,56.599999999999994,56.8,-0.21250000000000568,0.21250000000000568
2026-12-02 22:21:37,51.5,52.1,-0.59375,0.59375
2026-12-02 22:21:42,59.1,61.12,-2.0249999999999986,2.0249999999999986
2026-12-02 22:21:46,49.0,50.84,-1.84375,1.84375
2026-12-02 22:21:51,55.6,57.22,-1.6187499999999986,1.6187499999999986
2026-12-02 22:21:56,56.0,56.62,-0.625,0.625
2026-12-02 22:22:00,54.2,55.6,-1.3937499999999972,1.3937499999999972
2026-12-02 22:22:05,66.0,66.06,-0.0625,0.0625
2026-12-02 22:22:10,65.3,62.4,2.893749999999997,2.893749999999997
2026-12-02 22:22:15,57.0,59.1,-2.09375,2.09375
2026-12-02 22:22:19,66.0,65.25,0.75,0.75
2026-12-02 22:22:24,53.9,55.0,-1.1000000000000014,1.1000000000000014
2026-12-02 22:22:29,54.3,55.88,-1.5750000000000028,1.5750000000000028
2026-12-02 22:22:33,51.6,54.62,-3.0249999999999986,3.0249999999999986
2026-12-02 22:22:38,46.4,51.3,-4.912500000000001,4.912500000000001
2026-12-02 22:22:43,56.0,57.72,-1.71875,1.71875
2026-12-02 22:22:48,52.199999999999996,54.44,-2.2375000000000043,2.2375000000000043
2026-12-02 22:22:52,55.8,55.88,-0.07500000000000284,0.07500000000000284
2026-12-02 22:22:57,55.5,57.25,-1.75,1.75
2026-12-02 22:23:02,48.8,49.97,-1.1687500000000028,1.1687500000000028
2026-12-02 22:23:06,56.1,58.66,-2.5562499999999986,2.5562499999999986
2026-12-02 22:23:11,60.9,60.5,0.3999999999999986,0.3999999999999986
2026-12-02 22:23:16,56.2,56.25,-0.04999999999999716,0.04999999999999716
2026-12-02 22:23:20,55.699999999999996,55.7,0.012499999999995737,0.012499999999995737
2026-12-02 22:23:25,59.300000000000004,60.1,-0.7937499999999957,0.7937499999999957
2026-12-02 22:23:30,57.400000000000006,56.8,0.5875000000000057,0.5875000000000057
2026-12-02 22:23:35,56.8,56.62,0.17499999999999716,0.17499999999999716
2026-12-02 22:23:39,62.8,62.4,0.39374999999999716,0.39374999999999716
2026-12-02 22:23:44,56.7,58.84,-2.143749999999997,2.143749999999997
2026-12-02 22:23:49,60.5,59.1,1.40625,1.40625
2026-12-02 22:23:53,57.0,56.94,0.0625,0.0625
2026-12-02 22:23:58,52.1,54.47,-2.3687499999999986,2.3687499999999986
2026-12-02 22:24:03,56.0,56.84,-0.84375,0.84375
2026-12-02 22:24:08,55.300000000000004,55.66,-0.35624999999999574,0.35624999999999574
2026-12-02 22:24:12,59.6,60.75,-1.1499999999999986,1.1499999999999986
2026-12-02 22:24:17,50.3,50.78,-0.48125000000000284,0.48125000000000284
2026-12-02 22:24:22,59.2,60.06,-0.8624999999999972,0.8624999999999972
2026-12-02 22:24:26,54.1,53.94,0.16250000000000142,0.16250000000000142
2026-12-02 22:24:31,50.8,52.47,-1.6687500000000028,1.6687500000000028
2026-12-02 22:24:36,63.400000000000006,62.16,1.2437500000000057,1.2437500000000057
2026-12-02 22:24:40,48.5,50.88,-2.375,2.375
2026-12-02 22:24:45,54.400000000000006,56.28,-1.8812499999999943,1.8812499999999943
2026-12-02 22:24:50,52.7,53.47,-0.7687499999999972,0.7687499999999972
2026-12-02 22:24:55,50.1,51.3,-1.2124999999999986,1.2124999999999986
2026-12-02 22:24:59,79.5,75.1,4.375,4.375
2026-12-02 22:25:04,60.5,58.7,1.8125,1.8125
2026-12-02 22:25:09,51.900000000000006,54.16,-2.2562499999999943,2.2562499999999943
2026-12-02 22:25:13,48.6,50.12,-1.5249999999999986,1.5249999999999986
2026-12-02 22:25:18,54.1,56.4,-2.3062499999999986,2.3062499999999986
2026-12-02 22:25:23,55.7,56.75,-1.0499999999999972,1.0499999999999972
2026-12-02 22:25:28,51.099999999999994,53.3,-2.2125000000000057,2.2125000000000057
2026-12-02 22:25:32,65.1,63.97,1.1312499999999943,1.1312499999999943
2026-12-02 22:25:37,53.7,52.88,0.8250000000000028,0.8250000000000028
2026-12-02 22:25:42,54.5,57.0,-2.5,2.5
2026-12-02 22:25:46,59.099999999999994,60.0,-0.9000000000000057,0.9000000000000057
2026-12-02 22:25:51,58.6,56.84,1.7562500000000014,1.7562500000000014
2026-12-02 22:25:56,54.4,55.62,-1.2250000000000014,1.2250000000000014
2026-12-02 22:26:00,56.6,55.78,0.8187500000000014,0.8187500000000014
2026-12-02 22:26:05,55.099999999999994,56.75,-1.6500000000000057,1.6500000000000057
2026-12-02 22:26:10,59.4,58.72,0.6812499999999986,0.6812499999999986
2026-12-02 22:26:15,56.3,57.66,-1.3562500000000028,1.3562500000000028
2026-12-02 22:26:19,58.800000000000004,59.8,-1.0124999999999957,1.0124999999999957
2026-12-02 22:26:24,69.7,66.8,2.887500000000003,2.887500000000003
2026-12-02 22:26:29,57.400000000000006,57.6,-0.19374999999999432,0.19374999999999432
2026-12-02 22:26:33,58.800000000000004,59.72,-0.9187499999999957,0.9187499999999957
2026-12-02 22:26:38,65.1,63.28,1.8187499999999943,1.8187499999999943
2026-12-02 22:26:43,59.900000000000006,59.78,0.11875000000000568,0.11875000000000568
2026-12-02 22:26:48,59.2,60.1,-0.8937499999999972,0.8937499999999972
2026-12-02 22:26:52,55.4,55.25,0.14999999999999858,0.14999999999999858
2026-12-02 22:26:57,57.5,58.78,-1.28125,1.28125
2026-12-02 22:27:02,55.1,56.38,-1.2749999999999986,1.2749999999999986
2026-12-02 22:27:06,71.9,70.9,1.0250000000000057,1.0250000000000057
2026-12-02 22:27:11,56.699999999999996,57.38,-0.6750000000000043,0.6750000000000043
2026-12-02 22:27:16,59.8,59.78,0.018749999999997158,0.018749999999997158
2026-12-02 22:27:20,60.6,61.6,-0.9937499999999986,0.9937499999999986
2026-12-02 22:27:25,64.2,63.5,0.7000000000000028,0.7000000000000028
2026-12-02 22:27:30,60.699999999999996,59.7,1.0124999999999957,1.0124999999999957
2026-12-02 22:27:35,62.599999999999994,61.78,0.8187499999999943,0.8187499999999943
2026-12-02 22:27:39,55.9,56.97,-1.0687500000000014,1.0687500000000014
2026-12-02 22:27:44,63.699999999999996,61.38,2.3249999999999957,2.3249999999999957
2026-12-02 22:27:49,56.400000000000006,57.44,-1.0374999999999943,1.0374999999999943
2026-12-02 22:27:53,61.900000000000006,61.38,0.5250000000000057,0.5250000000000057
2026-12-02 22:27:58,52.800000000000004,55.22,-2.4187499999999957,2.4187499999999957
2026-12-02 22:28:03,72.6,69.7,2.9124999999999943,2.9124999999999943
2026-12-02 22:28:08,64.8,62.25,2.549999999999997,2.549999999999997
2026-12-02 22:28:12,62.099999999999994,61.25,0.8499999999999943,0.8499999999999943
2026-12-02 22:28:17,59.699999999999996,59.47,0.23124999999999574,0.23124999999999574
2026-12-02 22:28:22,56.900000000000006,57.56,-0.6624999999999943,0.6624999999999943
2026-12-02 22:28:26,59.3,59.75,-0.45000000000000284,0.45000000000000284
2026-12-02 22:28:31,61.8,61.4,0.39374999999999716,0.39374999999999716
2026-12-02 22:28:36,66.3,64.6,1.6749999999999972,1.6749999999999972
2026-12-02 22:28:40,60.9,60.75,0.14999999999999858,0.14999999999999858
2026-12-02 22:28:45,65.6,64.7,0.9124999999999943,0.9124999999999943
2026-12-02 22:28:50,79.0,71.9,7.125,7.125
2026-12-02 22:28:55,57.7,56.03,1.6687500000000028,1.6687500000000028
2026-12-02 22:28:59,63.0,61.8,1.1875,1.1875
2026-12-02 22:29:04,63.400000000000006,63.1,0.3062500000000057,0.3062500000000057
2026-12-02 22:29:09,52.8,53.88,-1.0750000000000028,1.0750000000000028
2026-12-02 22:29:13,60.1,60.25,-0.14999999999999858,0.14999999999999858
2026-12-02 22:29:18,57.3,56.25,1.0499999999999972,1.0499999999999972
2026-12-02 22:29:23,69.8,69.5,0.29999999999999716,0.29999999999999716
2026-12-02 22:29:28,61.8,60.6,1.2062499999999972,1.2062499999999972
2026-12-02 22:29:32,60.8,61.3,-0.5125000000000028,0.5125000000000028
2026-12-02 22:29:37,64.30000000000001,62.88,1.4250000000000114,1.4250000000000114
2026-12-02 22:29:42,65.4,63.3,2.0875000000000057,2.0875000000000057
2026-12-02 22:29:46,69.80000000000001,67.56,2.2375000000000114,2.2375000000000114
2026-12-02 22:29:51,60.4,60.47,-0.06875000000000142,0.06875000000000142
2026-12-02 22:29:56,68.3,64.8,3.487499999999997,3.487499999999997
2026-12-02 22:30:00,66.4,64.2,2.2125000000000057,2.2125000000000057
2026-12-02 22:30:05,69.8,67.7,2.112499999999997,2.112499999999997
2026-12-02 22:30:10,56.1,56.7,-0.5874999999999986,0.5874999999999986
2026-12-02 22:30:15,64.8,65.2,-0.38750000000000284,0.38750000000000284
2026-12-02 22:30:19,61.7,60.94,0.7625000000000028,0.7625000000000028
2026-12-02 22:30:24,63.3,61.25,2.049999999999997,2.049999999999997
2026-12-02 22:30:29,65.69999999999999,62.8,2.8874999999999886,2.8874999999999886
2026-12-02 22:30:33,75.4,74.75,0.6500000000000057,0.6500000000000057
2026-12-02 22:30:38,63.5,62.06,1.4375,1.4375
2026-12-02 22:30:43,59.400000000000006,59.94,-0.5374999999999943,0.5374999999999943
2026-12-02 22:30:48,65.4,63.06,2.3375000000000057,2.3375000000000057
2026-12-02 22:30:52,58.400000000000006,56.66,1.7437500000000057,1.7437500000000057
2026-12-02 22:30:57,62.6,61.34,1.2562500000000014,1.2562500000000014
2026-12-02 22:31:02,54.7,56.3,-1.6124999999999972,1.6124999999999972
2026-12-02 22:31:06,56.6,57.84,-1.2437499999999986,1.2437499999999986
2026-12-02 22:31:11,61.099999999999994,59.22,1.8812499999999943,1.8812499999999943
2026-12-02 22:31:16,57.7,57.6,0.10625000000000284,0.10625000000000284
2026-12-02 22:31:20,55.0,55.5,-0.5,0.5
2026-12-02 22:31:25,53.5,53.3,0.1875,0.1875
2026-12-02 22:31:30,57.7,56.84,0.8562500000000028,0.8562500000000028
2026-12-02 22:31:35,62.099999999999994,61.66,0.4437499999999943,0.4437499999999943
2026-12-02 22:31:39,57.2,56.66,0.5437500000000028,0.5437500000000028
2026-12-02 22:31:44,52.3,53.25,-0.9500000000000028,0.9500000000000028
2026-12-02 22:31:49,58.5,59.28,-0.78125,0.78125
2026-12-02 22:31:53,54.400000000000006,54.62,-0.22499999999999432,0.22499999999999432
2026-12-02 22:31:58,48.3,50.03,-1.7312500000000028,1.7312500000000028
2026-12-02 22:32:03,54.400000000000006,56.28,-1.8812499999999943,1.8812499999999943
2026-12-02 22:32:08,54.5,56.7,-2.1875,2.1875
2026-12-02 22:32:12,55.400000000000006,57.1,-1.6937499999999943,1.6937499999999943
2026-12-02 22:32:17,57.099999999999994,57.06,0.037499999999994316,0.037499999999994316
2026-12-02 22:32:22,55.0,55.56,-0.5625,0.5625
2026-12-02 22:32:26,51.8,52.16,-0.35625000000000284,0.35625000000000284
2026-12-02 22:32:31,54.8,56.0,-1.2000000000000028,1.2000000000000028
2026-12-02 22:32:36,57.2,57.88,-0.6749999999999972,0.6749999999999972
2026-12-02 22:32:41,56.599999999999994,55.47,1.1312499999999943,1.1312499999999943
2026-12-02 22:32:45,54.8,53.34,1.4562499999999972,1.4562499999999972
2026-12-02 22:32:50,63.9,64.2,-0.2875000000000014,0.2875000000000014
2026-12-02 22:32:55,53.6,53.78,-0.18124999999999858,0.18124999999999858
2026-12-02 22:32:59,58.0,59.6,-1.59375,1.59375
2026-12-02 22:33:04,56.5,55.4,1.09375,1.09375
2026-12-02 22:33:09,55.0,56.72,-1.71875,1.71875
2026-12-02 22:33:13,51.6,53.28,-1.6812499999999986,1.6812499999999986
2026-12-02 22:33:18,56.400000000000006,57.4,-1.0062499999999943,1.0062499999999943
2026-12-02 22:33:23,54.0,55.56,-1.5625,1.5625
2026-12-02 22:33:28,58.6,59.0,-0.3999999999999986,0.3999999999999986
2026-12-02 22:33:32,60.2,59.2,1.0125000000000028,1.0125000000000028
2026-12-02 22:33:37,57.800000000000004,57.56,0.23750000000000426,0.23750000000000426
2026-12-02 22:33:42,60.099999999999994,59.16,0.9437499999999943,0.9437499999999943
2026-12-02 22:33:46,54.099999999999994,55.38,-1.2750000000000057,1.2750000000000057
2026-12-02 22:33:51,50.4,51.03,-0.6312500000000014,0.6312500000000014
2026-12-02 22:33:56,54.9,56.12,-1.2250000000000014,1.2250000000000014
2026-12-02 22:34:01,58.400000000000006,57.88,0.5250000000000057,0.5250000000000057
2026-12-02 22:34:05,61.3,61.28,0.018749999999997158,0.018749999999997158
2026-12-02 22:34:10,57.0,55.16,1.84375,1.84375
2026-12-02 22:34:15,55.099999999999994,56.62,-1.5250000000000057,1.5250000000000057
2026-12-02 22:34:19,62.1,62.28,-0.18124999999999858,0.18124999999999858
2026-12-02 22:34:24,57.6,57.22,0.3812500000000014,0.3812500000000014
2026-12-02 22:34:29,54.099999999999994,54.28,-0.18125000000000568,0.18125000000000568
2026-12-02 22:34:33,58.7,60.16,-1.4562499999999972,1.4562499999999972
2026-12-02 22:34:38,54.099999999999994,55.28,-1.1812500000000057,1.1812500000000057
2026-12-02 22:34:43,56.3,57.88,-1.5750000000000028,1.5750000000000028
2026-12-02 22:34:48,54.1,56.4,-2.3062499999999986,2.3062499999999986
2026-12-02 22:34:52,56.599999999999994,57.03,-0.4312500000000057,0.4312500000000057
2026-12-02 22:34:57,61.5,61.22,0.28125,0.28125
2026-12-02 22:35:02,60.3,61.06,-0.7625000000000028,0.7625000000000028
2026-12-02 22:35:06,59.5,60.03,-0.53125,0.53125
2026-12-02 22:35:11,61.1,61.34,-0.24374999999999858,0.24374999999999858
2026-12-02 22:35:16,53.4,56.06,-2.6625000000000014,2.6625000000000014
2026-12-02 22:35:21,56.0,55.6,0.40625,0.40625
2026-12-02 22:35:25,58.2,59.0,-0.7999999999999972,0.7999999999999972
2026-12-02 22:35:30,57.6,56.9,0.6937500000000014,0.6937500000000014
2026-12-02 22:35:35,54.099999999999994,54.38,-0.2750000000000057,0.2750000000000057
2026-12-02 22:35:39,57.0,58.0,-1.0,1.0
2026-12-02 22:35:44,57.099999999999994,55.47,1.6312499999999943,1.6312499999999943
2026-12-02 22:35:49,55.699999999999996,55.66,0.04374999999999574,0.04374999999999574
2026-12-02 22:35:53,57.900000000000006,57.12,0.7750000000000057,0.7750000000000057
2026-12-02 22:35:58,55.8,57.75,-1.9500000000000028,1.9500000000000028
2026-12-02 22:36:03,55.5,56.38,-0.875,0.875
2026-12-02 22:36:08,59.5,59.25,0.25,0.25
2026-12-02 22:36:12,62.4,63.12,-0.7250000000000014,0.7250000000000014
2026-12-02 22:36:17,56.8,55.1,1.7062499999999972,1.7062499999999972
2026-12-02 22:36:22,64.8,63.6,1.2062499999999972,1.2062499999999972
2026-12-02 22:36:26,56.8,57.28,-0.48125000000000284,0.48125000000000284
2026-12-02 22:36:31,62.400000000000006,62.22,0.18125000000000568,0.18125000000000568
2026-12-02 22:36:36,51.0,51.66,-0.65625,0.65625
2026-12-02 22:36:41,56.400000000000006,57.53,-1.1312499999999943,1.1312499999999943
2026-12-02 22:36:45,54.400000000000006,54.4,-0.006249999999994316,0.006249999999994316
2026-12-02 22:36:50,52.2,52.28,-0.08124999999999716,0.08124999999999716
2026-12-02 22:36:55,57.6,59.16,-1.5562499999999986,1.5562499999999986
2026-12-02 22:36:59,65.9,63.16,2.7437500000000057,2.7437500000000057
2026-12-02 22:37:04,57.1,57.16,-0.05624999999999858,0.05624999999999858
2026-12-02 22:37:09,58.3,59.16,-0.8562500000000028,0.8562500000000028
2026-12-02 22:37:13,52.4,53.06,-0.6625000000000014,0.6625000000000014
2026-12-02 22:37:18,56.9,55.88,1.0249999999999986,1.0249999999999986
2026-12-02 22:37:23,62.2,61.94,0.26250000000000284,0.26250000000000284
2026-12-02 22:37:28,72.4,68.06,4.337500000000006,4.337500000000006
2026-12-02 22:37:32,59.7,57.6,2.106250000000003,2.106250000000003
2026-12-02 22:37:37,59.5,57.1,2.40625,2.40625
2026-12-02 22:37:42,56.900000000000006,57.1,-0.19374999999999432,0.19374999999999432
2026-12-02 22:37:46,61.6,61.5,0.10000000000000142,0.10000000000000142
2026-12-02 22:37:51,56.1,56.2,-0.08749999999999858,0.08749999999999858
2026-12-02 22:37:56,59.0,59.88,-0.875,0.875
2026-12-02 22:38:01,56.8,56.72,0.08124999999999716,0.08124999999999716
2026-12-02 22:38:05,54.599999999999994,55.56,-0.9625000000000057,0.9625000000000057
2026-12-02 22:38:10,60.8,59.38,1.4249999999999972,1.4249999999999972
2026-12-02 22:38:15,51.2,50.78,0.41875000000000284,0.41875000000000284
2026-12-02 22:38:19,57.3,58.4,-1.1062500000000028,1.1062500000000028
2026-12-02 22:38:24,56.199999999999996,55.44,0.7624999999999957,0.7624999999999957
2026-12-02 22:38:29,52.1,52.12,-0.02499999999999858,0.02499999999999858
2026-12-02 22:38:33,55.4,57.47,-2.0687500000000014,2.0687500000000014
2026-12-02 22:38:38,53.0,54.34,-1.34375,1.34375
2026-12-02 22:38:43,59.3,59.53,-0.23125000000000284,0.23125000000000284
2026-12-02 22:38:48,53.5,54.2,-0.6875,0.6875
2026-12-02 22:38:52,48.2,50.06,-1.8624999999999972,1.8624999999999972
2026-12-02 22:38:57,59.2,59.66,-0.45624999999999716,0.45624999999999716
2026-12-02 22:39:02,57.599999999999994,56.94,0.6624999999999943,0.6624999999999943
2026-12-02 22:39:06,56.5,57.8,-1.3125,1.3125
2026-12-02 22:39:11,62.099999999999994,61.06,1.0374999999999943,1.0374999999999943
2026-12-02 22:39:16,54.900000000000006,54.4,0.4937500000000057,0.4937500000000057
2026-12-02 22:39:21,54.3,56.78,-2.481250000000003,2.481250000000003
2026-12-02 22:39:25,54.8,54.72,0.08124999999999716,0.08124999999999716
2026-12-02 22:39:30,62.0,61.78,0.21875,0.21875
2026-12-02 22:39:35,65.19999999999999,63.1,2.1062499999999886,2.1062499999999886
2026-12-02 22:39:39,59.9,58.2,1.7124999999999986,1.7124999999999986
2026-12-02 22:39:44,57.4,57.72,-0.3187500000000014,0.3187500000000014
2026-12-02 22:39:49,57.6,56.94,0.6625000000000014,0.6625000000000014
2026-12-02 22:39:53,56.2,56.56,-0.36249999999999716,0.36249999999999716
2026-12-02 22:39:58,55.4,55.6,-0.19375000000000142,0.19375000000000142
2026-12-02 22:40:03,57.599999999999994,58.72,-1.1187500000000057,1.1187500000000057
2026-12-02 22:40:08,50.9,51.9,-1.0062500000000014,1.0062500000000014
2026-12-02 22:40:12,53.599999999999994,54.75,-1.1500000000000057,1.1500000000000057
2026-12-02 22:40:17,56.7,57.97,-1.2687499999999972,1.2687499999999972
2026-12-02 22:40:22,54.5,54.22,0.28125,0.28125
2026-12-02 22:40:26,55.300000000000004,56.7,-1.3874999999999957,1.3874999999999957
2026-12-02 22:40:31,57.6,58.53,-0.9312499999999986,0.9312499999999986
2026-12-02 22:40:36,56.4,57.5,-1.1000000000000014,1.1000000000000014
2026-12-02 22:40:41,61.4,61.25,0.14999999999999858,0.14999999999999858
2026-12-02 22:40:45,59.6,59.34,0.2562500000000014,0.2562500000000014
2026-12-02 22:40:50,53.3,55.22,-1.9187500000000028,1.9187500000000028
2026-12-02 22:40:55,52.2,54.4,-2.206249999999997,2.206249999999997
2026-12-02 22:40:59,55.300000000000004,56.7,-1.3874999999999957,1.3874999999999957
2026-12-02 22:41:04,60.6,59.8,0.7875000000000014,0.7875000000000014
2026-12-02 22:41:09,53.0,52.03,0.96875,0.96875
2026-12-02 22:41:13,58.900000000000006,59.34,-0.4437499999999943,0.4437499999999943
2026-12-02 22:41:18,66.5,65.44,1.0625,1.0625
2026-12-02 22:41:23,62.9,61.22,1.6812499999999986,1.6812499999999986
2026-12-02 22:41:28,62.0,61.1,0.90625,0.90625
2026-12-02 22:41:32,57.5,57.25,0.25,0.25
2026-12-02 22:41:37,57.099999999999994,57.66,-0.5562500000000057,0.5562500000000057
2026-12-02 22:41:42,58.2,59.7,-1.4874999999999972,1.4874999999999972
2026-12-02 22:41:46,62.0,61.3,0.6875,0.6875
2026-12-02 22:41:51,56.599999999999994,57.97,-1.3687500000000057,1.3687500000000057
2026-12-02 22:41:56,58.599999999999994,59.06,-0.4625000000000057,0.4625000000000057
2026-12-02 22:42:01,60.599999999999994,60.03,0.5687499999999943,0.5687499999999943
2026-12-02 22:42:05,62.4,61.66,0.7437499999999986,0.7437499999999986
2026-12-02 22:42:10,62.599999999999994,61.44,1.1624999999999943,1.1624999999999943
2026-12-02 22:42:15,55.7,55.9,-0.20624999999999716,0.20624999999999716
2026-12-02 22:42:19,59.8,59.78,0.018749999999997158,0.018749999999997158
2026-12-02 22:42:24,62.8,60.97,1.8312499999999972,1.8312499999999972
2026-12-02 22:42:29,66.3,64.6,1.6749999999999972,1.6749999999999972
2026-12-02 22:42:33,65.0,62.9,2.09375,2.09375
2026-12-02 22:42:38,55.3,54.03,1.2687499999999972,1.2687499999999972
2026-12-02 22:42:43,47.3,51.25,-3.950000000000003,3.950000000000003
2026-12-02 22:42:48,66.3,66.44,-0.13750000000000284,0.13750000000000284
2026-12-02 22:42:52,59.400000000000006,59.0,0.4000000000000057,0.4000000000000057
2026-12-02 22:42:57,59.8,59.6,0.20624999999999716,0.20624999999999716
2026-12-02 22:43:02,58.0,57.47,0.53125,0.53125
2026-12-02 22:43:06,61.3,62.16,-0.8562500000000028,0.8562500000000028
2026-12-02 22:43:11,56.3,56.88,-0.5750000000000028,0.5750000000000028
2026-12-02 22:43:16,69.3,68.7,0.6124999999999972,0.6124999999999972
2026-12-02 22:43:21,70.4,65.56,4.837500000000006,4.837500000000006
2026-12-02 22:43:25,55.099999999999994,56.47,-1.3687500000000057,1.3687500000000057
2026-12-02 22:43:30,53.599999999999994,54.3,-0.7125000000000057,0.7125000000000057
2026-12-02 22:43:35,64.7,64.0,0.7000000000000028,0.7000000000000028
2026-12-02 22:43:39,61.3,60.97,0.33124999999999716,0.33124999999999716
2026-12-02 22:43:44,63.6,60.6,3.0062500000000014,3.0062500000000014
2026-12-02 22:43:49,59.0,57.44,1.5625,1.5625
2026-12-02 22:43:53,60.0,60.38,-0.375,0.375
2026-12-02 22:43:58,56.5,58.12,-1.625,1.625
2026-12-02 22:44:03,59.2,56.8,2.387500000000003,2.387500000000003
2026-12-02 22:44:08,61.3,61.4,-0.10625000000000284,0.10625000000000284
2026-12-02 22:44:12,59.099999999999994,59.97,-0.8687500000000057,0.8687500000000057
2026-12-02 22:44:17,57.199999999999996,58.9,-1.7062500000000043,1.7062500000000043
2026-12-02 22:44:22,59.1,59.53,-0.4312499999999986,0.4312499999999986
2026-12-02 22:44:26,56.3,58.22,-1.9187500000000028,1.9187500000000028
2026-12-02 22:44:31,56.0,56.28,-0.28125,0.28125
2026-12-02 22:44:36,65.1,64.0,1.0999999999999943,1.0999999999999943
2026-12-02 22:44:41,55.9,55.78,0.11874999999999858,0.11874999999999858
2026-12-02 22:44:45,60.599999999999994,60.4,0.19374999999999432,0.19374999999999432
2026-12-02 22:44:50,61.4,61.22,0.18124999999999858,0.18124999999999858
2026-12-02 22:44:55,55.2,56.0,-0.7999999999999972,0.7999999999999972
2026-12-02 22:44:59,58.9,59.8,-0.9125000000000014,0.9125000000000014
2026-12-02 22:45:04,51.0,51.78,-0.78125,0.78125
2026-12-02 22:45:09,53.599999999999994,55.94,-2.3375000000000057,2.3375000000000057
2026-12-02 22:45:13,61.3,59.94,1.3624999999999972,1.3624999999999972
2026-12-02 22:45:18,55.099999999999994,56.16,-1.0562500000000057,1.0562500000000057
2026-12-02 22:45:23,59.8,59.22,0.5812499999999972,0.5812499999999972
2026-12-02 22:45:28,61.5,61.1,0.40625,0.40625
2026-12-02 22:45:32,64.9,63.44,1.4625000000000057,1.4625000000000057
2026-12-02 22:45:37,72.0,68.06,3.9375,3.9375
2026-12-02 22:45:42,57.5,57.53,-0.03125,0.03125
2026-12-02 22:45:46,63.5,63.16,0.34375,0.34375
2026-12-02 22:45:51,57.1,57.2,-0.08749999999999858,0.08749999999999858
2026-12-02 22:45:56,66.9,65.2,1.7125000000000057,1.7125000000000057
2026-12-02 22:46:01,62.800000000000004,61.3,1.4875000000000043,1.4875000000000043
2026-12-02 22:46:05,61.300000000000004,61.03,0.26875000000000426,0.26875000000000426
2026-12-02 22:46:10,64.4,62.88,1.5250000000000057,1.5250000000000057
2026-12-02 22:46:15,58.599999999999994,59.03,-0.4312500000000057,0.4312500000000057
2026-12-02 22:46:19,65.6,63.53,2.0687499999999943,2.0687499999999943
2026-12-02 22:46:24,59.900000000000006,58.97,0.9312500000000057,0.9312500000000057
2026-12-02 22:46:29,57.1,56.66,0.4437500000000014,0.4437500000000014
2026-12-02 22:46:33,61.7,61.38,0.32500000000000284,0.32500000000000284
2026-12-02 22:46:38,59.5,58.12,1.375,1.375
2026-12-02 22:46:43,62.5,63.28,-0.78125,0.78125
2026-12-02 22:46:48,55.4,55.8,-0.4125000000000014,0.4125000000000014
2026-12-02 22:46:52,60.0,61.1,-1.09375,1.09375
2026-12-02 22:46:57,61.2,61.2,0.012500000000002842,0.012500000000002842
2026-12-02 22:47:02,63.1,62.9,0.19375000000000142,0.19375000000000142
2026-12-02 22:47:06,57.7,57.8,-0.11249999999999716,0.11249999999999716
2026-12-02 22:47:11,58.5,59.56,-1.0625,1.0625
2026-12-02 22:47:16,58.1,58.2,-0.08749999999999858,0.08749999999999858
2026-12-02 22:47:21,57.2,57.47,-0.26874999999999716,0.26874999999999716
2026-12-02 22:47:25,56.8,57.56,-0.7625000000000028,0.7625000000000028
2026-12-02 22:47:30,58.7,58.38,0.32500000000000284,0.32500000000000284
2026-12-02 22:47:35,57.400000000000006,58.25,-0.8499999999999943,0.8499999999999943
2026-12-02 22:47:39,59.2,59.5,-0.29999999999999716,0.29999999999999716
2026-12-02 22:47:44,66.8,64.9,1.9249999999999972,1.9249999999999972
2026-12-02 22:47:49,65.19999999999999,62.34,2.8562499999999886,2.8562499999999886
2026-12-02 22:47:53,54.900000000000006,54.84,0.056250000000005684,0.056250000000005684
2026-12-02 22:47:58,59.0,60.56,-1.5625,1.5625
2026-12-02 22:48:03,56.4,57.28,-0.8812500000000014,0.8812500000000014
2026-12-02 22:48:08,65.2,63.16,2.043750000000003,2.043750000000003
2026-12-02 22:48:12,66.0,64.56,1.4375,1.4375
2026-12-02 22:48:17,53.3,52.6,0.7062499999999972,0.7062499999999972
2026-12-02 22:48:22,65.9,65.8,0.08750000000000568,0.08750000000000568
2026-12-02 22:48:26,62.400000000000006,60.8,1.5875000000000057,1.5875000000000057
2026-12-02 22:48:31,63.300000000000004,61.6,1.7062500000000043,1.7062500000000043
2026-12-02 22:48:36,56.699999999999996,57.94,-1.2375000000000043,1.2375000000000043
2026-12-02 22:48:41,59.4,57.5,1.8999999999999986,1.8999999999999986
2026-12-02 22:48:45,68.6,67.2,1.4124999999999943,1.4124999999999943
2026-12-02 22:48:50,69.5,65.44,4.0625,4.0625
2026-12-02 22:48:55,63.4,62.12,1.2749999999999986,1.2749999999999986
2026-12-02 22:48:59,73.9,69.4,4.525000000000006,4.525000000000006
2026-12-02 22:49:04,56.7,55.25,1.4500000000000028,1.4500000000000028
2026-12-02 22:49:09,58.599999999999994,58.56,0.037499999999994316,0.037499999999994316
2026-12-02 22:49:13,65.1,65.4,-0.2750000000000057,0.2750000000000057
2026-12-02 22:49:18,69.2,65.6,3.575000000000003,3.575000000000003
2026-12-02 22:49:23,63.7,62.34,1.3562500000000028,1.3562500000000028
2026-12-02 22:49:28,57.4,57.34,0.05624999999999858,0.05624999999999858
2026-12-02 22:49:32,61.7,61.7,0.012500000000002842,0.012500000000002842
2026-12-02 22:49:37,55.0,53.9,1.09375,1.09375
2026-12-02 22:49:42,68.7,67.56,1.1375000000000028,1.1375000000000028
2026-12-02 22:49:46,63.5,60.62,2.875,2.875
2026-12-02 22:49:51,71.6,68.1,3.4749999999999943,3.4749999999999943
2026-12-02 22:49:56,58.300000000000004,56.5,1.8000000000000043,1.8000000000000043
2026-12-02 22:50:01,63.5,62.16,1.34375,1.34375
2026-12-02 22:50:05,52.400000000000006,53.84,-1.4437499999999943,1.4437499999999943
2026-12-02 22:50:10,66.4,64.4,2.0250000000000057,2.0250000000000057
2026-12-02 22:50:15,60.5,59.0,1.5,1.5
2026-12-02 22:50:19,62.1,61.0,1.1000000000000014,1.1000000000000014
2026-12-02 22:50:24,64.8,63.44,1.3624999999999972,1.3624999999999972
2026-12-02 22:50:29,57.0,55.75,1.25,1.25
2026-12-02 22:50:34,65.3,65.25,0.04999999999999716,0.04999999999999716
2026-12-02 22:50:38,62.6,62.38,0.22500000000000142,0.22500000000000142
2026-12-02 22:50:43,58.2,57.22,0.9812500000000028,0.9812500000000028
2026-12-02 22:50:48,66.19999999999999,65.25,0.9499999999999886,0.9499999999999886
2026-12-02 22:50:52,60.3,59.06,1.2374999999999972,1.2374999999999972
2026-12-02 22:50:57,58.400000000000006,58.22,0.18125000000000568,0.18125000000000568
2026-12-02 22:51:02,55.900000000000006,55.3,0.5875000000000057,0.5875000000000057
2026-12-02 22:51:06,60.2,59.3,0.8875000000000028,0.8875000000000028
2026-12-02 22:51:11,59.2,58.94,0.26250000000000284,0.26250000000000284
2026-12-02 22:51:16,51.9,54.06,-2.1625000000000014,2.1625000000000014
2026-12-02 22:51:21,50.6,51.06,-0.4624999999999986,0.4624999999999986
2026-12-02 22:51:25,61.0,61.2,-0.1875,0.1875
2026-12-02 22:51:30,57.400000000000006,58.1,-0.6937499999999943,0.6937499999999943
2026-12-02 22:51:35,59.300000000000004,60.16,-0.8562499999999957,0.8562499999999957
2026-12-02 22:51:39,58.3,56.6,1.7062499999999972,1.7062499999999972
2026-12-02 22:51:44,56.4,57.53,-1.1312500000000014,1.1312500000000014
2026-12-02 22:51:49,58.7,59.12,-0.42499999999999716,0.42499999999999716
2026-12-02 22:51:54,59.8,60.25,-0.45000000000000284,0.45000000000000284
2026-12-02 22:51:58,64.80000000000001,64.9,-0.07499999999998863,0.07499999999998863
2026-12-02 22:52:03,52.699999999999996,52.78,-0.08125000000000426,0.08125000000000426
2026-12-02 22:52:08,65.9,63.84,2.0562500000000057,2.0562500000000057
2026-12-02 22:52:12,59.1,58.66,0.4437500000000014,0.4437500000000014
2026-12-02 22:52:17,61.0,59.66,1.34375,1.34375
2026-12-02 22:52:22,56.8,57.44,-0.6375000000000028,0.6375000000000028
2026-12-02 22:52:26,65.2,63.88,1.3250000000000028,1.3250000000000028
2026-12-02 22:52:31,65.1,62.47,2.6312499999999943,2.6312499999999943
2026-12-02 22:52:36,54.4,55.75,-1.3500000000000014,1.3500000000000014
2026-12-02 22:52:41,61.0,61.7,-0.6875,0.6875
2026-12-02 22:52:45,53.5,53.84,-0.34375,0.34375
2026-12-02 22:52:50,53.7,55.7,-1.9874999999999972,1.9874999999999972
2026-12-02 22:52:55,62.9,61.84,1.0562499999999986,1.0562499999999986
2026-12-02 22:52:59,65.2,64.6,0.5750000000000028,0.5750000000000028
2026-12-02 22:53:04,59.0,56.97,2.03125,2.03125
2026-12-02 22:53:09,65.3,63.16,2.143749999999997,2.143749999999997
2026-12-02 22:53:14,63.900000000000006,62.72,1.1812500000000057,1.1812500000000057
2026-12-02 22:53:18,59.5,58.47,1.03125,1.03125
2026-12-02 22:53:23,61.8,61.06,0.7374999999999972,0.7374999999999972
2026-12-02 22:53:28,56.2,56.03,0.16875000000000284,0.16875000000000284
2026-12-02 22:53:32,63.2,63.28,-0.08124999999999716,0.08124999999999716
2026-12-02 22:53:37,65.6,64.3,1.2874999999999943,1.2874999999999943
2026-12-02 22:53:42,62.0,60.2,1.8125,1.8125
2026-12-02 22:53:46,60.3,59.44,0.8624999999999972,0.8624999999999972
2026-12-02 22:53:51,52.0,53.03,-1.03125,1.03125
2026-12-02 22:53:56,52.1,53.47,-1.3687499999999986,1.3687499999999986
2026-12-02 22:54:01,52.3,53.6,-1.2937500000000028,1.2937500000000028
2026-12-02 22:54:05,55.7,56.78,-1.0812499999999972,1.0812499999999972
2026-12-02 22:54:10,59.2,60.38,-1.1749999999999972,1.1749999999999972
2026-12-02 22:54:15,58.6,57.28,1.3187500000000014,1.3187500000000014
2026-12-02 22:54:19,60.9,61.53,-0.6312500000000014,0.6312500000000014
2026-12-02 22:54:24,64.2,62.88,1.3250000000000028,1.3250000000000028
2026-12-02 22:54:29,55.4,55.1,0.3062499999999986,0.3062499999999986
2026-12-02 22:54:34,57.9,57.8,0.08749999999999858,0.08749999999999858
2026-12-02 22:54:38,61.6,61.22,0.3812500000000014,0.3812500000000014
2026-12-02 22:54:43,63.8,62.78,1.0187499999999972,1.0187499999999972
2026-12-02 22:54:48,60.099999999999994,59.8,0.2874999999999943,0.2874999999999943
2026-12-02 22:54:52,55.5,56.06,-0.5625,0.5625
2026-12-02 22:54:57,60.8,60.38,0.42499999999999716,0.42499999999999716
2026-12-02 22:55:02,56.3,57.28,-0.9812500000000028,0.9812500000000028
2026-12-02 22:55:06,51.6,50.8,0.7875000000000014,0.7875000000000014
2026-12-02 22:55:11,64.5,64.06,0.4375,0.4375
2026-12-02 22:55:16,66.5,64.44,2.0625,2.0625
2026-12-02 22:55:21,68.3,64.1,4.174999999999997,4.174999999999997
2026-12-02 22:55:25,54.5,54.84,-0.34375,0.34375
2026-12-02 22:55:30,53.7,54.44,-0.7374999999999972,0.7374999999999972
2026-12-02 22:55:35,58.6,60.06,-1.4624999999999986,1.4624999999999986
2026-12-02 22:55:39,71.6,70.2,1.4124999999999943,1.4124999999999943
2026-12-02 22:55:44,61.5,60.25,1.25,1.25
2026-12-02 22:55:49,59.400000000000006,58.25,1.1500000000000057,1.1500000000000057
2026-12-02 22:55:54,58.9,59.72,-0.8187500000000014,0.8187500000000014
2026-12-02 22:55:58,55.800000000000004,58.2,-2.3874999999999957,2.3874999999999957
2026-12-02 22:56:03,56.5,55.3,1.1875,1.1875
2026-12-02 22:56:08,60.1,61.28,-1.1812499999999986,1.1812499999999986
2026-12-02 22:56:12,66.2,64.5,1.7000000000000028,1.7000000000000028
2026-12-02 22:56:17,63.900000000000006,62.34,1.5562500000000057,1.5562500000000057
2026-12-02 22:56:22,63.4,62.66,0.7437499999999986,0.7437499999999986
2026-12-02 22:56:26,69.0,66.1,2.875,2.875
2026-12-02 22:56:31,67.1,65.56,1.5374999999999943,1.5374999999999943
2026-12-02 22:56:36,65.9,62.3,3.5875000000000057,3.5875000000000057
2026-12-02 22:56:41,54.9,55.06,-0.16250000000000142,0.16250000000000142
2026-12-02 22:56:45,59.3,59.9,-0.6062500000000028,0.6062500000000028
2026-12-02 22:56:50,60.7,61.78,-1.0812499999999972,1.0812499999999972
2026-12-02 22:56:55,56.0,57.88,-1.875,1.875
2026-12-02 22:56:59,63.599999999999994,63.2,0.4124999999999943,0.4124999999999943
2026-12-02 22:57:04,70.1,68.8,1.2874999999999943,1.2874999999999943
2026-12-02 22:57:09,56.7,57.5,-0.7999999999999972,0.7999999999999972
2026-12-02 22:57:14,59.400000000000006,60.16,-0.7562499999999943,0.7562499999999943
2026-12-02 23:06:55,56.4,54.28,2.1187499999999986,2.1187499999999986
2026-12-02 23:07:00,55.400000000000006,54.78,0.6187500000000057,0.6187500000000057
2026-12-02 23:07:04,62.8,61.34,1.4562499999999972,1.4562499999999972
2026-12-02 23:07:09,62.4,61.0,1.3999999999999986,1.3999999999999986
2026-12-02 23:07:14,70.69999999999999,69.25,1.4499999999999886,1.4499999999999886
2026-12-02 23:07:18,54.8,55.47,-0.6687500000000028,0.6687500000000028
2026-12-02 23:07:23,62.7,61.1,1.6062500000000028,1.6062500000000028
2026-12-02 23:07:28,60.9,60.72,0.18124999999999858,0.18124999999999858
2026-12-02 23:07:33,61.3,58.94,2.362499999999997,2.362499999999997
2026-12-02 23:07:37,54.2,55.25,-1.0499999999999972,1.0499999999999972
2026-12-02 23:07:42,57.6,56.97,0.6312500000000014,0.6312500000000014
2026-12-02 23:07:47,53.8,56.34,-2.543750000000003,2.543750000000003
2026-12-02 23:07:51,64.6,63.72,0.8812499999999943,0.8812499999999943
2026-12-02 23:07:56,62.5,60.8,1.6875,1.6875
2026-12-02 23:08:01,55.6,56.8,-1.2124999999999986,1.2124999999999986
2026-12-02 23:08:06,55.5,56.9,-1.40625,1.40625
2026-12-02 23:08:10,55.900000000000006,57.47,-1.5687499999999943,1.5687499999999943
2026-12-02 23:08:15,59.099999999999994,56.8,2.2874999999999943,2.2874999999999943
2026-12-02 23:08:20,76.6,75.06,1.5374999999999943,1.5374999999999943
2026-12-02 23:08:24,51.099999999999994,53.25,-2.1500000000000057,2.1500000000000057
2026-12-02 23:08:29,60.7,61.7,-0.9874999999999972,0.9874999999999972
2026-12-02 23:08:34,55.2,55.16,0.04375000000000284,0.04375000000000284
2026-12-02 23:08:39,55.5,56.62,-1.125,1.125
2026-12-02 23:08:43,57.5,56.44,1.0625,1.0625
2026-12-02 23:08:48,54.6,55.53,-0.9312499999999986,0.9312499999999986
2026-12-02 23:08:53,53.4,53.2,0.21249999999999858,0.21249999999999858
2026-12-02 23:08:57,60.5,60.1,0.40625,0.40625
2026-12-02 23:09:02,61.1,58.75,2.3500000000000014,2.3500000000000014
2026-12-02 23:09:07,55.599999999999994,56.6,-0.9937500000000057,0.9937500000000057
2026-12-02 23:09:11,51.400000000000006,51.88,-0.4749999999999943,0.4749999999999943
2026-12-02 23:09:16,55.099999999999994,57.8,-2.7125000000000057,2.7125000000000057
2026-12-02 23:09:21,56.900000000000006,56.25,0.6500000000000057,0.6500000000000057
2026-12-02 23:09:26,58.8,59.66,-0.8562500000000028,0.8562500000000028
2026-12-02 23:09:30,58.0,57.25,0.75,0.75
2026-12-02 23:09:35,53.2,55.22,-2.018749999999997,2.018749999999997
2026-12-02 23:09:40,51.599999999999994,55.4,-3.8062500000000057,3.8062500000000057
2026-12-02 23:09:44,67.4,65.3,2.0875000000000057,2.0875000000000057
2026-12-02 23:09:49,60.8,60.78,0.018749999999997158,0.018749999999997158
2026-12-02 23:09:54,54.6,54.16,0.4437500000000014,0.4437500000000014
2026-12-02 23:09:59,54.0,54.75,-0.75,0.75
2026-12-02 23:10:03,51.9,53.3,-1.4125000000000014,1.4125000000000014
2026-12-02 23:10:08,60.3,59.44,0.8624999999999972,0.8624999999999972
2026-12-02 23:10:13,57.5,57.34,0.15625,0.15625
2026-12-02 23:10:17,62.5,61.0,1.5,1.5
2026-12-02 23:10:22,53.400000000000006,53.8,-0.4124999999999943,0.4124999999999943
2026-12-02 23:10:27,59.0,59.3,-0.3125,0.3125
2026-12-02 23:10:31,53.800000000000004,54.0,-0.19999999999999574,0.19999999999999574
2026-12-02 23:10:36,64.2,63.75,0.45000000000000284,0.45000000000000284
2026-12-02 23:10:41,57.7,56.9,0.7937500000000028,0.7937500000000028
2026-12-02 23:10:46,57.6,56.25,1.3500000000000014,1.3500000000000014
2026-12-02 23:10:50,58.7,58.8,-0.11249999999999716,0.11249999999999716
2026-12-02 23:10:55,55.8,56.28,-0.48125000000000284,0.48125000000000284
2026-12-02 23:11:00,56.699999999999996,55.4,1.2937499999999957,1.2937499999999957
2026-12-02 23:11:04,52.9,55.47,-2.5687500000000014,2.5687500000000014
2026-12-02 23:11:09,51.0,50.97,0.03125,0.03125
2026-12-02 23:11:14,65.1,66.2,-1.0875000000000057,1.0875000000000057
2026-12-02 23:11:19,58.0,56.75,1.25,1.25
2026-12-02 23:11:23,56.1,56.28,-0.18124999999999858,0.18124999999999858
2026-12-02 23:11:28,59.5,59.7,-0.1875,0.1875
2026-12-02 23:11:33,52.2,53.9,-1.7062499999999972,1.7062499999999972
2026-12-02 23:11:37,52.400000000000006,52.03,0.3687500000000057,0.3687500000000057
2026-12-02 23:11:42,49.7,53.53,-3.831249999999997,3.831249999999997
2026-12-02 23:11:47,58.8,57.9,0.8937499999999972,0.8937499999999972
2026-12-02 23:11:51,54.4,55.25,-0.8500000000000014,0.8500000000000014
2026-12-02 23:11:56,56.3,57.66,-1.3562500000000028,1.3562500000000028
2026-12-02 23:12:01,75.9,71.94,3.9625000000000057,3.9625000000000057
2026-12-02 23:12:06,49.2,50.0,-0.7999999999999972,0.7999999999999972
2026-12-02 23:12:10,53.3,54.78,-1.4812500000000028,1.4812500000000028
2026-12-02 23:12:15,56.3,55.7,0.6124999999999972,0.6124999999999972
2026-12-02 23:12:20,53.2,53.25,-0.04999999999999716,0.04999999999999716
2026-12-02 23:12:24,57.3,57.22,0.08124999999999716,0.08124999999999716
2026-12-02 23:12:29,57.0,58.38,-1.375,1.375
2026-12-02 23:12:34,51.4,53.97,-2.5687500000000014,2.5687500000000014
2026-12-02 23:12:39,63.2,63.7,-0.48749999999999716,0.48749999999999716
2026-12-02 23:12:43,59.9,58.88,1.0249999999999986,1.0249999999999986
2026-12-02 23:12:48,64.9,62.72,2.1812500000000057,2.1812500000000057
2026-12-02 23:12:53,58.300000000000004,56.94,1.3625000000000043,1.3625000000000043
2026-12-02 23:12:57,52.7,52.97,-0.26874999999999716,0.26874999999999716
2026-12-02 23:13:02,69.6,69.25,0.3499999999999943,0.3499999999999943
2026-12-02 23:13:07,51.0,52.28,-1.28125,1.28125
2026-12-02 23:13:11,67.4,67.56,-0.16249999999999432,0.16249999999999432
2026-12-02 23:13:16,62.2,59.94,2.262500000000003,2.262500000000003
2026-12-02 23:13:21,58.2,56.75,1.4500000000000028,1.4500000000000028
2026-12-02 23:13:26,59.6,59.2,0.4125000000000014,0.4125000000000014
2026-12-02 23:13:30,49.099999999999994,49.7,-0.5875000000000057,0.5875000000000057
2026-12-02 23:13:35,52.7,54.88,-2.174999999999997,2.174999999999997
2026-12-02 23:13:40,55.199999999999996,55.56,-0.36250000000000426,0.36250000000000426
2026-12-02 23:13:44,55.6,56.44,-0.8374999999999986,0.8374999999999986
2026-12-02 23:13:49,52.0,53.06,-1.0625,1.0625
2026-12-02 23:13:54,53.8,54.75,-0.9500000000000028,0.9500000000000028
2026-12-02 23:13:59,50.5,52.03,-1.53125,1.53125
2026-12-02 23:14:03,58.099999999999994,56.75,1.3499999999999943,1.3499999999999943
2026-12-02 23:14:08,60.0,59.2,0.8125,0.8125
2026-12-02 23:14:13,55.9,55.2,0.7124999999999986,0.7124999999999986
2026-12-02 23:14:17,60.7,61.3,-0.6124999999999972,0.6124999999999972
2026-12-02 23:14:22,62.3,61.03,1.2687499999999972,1.2687499999999972
2026-12-02 23:14:27,67.5,64.6,2.875,2.875
2026-12-02 23:14:31,52.800000000000004,53.38,-0.5749999999999957,0.5749999999999957
2026-12-02 23:14:36,53.0,54.38,-1.375,1.375
2026-12-02 23:14:41,67.2,65.3,1.8875000000000028,1.8875000000000028
2026-12-02 23:14:46,54.800000000000004,55.6,-0.7937499999999957,0.7937499999999957
2026-12-02 23:14:50,56.2,55.4,0.7937500000000028,0.7937500000000028
2026-12-02 23:14:55,61.5,61.1,0.40625,0.40625
2026-12-02 23:15:00,50.4,50.6,-0.19375000000000142,0.19375000000000142
2026-12-02 23:15:04,57.2,58.22,-1.0187499999999972,1.0187499999999972
2026-12-02 23:15:09,52.9,55.22,-2.3187500000000014,2.3187500000000014
2026-12-02 23:15:14,58.2,57.7,0.5125000000000028,0.5125000000000028
2026-12-02 23:15:19,57.8,56.75,1.0499999999999972,1.0499999999999972
2026-12-02 23:15:23,59.7,59.62,0.07500000000000284,0.07500000000000284
2026-12-02 23:15:28,57.1,56.53,0.5687500000000014,0.5687500000000014
2026-12-02 23:15:33,65.0,63.34,1.65625,1.65625
2026-12-02 23:15:37,72.5,70.3,2.1875,2.1875
2026-12-02 23:15:42,58.8,58.3,0.48749999999999716,0.48749999999999716
2026-12-02 23:15:47,64.6,62.75,1.8499999999999943,1.8499999999999943
2026-12-02 23:15:51,56.5,54.0,2.5,2.5
2026-12-02 23:15:56,72.4,72.44,-0.037499999999994316,0.037499999999994316
2026-12-02 23:16:01,64.8,63.66,1.1437499999999972,1.1437499999999972
2026-12-02 23:16:06,59.6,58.88,0.7250000000000014,0.7250000000000014
2026-12-02 23:16:10,61.7,59.9,1.7937500000000028,1.7937500000000028
2026-12-02 23:16:15,61.800000000000004,60.75,1.0500000000000043,1.0500000000000043
2026-12-02 23:16:20,59.400000000000006,58.56,0.8375000000000057,0.8375000000000057
2026-12-02 23:16:24,71.9,68.3,3.5875000000000057,3.5875000000000057
2026-12-02 23:16:29,59.199999999999996,57.84,1.3562499999999957,1.3562499999999957
2026-12-02 23:16:34,55.7,54.28,1.4187500000000028,1.4187500000000028
2026-12-02 23:16:39,61.699999999999996,61.4,0.29374999999999574,0.29374999999999574
2026-12-02 23:16:43,61.7,60.62,1.0750000000000028,1.0750000000000028
2026-12-02 23:16:48,67.69999999999999,66.44,1.2624999999999886,1.2624999999999886
2026-12-02 23:16:53,64.4,61.94,2.4625000000000057,2.4625000000000057
2026-12-02 23:16:57,55.099999999999994,54.84,0.2562499999999943,0.2562499999999943
2026-12-02 23:17:02,54.900000000000006,55.44,-0.5374999999999943,0.5374999999999943
2026-12-02 23:17:07,65.9,65.8,0.08750000000000568,0.08750000000000568
2026-12-02 23:17:11,59.5,58.6,0.90625,0.90625
2026-12-02 23:17:16,70.69999999999999,68.06,2.6374999999999886,2.6374999999999886
2026-12-02 23:17:21,70.7,66.8,3.887500000000003,3.887500000000003
2026-12-02 23:17:26,71.1,66.75,4.349999999999994,4.349999999999994
2026-12-02 23:17:30,64.69999999999999,61.88,2.8249999999999886,2.8249999999999886
2026-12-02 23:17:35,72.3,67.44,4.862499999999997,4.862499999999997
2026-12-02 23:17:40,73.5,68.9,4.625,4.625
2026-12-02 23:17:44,61.2,59.72,1.4812500000000028,1.4812500000000028
2026-12-02 23:17:49,68.1,66.2,1.9124999999999943,1.9124999999999943
2026-12-02 23:17:54,69.8,65.3,4.487499999999997,4.487499999999997
2026-12-02 23:17:59,70.6,66.9,3.7249999999999943,3.7249999999999943
2026-12-02 23:18:03,78.4,71.3,7.087500000000006,7.087500000000006
2026-12-02 23:18:08,63.3,59.6,3.706249999999997,3.706249999999997
2026-12-02 23:18:13,55.2,54.88,0.32500000000000284,0.32500000000000284
2026-12-02 23:18:17,66.9,65.7,1.2125000000000057,1.2125000000000057
2026-12-02 23:18:22,56.5,57.38,-0.875,0.875
2026-12-02 23:18:27,61.2,59.97,1.2312500000000028,1.2312500000000028
2026-12-02 23:18:32,66.0,63.12,2.875,2.875
2026-12-02 23:18:36,74.9,68.9,6.025000000000006,6.025000000000006
2026-12-02 23:18:41,63.5,62.03,1.46875,1.46875
2026-12-02 23:18:46,63.9,62.28,1.6187499999999986,1.6187499999999986
2026-12-02 23:18:50,63.4,62.4,0.9937499999999986,0.9937499999999986
2026-12-02 23:18:55,75.19999999999999,72.4,2.8249999999999886,2.8249999999999886
2026-12-02 23:19:00,76.6,69.3,7.287499999999994,7.287499999999994
2026-12-02 23:19:04,72.1,67.75,4.349999999999994,4.349999999999994
2026-12-02 23:19:09,62.8,60.53,2.268749999999997,2.268749999999997
2026-12-02 23:19:14,71.8,69.2,2.612499999999997,2.612499999999997
2026-12-02 23:19:19,67.69999999999999,63.3,4.387499999999989,4.387499999999989
2026-12-02 23:19:23,55.5,55.5,0.0,0.0
2026-12-02 23:19:28,57.5,58.34,-0.84375,0.84375
2026-12-02 23:19:33,57.7,57.3,0.38750000000000284,0.38750000000000284
2026-12-02 23:19:37,55.5,55.22,0.28125,0.28125
2026-12-02 23:19:42,62.099999999999994,62.16,-0.056250000000005684,0.056250000000005684
2026-12-02 23:19:47,57.4,56.9,0.4937499999999986,0.4937499999999986
2026-12-02 23:19:51,51.5,51.78,-0.28125,0.28125
2026-12-02 23:19:56,58.400000000000006,58.8,-0.4124999999999943,0.4124999999999943
2026-12-02 23:20:01,61.2,58.8,2.387500000000003,2.387500000000003
2026-12-02 23:20:06,55.900000000000006,56.1,-0.19374999999999432,0.19374999999999432
2026-12-02 23:20:10,52.599999999999994,54.12,-1.5250000000000057,1.5250000000000057
2026-12-02 23:20:15,74.8,72.5,2.299999999999997,2.299999999999997
2026-12-02 23:20:20,60.5,59.88,0.625,0.625
2026-12-02 23:20:24,61.099999999999994,59.1,2.0062499999999943,2.0062499999999943
2026-12-02 23:20:29,54.3,55.1,-0.7937500000000028,0.7937500000000028
2026-12-02 23:20:34,55.5,55.47,0.03125,0.03125
2026-12-02 23:20:39,59.400000000000006,56.84,2.5562500000000057,2.5562500000000057
2026-12-02 23:20:43,59.4,59.53,-0.13125000000000142,0.13125000000000142
2026-12-02 23:20:48,63.199999999999996,62.8,0.38749999999999574,0.38749999999999574
2026-12-02 23:20:53,59.400000000000006,58.78,0.6187500000000057,0.6187500000000057
2026-12-02 23:20:57,58.9,59.2,-0.2875000000000014,0.2875000000000014
2026-12-02 23:21:02,57.6,58.72,-1.1187499999999986,1.1187499999999986
2026-12-02 23:21:07,59.800000000000004,59.8,-0.012499999999995737,0.012499999999995737
2026-12-02 23:21:12,61.2,59.1,2.106250000000003,2.106250000000003
2026-12-02 23:21:16,65.5,62.62,2.875,2.875
2026-12-02 23:21:21,57.8,57.66,0.14374999999999716,0.14374999999999716
2026-12-02 23:21:26,59.2,59.3,-0.11249999999999716,0.11249999999999716
2026-12-02 23:21:30,60.3,60.47,-0.16875000000000284,0.16875000000000284
2026-12-02 23:21:35,56.7,54.94,1.7625000000000028,1.7625000000000028
2026-12-02 23:21:40,58.5,59.16,-0.65625,0.65625
2026-12-02 23:21:44,62.5,61.75,0.75,0.75
2026-12-02 23:21:49,66.5,64.1,2.375,2.375
2026-12-02 23:21:54,61.1,60.6,0.5062500000000014,0.5062500000000014
2026-12-02 23:21:59,66.2,64.6,1.5750000000000028,1.5750000000000028
2026-12-02 23:22:03,65.2,63.94,1.2625000000000028,1.2625000000000028
2026-12-02 23:22:08,58.8,58.03,0.7687499999999972,0.7687499999999972
2026-12-02 23:22:13,65.2,64.7,0.5125000000000028,0.5125000000000028
2026-12-02 23:22:17,57.3,56.72,0.5812499999999972,0.5812499999999972
2026-12-02 23:22:22,59.7,59.47,0.23125000000000284,0.23125000000000284
2026-12-02 23:22:27,65.2,64.6,0.5750000000000028,0.5750000000000028
2026-12-02 23:22:32,59.2,58.06,1.1375000000000028,1.1375000000000028
2026-12-02 23:22:36,65.1,63.03,2.0687499999999943,2.0687499999999943
2026-12-02 23:22:41,62.099999999999994,61.56,0.5374999999999943,0.5374999999999943
2026-12-02 23:22:46,61.2,60.84,0.35625000000000284,0.35625000000000284
2026-12-02 23:22:50,65.7,64.4,1.3250000000000028,1.3250000000000028
2026-12-02 23:22:55,55.7,54.62,1.0750000000000028,1.0750000000000028
2026-12-02 23:23:00,57.0,56.94,0.0625,0.0625
2026-12-02 23:23:04,56.8,56.75,0.04999999999999716,0.04999999999999716
2026-12-02 23:23:09,63.3,63.03,0.26874999999999716,0.26874999999999716
2026-12-02 23:23:14,62.4,61.2,1.2124999999999986,1.2124999999999986
2026-12-02 23:23:19,80.4,73.4,7.025000000000006,7.025000000000006
2026-12-02 23:23:23,56.2,55.56,0.6375000000000028,0.6375000000000028
2026-12-02 23:23:28,67.5,66.75,0.75,0.75
2026-12-02 23:23:33,54.0,53.4,0.59375,0.59375
2026-12-02 23:23:37,59.099999999999994,59.38,-0.2750000000000057,0.2750000000000057
2026-12-02 23:23:42,57.400000000000006,56.62,0.7750000000000057,0.7750000000000057
2026-12-02 23:23:47,64.1,63.12,0.9749999999999943,0.9749999999999943
2026-12-02 23:23:52,66.5,64.8,1.6875,1.6875
2026-12-02 23:23:56,63.2,60.28,2.918750000000003,2.918750000000003
2026-12-02 23:24:01,58.0,57.47,0.53125,0.53125
2026-12-02 23:24:06,62.400000000000006,61.03,1.3687500000000057,1.3687500000000057
2026-12-02 23:24:10,59.8,59.16,0.6437499999999972,0.6437499999999972
2026-12-02 23:24:15,56.5,56.5,0.0,0.0
2026-12-02 23:24:20,62.5,61.12,1.375,1.375
2026-12-02 23:24:24,59.5,58.12,1.375,1.375
2026-12-02 23:24:29,55.8,56.62,-0.8250000000000028,0.8250000000000028
2026-12-02 23:24:34,57.0,56.72,0.28125,0.28125
2026-12-02 23:24:39,60.3,58.94,1.3624999999999972,1.3624999999999972
2026-12-02 23:24:43,59.1,59.28,-0.18124999999999858,0.18124999999999858
2026-12-02 23:24:48,55.900000000000006,55.0,0.9000000000000057,0.9000000000000057
2026-12-02 23:24:53,59.3,56.8,2.487499999999997,2.487499999999997
2026-12-02 23:24:57,65.6,63.03,2.5687499999999943,2.5687499999999943
2026-12-02 23:25:02,59.8,58.38,1.4249999999999972,1.4249999999999972
2026-12-02 23:25:07,55.3,55.06,0.23749999999999716,0.23749999999999716
2026-12-02 23:25:12,56.7,55.38,1.3250000000000028,1.3250000000000028
2026-12-02 23:25:16,63.800000000000004,63.16,0.6437500000000043,0.6437500000000043
2026-12-02 23:25:21,67.0,64.7,2.3125,2.3125
2026-12-02 23:25:26,57.0,54.53,2.46875,2.46875
2026-12-02 23:25:30,69.4,67.3,2.0875000000000057,2.0875000000000057
2026-12-02 23:25:35,79.1,72.1,6.974999999999994,6.974999999999994
2026-12-02 23:25:40,64.4,61.16,3.2437500000000057,3.2437500000000057
2026-12-02 23:25:44,61.599999999999994,60.22,1.3812499999999943,1.3812499999999943
2026-12-02 23:25:49,57.8,58.25,-0.45000000000000284,0.45000000000000284
2026-12-02 23:25:54,60.1,58.88,1.2250000000000014,1.2250000000000014
2026-12-02 23:25:59,60.099999999999994,58.72,1.3812499999999943,1.3812499999999943
2026-12-02 23:26:03,66.7,64.75,1.9500000000000028,1.9500000000000028
2026-12-02 23:26:08,59.0,56.03,2.96875,2.96875
2026-12-02 23:26:13,61.0,61.06,-0.0625,0.0625
2026-12-02 23:26:17,67.9,66.06,1.8375000000000057,1.8375000000000057
2026-12-02 23:26:22,62.900000000000006,61.8,1.0875000000000057,1.0875000000000057
2026-12-02 23:26:27,67.1,63.97,3.1312499999999943,3.1312499999999943
2026-12-02 23:26:32,64.4,62.0,2.4000000000000057,2.4000000000000057
2026-12-02 23:26:36,59.5,58.97,0.53125,0.53125
2026-12-02 23:26:41,62.900000000000006,61.03,1.8687500000000057,1.8687500000000057
2026-12-02 23:26:46,59.8,58.4,1.3937499999999972,1.3937499999999972
2026-12-02 23:26:50,62.3,60.8,1.4874999999999972,1.4874999999999972
2026-12-02 23:26:55,53.5,53.75,-0.25,0.25
2026-12-02 23:27:00,60.2,59.78,0.41875000000000284,0.41875000000000284
2026-12-02 23:27:04,65.9,65.6,0.2750000000000057,0.2750000000000057
2026-12-02 23:27:09,64.3,62.47,1.8312499999999972,1.8312499999999972
2026-12-02 23:27:14,60.199999999999996,58.47,1.7312499999999957,1.7312499999999957
2026-12-02 23:27:19,62.0,61.25,0.75,0.75
2026-12-02 23:27:23,66.1,64.94,1.1624999999999943,1.1624999999999943
2026-12-02 23:27:28,61.3,60.38,0.9249999999999972,0.9249999999999972
2026-12-02 23:27:33,63.5,60.97,2.53125,2.53125
2026-12-02 23:27:37,63.4,62.4,0.9937499999999986,0.9937499999999986
2026-12-02 23:27:42,69.2,67.44,1.7625000000000028,1.7625000000000028
2026-12-02 23:27:47,61.6,60.66,0.9437500000000014,0.9437500000000014
2026-12-02 23:27:52,58.1,56.34,1.7562500000000014,1.7562500000000014
2026-12-02 23:27:56,66.6,65.06,1.5374999999999943,1.5374999999999943
2026-12-02 23:28:01,78.9,74.7,4.212500000000006,4.212500000000006
2026-12-02 23:28:06,85.7,74.6,11.075000000000003,11.075000000000003
2026-12-02 23:28:10,59.7,56.7,3.012500000000003,3.012500000000003
2026-12-02 23:28:15,64.8,62.8,1.9874999999999972,1.9874999999999972
2026-12-02 23:28:20,66.7,64.25,2.450000000000003,2.450000000000003
2026-12-02 23:28:24,71.9,68.4,3.5250000000000057,3.5250000000000057
2026-12-02 23:28:29,63.300000000000004,61.9,1.3937500000000043,1.3937500000000043
2026-12-02 23:28:34,63.0,60.5,2.5,2.5
2026-12-02 23:28:39,62.6,60.6,2.0062500000000014,2.0062500000000014
2026-12-02 23:28:43,53.2,54.9,-1.7062499999999972,1.7062499999999972
2026-12-02 23:28:48,56.9,56.8,0.08749999999999858,0.08749999999999858
2026-12-02 23:28:53,61.099999999999994,61.03,0.06874999999999432,0.06874999999999432
2026-12-02 23:28:57,64.0,62.66,1.34375,1.34375
2026-12-02 23:29:02,71.4,67.1,4.275000000000006,4.275000000000006
2026-12-02 23:29:07,66.5,63.28,3.21875,3.21875
2026-12-02 23:29:12,82.0,75.9,6.125,6.125
2026-12-02 23:29:16,74.2,67.1,7.075000000000003,7.075000000000003
2026-12-02 23:29:21,74.0,68.56,5.4375,5.4375
2026-12-02 23:29:26,67.4,64.94,2.4625000000000057,2.4625000000000057
2026-12-02 23:29:30,67.0,65.2,1.8125,1.8125
2026-12-02 23:29:35,55.3,54.4,0.8937499999999972,0.8937499999999972
2026-12-02 23:29:40,76.2,72.3,3.887500000000003,3.887500000000003
2026-12-02 23:29:44,68.5,64.7,3.8125,3.8125
2026-12-02 23:29:49,66.80000000000001,63.7,3.1125000000000114,3.1125000000000114
2026-12-02 23:29:54,68.4,65.44,2.9625000000000057,2.9625000000000057
2026-12-02 23:29:59,61.7,60.3,1.3875000000000028,1.3875000000000028
2026-12-02 23:30:03,73.5,69.1,4.375,4.375
2026-12-02 23:30:08,68.4,64.6,3.7750000000000057,3.7750000000000057
2026-12-02 23:30:13,69.8,66.75,3.049999999999997,3.049999999999997
2026-12-02 23:30:17,63.2,61.75,1.4500000000000028,1.4500000000000028
2026-12-02 23:30:22,64.5,62.28,2.21875,2.21875
2026-12-02 23:30:27,72.7,67.25,5.450000000000003,5.450000000000003
2026-12-02 23:30:32,62.900000000000006,60.06,2.8375000000000057,2.8375000000000057
2026-12-02 23:30:36,67.19999999999999,64.2,3.0124999999999886,3.0124999999999886
2026-12-02 23:30:41,73.30000000000001,69.2,4.112500000000011,4.112500000000011
2026-12-02 23:30:46,57.3,56.25,1.0499999999999972,1.0499999999999972
2026-12-02 23:30:50,63.900000000000006,63.12,0.7750000000000057,0.7750000000000057
2026-12-02 23:30:55,54.900000000000006,54.72,0.18125000000000568,0.18125000000000568
2026-12-02 23:31:00,61.900000000000006,61.0,0.9000000000000057,0.9000000000000057
2026-12-02 23:31:04,62.2,60.72,1.4812500000000028,1.4812500000000028
2026-12-02 23:31:09,64.8,64.25,0.5499999999999972,0.5499999999999972
2026-12-02 23:31:14,72.1,67.1,4.974999999999994,4.974999999999994
2026-12-02 23:31:19,63.8,61.75,2.049999999999997,2.049999999999997
2026-12-02 23:31:23,57.0,54.66,2.34375,2.34375
2026-12-02 23:31:28,60.1,59.6,0.5062500000000014,0.5062500000000014
2026-12-02 23:31:33,60.3,58.6,1.7062499999999972,1.7062499999999972
2026-12-02 23:31:37,59.7,59.25,0.45000000000000284,0.45000000000000284
2026-12-02 23:31:42,55.5,54.12,1.375,1.375
2026-12-02 23:31:47,60.7,61.75,-1.0499999999999972,1.0499999999999972
2026-12-02 23:31:52,57.800000000000004,56.25,1.5500000000000043,1.5500000000000043
2026-12-02 23:31:56,61.099999999999994,58.94,2.1624999999999943,2.1624999999999943
2026-12-02 23:32:01,63.7,62.97,0.7312500000000028,0.7312500000000028
2026-12-02 23:32:06,60.7,60.34,0.35625000000000284,0.35625000000000284
2026-12-02 23:32:10,56.9,55.88,1.0249999999999986,1.0249999999999986
2026-12-02 23:32:15,75.69999999999999,74.0,1.6999999999999886,1.6999999999999886
2026-12-02 23:32:20,59.0,56.2,2.8125,2.8125
2026-12-02 23:32:24,60.7,61.34,-0.6437499999999972,0.6437499999999972
2026-12-02 23:32:29,53.7,54.06,-0.36249999999999716,0.36249999999999716
2026-12-02 23:32:34,62.1,61.2,0.9125000000000014,0.9125000000000014
2026-12-02 23:32:39,55.2,54.25,0.9500000000000028,0.9500000000000028
2026-12-02 23:32:43,65.9,65.3,0.5875000000000057,0.5875000000000057
2026-12-02 23:32:48,57.3,56.0,1.2999999999999972,1.2999999999999972
2026-12-02 23:32:53,58.2,58.56,-0.36249999999999716,0.36249999999999716
2026-12-02 23:32:57,65.7,64.94,0.7625000000000028,0.7625000000000028
2026-12-02 23:33:02,64.6,62.1,2.5062499999999943,2.5062499999999943
2026-12-02 23:33:07,77.69999999999999,72.06,5.637499999999989,5.637499999999989
2026-12-02 23:33:12,57.9,55.75,2.1499999999999986,2.1499999999999986
2026-12-02 23:33:16,62.0,60.8,1.1875,1.1875
2026-12-02 23:33:21,63.0,60.97,2.03125,2.03125
2026-12-02 23:33:26,63.699999999999996,62.6,1.1062499999999957,1.1062499999999957
2026-12-02 23:33:30,69.1,65.9,3.2249999999999943,3.2249999999999943
2026-12-02 23:33:35,70.3,66.75,3.549999999999997,3.549999999999997
2026-12-02 23:33:40,58.5,58.28,0.21875,0.21875
2026-12-02 23:33:44,62.8,62.56,0.23749999999999716,0.23749999999999716
2026-12-02 23:33:49,61.7,60.34,1.3562500000000028,1.3562500000000028
2026-12-02 23:33:54,61.0,60.3,0.6875,0.6875
2026-12-02 23:33:59,70.30000000000001,68.44,1.8625000000000114,1.8625000000000114
2026-12-02 23:34:03,64.8,63.53,1.2687499999999972,1.2687499999999972
2026-12-02 23:34:08,61.1,58.72,2.3812500000000014,2.3812500000000014
2026-12-02 23:34:13,61.5,60.66,0.84375,0.84375
2026-12-02 23:34:17,66.6,64.44,2.1624999999999943,2.1624999999999943
2026-12-02 23:34:22,57.4,57.53,-0.13125000000000142,0.13125000000000142
2026-12-02 23:34:27,61.2,58.75,2.450000000000003,2.450000000000003
2026-12-02 23:34:32,75.7,71.44,4.262500000000003,4.262500000000003
2026-12-02 23:34:36,66.6,63.22,3.3812499999999943,3.3812499999999943
2026-12-02 23:34:41,69.5,65.3,4.1875,4.1875
2026-12-02 23:34:46,72.9,69.0,3.9000000000000057,3.9000000000000057
2026-12-02 23:34:50,57.4,56.28,1.1187499999999986,1.1187499999999986
2026-12-02 23:34:55,54.5,55.2,-0.6875,0.6875
2026-12-02 23:35:00,63.2,61.56,1.6375000000000028,1.6375000000000028
2026-12-02 23:35:04,57.9,56.97,0.9312499999999986,0.9312499999999986
2026-12-02 23:35:09,57.7,57.3,0.38750000000000284,0.38750000000000284
2026-12-02 23:35:14,52.6,52.84,-0.24374999999999858,0.24374999999999858
2026-12-02 23:35:19,65.1,63.4,1.6937499999999943,1.6937499999999943
2026-12-02 23:35:23,62.3,60.66,1.6437499999999972,1.6437499999999972
2026-12-02 23:35:28,59.8,58.38,1.4249999999999972,1.4249999999999972
2026-12-02 23:35:33,54.7,55.06,-0.36249999999999716,0.36249999999999716
2026-12-02 23:35:37,55.6,54.5,1.1000000000000014,1.1000000000000014
2026-12-02 23:35:42,59.6,59.78,-0.18124999999999858,0.18124999999999858
2026-12-02 23:35:47,64.1,62.56,1.5374999999999943,1.5374999999999943
2026-12-02 23:35:52,69.69999999999999,66.0,3.6999999999999886,3.6999999999999886
2026-12-02 23:35:56,59.7,56.53,3.168750000000003,3.168750000000003
2026-12-02 23:36:01,60.8,58.8,1.9874999999999972,1.9874999999999972
2026-12-02 23:36:06,57.8,56.5,1.2999999999999972,1.2999999999999972
2026-12-02 23:36:10,64.5,63.72,0.78125,0.78125
2026-12-02 23:36:15,60.699999999999996,57.8,2.8874999999999957,2.8874999999999957
2026-12-02 23:36:20,78.5,74.5,4.0,4.0
2026-12-02 23:36:24,71.2,66.0,5.200000000000003,5.200000000000003
2026-12-02 23:36:29,57.3,55.12,2.174999999999997,2.174999999999997
2026-12-02 23:36:34,63.6,61.8,1.7875000000000014,1.7875000000000014
2026-12-02 23:36:39,57.4,57.03,0.3687499999999986,0.3687499999999986
2026-12-02 23:36:43,67.4,66.6,0.7750000000000057,0.7750000000000057
2026-12-02 23:36:48,63.9,61.84,2.0562499999999986,2.0562499999999986
2026-12-02 23:36:53,50.9,51.4,-0.5062500000000014,0.5062500000000014
2026-12-02 23:36:57,60.699999999999996,60.06,0.6374999999999957,0.6374999999999957
2026-12-02 23:37:02,64.2,62.6,1.6062500000000028,1.6062500000000028
2026-12-02 23:37:07,69.3,66.0,3.299999999999997,3.299999999999997
2026-12-02 23:37:12,64.9,61.7,3.2125000000000057,3.2125000000000057
2026-12-02 23:37:16,65.6,62.44,3.1624999999999943,3.1624999999999943
2026-12-02 23:37:21,69.0,65.6,3.375,3.375
2026-12-02 23:37:26,51.900000000000006,51.12,0.7750000000000057,0.7750000000000057
2026-12-02 23:37:30,51.6,53.4,-1.8062499999999986,1.8062499999999986
2026-12-02 23:37:35,65.1,65.6,-0.5250000000000057,0.5250000000000057
2026-12-02 23:37:40,60.8,60.1,0.7062499999999972,0.7062499999999972
2026-12-02 23:37:44,56.2,56.34,-0.14374999999999716,0.14374999999999716
2026-12-02 23:37:49,61.5,60.78,0.71875,0.71875
2026-12-02 23:37:54,55.599999999999994,55.97,-0.3687500000000057,0.3687500000000057
2026-12-02 23:37:59,59.900000000000006,58.94,0.9625000000000057,0.9625000000000057
2026-12-02 23:38:03,56.1,55.1,1.0062500000000014,1.0062500000000014
2026-12-02 23:38:08,53.7,54.53,-0.8312499999999972,0.8312499999999972
2026-12-02 23:38:13,62.1,61.12,0.9750000000000014,0.9750000000000014
2026-12-02 23:38:17,60.5,58.7,1.8125,1.8125
2026-12-02 23:38:22,56.099999999999994,55.06,1.0374999999999943,1.0374999999999943
2026-12-02 23:38:27,55.599999999999994,56.3,-0.7125000000000057,0.7125000000000057
2026-12-02 23:38:32,57.2,55.28,1.9187500000000028,1.9187500000000028
2026-12-02 23:38:36,61.6,61.12,0.4750000000000014,0.4750000000000014
2026-12-02 23:38:41,72.5,69.44,3.0625,3.0625
2026-12-02 23:38:46,68.3,64.7,3.612499999999997,3.612499999999997
2026-12-02 23:38:50,58.4,56.47,1.9312499999999986,1.9312499999999986
2026-12-02 23:38:55,65.3,63.03,2.268749999999997,2.268749999999997
2026-12-02 23:39:00,73.5,68.9,4.625,4.625
2026-12-02 23:39:04,66.3,63.06,3.237499999999997,3.237499999999997
2026-12-02 23:39:09,58.7,58.06,0.6375000000000028,0.6375000000000028
2026-12-02 23:39:14,68.30000000000001,64.7,3.6125000000000114,3.6125000000000114
2026-12-02 23:39:19,58.3,55.9,2.393749999999997,2.393749999999997
2026-12-02 23:39:23,58.6,57.44,1.1625000000000014,1.1625000000000014
2026-12-02 23:39:28,68.2,66.56,1.6375000000000028,1.6375000000000028
2026-12-02 23:39:33,71.5,67.2,4.3125,4.3125
2026-12-02 23:39:37,61.599999999999994,60.2,1.4124999999999943,1.4124999999999943
2026-12-02 23:39:42,56.3,56.25,0.04999999999999716,0.04999999999999716
2026-12-02 23:39:47,56.4,56.28,0.11874999999999858,0.11874999999999858
2026-12-02 23:39:52,62.300000000000004,61.4,0.8937500000000043,0.8937500000000043
2026-12-02 23:39:56,57.2,56.25,0.9500000000000028,0.9500000000000028
2026-12-02 23:40:01,64.7,62.97,1.7312500000000028,1.7312500000000028
2026-12-02 23:40:06,58.599999999999994,58.8,-0.21250000000000568,0.21250000000000568
2026-12-02 23:40:10,69.8,66.4,3.424999999999997,3.424999999999997
2026-12-02 23:40:15,72.7,68.1,4.575000000000003,4.575000000000003
2026-12-02 23:40:20,57.599999999999994,55.47,2.1312499999999943,2.1312499999999943
2026-12-02 23:40:24,60.0,60.2,-0.1875,0.1875
2026-12-02 23:40:29,61.0,60.62,0.375,0.375
2026-12-02 23:40:34,58.8,57.88,0.9249999999999972,0.9249999999999972
2026-12-02 23:40:39,58.0,58.06,-0.0625,0.0625
2026-12-02 23:40:43,61.0,59.28,1.71875,1.71875
2026-12-02 23:40:48,56.199999999999996,54.97,1.2312499999999957,1.2312499999999957
2026-12-02 23:40:53,52.5,53.06,-0.5625,0.5625
2026-12-02 23:40:57,66.4,63.62,2.7750000000000057,2.7750000000000057
2026-12-02 23:41:02,71.4,69.25,2.1500000000000057,2.1500000000000057
2026-12-02 23:41:07,68.2,64.2,4.012500000000003,4.012500000000003
2026-12-02 23:41:12,60.0,58.62,1.375,1.375
2026-12-02 23:41:16,52.4,51.72,0.6812499999999986,0.6812499999999986
2026-12-02 23:41:21,57.099999999999994,56.8,0.2874999999999943,0.2874999999999943
2026-12-02 23:41:26,59.2,59.6,-0.39374999999999716,0.39374999999999716
2026-12-02 23:41:30,59.7,59.12,0.5750000000000028,0.5750000000000028
2026-12-02 23:41:35,58.2,59.1,-0.8937499999999972,0.8937499999999972
2026-12-02 23:41:40,58.2,57.84,0.35625000000000284,0.35625000000000284
2026-12-02 23:41:44,60.1,59.2,0.9125000000000014,0.9125000000000014
2026-12-02 23:41:49,60.2,60.56,-0.36249999999999716,0.36249999999999716
2026-12-02 23:41:54,60.099999999999994,58.94,1.1624999999999943,1.1624999999999943
2026-12-02 23:41:59,67.9,64.44,3.4625000000000057,3.4625000000000057
2026-12-02 23:42:03,68.5,65.25,3.25,3.25
2026-12-02 23:42:08,60.900000000000006,58.4,2.4937500000000057,2.4937500000000057
2026-12-02 23:42:13,54.599999999999994,54.97,-0.3687500000000057,0.3687500000000057
2026-12-02 23:42:17,48.5,49.72,-1.21875,1.21875
2026-12-02 23:42:22,57.1,55.03,2.0687500000000014,2.0687500000000014
2026-12-02 23:42:27,66.8,65.44,1.3624999999999972,1.3624999999999972
2026-12-02 23:42:32,69.19999999999999,66.8,2.3874999999999886,2.3874999999999886
2026-12-02 23:42:36,56.9,54.22,2.6812499999999986,2.6812499999999986
2026-12-02 23:42:41,74.2,70.4,3.825000000000003,3.825000000000003
2026-12-02 23:42:46,69.7,64.7,5.012500000000003,5.012500000000003
2026-12-02 23:42:50,61.4,59.8,1.5874999999999986,1.5874999999999986
2026-12-02 23:42:55,63.8,63.2,0.6124999999999972,0.6124999999999972
2026-12-02 23:43:00,53.1,51.6,1.5062500000000014,1.5062500000000014
2026-12-02 23:43:04,55.099999999999994,54.6,0.5062499999999943,0.5062499999999943
2026-12-02 23:43:09,55.0,54.7,0.3125,0.3125
2026-12-02 23:43:14,57.199999999999996,58.6,-1.3937500000000043,1.3937500000000043
2026-12-02 23:43:19,52.400000000000006,52.88,-0.4749999999999943,0.4749999999999943
2026-12-02 23:43:23,62.599999999999994,61.47,1.1312499999999943,1.1312499999999943
2026-12-02 23:43:28,55.7,54.9,0.7937500000000028,0.7937500000000028
2026-12-02 23:43:33,51.8,50.8,0.9874999999999972,0.9874999999999972
2026-12-02 23:43:37,54.5,52.47,2.03125,2.03125
2026-12-02 23:43:42,59.6,57.94,1.6625000000000014,1.6625000000000014
2026-12-02 23:43:47,57.800000000000004,57.28,0.5187500000000043,0.5187500000000043
2026-12-02 23:43:52,55.1,55.12,-0.02499999999999858,0.02499999999999858
2026-12-02 23:43:56,55.0,55.3,-0.3125,0.3125
2026-12-02 23:44:01,54.900000000000006,55.28,-0.3812499999999943,0.3812499999999943
2026-12-02 23:44:06,62.699999999999996,61.4,1.2937499999999957,1.2937499999999957
2026-12-02 23:44:10,78.6,72.0,6.599999999999994,6.599999999999994
2026-12-02 23:44:15,60.3,57.06,3.237499999999997,3.237499999999997
2026-12-02 23:44:20,56.7,56.5,0.20000000000000284,0.20000000000000284
2026-12-02 23:44:24,67.5,64.9,2.625,2.625
2026-12-02 23:44:29,56.9,55.53,1.3687499999999986,1.3687499999999986
2026-12-02 23:44:34,62.0,60.9,1.09375,1.09375
2026-12-02 23:44:39,58.5,58.3,0.1875,0.1875
2026-12-02 23:44:43,57.699999999999996,57.4,0.29374999999999574,0.29374999999999574
2026-12-02 23:44:48,65.1,63.12,1.9749999999999943,1.9749999999999943
2026-12-02 23:44:53,60.5,58.5,2.0,2.0
2026-12-02 23:44:57,52.2,50.6,1.6062500000000028,1.6062500000000028
2026-12-02 23:45:02,57.8,59.6,-1.7937500000000028,1.7937500000000028
2026-12-02 23:45:07,58.5,58.7,-0.1875,0.1875
2026-12-02 23:45:12,54.0,52.8,1.1875,1.1875
2026-12-02 23:45:16,57.3,57.0,0.29999999999999716,0.29999999999999716
2026-12-02 23:45:21,61.4,58.84,2.5562499999999986,2.5562499999999986
2026-12-02 23:45:26,55.2,55.0,0.20000000000000284,0.20000000000000284
2026-12-02 23:45:30,60.5,60.2,0.3125,0.3125
2026-12-02 23:45:35,56.2,54.9,1.2937500000000028,1.2937500000000028
2026-12-02 23:45:40,56.9,55.34,1.5562499999999986,1.5562499999999986
2026-12-02 23:45:44,56.3,56.78,-0.48125000000000284,0.48125000000000284
2026-12-02 23:45:49,55.099999999999994,55.25,-0.15000000000000568,0.15000000000000568
2026-12-02 23:45:54,64.19999999999999,63.3,0.8874999999999886,0.8874999999999886
2026-12-02 23:45:59,68.6,65.8,2.7874999999999943,2.7874999999999943
2026-12-02 23:46:03,53.599999999999994,54.47,-0.8687500000000057,0.8687500000000057
2026-12-02 23:46:08,58.400000000000006,57.56,0.8375000000000057,0.8375000000000057
2026-12-02 23:46:13,61.1,61.25,-0.14999999999999858,0.14999999999999858
2026-12-02 23:46:17,53.8,52.6,1.2062499999999972,1.2062499999999972
2026-12-02 23:46:22,59.4,59.25,0.14999999999999858,0.14999999999999858
2026-12-02 23:46:27,55.4,55.03,0.3687499999999986,0.3687499999999986
2026-12-02 23:46:32,59.3,56.78,2.518749999999997,2.518749999999997
2026-12-02 23:46:36,58.7,57.4,1.2937500000000028,1.2937500000000028
2026-12-02 23:46:41,58.8,57.25,1.5499999999999972,1.5499999999999972
2026-12-02 23:46:46,55.699999999999996,57.25,-1.5500000000000043,1.5500000000000043
2026-12-02 23:46:50,58.5,57.22,1.28125,1.28125
2026-12-02 23:46:55,65.4,62.9,2.4937500000000057,2.4937500000000057
2026-12-02 23:47:00,64.19999999999999,62.03,2.1687499999999886,2.1687499999999886
2026-12-02 23:47:04,55.4,54.78,0.6187499999999986,0.6187499999999986
2026-12-02 23:47:09,60.800000000000004,60.22,0.5812500000000043,0.5812500000000043
2026-12-02 23:47:14,61.3,60.88,0.42499999999999716,0.42499999999999716
2026-12-02 23:47:19,60.199999999999996,58.9,1.2937499999999957,1.2937499999999957
2026-12-02 23:47:23,55.0,53.78,1.21875,1.21875
2026-12-02 23:47:28,65.4,66.2,-0.7874999999999943,0.7874999999999943
2026-12-02 23:47:33,74.9,70.9,4.025000000000006,4.025000000000006
2026-12-02 23:47:37,56.099999999999994,55.22,0.8812499999999943,0.8812499999999943
2026-12-02 23:47:42,63.400000000000006,63.06,0.3375000000000057,0.3375000000000057
2026-12-02 23:47:47,61.900000000000006,61.25,0.6500000000000057,0.6500000000000057
2026-12-02 23:47:52,62.7,60.72,1.9812500000000028,1.9812500000000028
2026-12-02 23:47:56,57.900000000000006,58.97,-1.0687499999999943,1.0687499999999943
2026-12-02 23:48:01,59.3,56.4,2.893749999999997,2.893749999999997
2026-12-02 23:48:06,57.3,57.38,-0.07500000000000284,0.07500000000000284
2026-12-02 23:48:10,55.7,55.12,0.5750000000000028,0.5750000000000028
2026-12-02 23:48:15,55.8,54.47,1.3312499999999972,1.3312499999999972
2026-12-02 23:48:20,55.7,55.44,0.26250000000000284,0.26250000000000284
2026-12-02 23:48:24,60.2,59.53,0.6687500000000028,0.6687500000000028
2026-12-02 23:48:29,55.0,54.94,0.0625,0.0625
2026-12-02 23:48:34,58.5,58.28,0.21875,0.21875
2026-12-02 23:48:39,62.599999999999994,62.66,-0.056250000000005684,0.056250000000005684
2026-12-02 23:48:43,55.4,54.78,0.6187499999999986,0.6187499999999986
2026-12-02 23:48:48,59.0,59.03,-0.03125,0.03125
2026-12-02 23:48:53,57.2,56.03,1.1687500000000028,1.1687500000000028
2026-12-02 23:48:57,62.099999999999994,61.38,0.7249999999999943,0.7249999999999943
2026-12-02 23:49:02,59.1,58.0,1.1000000000000014,1.1000000000000014
2026-12-02 23:49:07,52.900000000000006,52.9,-0.006249999999994316,0.006249999999994316
2026-12-02 23:49:12,57.400000000000006,57.8,-0.4124999999999943,0.4124999999999943
2026-12-02 23:49:16,63.6,61.22,2.3812500000000014,2.3812500000000014
2026-12-02 23:49:21,67.5,64.25,3.25,3.25
2026-12-02 23:49:26,51.400000000000006,51.3,0.08750000000000568,0.08750000000000568
2026-12-02 23:49:30,58.099999999999994,57.94,0.16249999999999432,0.16249999999999432
2026-12-02 23:49:35,64.2,62.8,1.3875000000000028,1.3875000000000028
2026-12-02 23:49:40,59.0,57.9,1.09375,1.09375
2026-12-02 23:49:44,63.5,62.84,0.65625,0.65625
2026-12-02 23:49:49,65.6,62.25,3.3499999999999943,3.3499999999999943
2026-12-02 23:49:54,61.8,60.25,1.5499999999999972,1.5499999999999972
2026-12-02 23:49:59,59.7,58.03,1.6687500000000028,1.6687500000000028
2026-12-02 23:50:03,66.7,64.6,2.075000000000003,2.075000000000003
2026-12-02 23:50:08,62.900000000000006,60.84,2.0562500000000057,2.0562500000000057
2026-12-02 23:50:13,57.9,56.84,1.0562499999999986,1.0562499999999986
2026-12-02 23:50:17,56.0,57.3,-1.3125,1.3125
2026-12-02 23:50:22,61.5,60.84,0.65625,0.65625
2026-12-02 23:50:27,62.400000000000006,60.84,1.5562500000000057,1.5562500000000057
2026-12-02 23:50:32,68.4,65.75,2.6500000000000057,2.6500000000000057
2026-12-02 23:50:36,64.4,61.84,2.5562500000000057,2.5562500000000057
2026-12-02 23:50:41,71.5,67.1,4.375,4.375
2026-12-02 23:50:46,65.3,63.2,2.112499999999997,2.112499999999997
2026-12-02 23:50:50,60.8,57.66,3.143749999999997,3.143749999999997
2026-12-02 23:50:55,56.0,55.16,0.84375,0.84375
2026-12-02 23:51:00,61.1,60.9,0.19375000000000142,0.19375000000000142
2026-12-02 23:51:04,61.1,58.53,2.5687500000000014,2.5687500000000014
2026-12-02 23:51:09,58.6,56.47,2.1312500000000014,2.1312500000000014
2026-12-02 23:51:14,61.9,59.44,2.4624999999999986,2.4624999999999986
2026-12-02 23:51:19,63.4,60.38,3.0249999999999986,3.0249999999999986
2026-12-02 23:51:23,51.3,52.72,-1.4187500000000028,1.4187500000000028
2026-12-02 23:51:28,58.0,57.78,0.21875,0.21875
2026-12-02 23:51:33,55.7,54.3,1.3875000000000028,1.3875000000000028
2026-12-02 23:51:37,54.4,54.6,-0.19375000000000142,0.19375000000000142
2026-12-02 23:51:42,55.900000000000006,56.88,-0.9749999999999943,0.9749999999999943
2026-12-02 23:51:47,65.6,62.84,2.7562499999999943,2.7562499999999943
2026-12-02 23:51:52,57.8,56.75,1.0499999999999972,1.0499999999999972
2026-12-02 23:51:56,58.9,59.28,-0.3812500000000014,0.3812500000000014
2026-12-02 23:52:01,62.2,60.56,1.6375000000000028,1.6375000000000028
2026-12-02 23:52:06,62.6,62.34,0.2562500000000014,0.2562500000000014
2026-12-02 23:52:10,54.0,54.75,-0.75,0.75
2026-12-02 23:52:15,59.300000000000004,58.6,0.7062500000000043,0.7062500000000043
2026-12-02 23:52:20,53.1,52.88,0.22500000000000142,0.22500000000000142
2026-12-02 23:52:24,58.4,57.78,0.6187499999999986,0.6187499999999986
2026-12-02 23:52:29,60.9,59.34,1.5562499999999986,1.5562499999999986
2026-12-02 23:52:34,57.7,57.06,0.6375000000000028,0.6375000000000028
2026-12-02 23:52:39,55.0,56.06,-1.0625,1.0625
2026-12-02 23:52:43,66.5,64.9,1.625,1.625
2026-12-02 23:52:48,57.2,56.7,0.5125000000000028,0.5125000000000028
2026-12-02 23:52:53,66.6,64.8,1.7874999999999943,1.7874999999999943
2026-12-02 23:52:57,58.3,56.03,2.268749999999997,2.268749999999997
2026-12-02 23:53:02,57.8,57.47,0.33124999999999716,0.33124999999999716
2026-12-02 23:53:07,57.1,57.3,-0.21249999999999858,0.21249999999999858
2026-12-02 23:53:12,54.3,54.3,-0.012500000000002842,0.012500000000002842
2026-12-02 23:53:16,59.7,59.1,0.6062500000000028,0.6062500000000028
2026-12-02 23:53:21,60.400000000000006,59.16,1.2437500000000057,1.2437500000000057
2026-12-02 23:53:26,58.0,58.16,-0.15625,0.15625
2026-12-02 23:53:30,55.0,54.28,0.71875,0.71875
2026-12-02 23:53:35,59.300000000000004,59.72,-0.41874999999999574,0.41874999999999574
2026-12-02 23:53:40,59.599999999999994,59.1,0.5062499999999943,0.5062499999999943
2026-12-02 23:53:44,59.8,58.2,1.6124999999999972,1.6124999999999972
2026-12-02 23:53:49,61.8,58.75,3.049999999999997,3.049999999999997
2026-12-02 23:53:54,57.2,57.16,0.04375000000000284,0.04375000000000284
2026-12-02 23:53:59,60.3,58.28,2.018749999999997,2.018749999999997
2026-12-02 23:54:03,59.2,59.56,-0.36249999999999716,0.36249999999999716
2026-12-02 23:54:08,53.2,55.0,-1.7999999999999972,1.7999999999999972
2026-12-02 23:54:13,56.8,56.84,-0.04375000000000284,0.04375000000000284
2026-12-02 23:54:17,60.6,58.9,1.6937500000000014,1.6937500000000014
2026-12-02 23:54:22,62.099999999999994,61.6,0.5062499999999943,0.5062499999999943
2026-12-02 23:54:27,60.2,58.78,1.4187500000000028,1.4187500000000028
2026-12-02 23:54:32,74.1,70.06,4.037499999999994,4.037499999999994
2026-12-02 23:54:36,56.3,54.2,2.112499999999997,2.112499999999997
2026-12-02 23:54:41,65.5,63.4,2.09375,2.09375
2026-12-02 23:54:46,62.699999999999996,60.56,2.1374999999999957,2.1374999999999957
2026-12-02 23:54:50,65.0,62.3,2.6875,2.6875
2026-12-02 23:54:55,59.5,58.78,0.71875,0.71875
2026-12-02 23:55:00,62.8,62.44,0.36249999999999716,0.36249999999999716
2026-12-02 23:55:05,52.7,52.47,0.23125000000000284,0.23125000000000284
2026-12-02 23:55:09,59.2,58.84,0.35625000000000284,0.35625000000000284
2026-12-02 23:55:14,65.1,65.25,-0.15000000000000568,0.15000000000000568
2026-12-02 23:55:19,66.1,64.06,2.0374999999999943,2.0374999999999943
2026-12-02 23:55:23,52.0,51.3,0.6875,0.6875
2026-12-02 23:55:28,58.900000000000006,60.03,-1.1312499999999943,1.1312499999999943
2026-12-02 23:55:33,63.6,62.75,0.8500000000000014,0.8500000000000014
2026-12-02 23:55:37,55.699999999999996,54.66,1.0437499999999957,1.0437499999999957
2026-12-02 23:55:42,59.7,60.25,-0.5499999999999972,0.5499999999999972
2026-12-02 23:55:47,61.5,60.8,0.6875,0.6875
2026-12-02 23:55:52,53.599999999999994,52.56,1.0374999999999943,1.0374999999999943
2026-12-02 23:55:56,50.900000000000006,50.94,-0.037499999999994316,0.037499999999994316
2026-12-02 23:56:01,54.2,53.44,0.7625000000000028,0.7625000000000028
2026-12-02 23:56:06,67.0,65.25,1.75,1.75
2026-12-02 23:56:10,56.4,56.6,-0.19375000000000142,0.19375000000000142
2026-12-02 23:56:15,60.599999999999994,58.38,2.2249999999999943,2.2249999999999943
2026-12-02 23:56:20,58.2,56.03,2.168750000000003,2.168750000000003
2026-12-02 23:56:25,59.3,58.44,0.8624999999999972,0.8624999999999972
2026-12-02 23:56:29,63.3,62.7,0.6124999999999972,0.6124999999999972
2026-12-02 23:56:34,68.30000000000001,65.9,2.4250000000000114,2.4250000000000114
2026-12-02 23:56:39,62.4,60.25,2.1499999999999986,2.1499999999999986
2026-12-02 23:56:43,62.9,60.78,2.1187499999999986,2.1187499999999986
2026-12-02 23:56:48,59.0,58.9,0.09375,0.09375
2026-12-02 23:56:53,65.9,64.4,1.5250000000000057,1.5250000000000057
2026-12-02 23:56:57,64.0,61.8,2.1875,2.1875
2026-12-02 23:57:02,60.0,57.9,2.09375,2.09375
2026-12-02 23:57:07,59.7,58.75,0.9500000000000028,0.9500000000000028
2026-12-02 23:57:12,55.099999999999994,55.06,0.037499999999994316,0.037499999999994316
2026-12-02 23:57:16,60.7,60.88,-0.17499999999999716,0.17499999999999716
2026-12-02 23:57:21,58.9,56.34,2.5562499999999986,2.5562499999999986
2026-12-02 23:57:26,60.5,60.06,0.4375,0.4375
2026-12-02 23:57:30,65.8,64.1,1.6749999999999972,1.6749999999999972
2026-12-02 23:57:35,60.2,58.06,2.137500000000003,2.137500000000003
2026-12-02 23:57:40,58.2,55.97,2.231250000000003,2.231250000000003
2026-12-02 23:57:45,59.099999999999994,58.6,0.5062499999999943,0.5062499999999943
2026-12-02 23:57:49,58.5,57.3,1.1875,1.1875
2026-12-02 23:57:54,68.2,64.75,3.450000000000003,3.450000000000003
2026-12-02 23:57:59,61.3,57.75,3.549999999999997,3.549999999999997
2026-12-02 23:58:03,60.5,58.75,1.75,1.75
2026-12-02 23:58:08,55.9,55.06,0.8374999999999986,0.8374999999999986
2026-12-02 23:58:13,55.800000000000004,55.34,0.45625000000000426,0.45625000000000426
2026-12-02 23:58:17,59.300000000000004,57.47,1.8312500000000043,1.8312500000000043
2026-12-02 23:58:22,58.1,58.34,-0.24374999999999858,0.24374999999999858
2026-12-02 23:58:27,55.2,54.25,0.9500000000000028,0.9500000000000028
2026-12-02 23:58:32,60.9,59.72,1.1812499999999986,1.1812499999999986
2026-12-02 23:58:36,66.1,64.44,1.6624999999999943,1.6624999999999943
2026-12-02 23:58:41,60.7,57.75,2.950000000000003,2.950000000000003
2026-12-02 23:58:46,58.800000000000004,58.75,0.05000000000000426,0.05000000000000426
2026-12-02 23:58:50,61.5,61.06,0.4375,0.4375
2026-12-02 23:58:55,59.9,58.88,1.0249999999999986,1.0249999999999986
2026-12-02 23:59:00,66.6,64.94,1.6624999999999943,1.6624999999999943
2026-12-02 23:59:05,59.0,56.78,2.21875,2.21875
2026-12-02 23:59:09,61.5,60.88,0.625,0.625
2026-12-02 23:59:14,59.199999999999996,58.44,0.7624999999999957,0.7624999999999957
2026-12-02 23:59:19,59.800000000000004,58.66,1.1437500000000043,1.1437500000000043
2026-12-02 23:59:23,61.6,58.25,3.3500000000000014,3.3500000000000014
2026-12-02 23:59:28,60.3,59.3,0.9874999999999972,0.9874999999999972
2026-12-02 23:59:33,55.7,54.12,1.5750000000000028,1.5750000000000028
2026-12-02 23:59:37,65.2,63.2,2.012500000000003,2.012500000000003
2026-12-02 23:59:42,63.2,60.75,2.450000000000003,2.450000000000003
2026-12-02 23:59:47,65.7,64.25,1.4500000000000028,1.4500000000000028
2026-12-02 23:59:52,60.5,58.12,2.375,2.375
2026-12-02 23:59:56,64.2,62.62,1.5750000000000028,1.5750000000000028
