Timestamp,Actual,Predicted,Error,Abs_Error
2026-12-02 21:34:36,60.1,62.422238363739446,-2.3222383637394444,2.3222383637394444
2026-12-02 21:34:41,56.2,55.330122839960346,0.8698771600396569,0.8698771600396569
2026-12-02 21:34:46,54.900000000000006,53.66940531117661,1.2305946888233947,1.2305946888233947
2026-12-02 21:34:51,52.7,53.19190541230733,-0.4919054123073252,0.4919054123073252
2026-12-02 21:34:55,65.8,66.89293714997534,-1.0929371499753415,1.0929371499753415
2026-12-02 21:35:00,56.9,57.29944593822921,-0.3994459382292135,0.3994459382292135
2026-12-02 21:35:05,56.3,57.110899448531434,-0.8108994485314369,0.8108994485314369
2026-12-02 21:35:09,54.400000000000006,55.236288224739475,-0.8362882247394694,0.8362882247394694
2026-12-02 21:35:14,56.099999999999994,57.23018344339929,-1.1301834433992966,1.1301834433992966
2026-12-02 21:35:19,54.3,55.05461837912968,-0.7546183791296812,0.7546183791296812
2026-12-02 21:35:24,51.7,52.59404769606229,-0.8940476960622874,0.8940476960622874
2026-12-02 21:35:28,52.9,53.74151837155502,-0.8415183715550185,0.8415183715550185
2026-12-02 21:35:33,60.9,59.9699931600185,0.9300068399815018,0.9300068399815018
2026-12-02 21:35:38,56.3,57.81302827885548,-1.5130282788554794,1.5130282788554794
2026-12-02 21:35:42,50.5,50.43396370165037,0.06603629834962987,0.06603629834962987
2026-12-02 21:35:47,54.599999999999994,55.59824562794924,-0.9982456279492453,0.9982456279492453
2026-12-02 21:35:52,52.900000000000006,52.59404769606229,0.30595230393771544,0.30595230393771544
2026-12-02 21:35:56,53.2,52.812739287084526,0.38726071291547726,0.38726071291547726
2026-12-02 21:36:01,53.900000000000006,57.268341708133136,-3.36834170813313,3.36834170813313
2026-12-02 21:36:06,56.0,58.646929726545075,-2.646929726545075,2.646929726545075
2026-12-02 21:36:11,54.9,55.03322892712947,-0.13322892712947265,0.13322892712947265
2026-12-02 21:36:15,63.3,64.79574510606844,-1.4957451060684406,1.4957451060684406
2026-12-02 21:36:20,54.5,55.38192586225598,-0.8819258622559829,0.8819258622559829
2026-12-02 21:36:25,61.599999999999994,61.79588841211364,-0.19588841211364638,0.19588841211364638
2026-12-02 21:36:29,59.3,59.818691928910056,-0.5186919289100587,0.5186919289100587
2026-12-02 21:36:34,59.0,58.49660660584769,0.5033933941523117,0.5033933941523117
2026-12-02 21:36:39,55.6,54.93844882268385,0.6615511773161487,0.6615511773161487
2026-12-02 21:36:44,58.199999999999996,58.275397061094615,-0.07539706109461974,0.07539706109461974
2026-12-02 21:36:48,55.0,57.105913089777225,-2.105913089777225,2.105913089777225
2026-12-02 21:36:53,56.7,55.469754064876035,1.2302459351239676,1.2302459351239676
2026-12-02 21:36:58,54.8,55.236256944515546,-0.43625694451554864,0.43625694451554864
2026-12-02 21:37:02,52.4,52.91882452654821,-0.5188245265482081,0.5188245265482081
2026-12-02 21:37:07,53.2,55.14986871756112,-1.9498687175611167,1.9498687175611167
2026-12-02 21:37:12,54.900000000000006,55.30190144783964,-0.40190144783963433,0.40190144783963433
2026-12-02 21:37:16,59.3,59.532591282602525,-0.23259128260252737,0.23259128260252737
2026-12-02 21:37:21,59.0,59.601197598351625,-0.6011975983516251,0.6011975983516251
2026-12-02 21:37:26,57.2,58.40901789026699,-1.2090178902669848,1.2090178902669848
2026-12-02 21:37:31,54.7,55.30873338796014,-0.608733387960136,0.608733387960136
2026-12-02 21:37:35,52.8,52.91595249424381,-0.11595249424381393,0.11595249424381393
2026-12-02 21:37:40,48.6,49.05876348311306,-0.45876348311306003,0.45876348311306003
2026-12-02 21:37:45,52.6,53.40593881585448,-0.805938815854482,0.805938815854482
2026-12-02 21:37:49,58.3,57.485147339187066,0.8148526608129316,0.8148526608129316
2026-12-02 21:37:54,53.8,53.23386558690502,0.5661344130949786,0.5661344130949786
2026-12-02 21:37:59,65.8,68.41765429222951,-2.617654292229517,2.617654292229517
2026-12-02 21:38:04,57.1,57.609453134627756,-0.5094531346277549,0.5094531346277549
2026-12-02 21:38:08,53.8,53.80914108132971,-0.009141081329715917,0.009141081329715917
2026-12-02 21:38:13,59.4,60.89887317114644,-1.4988731711464425,1.4988731711464425
2026-12-02 21:38:18,54.1,55.336810919454635,-1.2368109194546335,1.2368109194546335
2026-12-02 21:38:22,58.3,58.512427266667586,-0.21242726666758927,0.21242726666758927
2026-12-02 21:38:27,57.2,57.43769334892672,-0.23769334892671878,0.23769334892671878
2026-12-02 21:38:32,60.7,59.913472033355674,0.7865279666443286,0.7865279666443286
2026-12-02 21:38:36,57.5,57.81302827885548,-0.31302827885547657,0.31302827885547657
2026-12-02 21:38:41,55.7,55.201668385499325,0.4983316145006782,0.4983316145006782
2026-12-02 21:38:46,58.3,58.596303338795245,-0.29630333879524784,0.29630333879524784
2026-12-02 21:38:51,52.599999999999994,52.862378428675314,-0.26237842867531924,0.26237842867531924
2026-12-02 21:38:55,55.900000000000006,55.48436758955234,0.41563241044766386,0.41563241044766386
2026-12-02 21:39:00,55.7,55.65546291111689,0.0445370888831107,0.0445370888831107
2026-12-02 21:39:05,54.9,55.206118134372865,-0.3061181343728663,0.3061181343728663
2026-12-02 21:39:09,58.8,59.750085613160955,-0.9500856131609581,0.9500856131609581
2026-12-02 21:39:14,55.3,55.32669315702145,-0.02669315702145525,0.02669315702145525
2026-12-02 21:39:19,61.0,73.08827744218694,-12.088277442186936,12.088277442186936
2026-12-02 21:39:24,63.099999999999994,62.22962987461733,0.8703701253826637,0.8703701253826637
2026-12-02 21:39:28,61.0,62.0336991385986,-1.0336991385985996,1.0336991385985996
2026-12-02 21:39:33,55.5,54.97074230700201,0.5292576929979873,0.5292576929979873
2026-12-02 21:39:38,51.3,53.07095855101491,-1.770958551014914,1.770958551014914
2026-12-02 21:39:42,53.0,52.91595249424381,0.08404750575618891,0.08404750575618891
2026-12-02 21:39:47,61.3,60.72547737279342,0.5745226272065764,0.5745226272065764
2026-12-02 21:39:52,59.900000000000006,59.667124919571215,0.23287508042879068,0.23287508042879068
2026-12-02 21:39:56,50.7,51.1537187780506,-0.45371877805060024,0.45371877805060024
2026-12-02 21:40:01,55.7,56.77283716520063,-1.0728371652006246,1.0728371652006246
2026-12-02 21:40:06,58.4,57.73036760743089,0.6696323925691061,0.6696323925691061
2026-12-02 21:40:11,54.2,53.576330766401455,0.6236692335985481,0.6236692335985481
2026-12-02 21:40:15,64.7,67.29879786272754,-2.5987978627275368,2.5987978627275368
2026-12-02 21:40:20,56.4,57.495687870102735,-1.0956878701027364,1.0956878701027364
2026-12-02 21:40:25,55.300000000000004,55.38192586225598,-0.08192586225597864,0.08192586225597864
2026-12-02 21:40:29,52.8,53.129298932200726,-0.3292989322007287,0.3292989322007287
2026-12-02 21:40:34,55.0,55.31345873163748,-0.31345873163748195,0.31345873163748195
2026-12-02 21:40:39,60.0,59.87433677015418,0.12566322984582,0.12566322984582
2026-12-02 21:40:44,53.5,55.30652695649088,-1.8065269564908775,1.8065269564908775
2026-12-02 21:40:48,66.9,67.27238472441007,-0.3723847244100682,0.3723847244100682
2026-12-02 21:40:53,65.19999999999999,62.413315314662185,2.7866846853378036,2.7866846853378036
2026-12-02 21:40:58,62.699999999999996,61.75155770656278,0.9484422934372176,0.9484422934372176
2026-12-02 21:41:02,61.099999999999994,61.90948319485777,-0.8094831948577763,0.8094831948577763
2026-12-02 21:41:07,54.2,55.274410339864716,-1.0744103398647127,1.0744103398647127
2026-12-02 21:41:12,53.400000000000006,53.010612651552165,0.3893873484478405,0.3893873484478405
2026-12-02 21:41:16,53.0,53.14664978362377,-0.14664978362377212,0.14664978362377212
2026-12-02 21:41:21,60.099999999999994,59.89190766848175,0.20809233151824458,0.20809233151824458
2026-12-02 21:41:26,52.8,53.12847368788631,-0.3284736878863157,0.3284736878863157
2026-12-02 21:41:31,60.9,73.22379709832035,-12.323797098320348,12.323797098320348
2026-12-02 21:41:35,55.300000000000004,57.067695216189904,-1.7676952161898996,1.7676952161898996
2026-12-02 21:41:40,50.6,50.5326306144181,0.0673693855818982,0.0673693855818982
2026-12-02 21:41:45,58.6,61.001223280561426,-2.4012232805614246,2.4012232805614246
2026-12-02 21:41:49,61.8,61.948299037932145,-0.14829903793214783,0.14829903793214783
2026-12-02 21:41:54,61.599999999999994,62.075228615018666,-0.475228615018672,0.475228615018672
2026-12-02 21:41:59,58.0,57.55162265756242,0.4483773424375812,0.4483773424375812
2026-12-02 21:42:04,59.5,59.90121974764312,-0.4012197476431183,0.4012197476431183
2026-12-02 21:42:08,51.599999999999994,50.719465466936704,0.8805345330632903,0.8805345330632903
2026-12-02 21:42:13,57.2,57.740973036283066,-0.5409730362830629,0.5409730362830629
2026-12-02 21:42:18,54.3,55.270274701248425,-0.9702747012484281,0.9702747012484281
2026-12-02 21:42:22,58.7,58.596303338795245,0.10369666120475785,0.10369666120475785
2026-12-02 21:42:27,61.7,60.91344753373441,0.7865524662655901,0.7865524662655901
2026-12-02 21:42:32,57.800000000000004,58.43352798273726,-0.633527982737256,0.633527982737256
2026-12-02 21:42:36,52.599999999999994,53.123359832262395,-0.5233598322624005,0.5233598322624005
2026-12-02 21:42:41,59.7,72.79854707687757,-13.098547076877566,13.098547076877566
2026-12-02 21:42:46,67.3,66.6294613126018,0.6705386873981922,0.6705386873981922
2026-12-02 21:42:51,65.9,64.44240011154268,1.4575998884573238,1.4575998884573238
2026-12-02 21:42:55,54.7,53.6421571176825,1.0578428823175017,1.0578428823175017
2026-12-02 21:43:00,58.4,58.60211152870534,-0.20211152870534477,0.20211152870534477
2026-12-02 21:43:05,53.6,55.13099258992478,-1.5309925899247787,1.5309925899247787
2026-12-02 21:43:09,60.4,59.755285263800786,0.6447147361992123,0.6447147361992123
2026-12-02 21:43:14,53.0,53.031608008192954,-0.03160800819295417,0.03160800819295417
2026-12-02 21:43:19,56.9,57.52158028784663,-0.6215802878466334,0.6215802878466334
2026-12-02 21:43:24,56.0,57.33435642578928,-1.3343564257892808,1.3343564257892808
2026-12-02 21:43:28,57.7,57.46115283994607,0.23884716005393614,0.23884716005393614
2026-12-02 21:43:33,56.099999999999994,55.27701375809838,0.8229862419016172,0.8229862419016172
2026-12-02 21:43:38,62.0,62.209835426797284,-0.20983542679728373,0.20983542679728373
2026-12-02 21:43:42,55.8,55.294337146675275,0.505662853324722,0.505662853324722
2026-12-02 21:43:47,54.7,55.23032252323655,-0.5303225232365492,0.5303225232365492
2026-12-02 21:43:52,58.6,57.487197302130056,1.1128026978699452,1.1128026978699452
2026-12-02 21:43:57,56.599999999999994,55.26429648867929,1.3357035113207019,1.3357035113207019
2026-12-02 21:44:01,62.599999999999994,64.9935324394348,-2.393532439434807,2.393532439434807
2026-12-02 21:44:06,54.8,55.403310314231135,-0.6033103142311376,0.6033103142311376
2026-12-02 21:44:11,53.7,55.38885834087938,-1.6888583408793778,1.6888583408793778
2026-12-02 21:44:15,55.6,55.24251233305215,0.35748766694785417,0.35748766694785417
2026-12-02 21:44:20,53.7,55.179342205258536,-1.4793422052585328,1.4793422052585328
2026-12-02 21:44:25,56.400000000000006,55.48899309820358,0.9110069017964264,0.9110069017964264
2026-12-02 21:44:29,56.2,55.30190144783964,0.8980985521603628,0.8980985521603628
2026-12-02 21:44:34,58.4,58.24567333351649,0.1543266664835059,0.1543266664835059
2026-12-02 21:44:39,55.0,55.08878033977417,-0.08878033977416777,0.08878033977416777
2026-12-02 21:44:44,58.3,57.561944505919946,0.7380554940800508,0.7380554940800508
2026-12-02 21:44:48,52.8,53.0948652423743,-0.2948652423742999,0.2948652423742999
2026-12-02 21:44:53,54.0,53.168415515913765,0.8315844840862354,0.8315844840862354
2026-12-02 21:44:58,53.7,53.266254372429415,0.43374562757058754,0.43374562757058754
2026-12-02 21:45:02,58.199999999999996,61.84048730499791,-3.6404873049979116,3.6404873049979116
2026-12-02 21:45:07,59.7,59.942204944512454,-0.24220494451245145,0.24220494451245145
2026-12-02 21:45:12,55.3,55.00208200105467,0.29791799894533,0.29791799894533
2026-12-02 21:45:17,53.2,53.21651473548198,-0.016514735481976572,0.016514735481976572
2026-12-02 21:45:21,53.4,53.71658465796353,-0.3165846579635314,0.3165846579635314
2026-12-02 21:45:26,64.30000000000001,65.9261904538214,-1.626190453821394,1.626190453821394
2026-12-02 21:45:31,55.5,55.26429648867929,0.23570351132070755,0.23570351132070755
2026-12-02 21:45:35,60.3,72.83163903054513,-12.531639030545136,12.531639030545136
2026-12-02 21:45:40,55.400000000000006,57.10624488050837,-1.7062448805083648,1.7062448805083648
2026-12-02 21:45:45,56.4,55.544501268665925,0.8554987313340732,0.8554987313340732
2026-12-02 21:45:49,57.5,57.762685073690704,-0.2626850736907045,0.2626850736907045
2026-12-02 21:45:54,56.6,58.367701631456214,-1.7677016314562124,1.7677016314562124
2026-12-02 21:45:59,53.0,53.87950969401232,-0.8795096940123202,0.8795096940123202
2026-12-02 21:46:04,57.4,56.13725356713883,1.2627464328611708,1.2627464328611708
2026-12-02 21:46:08,53.7,57.03030467804191,-3.330304678041905,3.330304678041905
2026-12-02 21:46:13,56.800000000000004,55.53847966409824,1.2615203359017642,1.2615203359017642
2026-12-02 21:46:18,61.2,60.88547539385467,0.3145246061453335,0.3145246061453335
2026-12-02 21:46:22,56.800000000000004,58.470156256999836,-1.6701562569998316,1.6701562569998316
2026-12-02 21:46:27,56.5,57.42947985912687,-0.9294798591268716,0.9294798591268716
2026-12-02 21:46:32,53.1,53.13908548245941,-0.039085482459405796,0.039085482459405796
2026-12-02 21:46:37,57.3,58.54818041651593,-1.248180416515936,1.248180416515936
2026-12-02 21:46:41,56.599999999999994,55.726801476044905,0.8731985239550895,0.8731985239550895
2026-12-02 21:46:46,56.1,57.02353284414766,-0.9235328441476582,0.9235328441476582
2026-12-02 21:46:51,51.8,53.322555126960864,-1.5225551269608673,1.5225551269608673
2026-12-02 21:46:55,52.0,53.13415549422251,-1.1341554942225116,1.1341554942225116
2026-12-02 21:47:00,56.4,53.94835464985904,2.451645350140957,2.451645350140957
2026-12-02 21:47:05,53.400000000000006,55.24290703667909,-1.8429070366790867,1.8429070366790867
2026-12-02 21:47:09,59.400000000000006,59.874649129587475,-0.4746491295874691,0.4746491295874691
2026-12-02 21:47:14,57.5,57.5989413345943,-0.09894133459430066,0.09894133459430066
2026-12-02 21:47:19,54.7,55.218208393206034,-0.5182083932060308,0.5182083932060308
2026-12-02 21:47:24,63.7,64.88168200793133,-1.1816820079313288,1.1816820079313288
2026-12-02 21:47:28,53.9,55.319921323127204,-1.4199213231272054,1.4199213231272054
2026-12-02 21:47:33,55.1,55.500772787633686,-0.4007727876336844,0.4007727876336844
2026-12-02 21:47:38,62.5,62.359654018689945,0.14034598131005538,0.14034598131005538
2026-12-02 21:47:42,61.5,62.102873593427475,-0.6028735934274749,0.6028735934274749
2026-12-02 21:47:47,53.2,53.69835906434118,-0.49835906434118016,0.49835906434118016
2026-12-02 21:47:52,56.0,55.544501268665925,0.4554987313340746,0.4554987313340746
2026-12-02 21:47:57,57.0,58.416582191431345,-1.4165821914313454,1.4165821914313454
2026-12-02 21:48:01,59.7,59.98676629326509,-0.28676629326508873,0.28676629326508873
2026-12-02 21:48:06,53.5,53.0906024193535,0.4093975806464982,0.4093975806464982
2026-12-02 21:48:11,57.099999999999994,57.617471949892796,-0.5174719498928013,0.5174719498928013
2026-12-02 21:48:15,60.8,60.71023855053105,0.08976144946894493,0.08976144946894493
2026-12-02 21:48:20,56.800000000000004,58.367701631456214,-1.5677016314562096,1.5677016314562096
2026-12-02 21:48:25,56.599999999999994,57.077313153706164,-0.4773131537061701,0.4773131537061701
2026-12-02 21:48:29,61.4,62.492981040270216,-1.0929810402702174,1.0929810402702174
2026-12-02 21:48:34,59.3,58.290531124558214,1.009468875441783,1.009468875441783
2026-12-02 21:48:39,53.9,56.970739926824464,-3.0707399268244657,3.0707399268244657
2026-12-02 21:48:44,53.9,53.327192207233104,0.5728077927668949,0.5728077927668949
2026-12-02 21:48:48,57.2,58.476412580480414,-1.276412580480411,1.276412580480411
2026-12-02 21:48:53,55.099999999999994,55.236256944515546,-0.13625694451555148,0.13625694451555148
2026-12-02 21:48:58,57.5,58.31149968479754,-0.8114996847975391,0.8114996847975391
2026-12-02 21:49:02,60.6,60.91344753373441,-0.31344753373441137,0.31344753373441137
2026-12-02 21:49:07,60.3,60.63548517222038,-0.33548517222038043,0.33548517222038043
2026-12-02 21:49:12,56.3,55.30873338796014,0.9912666120398583,0.9912666120398583
2026-12-02 21:49:17,56.400000000000006,55.1544609289663,1.2455390710337042,1.2455390710337042
2026-12-02 21:49:21,53.0,52.99877847525545,0.0012215247445510613,0.0012215247445510613
2026-12-02 21:49:26,60.699999999999996,60.04377271873856,0.6562272812614367,0.6562272812614367
2026-12-02 21:49:31,57.9,58.44480358355205,-0.5448035835520528,0.5448035835520528
2026-12-02 21:49:35,56.900000000000006,57.2079051715312,-0.30790517153119623,0.30790517153119623
2026-12-02 21:49:40,55.0,55.34649207968237,-0.3464920796823705,0.3464920796823705
2026-12-02 21:49:45,56.099999999999994,56.60912453694012,-0.5091245369401278,0.5091245369401278
2026-12-02 21:49:49,56.2,57.60463941296388,-1.4046394129638742,1.4046394129638742
2026-12-02 21:49:54,55.6,57.27546913930567,-1.6754691393056689,1.6754691393056689
2026-12-02 21:49:59,54.8,53.243979438090435,1.5560205619095626,1.5560205619095626
2026-12-02 21:50:04,61.2,59.919074411920036,1.2809255880799668,1.2809255880799668
2026-12-02 21:50:08,58.800000000000004,58.36013733029185,0.43986266970815535,0.43986266970815535
2026-12-02 21:50:13,55.8,55.2685231901257,0.5314768098742988,0.5314768098742988
2026-12-02 21:50:18,60.599999999999994,60.74686682479363,-0.14686682479363355,0.14686682479363355
2026-12-02 21:50:22,127.7,252.38128344846842,-124.68128344846842,124.68128344846842
2026-12-02 21:50:27,59.5,54.16784091186557,5.332159088134432,5.332159088134432
2026-12-02 21:50:32,60.099999999999994,70.13350412650662,-10.033504126506628,10.033504126506628
2026-12-02 21:50:37,58.7,58.35285551326978,0.34714448673022247,0.34714448673022247
2026-12-02 21:50:41,60.6,44.916498054576124,15.683501945423878,15.683501945423878
2026-12-02 21:50:46,60.5,52.47432704244969,8.025672957550313,8.025672957550313
2026-12-02 21:50:51,55.4,55.272947694675075,0.1270523053249235,0.1270523053249235
2026-12-02 21:50:55,57.0,58.423414131551844,-1.4234141315518443,1.4234141315518443
2026-12-02 21:51:00,58.800000000000004,60.11968420064749,-1.3196842006474867,1.3196842006474867
2026-12-02 21:51:05,59.5,59.77063581319972,-0.27063581319971775,0.27063581319971775
2026-12-02 21:51:09,60.5,59.913472033355674,0.5865279666443257,0.5865279666443257
2026-12-02 21:51:14,55.900000000000006,55.26429648867929,0.6357035113207132,0.6357035113207132
2026-12-02 21:51:19,64.5,65.63448833463981,-1.134488334639812,1.134488334639812
2026-12-02 21:51:24,58.0,58.44480358355205,-0.4448035835520514,0.4448035835520514
2026-12-02 21:51:28,62.900000000000006,60.48811473491453,2.4118852650854734,2.4118852650854734
2026-12-02 21:51:33,69.7,66.86919367798943,2.8308063220105737,2.8308063220105737
2026-12-02 21:51:38,57.5,57.16489106199292,0.33510893800708175,0.33510893800708175
2026-12-02 21:51:42,59.8,60.48255258341747,-0.6825525834174755,0.6825525834174755
2026-12-02 21:51:47,59.5,72.87876136285503,-13.37876136285503,13.37876136285503
2026-12-02 21:51:52,58.2,72.5586707064287,-14.358670706428697,14.358670706428697
2026-12-02 21:51:57,55.099999999999994,56.84408300594253,-1.7440830059425352,1.7440830059425352
2026-12-02 21:52:01,51.1,50.267417225439935,0.8325827745600662,0.8325827745600662
2026-12-02 21:52:06,62.3,62.4420261961415,-0.1420261961415008,0.1420261961415008
2026-12-02 21:52:11,60.400000000000006,60.41139176038094,-0.01139176038093126,0.01139176038093126
2026-12-02 21:52:15,65.5,77.63630427454359,-12.13630427454359,12.13630427454359
2026-12-02 21:52:20,57.900000000000006,56.050738175230165,1.8492618247698402,1.8492618247698402
2026-12-02 21:52:25,58.3,65.33276068811395,-7.032760688113953,7.032760688113953
2026-12-02 21:52:29,56.3,64.50726597445245,-8.207265974452454,8.207265974452454
2026-12-02 21:52:34,53.599999999999994,54.02404243006162,-0.42404243006162545,0.42404243006162545
2026-12-02 21:52:39,56.6,57.73036760743089,-1.130367607430891,1.130367607430891
2026-12-02 21:52:44,65.7,67.13120782769148,-1.4312078276914804,1.4312078276914804
2026-12-02 21:52:48,67.19999999999999,77.6488717790942,-10.448871779094205,10.448871779094205
2026-12-02 21:52:53,52.300000000000004,51.0279536378288,1.2720463621712028,1.2720463621712028
2026-12-02 21:52:58,58.6,72.94754033739173,-14.347540337391727,14.347540337391727
2026-12-02 21:53:02,55.0,61.36092744864099,-6.360927448640993,6.360927448640993
2026-12-02 21:53:07,55.6,56.98650466871209,-1.3865046687120852,1.3865046687120852
2026-12-02 21:53:12,62.2,120.54616033528231,-58.346160335282306,58.346160335282306
2026-12-02 21:53:17,61.8,120.49598143805295,-58.695981438052954,58.695981438052954
2026-12-02 21:53:21,54.6,55.25509524760368,-0.6550952476036755,0.6550952476036755
2026-12-02 21:53:26,63.1,65.67812396574396,-2.5781239657439627,2.5781239657439627
2026-12-02 21:53:31,58.7,59.906640093235175,-1.2066400932351726,1.2066400932351726
2026-12-02 21:53:35,52.900000000000006,54.05820212639451,-1.1582021263945066,1.1582021263945066
2026-12-02 21:53:40,50.9,50.80755400355007,0.09244599644993201,0.09244599644993201
2026-12-02 21:53:45,59.699999999999996,72.75940783470253,-13.059407834702533,13.059407834702533
2026-12-02 21:53:49,56.3,57.26737693134677,-0.9673769313467702,0.9673769313467702
2026-12-02 21:53:54,61.7,61.17325739978638,0.5267426002136233,0.5267426002136233
2026-12-02 21:53:59,63.599999999999994,62.03671741232918,1.5632825876708125,1.5632825876708125
2026-12-02 21:54:04,61.0,66.10716785798525,-5.107167857985246,5.107167857985246
2026-12-02 21:54:08,53.9,55.62382374540033,-1.7238237454003311,1.7238237454003311
2026-12-02 21:54:13,53.5,53.747124478809106,-0.2471244788091056,0.2471244788091056
2026-12-02 21:54:18,52.400000000000006,50.78640144867466,1.613598551325346,1.613598551325346
2026-12-02 21:54:22,60.1,60.84931381675244,-0.7493138167524407,0.7493138167524407
2026-12-02 21:54:27,62.1,60.903772667037906,1.1962273329620956,1.1962273329620956
2026-12-02 21:54:32,55.6,64.4980944552985,-8.898094455298498,8.898094455298498
2026-12-02 21:54:37,49.5,51.044610945633785,-1.544610945633785,1.544610945633785
2026-12-02 21:54:41,59.199999999999996,60.836501295839795,-1.6365012958397998,1.6365012958397998
2026-12-02 21:54:46,61.9,60.903772667037906,0.9962273329620928,0.9962273329620928
2026-12-02 21:54:51,57.4,58.38762843826678,-0.9876284382667819,0.9876284382667819
2026-12-02 21:54:55,53.0,53.69835906434118,-0.698359064341183,0.698359064341183
2026-12-02 21:55:00,55.6,57.040418529227324,-1.4404185292273226,1.4404185292273226
2026-12-02 21:55:05,54.300000000000004,53.7993896246406,0.5006103753594076,0.5006103753594076
2026-12-02 21:55:09,57.3,58.73748016596389,-1.4374801659638905,1.4374801659638905
2026-12-02 21:55:14,52.4,53.65761218874053,-1.2576121887405307,1.2576121887405307
2026-12-02 21:55:19,72.9,66.3651797734775,6.534820226522513,6.534820226522513
2026-12-02 21:55:24,55.6,61.48877317383798,-5.888773173837976,5.888773173837976
2026-12-02 21:55:28,58.0,60.55478410949226,-2.5547841094922603,2.5547841094922603
2026-12-02 21:55:33,55.5,55.16914481573685,0.3308551842631502,0.3308551842631502
2026-12-02 21:55:38,55.4,55.159030964551434,0.24096903544856474,0.24096903544856474
2026-12-02 21:55:42,54.9,55.32510262768216,-0.4251026276821648,0.4251026276821648
2026-12-02 21:55:47,56.0,55.29648110224758,0.7035188977524172,0.7035188977524172
2026-12-02 21:55:52,63.7,66.81044162974409,-3.1104416297440878,3.1104416297440878
2026-12-02 21:55:57,55.5,57.096131029322954,-1.5961310293229545,1.5961310293229545
2026-12-02 21:56:01,61.0,60.045710067301385,0.9542899326986145,0.9542899326986145
2026-12-02 21:56:06,58.3,58.44480358355205,-0.14480358355205425,0.14480358355205425
2026-12-02 21:56:11,54.4,57.25927090498554,-2.859270904985543,2.859270904985543
2026-12-02 21:56:15,61.0,61.02037347299157,-0.020373472991572328,0.020373472991572328
2026-12-02 21:56:20,62.0,61.956596952258344,0.0434030477416556,0.0434030477416556
2026-12-02 21:56:25,59.1,59.87768634007061,-0.7776863400706091,0.7776863400706091
2026-12-02 21:58:19,73.9,72.86900594645593,1.0309940535440774,1.0309940535440774
2026-12-02 21:58:24,68.8,65.3406940773892,3.4593059226107954,3.4593059226107954
2026-12-02 21:58:29,67.0,66.34032076628077,0.6596792337192312,0.6596792337192312
2026-12-02 21:58:33,65.9,66.81532273536263,-0.9153227353626221,0.9153227353626221
2026-12-02 21:58:38,70.2,71.22612369820905,-1.026123698209048,1.026123698209048
2026-12-02 21:58:43,58.0,57.535253417840394,0.46474658215960574,0.46474658215960574
2026-12-02 21:58:47,57.6,57.51848947449143,0.08151052550856974,0.08151052550856974
2026-12-02 21:58:52,51.099999999999994,50.463176539925804,0.63682346007419,0.63682346007419
2026-12-02 21:58:57,66.0,67.39371207958837,-1.3937120795883686,1.3937120795883686
2026-12-02 21:59:02,52.8,53.143916550306685,-0.34391655030668744,0.34391655030668744
2026-12-02 21:59:06,60.7,66.69283548448978,-5.992835484489774,5.992835484489774
2026-12-02 21:59:11,66.2,77.79449526850945,-11.594495268509448,11.594495268509448
2026-12-02 21:59:16,76.2,132.2130332023645,-56.0130332023645,56.0130332023645
2026-12-02 21:59:20,66.0,77.09536637508722,-11.095366375087224,11.095366375087224
2026-12-02 21:59:25,77.1,80.93318341941067,-3.8331834194106733,3.8331834194106733
2026-12-02 21:59:30,58.400000000000006,55.9099772923156,2.4900227076844033,2.4900227076844033
2026-12-02 21:59:35,78.0,77.55563131517235,0.44436868482765135,0.44436868482765135
2026-12-02 21:59:39,69.5,122.84669164260501,-53.34669164260501,53.34669164260501
2026-12-02 21:59:44,69.0,122.21489677679213,-53.21489677679213,53.21489677679213
2026-12-02 21:59:49,63.5,64.43350499931634,-0.9335049993163409,0.9335049993163409
2026-12-02 21:59:53,63.900000000000006,62.024353740894426,1.8756462591055794,1.8756462591055794
2026-12-02 21:59:58,61.8,62.075228615018666,-0.27522861501866913,0.27522861501866913
2026-12-02 22:00:03,67.4,77.93613678118953,-10.536136781189526,10.536136781189526
2026-12-02 22:00:07,51.7,53.61911142528517,-1.9191114252851662,1.9191114252851662
2026-12-02 22:00:12,54.2,53.214007170137684,0.9859928298623188,0.9859928298623188
2026-12-02 22:00:17,62.3,64.07009469412353,-1.7700946941235287,1.7700946941235287
2026-12-02 22:00:22,60.2,59.833635509846665,0.3663644901533374,0.3663644901533374
2026-12-02 22:00:26,57.8,57.667204739462036,0.13279526053796076,0.13279526053796076
2026-12-02 22:00:31,59.599999999999994,59.55377003253554,0.04622996746445551,0.04622996746445551
2026-12-02 22:00:36,58.699999999999996,59.84960785638865,-1.1496078563886556,1.1496078563886556
2026-12-02 22:00:40,54.8,55.10187235281407,-0.30187235281407254,0.30187235281407254
2026-12-02 22:00:45,54.8,53.20041498023343,1.5995850197665646,1.5995850197665646
2026-12-02 22:00:50,60.5,60.00224977454779,0.49775022545220793,0.49775022545220793
2026-12-02 22:00:55,57.2,61.832070645720826,-4.632070645720823,4.632070645720823
2026-12-02 22:00:59,54.7,55.221273327523654,-0.5212733275236516,0.5212733275236516
2026-12-02 22:01:04,53.2,53.70032123865521,-0.5003212386552036,0.5003212386552036
2026-12-02 22:01:09,66.2,66.8140280084723,-0.6140280084723031,0.6140280084723031
2026-12-02 22:01:13,54.4,55.34908160718919,-0.9490816071891928,0.9490816071891928
2026-12-02 22:01:18,65.0,67.28786820569277,-2.2878682056927744,2.2878682056927744
2026-12-02 22:01:23,63.5,61.91448719318466,1.5855128068153377,1.5855128068153377
2026-12-02 22:01:27,56.0,56.583810024291566,-0.5838100242915658,0.5838100242915658
2026-12-02 22:01:32,58.9,60.04484901838116,-1.1448490183811586,1.1448490183811586
2026-12-02 22:01:37,62.900000000000006,66.4920485110324,-3.592048511032388,3.592048511032388
2026-12-02 22:01:42,62.0,62.239523936338024,-0.23952393633802416,0.23952393633802416
2026-12-02 22:01:46,63.4,64.52543940775037,-1.1254394077503704,1.1254394077503704
2026-12-02 22:01:51,56.8,57.09290963959627,-0.2929096395962745,0.2929096395962745
2026-12-02 22:01:56,69.4,65.5268774218044,3.8731225781956056,3.8731225781956056
2026-12-02 22:02:00,53.3,53.366809362054816,-0.06680936205481913,0.06680936205481913
2026-12-02 22:02:05,57.099999999999994,57.042380703541355,0.057619296458639724,0.057619296458639724
2026-12-02 22:02:10,53.900000000000006,53.33643822342907,0.5635617765709355,0.5635617765709355
2026-12-02 22:02:15,52.199999999999996,50.91429753058784,1.2857024694121577,1.2857024694121577
2026-12-02 22:02:19,56.9,55.944619263517964,0.9553807364820344,0.9553807364820344
2026-12-02 22:02:24,56.4,55.49137943048019,0.9086205695198117,0.9086205695198117
2026-12-02 22:02:29,58.6,59.57430698943963,-0.9743069894396257,0.9743069894396257
2026-12-02 22:02:33,55.6,58.2329223361278,-2.6329223361277982,2.6329223361277982
2026-12-02 22:02:38,56.400000000000006,57.40278292512427,-1.002782925124265,1.002782925124265
2026-12-02 22:02:43,65.4,64.16416142670037,1.235838573299631,1.235838573299631
2026-12-02 22:02:47,58.5,57.41468120828177,1.0853187917182296,1.0853187917182296
2026-12-02 22:02:52,53.599999999999994,55.35897373840737,-1.7589737384073771,1.7589737384073771
2026-12-02 22:02:57,61.5,62.38812841827442,-0.8881284182744196,0.8881284182744196
2026-12-02 22:03:02,64.3,64.43444160903982,-0.1344416090398255,0.1344416090398255
2026-12-02 22:03:06,60.3,60.55459204335974,-0.25459204335974306,0.25459204335974306
2026-12-02 22:03:11,60.5,60.773608466451684,-0.2736084664516838,0.2736084664516838
2026-12-02 22:03:16,57.8,58.42476611732015,-0.6247661173201493,0.6247661173201493
2026-12-02 22:03:20,57.800000000000004,60.42128814460523,-2.6212881446052236,2.6212881446052236
2026-12-02 22:03:25,56.1,58.37999470142691,-2.279994701426908,2.279994701426908
2026-12-02 22:03:30,61.8,61.837492943108984,-0.037492943108986765,0.037492943108986765
2026-12-02 22:03:35,141.7,254.57962846041252,-112.87962846041253,112.87962846041253
2026-12-02 22:03:39,60.800000000000004,54.92693252890087,5.873067471099134,5.873067471099134
2026-12-02 22:03:44,63.2,48.505052073465464,14.694947926534539,14.694947926534539
2026-12-02 22:03:49,57.4,45.61171747409062,11.78828252590938,11.78828252590938
2026-12-02 22:03:53,57.099999999999994,46.71198552823131,10.388014471768685,10.388014471768685
2026-12-02 22:03:58,65.2,63.859872830671065,1.3401271693289374,1.3401271693289374
2026-12-02 22:04:03,63.5,61.95616245642429,1.5438375435757123,1.5438375435757123
2026-12-02 22:04:07,67.1,66.93793036130025,0.162069638699748,0.162069638699748
2026-12-02 22:04:12,60.800000000000004,59.827427431792216,0.9725725682077879,0.9725725682077879
2026-12-02 22:04:17,62.7,60.82136699862611,1.8786330013738919,1.8786330013738919
2026-12-02 22:04:22,58.2,58.35954995458483,-0.15954995458482557,0.15954995458482557
2026-12-02 22:04:26,56.0,57.34904070588211,-1.3490407058821106,1.3490407058821106
2026-12-02 22:04:31,59.0,59.49515003066934,-0.49515003066934327,0.49515003066934327
2026-12-02 22:04:36,66.5,66.47575414859477,0.02424585140522595,0.02424585140522595
2026-12-02 22:04:40,71.9,73.39653989685971,-1.4965398968597015,1.4965398968597015
2026-12-02 22:04:45,63.5,64.3695608218227,-0.8695608218227022,0.8695608218227022
2026-12-02 22:04:50,69.1,68.96044640832422,0.13955359167577797,0.13955359167577797
2026-12-02 22:04:55,60.5,60.43404541009322,0.06595458990678083,0.06595458990678083
2026-12-02 22:04:59,61.3,62.02199404237385,-0.7219940423738507,0.7219940423738507
2026-12-02 22:05:04,65.3,65.49397893409818,-0.19397893409818323,0.19397893409818323
2026-12-02 22:05:09,66.0,66.98049624390242,-0.9804962439024223,0.9804962439024223
2026-12-02 22:05:13,56.800000000000004,55.2341856131613,1.5658143868387029,1.5658143868387029
2026-12-02 22:05:18,67.2,66.28605565515231,0.9139443448476925,0.9139443448476925
2026-12-02 22:05:23,71.4,71.72464482140447,-0.32464482140446194,0.32464482140446194
2026-12-02 22:05:27,69.9,68.88482930830747,1.015170691692532,1.015170691692532
2026-12-02 22:05:32,71.9,70.78855144710089,1.1114485528991196,1.1114485528991196
2026-12-02 22:05:37,63.099999999999994,61.913537284985765,1.1864627150142297,1.1864627150142297
2026-12-02 22:05:42,56.4,55.34228315000786,1.0577168499921399,1.0577168499921399
2026-12-02 22:05:46,63.5,64.4162416662612,-0.9162416662612003,0.9162416662612003
2026-12-02 22:05:51,62.8,61.967647315830476,0.8323526841695212,0.8323526841695212
2026-12-02 22:05:56,53.0,53.12054429837898,-0.12054429837898084,0.12054429837898084
2026-12-02 22:06:00,58.5,60.48509864576482,-1.9850986457648219,1.9850986457648219
2026-12-02 22:06:05,60.5,60.02064190615927,0.47935809384073025,0.47935809384073025
2026-12-02 22:06:10,59.3,59.771196991665065,-0.47119699166506734,0.47119699166506734
2026-12-02 22:06:15,62.1,62.07298727620089,0.02701272379911046,0.02701272379911046
2026-12-02 22:06:19,53.400000000000006,57.09290963959627,-3.692909639596266,3.692909639596266
2026-12-02 22:06:24,67.3,66.92429746444547,0.3757025355545238,0.3757025355545238
2026-12-02 22:06:29,56.099999999999994,55.224116453973274,0.8758835460267207,0.8758835460267207
2026-12-02 22:06:33,57.7,58.383076946209925,-0.6830769462099227,0.6830769462099227
2026-12-02 22:06:38,57.6,58.40629208003282,-0.8062920800328186,0.8062920800328186
2026-12-02 22:06:43,65.7,64.84260059259083,0.8573994074091758,0.8573994074091758
2026-12-02 22:06:47,70.19999999999999,71.14161172302808,-0.9416117230280889,0.9416117230280889
2026-12-02 22:06:52,62.900000000000006,60.64717321472396,2.252826785276042,2.252826785276042
2026-12-02 22:06:57,77.4,79.9752962831747,-2.575296283174694,2.575296283174694
2026-12-02 22:07:02,57.3,54.90826325082533,2.391736749174669,2.391736749174669
2026-12-02 22:07:06,65.8,66.26826235416864,-0.4682623541686439,0.4682623541686439
2026-12-02 22:07:11,68.2,68.6360643300847,-0.43606433008469025,0.43606433008469025
2026-12-02 22:07:16,58.3,55.51106560132344,2.7889343986765596,2.7889343986765596
2026-12-02 22:07:20,56.1,55.57696288733602,0.5230371126639781,0.5230371126639781
2026-12-02 22:07:25,59.0,57.526886909034694,1.473113090965306,1.473113090965306
2026-12-02 22:07:30,50.8,51.3317308388686,-0.5317308388686044,0.5317308388686044
2026-12-02 22:07:35,58.1,55.93687902710653,2.1631209728934735,2.1631209728934735
2026-12-02 22:07:39,53.9,53.47529214123561,0.42470785876438555,0.42470785876438555
2026-12-02 22:07:44,50.8,50.78822186546202,0.011778134537976825,0.011778134537976825
2026-12-02 22:07:49,59.8,60.84037195874852,-1.0403719587485227,1.0403719587485227
2026-12-02 22:07:53,58.1,57.103824348354934,0.9961756516450677,0.9961756516450677
2026-12-02 22:07:58,56.5,57.501429898869354,-1.001429898869354,1.001429898869354
2026-12-02 22:08:03,75.9,136.3953144774398,-60.49531447743979,60.49531447743979
2026-12-02 22:08:07,63.099999999999994,62.30231524580184,0.7976847541981513,0.7976847541981513
2026-12-02 22:08:12,59.7,60.36546983430228,-0.6654698343022787,0.6654698343022787
2026-12-02 22:08:17,49.0,49.09205269192283,-0.09205269192283083,0.09205269192283083
2026-12-02 22:08:22,55.599999999999994,57.09160802585563,-1.4916080258556335,1.4916080258556335
2026-12-02 22:08:26,54.6,61.442893169231176,-6.842893169231175,6.842893169231175
2026-12-02 22:08:31,58.3,55.95167904733196,2.3483209526680398,2.3483209526680398
2026-12-02 22:08:36,57.3,58.44881626117789,-1.1488162611778918,1.1488162611778918
2026-12-02 22:08:40,57.1,58.369663805770244,-1.269663805770243,1.269663805770243
2026-12-02 22:08:45,55.6,55.24486921099312,0.35513078900687844,0.35513078900687844
2026-12-02 22:08:50,58.0,58.274883701324626,-0.2748837013246259,0.2748837013246259
2026-12-02 22:08:55,63.900000000000006,65.40638161222785,-1.506381612227841,1.506381612227841
2026-12-02 22:08:59,56.099999999999994,57.464739148709825,-1.3647391487098304,1.3647391487098304
2026-12-02 22:09:04,61.5,60.842147749640944,0.6578522503590563,0.6578522503590563
2026-12-02 22:09:09,47.5,50.663400987375766,-3.1634009873757662,3.1634009873757662
2026-12-02 22:09:13,56.2,57.134424972023865,-0.9344249720238622,0.9344249720238622
2026-12-02 22:09:18,61.3,60.89160359045399,0.40839640954600753,0.40839640954600753
2026-12-02 22:09:23,67.5,67.39178052557142,0.10821947442858004,0.10821947442858004
2026-12-02 22:09:27,51.900000000000006,53.69020738746979,-1.7902073874697848,1.7902073874697848
2026-12-02 22:09:32,57.9,55.97826430742595,1.921735692574046,1.921735692574046
2026-12-02 22:09:37,50.1,50.94863791502004,-0.848637915020042,0.848637915020042
2026-12-02 22:09:42,53.099999999999994,53.88224314816744,-0.7822431481674457,0.7822431481674457
2026-12-02 22:09:46,59.3,118.4039019126009,-59.103901912600904,59.103901912600904
2026-12-02 22:09:51,52.199999999999996,53.67336604257797,-1.4733660425779718,1.4733660425779718
2026-12-02 22:09:56,53.0,52.938628710323,0.06137128967699823,0.06137128967699823
2026-12-02 22:10:00,52.7,53.735525447673574,-1.035525447673571,1.035525447673571
2026-12-02 22:10:05,59.7,60.03859362984455,-0.3385936298445458,0.3385936298445458
2026-12-02 22:10:10,61.8,60.855560890080625,0.9444391099193723,0.9444391099193723
2026-12-02 22:10:15,54.599999999999994,57.0169694371298,-2.416969437129808,2.416969437129808
2026-12-02 22:10:19,56.5,56.001191569902986,0.49880843009701437,0.49880843009701437
2026-12-02 22:10:24,56.900000000000006,57.83261920428706,-0.9326192042870574,0.9326192042870574
2026-12-02 22:10:29,60.9,72.279066181939,-11.379066181939002,11.379066181939002
2026-12-02 22:10:33,66.6,77.61479234517702,-11.014792345177028,11.014792345177028
2026-12-02 22:10:38,66.80000000000001,77.1222676680777,-10.322267668077686,10.322267668077686
2026-12-02 22:10:43,64.0,61.89545467067257,2.104545329327429,2.104545329327429
2026-12-02 22:10:47,53.6,53.15535030889288,0.4446496911071236,0.4446496911071236
2026-12-02 22:10:52,48.6,51.0625231104347,-2.462523110434695,2.462523110434695
2026-12-02 22:10:57,52.1,53.02144082206835,-0.9214408220683481,0.9214408220683481
2026-12-02 22:11:02,58.1,57.66650343046388,0.4334965695361248,0.4334965695361248
2026-12-02 22:11:06,52.5,53.77423065752726,-1.2742306575272622,1.2742306575272622
2026-12-02 22:11:11,52.0,53.81092435343868,-1.8109243534386792,1.8109243534386792
2026-12-02 22:11:16,53.8,53.57385210013383,0.22614789986617012,0.22614789986617012
2026-12-02 22:11:20,68.19999999999999,77.44585990562398,-9.245859905623988,9.245859905623988
2026-12-02 22:11:25,56.3,58.383234096845825,-2.0832340968458283,2.0832340968458283
2026-12-02 22:11:30,59.4,72.29131846765155,-12.891318467651551,12.891318467651551
2026-12-02 22:11:35,61.3,60.64908649675492,0.6509135032450786,0.6509135032450786
2026-12-02 22:11:39,47.3,50.49500744608853,-3.195007446088532,3.195007446088532
2026-12-02 22:11:44,60.1,60.26979974286178,-0.1697997428617768,0.1697997428617768
2026-12-02 22:11:49,61.2,62.10194102936546,-0.9019410293654602,0.9019410293654602
2026-12-02 22:11:53,59.2,59.58057562111091,-0.38057562111090704,0.38057562111090704
2026-12-02 22:11:58,56.2,55.259426722872824,0.9405732771271786,0.9405732771271786
2026-12-02 22:12:03,56.5,56.1773669805285,0.32263301947150325,0.32263301947150325
2026-12-02 22:12:08,57.6,57.640499872935564,-0.040499872935562564,0.040499872935562564
2026-12-02 22:12:12,58.2,59.737693409634346,-1.5376934096343433,1.5376934096343433
2026-12-02 22:12:17,56.3,55.27637251417874,1.0236274858212582,1.0236274858212582
2026-12-02 22:12:22,49.900000000000006,50.99916685107496,-1.0991668510749548,1.0991668510749548
2026-12-02 22:12:26,54.1,53.29228178343065,0.8077182165693486,0.8077182165693486
2026-12-02 22:12:31,52.4,53.925673775019554,-1.5256737750195555,1.5256737750195555
2026-12-02 22:12:36,53.400000000000006,55.29397544115471,-1.8939754411547014,1.8939754411547014
2026-12-02 22:12:40,60.0,60.600991506127315,-0.6009915061273148,0.6009915061273148
2026-12-02 22:12:45,61.8,43.796448582720785,18.003551417279212,18.003551417279212
2026-12-02 22:12:50,57.900000000000006,59.68622143619393,-1.7862214361939266,1.7862214361939266
2026-12-02 22:12:55,51.6,53.53593492847595,-1.9359349284759517,1.9359349284759517
2026-12-02 22:12:59,62.3,67.01376385601652,-4.713763856016527,4.713763856016527
2026-12-02 22:13:04,58.900000000000006,55.792127739403504,3.1078722605965012,3.1078722605965012
2026-12-02 22:13:09,56.699999999999996,58.595317835290615,-1.8953178352906193,1.8953178352906193
2026-12-02 22:13:13,65.19999999999999,65.44832730037128,-0.2483273003712867,0.2483273003712867
2026-12-02 22:13:18,57.5,58.39435254702471,-0.8943525470247096,0.8943525470247096
2026-12-02 22:13:23,61.900000000000006,62.00173349119933,-0.10173349119932595,0.10173349119932595
2026-12-02 22:13:28,55.099999999999994,55.259426722872824,-0.15942672287282988,0.15942672287282988
2026-12-02 22:13:32,63.6,65.47351763900703,-1.8735176390070265,1.8735176390070265
2026-12-02 22:13:37,51.5,51.078417731342675,0.42158226865732473,0.42158226865732473
2026-12-02 22:13:42,64.9,62.40835670992251,2.491643290077498,2.491643290077498
2026-12-02 22:13:46,56.8,58.60331020794479,-1.80331020794479,1.80331020794479
2026-12-02 22:13:51,51.7,76.63641614091549,-24.936416140915483,24.936416140915483
2026-12-02 22:13:56,60.2,60.77425058931628,-0.5742505893162786,0.5742505893162786
2026-12-02 22:14:00,60.4,60.4260690985327,-0.026069098532701673,0.026069098532701673
2026-12-02 22:14:05,65.2,64.66309197805724,0.5369080219427644,0.5369080219427644
2026-12-02 22:14:10,52.0,51.30277708570404,0.6972229142959634,0.6972229142959634
2026-12-02 22:14:15,56.2,57.313522067829965,-1.1135220678299618,1.1135220678299618
2026-12-02 22:14:19,56.3,57.69406692850609,-1.394066928506092,1.394066928506092
2026-12-02 22:14:24,50.4,50.72465030300823,-0.3246503030082337,0.3246503030082337
2026-12-02 22:14:29,52.9,53.15756510970439,-0.2575651097043945,0.2575651097043945
2026-12-02 22:14:33,61.099999999999994,62.38812841827442,-1.2881284182744253,1.2881284182744253
2026-12-02 22:14:38,67.6,66.5711747508024,1.0288252491975953,1.0288252491975953
2026-12-02 22:14:43,52.7,53.70032123865521,-1.0003212386552036,1.0003212386552036
2026-12-02 22:14:48,56.2,61.44307162181473,-5.243071621814728,5.243071621814728
2026-12-02 22:14:52,51.7,50.731437540870495,0.9685624591295081,0.9685624591295081
2026-12-02 22:14:57,53.5,53.44492328965442,0.05507671034558115,0.05507671034558115
2026-12-02 22:15:02,60.3,59.94928058567966,0.3507194143203378,0.3507194143203378
2026-12-02 22:15:06,56.3,61.442893169231176,-5.142893169231179,5.142893169231179
2026-12-02 22:15:11,52.599999999999994,53.51627372465949,-0.9162737246594972,0.9162737246594972
2026-12-02 22:15:16,54.2,54.03081993108955,0.16918006891044968,0.16918006891044968
2026-12-02 22:15:20,55.4,61.45505940192558,-6.055059401925583,6.055059401925583
2026-12-02 22:15:25,52.699999999999996,50.84851921633769,1.8514807836623035,1.8514807836623035
2026-12-02 22:15:30,47.3,48.79259669334254,-1.4925966933425414,1.4925966933425414
2026-12-02 22:15:35,58.7,71.89311859943925,-13.193118599439245,13.193118599439245
2026-12-02 22:15:39,56.900000000000006,55.93186350955661,0.9681364904433991,0.9681364904433991
2026-12-02 22:15:44,56.4,61.383831634134445,-4.983831634134447,4.983831634134447
2026-12-02 22:15:49,59.8,72.19982897550601,-12.399828975506011,12.399828975506011
2026-12-02 22:15:53,64.5,68.54967364299975,-4.04967364299975,4.04967364299975
2026-12-02 22:15:58,55.2,55.4194601789846,-0.21946017898459758,0.21946017898459758
2026-12-02 22:16:03,53.9,53.975063476219056,-0.07506347621905718,0.07506347621905718
2026-12-02 22:16:08,58.599999999999994,56.17037599592462,2.4296240040753716,2.4296240040753716
2026-12-02 22:16:12,49.2,51.22382007086821,-2.0238200708682044,2.0238200708682044
2026-12-02 22:16:17,57.599999999999994,55.98151225590655,1.6184877440934429,1.6184877440934429
2026-12-02 22:16:22,58.7,55.95561953541666,2.744380464583344,2.744380464583344
2026-12-02 22:16:26,56.9,55.73396327273434,1.1660367272656558,1.1660367272656558
2026-12-02 22:16:31,57.4,58.67361598899687,-1.2736159889968732,1.2736159889968732
2026-12-02 22:16:36,58.8,60.59219700252009,-1.7921970025200906,1.7921970025200906
2026-12-02 22:16:40,50.5,51.2842121293737,-0.7842121293736994,0.7842121293736994
2026-12-02 22:16:45,58.400000000000006,55.96485116698627,2.4351488330137343,2.4351488330137343
2026-12-02 22:16:50,53.3,53.46267799234984,-0.16267799234984182,0.16267799234984182
2026-12-02 22:16:55,57.7,58.49717014557692,-0.7971701455769207,0.7971701455769207
2026-12-02 22:16:59,67.0,67.28280730884512,-0.28280730884512195,0.28280730884512195
2026-12-02 22:17:04,57.0,57.501429898869354,-0.501429898869354,0.501429898869354
2026-12-02 22:17:09,55.5,56.583810024291566,-1.0838100242915658,1.0838100242915658
2026-12-02 22:17:13,52.6,53.55708815678486,-0.9570881567848559,0.9570881567848559
2026-12-02 22:17:18,62.9,62.383067521426774,0.5169324785732243,0.5169324785732243
2026-12-02 22:17:23,56.599999999999994,57.082795788410856,-0.48279578841086135,0.48279578841086135
2026-12-02 22:17:28,56.1,57.652689682751166,-1.552689682751165,1.552689682751165
2026-12-02 22:17:32,57.2,56.180342255373716,1.0196577446262864,1.0196577446262864
2026-12-02 22:17:37,68.5,66.2838370911943,2.2161629088056998,2.2161629088056998
2026-12-02 22:17:42,63.0,65.43123296485375,-2.4312329648537485,2.4312329648537485
2026-12-02 22:17:46,65.69999999999999,66.38251427298391,-0.6825142729839229,0.6825142729839229
2026-12-02 22:17:51,51.5,53.67832165837764,-2.178321658377641,2.178321658377641
2026-12-02 22:17:56,55.2,55.2780461178576,-0.07804611785759619,0.07804611785759619
2026-12-02 22:18:00,62.1,62.19851331950461,-0.09851331950461173,0.09851331950461173
2026-12-02 22:18:05,56.6,55.2341856131613,1.3658143868387,1.3658143868387
2026-12-02 22:18:10,62.2,65.27344965136447,-3.07344965136447,3.07344965136447
2026-12-02 22:18:15,61.9,61.85760249752608,0.042397502473917825,0.042397502473917825
2026-12-02 22:18:19,55.4,55.079487977142435,0.32051202285756375,0.32051202285756375
2026-12-02 22:18:24,53.0,53.795174748596395,-0.7951747485963949,0.7951747485963949
2026-12-02 22:18:29,58.7,59.95308609123429,-1.2530860912342874,1.2530860912342874
2026-12-02 22:18:33,51.6,51.12917086266259,0.47082913733741094,0.47082913733741094
2026-12-02 22:18:38,54.900000000000006,57.07292935413445,-2.172929354134446,2.172929354134446
2026-12-02 22:18:43,54.5,55.49137943048019,-0.9913794304801868,0.9913794304801868
2026-12-02 22:18:48,56.9,58.34729766887227,-1.4472976688722738,1.4472976688722738
2026-12-02 22:18:52,58.800000000000004,72.69197841584595,-13.891978415845948,13.891978415845948
2026-12-02 22:18:57,56.2,58.49161687833616,-2.291616878336157,2.291616878336157
2026-12-02 22:19:02,56.599999999999994,55.24486921099312,1.3551307890068713,1.3551307890068713
2026-12-02 22:19:06,61.3,62.05764286199237,-0.7576428619923732,0.7576428619923732
2026-12-02 22:19:11,58.6,57.52496330644186,1.0750366935581397,1.0750366935581397
2026-12-02 22:19:16,57.7,55.96813348995301,1.7318665100469914,1.7318665100469914
2026-12-02 22:19:20,61.3,61.051771577808445,0.24822842219155206,0.24822842219155206
2026-12-02 22:19:25,59.0,59.64654440453011,-0.6465444045301112,0.6465444045301112
2026-12-02 22:19:30,51.6,51.02697617173428,0.5730238282657183,0.5730238282657183
2026-12-02 22:19:35,57.0,58.69944563918631,-1.6994456391863082,1.6994456391863082
2026-12-02 22:19:39,63.5,60.82075829764074,2.6792417023592634,2.6792417023592634
2026-12-02 22:19:44,54.7,53.99433794942749,0.7056620505725135,0.7056620505725135
2026-12-02 22:19:49,53.900000000000006,53.59931884277559,0.30068115722441746,0.30068115722441746
2026-12-02 22:19:53,52.300000000000004,53.515511718948005,-1.215511718948001,1.215511718948001
2026-12-02 22:19:58,59.0,60.84564780944847,-1.8456478094484723,1.8456478094484723
2026-12-02 22:20:03,59.0,72.90551500648952,-13.905515006489523,13.905515006489523
2026-12-02 22:20:08,55.3,56.84956564064722,-1.5495656406472236,1.5495656406472236
2026-12-02 22:20:12,51.2,50.244299924073566,0.9557000759264369,0.9557000759264369
2026-12-02 22:20:17,56.3,44.37024216431236,11.929757835687639,11.929757835687639
2026-12-02 22:20:22,53.2,52.75703054729222,0.44296945270778565,0.44296945270778565
2026-12-02 22:20:26,59.4,56.201123006388556,3.1988769936114423,3.1988769936114423
2026-12-02 22:20:31,56.4,57.83261920428706,-1.4326192042870645,1.4326192042870645
2026-12-02 22:20:36,57.800000000000004,57.58901861445006,0.2109813855499425,0.2109813855499425
2026-12-02 22:20:40,55.599999999999994,55.25400637728077,0.3459936227192273,0.3459936227192273
2026-12-02 22:20:45,53.9,53.624381036188744,0.2756189638112545,0.2756189638112545
2026-12-02 22:20:50,60.3,60.66072267211846,-0.3607226721184631,0.3607226721184631
2026-12-02 22:20:55,51.599999999999994,50.764776266438844,0.8352237335611505,0.8352237335611505
2026-12-02 22:20:59,51.1,50.685027420324545,0.41497257967545664,0.41497257967545664
2026-12-02 22:21:04,48.0,51.231359168672185,-3.231359168672185,3.231359168672185
2026-12-02 22:21:09,50.599999999999994,51.102582588817484,-0.5025825888174893,0.5025825888174893
2026-12-02 22:21:13,56.900000000000006,55.72459405144278,1.175405948557227,1.175405948557227
2026-12-02 22:21:18,53.4,56.92502829029362,-3.525028290293619,3.525028290293619
2026-12-02 22:21:23,50.8,51.17870481439144,-0.37870481439144044,0.37870481439144044
2026-12-02 22:21:28,53.1,53.73239352682893,-0.6323935268289276,0.6323935268289276
2026-12-02 22:21:32,56.599999999999994,57.09368352072807,-0.49368352072807653,0.49368352072807653
2026-12-02 22:21:37,51.5,51.274430068919436,0.2255699310805639,0.2255699310805639
2026-12-02 22:21:42,59.1,72.28693330000264,-13.186933300002643,13.186933300002643
2026-12-02 22:21:46,49.0,51.36805658097798,-2.368056580977978,2.368056580977978
2026-12-02 22:21:51,55.6,56.53177302378135,-0.9317730237813464,0.9317730237813464
2026-12-02 22:21:56,56.0,57.042380703541355,-1.0423807035413546,1.0423807035413546
2026-12-02 22:22:00,54.2,54.053000355685995,0.14699964431400758,0.14699964431400758
2026-12-02 22:22:05,66.0,120.17261424898743,-54.17261424898743,54.17261424898743
2026-12-02 22:22:10,65.3,64.71860795727625,0.5813920427237491,0.5813920427237491
2026-12-02 22:22:15,57.0,65.06632019392332,-8.066320193923318,8.066320193923318
2026-12-02 22:22:19,66.0,78.05196870823778,-12.05196870823778,12.05196870823778
2026-12-02 22:22:24,53.9,55.11885092984541,-1.2188509298454093,1.2188509298454093
2026-12-02 22:22:29,54.3,54.79070857358917,-0.4907085735891741,0.4907085735891741
2026-12-02 22:22:33,51.6,29.594086591114152,22.00591340888585,22.00591340888585
2026-12-02 22:22:38,46.4,47.28882898523109,-0.8888289852310933,0.8888289852310933
2026-12-02 22:22:43,56.0,57.90868949669942,-1.9086894966994166,1.9086894966994166
2026-12-02 22:22:48,52.199999999999996,53.6177309440252,-1.4177309440252017,1.4177309440252017
2026-12-02 22:22:52,55.8,55.42644008794778,0.3735599120522153,0.3735599120522153
2026-12-02 22:22:57,55.5,57.26191472520539,-1.7619147252053935,1.7619147252053935
2026-12-02 22:23:02,48.8,48.951754101809975,-0.15175410180997773,0.15175410180997773
2026-12-02 22:23:06,56.1,58.82012460260434,-2.7201246026043364,2.7201246026043364
2026-12-02 22:23:11,60.9,72.88636481405938,-11.986364814059378,11.986364814059378
2026-12-02 22:23:16,56.2,57.055793843981036,-0.8557938439810329,0.8557938439810329
2026-12-02 22:23:20,55.699999999999996,55.558935245405166,0.14106475459482937,0.14106475459482937
2026-12-02 22:23:25,59.300000000000004,60.47448685119173,-1.1744868511917232,1.1744868511917232
2026-12-02 22:23:30,57.400000000000006,57.565948503311205,-0.16594850331119915,0.16594850331119915
2026-12-02 22:23:35,56.8,57.23886716132414,-0.43886716132413994,0.43886716132413994
2026-12-02 22:23:39,62.8,66.70870467519218,-3.9087046751921832,3.9087046751921832
2026-12-02 22:23:44,56.7,64.87203388555956,-8.172033885559557,8.172033885559557
2026-12-02 22:23:49,60.5,60.139950571673644,0.3600494283263558,0.3600494283263558
2026-12-02 22:23:53,57.0,57.58901861445006,-0.5890186144500618,0.5890186144500618
2026-12-02 22:23:58,52.1,52.887825175542794,-0.7878251755427925,0.7878251755427925
2026-12-02 22:24:03,56.0,56.96978251836605,-0.9697825183660527,0.9697825183660527
2026-12-02 22:24:08,55.300000000000004,55.42644008794778,-0.1264400879477776,0.1264400879477776
2026-12-02 22:24:12,59.6,72.29131846765155,-12.691318467651548,12.691318467651548
2026-12-02 22:24:17,50.3,50.768181701064506,-0.46818170106450907,0.46818170106450907
2026-12-02 22:24:22,59.2,59.65706300161321,-0.4570630016132071,0.4570630016132071
2026-12-02 22:24:26,54.1,55.01173069000755,-0.9117306900075519,0.9117306900075519
2026-12-02 22:24:31,50.8,51.43951853006296,-0.6395185300629649,0.6395185300629649
2026-12-02 22:24:36,63.400000000000006,63.17220045428116,0.2277995457188453,0.2277995457188453
2026-12-02 22:24:40,48.5,51.090332431094026,-2.5903324310940263,2.5903324310940263
2026-12-02 22:24:45,54.400000000000006,55.205579118318255,-0.8055791183182492,0.8055791183182492
2026-12-02 22:24:50,52.7,53.092899457842165,-0.3928994578421623,0.3928994578421623
2026-12-02 22:24:55,50.1,50.7892362964637,-0.6892362964636973,0.6892362964636973
2026-12-02 22:24:59,79.5,84.28011037431959,-4.780110374319591,4.780110374319591
2026-12-02 22:25:04,60.5,72.57800190334413,-12.07800190334413,12.07800190334413
2026-12-02 22:25:09,51.900000000000006,53.71623335753754,-1.8162333575375342,1.8162333575375342
2026-12-02 22:25:13,48.6,48.95618138081541,-0.35618138081540707,0.35618138081540707
2026-12-02 22:25:18,54.1,55.488065731631906,-1.3880657316319045,1.3880657316319045
2026-12-02 22:25:23,55.7,57.001196691026585,-1.3011966910265826,1.3011966910265826
2026-12-02 22:25:28,51.099999999999994,53.285509949536404,-2.18550994953641,2.18550994953641
2026-12-02 22:25:32,65.1,64.75451552613873,0.34548447386126213,0.34548447386126213
2026-12-02 22:25:37,53.7,53.06460951091929,0.6353904890807129,0.6353904890807129
2026-12-02 22:25:42,54.5,57.01825386171214,-2.5182538617121395,2.5182538617121395
2026-12-02 22:25:46,59.099999999999994,60.74199005894831,-1.6419900589483163,1.6419900589483163
2026-12-02 22:25:51,58.6,57.498392688386225,1.1016073116137761,1.1016073116137761
2026-12-02 22:25:56,54.4,54.07652734731109,0.32347265268890624,0.32347265268890624
2026-12-02 22:26:00,56.6,55.444670974620195,1.1553290253798068,1.1553290253798068
2026-12-02 22:26:05,55.099999999999994,56.583810024291566,-1.4838100242915715,1.4838100242915715
2026-12-02 22:26:10,59.4,56.16468336591614,3.2353166340838584,3.2353166340838584
2026-12-02 22:26:15,56.3,57.83652526390111,-1.5365252639011118,1.5365252639011118
2026-12-02 22:26:19,58.800000000000004,60.62014169855746,-1.8201416985574568,1.8201416985574568
2026-12-02 22:26:24,69.7,53.846186818064275,15.853813181935728,15.853813181935728
2026-12-02 22:26:29,57.400000000000006,55.82678447033488,1.5732155296651271,1.5732155296651271
2026-12-02 22:26:33,58.800000000000004,60.619356295923694,-1.81935629592369,1.81935629592369
2026-12-02 22:26:38,65.1,62.41118540209099,2.6888145979090012,2.6888145979090012
2026-12-02 22:26:43,59.900000000000006,72.5453354655166,-12.645335465516595,12.645335465516595
2026-12-02 22:26:48,59.2,72.47736954707432,-13.277369547074315,13.277369547074315
2026-12-02 22:26:52,55.4,55.334135517586176,0.06586448241382215,0.06586448241382215
2026-12-02 22:26:57,57.5,56.006736608175146,1.4932633918248541,1.4932633918248541
2026-12-02 22:27:02,55.1,57.13810595806935,-2.0381059580693517,2.0381059580693517
2026-12-02 22:27:06,71.9,80.53292912752744,-8.632929127527433,8.632929127527433
2026-12-02 22:27:11,56.699999999999996,90.52007338186952,-33.82007338186953,33.82007338186953
2026-12-02 22:27:16,59.8,60.57796090711083,-0.7779609071108311,0.7779609071108311
2026-12-02 22:27:20,60.6,60.661760254444275,-0.061760254444273244,0.061760254444273244
2026-12-02 22:27:25,64.2,68.82554888902844,-4.625548889028437,4.625548889028437
2026-12-02 22:27:30,60.699999999999996,72.07841194173385,-11.378411941733852,11.378411941733852
2026-12-02 22:27:35,62.599999999999994,66.28374089627992,-3.6837408962799287,3.6837408962799287
2026-12-02 22:27:39,55.9,60.81736348335196,-4.917363483351963,4.917363483351963
2026-12-02 22:27:44,63.699999999999996,62.239523936338024,1.4604760636619716,1.4604760636619716
2026-12-02 22:27:49,56.400000000000006,58.345153713299965,-1.945153713299959,1.945153713299959
2026-12-02 22:27:53,61.900000000000006,62.047839301257945,-0.14783930125793887,0.14783930125793887
2026-12-02 22:27:58,52.800000000000004,54.010707189149514,-1.2107071891495096,1.2107071891495096
2026-12-02 22:28:03,72.6,72.19380570149616,0.40619429850383426,0.40619429850383426
2026-12-02 22:28:08,64.8,65.39147207477703,-0.5914720747770303,0.5914720747770303
2026-12-02 22:28:12,62.099999999999994,60.59083319080285,1.509166809197147,1.509166809197147
2026-12-02 22:28:17,59.699999999999996,60.269243093581174,-0.5692430935811785,0.5692430935811785
2026-12-02 22:28:22,56.900000000000006,58.26476985013921,-1.3647698501392043,1.3647698501392043
2026-12-02 22:28:26,59.3,60.568338676261824,-1.268338676261827,1.268338676261827
2026-12-02 22:28:31,61.8,60.364305023391246,1.435694976608751,1.435694976608751
2026-12-02 22:28:36,66.3,83.69554703651096,-17.395547036510962,17.395547036510962
2026-12-02 22:28:40,60.9,60.182777241098314,0.7172227589016842,0.7172227589016842
2026-12-02 22:28:45,65.6,78.07471468179601,-12.474714681796016,12.474714681796016
2026-12-02 22:28:50,79.0,79.32669878445492,-0.3266987844549192,0.3266987844549192
2026-12-02 22:28:55,57.7,59.54862473671422,-1.8486247367142141,1.8486247367142141
2026-12-02 22:28:59,63.0,60.73688222551308,2.263117774486922,2.263117774486922
2026-12-02 22:29:04,63.400000000000006,61.28152781552887,2.1184721844711376,2.1184721844711376
2026-12-02 22:29:09,52.8,53.08531823208351,-0.2853182320835117,0.2853182320835117
2026-12-02 22:29:13,60.1,60.761771737320814,-0.6617717373208123,0.6617717373208123
2026-12-02 22:29:18,57.3,57.604521153726324,-0.30452115372632704,0.30452115372632704
2026-12-02 22:29:23,69.8,70.50652800902733,-0.7065280090273376,0.7065280090273376
2026-12-02 22:29:28,61.8,60.48980573011219,1.310194269887809,1.310194269887809
2026-12-02 22:29:32,60.8,60.086663668624325,0.7133363313756718,0.7133363313756718
2026-12-02 22:29:37,64.30000000000001,65.34029467935662,-1.040294679356606,1.040294679356606
2026-12-02 22:29:42,65.4,69.03919796913215,-3.639197969132141,3.639197969132141
2026-12-02 22:29:46,69.80000000000001,72.93710017929247,-3.13710017929246,3.13710017929246
2026-12-02 22:29:51,60.4,60.66690488737212,-0.2669048873721209,0.2669048873721209
2026-12-02 22:29:56,68.3,77.31730058880656,-9.017300588806563,9.017300588806563
2026-12-02 22:30:00,66.4,66.4566651422126,-0.05666514221259433,0.05666514221259433
2026-12-02 22:30:05,69.8,66.74115082542924,3.058849174570753,3.058849174570753
2026-12-02 22:30:10,56.1,58.187815146460686,-2.0878151464606844,2.0878151464606844
2026-12-02 22:30:15,64.8,66.67164648162164,-1.8716464816216387,1.8716464816216387
2026-12-02 22:30:19,61.7,60.64621192161234,1.0537880783876616,1.0537880783876616
2026-12-02 22:30:24,63.3,60.58799023497538,2.712009765024618,2.712009765024618
2026-12-02 22:30:29,65.69999999999999,65.35948111112933,0.34051888887066184,0.34051888887066184
2026-12-02 22:30:33,75.4,74.90217042734476,0.49782957265524885,0.49782957265524885
2026-12-02 22:30:38,63.5,65.3425915148019,-1.8425915148018959,1.8425915148018959
2026-12-02 22:30:43,59.400000000000006,71.73191082894868,-12.33191082894868,12.33191082894868
2026-12-02 22:30:48,65.4,64.66309197805724,0.7369080219427673,0.7369080219427673
2026-12-02 22:30:52,58.400000000000006,57.45880472743083,0.9411952725691748,0.9411952725691748
2026-12-02 22:30:57,62.6,62.04550770164391,0.554492298356088,0.554492298356088
2026-12-02 22:31:02,54.7,56.51121183911627,-1.8112118391162682,1.8112118391162682
2026-12-02 22:31:06,56.6,58.595317835290615,-1.9953178352906136,1.9953178352906136
2026-12-02 22:31:11,61.099999999999994,59.87834076754543,1.221659232454563,1.221659232454563
2026-12-02 22:31:16,57.7,58.345153713299965,-0.6451537132999619,0.6451537132999619
2026-12-02 22:31:20,55.0,55.25498306217854,-0.25498306217853894,0.25498306217853894
2026-12-02 22:31:25,53.5,53.07020109321421,0.42979890678579125,0.42979890678579125
2026-12-02 22:31:30,57.7,57.219229332970365,0.48077066702963833,0.48077066702963833
2026-12-02 22:31:35,62.099999999999994,61.91855028884497,0.18144971115502528,0.18144971115502528
2026-12-02 22:31:39,57.2,57.501429898869354,-0.3014298988693511,0.3014298988693511
2026-12-02 22:31:44,52.3,53.170001409938,-0.8700014099380056,0.8700014099380056
2026-12-02 22:31:49,58.5,60.02301262766379,-1.523012627663789,1.523012627663789
2026-12-02 22:31:53,54.400000000000006,55.11904819075697,-0.7190481907569648,0.7190481907569648
2026-12-02 22:31:58,48.3,48.66910507532175,-0.3691050753217553,0.3691050753217553
2026-12-02 22:32:03,54.400000000000006,55.62075048496244,-1.220750484962437,1.220750484962437
2026-12-02 22:32:08,54.5,56.51798367301052,-2.0179836730105194,2.0179836730105194
2026-12-02 22:32:12,55.400000000000006,57.82755830743942,-2.427558307439412,2.427558307439412
2026-12-02 22:32:17,57.099999999999994,57.537215592154425,-0.4372155921544305,0.4372155921544305
2026-12-02 22:32:22,55.0,55.03619176362193,-0.036191763621928885,0.036191763621928885
2026-12-02 22:32:26,51.8,51.29098396326795,0.5090160367320493,0.5090160367320493
2026-12-02 22:32:31,54.8,55.566600944637024,-0.7666009446370268,0.7666009446370268
2026-12-02 22:32:36,57.2,56.07766937568937,1.122330624310635,1.122330624310635
2026-12-02 22:32:41,56.599999999999994,55.31008537372844,1.2899146262715533,1.2899146262715533
2026-12-02 22:32:45,54.8,53.08278560665675,1.717214393343248,1.717214393343248
2026-12-02 22:32:50,63.9,61.46403478920197,2.435965210798031,2.435965210798031
2026-12-02 22:32:55,53.6,53.52603688051001,0.07396311948998857,0.07396311948998857
2026-12-02 22:32:59,58.0,59.98184589033436,-1.9818458903343625,1.9818458903343625
2026-12-02 22:33:04,56.5,55.16086676397462,1.3391332360253827,1.3391332360253827
2026-12-02 22:33:09,55.0,57.14421245678299,-2.144212456782988,2.144212456782988
2026-12-02 22:33:13,51.6,53.128041235340305,-1.5280412353403037,1.5280412353403037
2026-12-02 22:33:18,56.400000000000006,57.52523932976677,-1.1252393297667638,1.1252393297667638
2026-12-02 22:33:23,54.0,55.088517864957964,-1.0885178649579643,1.0885178649579643
2026-12-02 22:33:28,58.6,59.92413233806972,-1.3241323380697168,1.3241323380697168
2026-12-02 22:33:32,60.2,59.75482775194304,0.44517224805696287,0.44517224805696287
2026-12-02 22:33:37,57.800000000000004,58.174244855385105,-0.37424485538510055,0.37424485538510055
2026-12-02 22:33:42,60.099999999999994,59.712224993722245,0.3877750062777494,0.3877750062777494
2026-12-02 22:33:46,54.099999999999994,55.187847798269736,-1.0878477982697419,1.0878477982697419
2026-12-02 22:33:51,50.4,50.653949501537916,-0.2539495015379174,0.2539495015379174
2026-12-02 22:33:56,54.9,55.33068637968958,-0.43068637968958257,0.43068637968958257
2026-12-02 22:34:01,58.400000000000006,58.25415805556612,0.145841944433883,0.145841944433883
2026-12-02 22:34:05,61.3,62.07679305442252,-0.7767930544225194,0.7767930544225194
2026-12-02 22:34:10,57.0,55.31806168528896,1.68193831471104,1.68193831471104
2026-12-02 22:34:15,55.099999999999994,56.583810024291566,-1.4838100242915715,1.4838100242915715
2026-12-02 22:34:19,62.1,66.67172383537891,-4.571723835378911,4.571723835378911
2026-12-02 22:34:24,57.6,58.37970243158185,-0.7797024315818462,0.7797024315818462
2026-12-02 22:34:29,54.099999999999994,53.52582107729053,0.5741789227094642,0.5741789227094642
2026-12-02 22:34:33,58.7,60.801590872037345,-2.1015908720373417,2.1015908720373417
2026-12-02 22:34:38,54.099999999999994,55.150089106547505,-1.0500891065475102,1.0500891065475102
2026-12-02 22:34:43,56.3,58.25415805556612,-1.9541580555661255,1.9541580555661255
2026-12-02 22:34:48,54.1,56.51121183911627,-2.4112118391162696,2.4112118391162696
2026-12-02 22:34:52,56.599999999999994,57.667305461510935,-1.0673054615109407,1.0673054615109407
2026-12-02 22:34:57,61.5,61.77850941788215,-0.2785094178821481,0.2785094178821481
2026-12-02 22:35:02,60.3,62.053060469390324,-1.7530604693903271,1.7530604693903271
2026-12-02 22:35:06,59.5,72.73867944184889,-13.238679441848888,13.238679441848888
2026-12-02 22:35:11,61.1,60.82518351711394,0.27481648288605953,0.27481648288605953
2026-12-02 22:35:16,53.4,57.010197603235554,-3.610197603235555,3.610197603235555
2026-12-02 22:35:21,56.0,55.55387434855752,0.44612565144247895,0.44612565144247895
2026-12-02 22:35:25,58.2,59.92413233806972,-1.7241323380697153,1.7241323380697153
2026-12-02 22:35:30,57.6,57.359474794119066,0.2405252058809353,0.2405252058809353
2026-12-02 22:35:35,54.099999999999994,52.887825175542794,1.2121748244572004,1.2121748244572004
2026-12-02 22:35:39,57.0,58.507500215173685,-1.5075002151736854,1.5075002151736854
2026-12-02 22:35:44,57.099999999999994,55.238037270872624,1.8619627291273702,1.8619627291273702
2026-12-02 22:35:49,55.699999999999996,55.20908351770805,0.4909164822919436,0.4909164822919436
2026-12-02 22:35:53,57.900000000000006,57.56088760646355,0.3391123935364533,0.3391123935364533
2026-12-02 22:35:58,55.8,58.34238974226656,-2.5423897422665647,2.5423897422665647
2026-12-02 22:36:03,55.5,57.103465581182334,-1.6034655811823342,1.6034655811823342
2026-12-02 22:36:08,59.5,60.048501900431745,-0.5485019004317451,0.5485019004317451
2026-12-02 22:36:12,62.4,64.5043267327133,-2.1043267327132966,2.1043267327132966
2026-12-02 22:36:17,56.8,55.313000788441315,1.4869992115586825,1.4869992115586825
2026-12-02 22:36:22,64.8,64.8744052442894,-0.07440524428940876,0.07440524428940876
2026-12-02 22:36:26,56.8,58.31511305530398,-1.5151130553039849,1.5151130553039849
2026-12-02 22:36:31,62.400000000000006,66.69859082400676,-4.298590824006752,4.298590824006752
2026-12-02 22:36:36,51.0,50.9870696048232,0.012930395176802278,0.012930395176802278
2026-12-02 22:36:41,56.400000000000006,57.554276546534425,-1.154276546534419,1.154276546534419
2026-12-02 22:36:45,54.400000000000006,53.70032123865521,0.6996787613447992,0.6996787613447992
2026-12-02 22:36:50,52.2,51.112878463110384,1.0871215368896188,1.0871215368896188
2026-12-02 22:36:55,57.6,55.966321523305645,1.6336784766943566,1.6336784766943566
2026-12-02 22:36:59,65.9,65.88147646928454,0.01852353071546986,0.01852353071546986
2026-12-02 22:37:04,57.1,58.40138415342712,-1.301384153427115,1.301384153427115
2026-12-02 22:37:09,58.3,59.78183119945589,-1.4818311994558897,1.4818311994558897
2026-12-02 22:37:13,52.4,52.95039297980289,-0.5503929798028935,0.5503929798028935
2026-12-02 22:37:18,56.9,55.353953526129196,1.5460464738708026,1.5460464738708026
2026-12-02 22:37:23,62.2,60.79015615875727,1.4098438412427328,1.4098438412427328
2026-12-02 22:37:28,72.4,48.86755952737415,23.532440472625858,23.532440472625858
2026-12-02 22:37:32,59.7,59.923111329866224,-0.22311132986622084,0.22311132986622084
2026-12-02 22:37:37,59.5,57.63057646519946,1.8694235348005392,1.8694235348005392
2026-12-02 22:37:42,56.900000000000006,57.442435487708806,-0.5424354877088007,0.5424354877088007
2026-12-02 22:37:46,61.6,62.02379642577476,-0.4237964257747606,0.4237964257747606
2026-12-02 22:37:51,56.1,57.09290963959627,-0.9929096395962702,0.9929096395962702
2026-12-02 22:37:56,59.0,60.74273130560804,-1.7427313056080393,1.7427313056080393
2026-12-02 22:38:01,56.8,57.40656918181407,-0.6065691818140735,0.6065691818140735
2026-12-02 22:38:05,54.599999999999994,55.26625866299332,-0.6662586629933287,0.6662586629933287
2026-12-02 22:38:10,60.8,59.87834076754543,0.9216592324545658,0.9216592324545658
2026-12-02 22:38:15,51.2,50.287594935073415,0.9124050649265882,0.9124050649265882
2026-12-02 22:38:19,57.3,58.47762806416272,-1.1776280641627253,1.1776280641627253
2026-12-02 22:38:24,56.199999999999996,55.29667223328876,0.9033277667112358,0.9033277667112358
2026-12-02 22:38:29,52.1,51.21698146473379,0.8830185352662099,0.8830185352662099
2026-12-02 22:38:33,55.4,57.97655767105769,-2.5765576710576923,2.5765576710576923
2026-12-02 22:38:38,53.0,53.51246658943443,-0.5124665894344318,0.5124665894344318
2026-12-02 22:38:43,59.3,59.9788956946981,-0.678895694698106,0.678895694698106
2026-12-02 22:38:48,53.5,53.63449488737416,-0.13449488737416004,0.13449488737416004
2026-12-02 22:38:52,48.2,48.95765254308333,-0.7576525430833243,0.7576525430833243
2026-12-02 22:38:57,59.2,60.00876685228538,-0.8087668522853804,0.8087668522853804
2026-12-02 22:39:02,57.599999999999994,57.530383652033926,0.0696163479660683,0.0696163479660683
2026-12-02 22:39:06,56.5,58.345153713299965,-1.8451537132999647,1.8451537132999647
2026-12-02 22:39:11,62.099999999999994,62.38812841827442,-0.28812841827442526,0.28812841827442526
2026-12-02 22:39:16,54.900000000000006,55.34228315000786,-0.442283150007853,0.442283150007853
2026-12-02 22:39:21,54.3,63.23252997917789,-8.932529979177893,8.932529979177893
2026-12-02 22:39:25,54.8,55.472949570948266,-0.6729495709482691,0.6729495709482691
2026-12-02 22:39:30,62.0,61.93535031806197,0.06464968193802889,0.06464968193802889
2026-12-02 22:39:35,65.19999999999999,62.144473988455836,3.0555260115441527,3.0555260115441527
2026-12-02 22:39:39,59.9,59.73410410819136,0.1658958918086384,0.1658958918086384
2026-12-02 22:39:44,57.4,57.73111438104185,-0.33111438104185,0.33111438104185
2026-12-02 22:39:49,57.6,57.33415214029588,0.26584785970412383,0.26584785970412383
2026-12-02 22:39:53,56.2,57.082795788410856,-0.8827957884108528,0.8827957884108528
2026-12-02 22:39:58,55.4,55.29397544115471,0.1060245588452915,0.1060245588452915
2026-12-02 22:40:03,57.599999999999994,56.21453614682824,1.385463853171757,1.385463853171757
2026-12-02 22:40:08,50.9,51.08541376050193,-0.18541376050193037,0.18541376050193037
2026-12-02 22:40:12,53.599999999999994,53.63273136578717,-0.03273136578717839,0.03273136578717839
2026-12-02 22:40:17,56.7,58.60606017407189,-1.9060601740718894,1.9060601740718894
2026-12-02 22:40:22,54.5,53.80281832707746,0.6971816729225395,0.6971816729225395
2026-12-02 22:40:26,55.300000000000004,57.03012841782879,-1.7301284178287872,1.7301284178287872
2026-12-02 22:40:31,57.6,56.01344385561554,1.5865561443844598,1.5865561443844598
2026-12-02 22:40:36,56.4,58.38313567198575,-1.9831356719857496,1.9831356719857496
2026-12-02 22:40:41,61.4,62.047839301257945,-0.647839301257946,0.647839301257946
2026-12-02 22:40:45,59.6,60.499261572828544,-0.8992615728285429,0.8992615728285429
2026-12-02 22:40:50,53.3,55.13947731197441,-1.839477311974413,1.839477311974413
2026-12-02 22:40:55,52.2,53.63720822615658,-1.437208226156578,1.437208226156578
2026-12-02 22:40:59,55.300000000000004,56.993717188037465,-1.6937171880374606,1.6937171880374606
2026-12-02 22:41:04,60.6,60.95650929602456,-0.35650929602455506,0.35650929602455506
2026-12-02 22:41:09,53.0,52.7106954928395,0.2893045071605016,0.2893045071605016
2026-12-02 22:41:13,58.900000000000006,59.56548212965195,-0.6654821296519415,0.6654821296519415
2026-12-02 22:41:18,66.5,77.30391328084941,-10.803913280849414,10.803913280849414
2026-12-02 22:41:23,62.9,66.1634419910235,-3.2634419910235053,3.2634419910235053
2026-12-02 22:41:28,62.0,60.80929110462265,1.1907088953773481,1.1907088953773481
2026-12-02 22:41:32,57.5,58.35271801446433,-0.8527180144643296,0.8527180144643296
2026-12-02 22:41:37,57.099999999999994,58.281139089861234,-1.1811390898612402,1.1811390898612402
2026-12-02 22:41:42,58.2,60.53320259135953,-2.3332025913595302,2.3332025913595302
2026-12-02 22:41:46,62.0,60.809306351187416,1.1906936488125837,1.1906936488125837
2026-12-02 22:41:51,56.599999999999994,55.94164557001087,0.6583544299891244,0.6583544299891244
2026-12-02 22:41:56,58.599999999999994,65.00906837706488,-6.409068377064884,6.409068377064884
2026-12-02 22:42:01,60.599999999999994,72.60998756414584,-12.009987564145845,12.009987564145845
2026-12-02 22:42:05,62.4,66.29116420254643,-3.8911642025464275,3.8911642025464275
2026-12-02 22:42:10,62.599999999999994,66.28374089627992,-3.6837408962799287,3.6837408962799287
2026-12-02 22:42:15,55.7,57.042380703541355,-1.3423807035413517,1.3423807035413517
2026-12-02 22:42:19,59.8,60.74898669414465,-0.9489866941446508,0.9489866941446508
2026-12-02 22:42:24,62.8,61.895217739612015,0.9047822603879823,0.9047822603879823
2026-12-02 22:42:29,66.3,66.61104834804323,-0.31104834804322934,0.31104834804322934
2026-12-02 22:42:33,65.0,68.70811839812248,-3.7081183981224797,3.7081183981224797
2026-12-02 22:42:38,55.3,55.590533178411604,-0.2905331784116072,0.2905331784116072
2026-12-02 22:42:43,47.3,50.67878444946476,-3.37878444946476,3.37878444946476
2026-12-02 22:42:48,66.3,75.78963842134146,-9.489638421341468,9.489638421341468
2026-12-02 22:42:52,59.400000000000006,60.242262059286055,-0.8422620592860497,0.8422620592860497
2026-12-02 22:42:57,59.8,60.380582908261,-0.5805829082610003,0.5805829082610003
2026-12-02 22:43:02,58.0,58.121401423463325,-0.12140142346332539,0.12140142346332539
2026-12-02 22:43:06,61.3,63.85144928803731,-2.551449288037311,2.551449288037311
2026-12-02 22:43:11,56.3,61.29706327167397,-4.997063271673973,4.997063271673973
2026-12-02 22:43:16,69.3,66.73658556933103,2.5634144306689706,2.5634144306689706
2026-12-02 22:43:21,70.4,122.87063276729612,-52.47063276729611,52.47063276729611
2026-12-02 22:43:25,55.099999999999994,61.24023721748798,-6.140237217487986,6.140237217487986
2026-12-02 22:43:30,53.599999999999994,53.43826396580004,0.1617360341999543,0.1617360341999543
2026-12-02 22:43:35,64.7,62.10014446069361,2.5998555393063896,2.5998555393063896
2026-12-02 22:43:39,61.3,60.50411416284772,0.7958858371522766,0.7958858371522766
2026-12-02 22:43:44,63.6,62.356770142820864,1.2432298571791378,1.2432298571791378
2026-12-02 22:43:49,59.0,58.40138415342712,0.5986158465728835,0.5986158465728835
2026-12-02 22:43:53,60.0,72.86558406304454,-12.865584063044537,12.865584063044537
2026-12-02 22:43:58,56.5,55.79022129141092,0.7097787085890772,0.7097787085890772
2026-12-02 22:44:03,59.2,57.76506338936208,1.4349366106379193,1.4349366106379193
2026-12-02 22:44:08,61.3,62.105674636125045,-0.8056746361250475,0.8056746361250475
2026-12-02 22:44:12,59.099999999999994,72.74921459934127,-13.649214599341278,13.649214599341278
2026-12-02 22:44:17,57.199999999999996,64.92014548652509,-7.720145486525091,7.720145486525091
2026-12-02 22:44:22,59.1,60.67088786511844,-1.5708878651184364,1.5708878651184364
2026-12-02 22:44:26,56.3,55.870192723664964,0.42980727633503335,0.42980727633503335
2026-12-02 22:44:31,56.0,57.1984518575321,-1.198451857532099,1.198451857532099
2026-12-02 22:44:36,65.1,68.8720090873288,-3.7720090873288115,3.7720090873288115
2026-12-02 22:44:41,55.9,57.04369870890437,-1.143698708904374,1.143698708904374
2026-12-02 22:44:45,60.599999999999994,72.81505512698962,-12.215055126989625,12.215055126989625
2026-12-02 22:44:50,61.4,60.823907790283606,0.5760922097163927,0.5760922097163927
2026-12-02 22:44:55,55.2,57.02031145442097,-1.8203114544209669,1.8203114544209669
2026-12-02 22:44:59,58.9,60.90501673089367,-2.005016730893672,2.005016730893672
2026-12-02 22:45:04,51.0,50.526067207400246,0.4739327925997543,0.4739327925997543
2026-12-02 22:45:09,53.599999999999994,55.593406533212395,-1.9934065332124007,1.9934065332124007
2026-12-02 22:45:13,61.3,60.614404646566996,0.6855953534330013,0.6855953534330013
2026-12-02 22:45:18,55.099999999999994,57.248980793587016,-2.1489807935870218,2.1489807935870218
2026-12-02 22:45:23,59.8,60.07745565359632,-0.27745565359631996,0.27745565359631996
2026-12-02 22:45:28,61.5,62.07298727620089,-0.572987276200891,0.572987276200891
2026-12-02 22:45:32,64.9,69.49922320875852,-4.5992232087585165,4.5992232087585165
2026-12-02 22:45:37,72.0,71.93312069444295,0.0668793055570518,0.0668793055570518
2026-12-02 22:45:42,57.5,56.038745416525764,1.4612545834742363,1.4612545834742363
2026-12-02 22:45:46,63.5,65.8013560092137,-2.3013560092137055,2.3013560092137055
2026-12-02 22:45:51,57.1,58.34380545990536,-1.24380545990536,1.24380545990536
2026-12-02 22:45:56,66.9,66.67164648162164,0.2283535183783698,0.2283535183783698
2026-12-02 22:46:01,62.800000000000004,65.87115302677583,-3.071153026775825,3.071153026775825
2026-12-02 22:46:05,61.300000000000004,60.88850690660736,0.41149309339264306,0.41149309339264306
2026-12-02 22:46:10,64.4,61.45244814904713,2.947551850952877,2.947551850952877
2026-12-02 22:46:15,58.599999999999994,60.42469809031193,-1.8246980903119336,1.8246980903119336
2026-12-02 22:46:19,65.6,68.69782667750552,-3.097826677505523,3.097826677505523
2026-12-02 22:46:24,59.900000000000006,60.64908649675492,-0.7490864967549129,0.7490864967549129
2026-12-02 22:46:29,57.1,57.40063476053508,-0.30063476053507543,0.30063476053507543
2026-12-02 22:46:33,61.7,62.08279083693531,-0.3827908369353068,0.3827908369353068
2026-12-02 22:46:38,59.5,56.01498939066571,3.4850106093342887,3.4850106093342887
2026-12-02 22:46:43,62.5,62.40458240203517,0.09541759796483262,0.09541759796483262
2026-12-02 22:46:48,55.4,56.583810024291566,-1.1838100242915672,1.1838100242915672
2026-12-02 22:46:52,60.0,118.39654722928259,-58.39654722928259,58.39654722928259
2026-12-02 22:46:57,61.2,60.823296128656104,0.37670387134389927,0.37670387134389927
2026-12-02 22:47:02,63.1,62.26140428827958,0.8385957117204228,0.8385957117204228
2026-12-02 22:47:06,57.7,55.86007887247955,1.839921127520455,1.839921127520455
2026-12-02 22:47:11,58.5,60.026601753932795,-1.5266017539327947,1.5266017539327947
2026-12-02 22:47:16,58.1,55.443699070117965,2.656300929882036,2.656300929882036
2026-12-02 22:47:21,57.2,58.57710642090732,-1.3771064209073174,1.3771064209073174
2026-12-02 22:47:25,56.8,58.35954995458483,-1.5595499545848313,1.5595499545848313
2026-12-02 22:47:30,58.7,56.19293946365773,2.507060536342273,2.507060536342273
2026-12-02 22:47:35,57.400000000000006,55.95561953541666,1.4443804645833467,1.4443804645833467
2026-12-02 22:47:39,59.2,60.67804024991949,-1.4780402499194878,1.4780402499194878
2026-12-02 22:47:44,66.8,77.31730058880656,-10.517300588806563,10.517300588806563
2026-12-02 22:47:49,65.19999999999999,61.91556741261262,3.2844325873873714,3.2844325873873714
2026-12-02 22:47:53,54.900000000000006,55.234843618599236,-0.33484361859922984,0.33484361859922984
2026-12-02 22:47:58,59.0,72.86260878819932,-13.862608788199324,13.862608788199324
2026-12-02 22:48:03,56.4,58.37970243158185,-1.979702431581849,1.979702431581849
2026-12-02 22:48:08,65.2,65.26564145981253,-0.06564145981252523,0.06564145981252523
2026-12-02 22:48:12,66.0,66.37284780433916,-0.372847804339159,0.372847804339159
2026-12-02 22:48:17,53.3,53.03555463055635,0.26444536944364927,0.26444536944364927
2026-12-02 22:48:22,65.9,67.06684765912901,-1.1668476591290045,1.1668476591290045
2026-12-02 22:48:26,62.400000000000006,60.48980573011219,1.9101942698878176,1.9101942698878176
2026-12-02 22:48:31,63.300000000000004,66.1706044033428,-2.8706044033427887,2.8706044033427887
2026-12-02 22:48:36,56.699999999999996,55.77285326619507,0.9271467338049248,0.9271467338049248
2026-12-02 22:48:41,59.4,58.57710642090732,0.8228935790926784,0.8228935790926784
2026-12-02 22:48:45,68.6,121.50973399686852,-52.909733996868525,52.909733996868525
2026-12-02 22:48:50,69.5,122.6108073819455,-53.110807381945506,53.110807381945506
2026-12-02 22:48:55,63.4,62.45952831583942,0.9404716841605776,0.9404716841605776
2026-12-02 22:48:59,73.9,81.41269281664106,-7.512692816641049,7.512692816641049
2026-12-02 22:49:04,56.7,57.26761198151024,-0.5676119815102396,0.5676119815102396
2026-12-02 22:49:09,58.599999999999994,55.9854717157358,2.614528284264196,2.614528284264196
2026-12-02 22:49:13,65.1,121.67963076547439,-56.57963076547439,56.57963076547439
2026-12-02 22:49:18,69.2,71.28739237880228,-2.087392378802278,2.087392378802278
2026-12-02 22:49:23,63.7,64.53900969882595,-0.8390096988259472,0.8390096988259472
2026-12-02 22:49:28,57.4,58.14904626400014,-0.7490462640001425,0.7490462640001425
2026-12-02 22:49:32,61.7,60.68991084690759,1.0100891530924159,1.0100891530924159
2026-12-02 22:49:37,55.0,53.63449488737416,1.36550511262584,1.36550511262584
2026-12-02 22:49:42,68.7,65.83070811842167,2.8692918815783344,2.8692918815783344
2026-12-02 22:49:46,63.5,60.59083319080285,2.9091668091971528,2.9091668091971528
2026-12-02 22:49:51,71.6,72.41948520037933,-0.8194852003793329,0.8194852003793329
2026-12-02 22:49:56,58.300000000000004,58.60331020794479,-0.3033102079447829,0.3033102079447829
2026-12-02 22:50:01,63.5,66.35136735201553,-2.8513673520155294,2.8513673520155294
2026-12-02 22:50:05,52.400000000000006,52.85086653056346,-0.4508665305634523,0.4508665305634523
2026-12-02 22:50:10,66.4,68.9683554280075,-2.568355428007493,2.568355428007493
2026-12-02 22:50:15,60.5,60.642845920377404,-0.14284592037740396,0.14284592037740396
2026-12-02 22:50:19,62.1,61.92417149277659,0.17582850722341448,0.17582850722341448
2026-12-02 22:50:24,64.8,69.04931182031757,-4.249311820317573,4.249311820317573
2026-12-02 22:50:29,57.0,57.15844808303918,-0.15844808303918256,0.15844808303918256
2026-12-02 22:50:34,65.3,66.89149497869415,-1.5914949786941577,1.5914949786941577
2026-12-02 22:50:38,62.6,64.32998483180037,-1.7299848318003725,1.7299848318003725
2026-12-02 22:50:43,58.2,58.23123698317632,-0.03123698317632062,0.03123698317632062
2026-12-02 22:50:48,66.19999999999999,66.62131893231596,-0.4213189323159696,0.4213189323159696
2026-12-02 22:50:52,60.3,60.499261572828544,-0.19926157282854717,0.19926157282854717
2026-12-02 22:50:57,58.400000000000006,56.038745416525764,2.361254583474242,2.361254583474242
2026-12-02 22:51:02,55.900000000000006,55.307329929010805,0.5926700709892003,0.5926700709892003
2026-12-02 22:51:06,60.2,59.715175189358504,0.4848248106414985,0.4848248106414985
2026-12-02 22:51:11,59.2,59.90141087868429,-0.7014108786842854,0.7014108786842854
2026-12-02 22:51:16,51.9,53.05949565529537,-1.1594956552953732,1.1594956552953732
2026-12-02 22:51:21,50.6,50.93010787920497,-0.33010787920496654,0.33010787920496654
2026-12-02 22:51:25,61.0,72.32923966609414,-11.32923966609414,11.32923966609414
2026-12-02 22:51:30,57.400000000000006,55.76268524320438,1.6373147567956252,1.6373147567956252
2026-12-02 22:51:35,59.300000000000004,72.64127102720748,-13.341271027207476,13.341271027207476
2026-12-02 22:51:39,58.3,57.744200829890026,0.5557991701099709,0.5557991701099709
2026-12-02 22:51:44,56.4,61.54885389888264,-5.148853898882642,5.148853898882642
2026-12-02 22:51:49,58.7,60.11365319306774,-1.4136531930677378,1.4136531930677378
2026-12-02 22:51:54,59.8,72.86260878819932,-13.062608788199327,13.062608788199327
2026-12-02 22:51:58,64.80000000000001,66.65727320801045,-1.8572732080104402,1.8572732080104402
2026-12-02 22:52:03,52.699999999999996,50.39931236295878,2.3006876370412144,2.3006876370412144
2026-12-02 22:52:08,65.9,65.86232627685439,0.03767372314561612,0.03767372314561612
2026-12-02 22:52:12,59.1,59.84960785638865,-0.7496078563886499,0.7496078563886499
2026-12-02 22:52:17,61.0,60.55765507843,0.4423449215699975,0.4423449215699975
2026-12-02 22:52:22,56.8,58.18089377801155,-1.3808937780115542,1.3808937780115542
2026-12-02 22:52:26,65.2,68.96054269728042,-3.760542697280414,3.760542697280414
2026-12-02 22:52:31,65.1,62.1996956121192,2.9003043878807944,2.9003043878807944
2026-12-02 22:52:36,54.4,57.11562478723279,-2.715624787232791,2.715624787232791
2026-12-02 22:52:41,61.0,61.116549146715755,-0.11654914671575511,0.11654914671575511
2026-12-02 22:52:45,53.5,53.6177309440252,-0.11773094402519746,0.11773094402519746
2026-12-02 22:52:50,53.7,55.42644008794778,-1.726440087947779,1.726440087947779
2026-12-02 22:52:55,62.9,60.799977546625904,2.1000224533740948,2.1000224533740948
2026-12-02 22:52:59,65.2,66.44682007360797,-1.2468200736079638,1.2468200736079638
2026-12-02 22:53:04,59.0,58.23047529551226,0.7695247044877433,0.7695247044877433
2026-12-02 22:53:09,65.3,65.47598781796148,-0.17598781796148444,0.17598781796148444
2026-12-02 22:53:14,63.900000000000006,61.88314104410777,2.016858955892239,2.016858955892239
2026-12-02 22:53:18,59.5,59.78183119945589,-0.28183119945588686,0.28183119945588686
2026-12-02 22:53:23,61.8,62.129885725402836,-0.3298857254028391,0.3298857254028391
2026-12-02 22:53:28,56.2,57.195406728018526,-0.9954067280185228,0.9954067280185228
2026-12-02 22:53:32,63.2,65.86909635941234,-2.669096359412336,2.669096359412336
2026-12-02 22:53:37,65.6,66.47661397364139,-0.8766139736413976,0.8766139736413976
2026-12-02 22:53:42,62.0,62.036147199678155,-0.03614719967815461,0.03614719967815461
2026-12-02 22:53:46,60.3,60.59384508227149,-0.29384508227149553,0.29384508227149553
2026-12-02 22:53:51,52.0,50.31637547077175,1.683624529228247,1.683624529228247
2026-12-02 22:53:56,52.1,87.67483724147313,-35.574837241473126,35.574837241473126
2026-12-02 22:54:01,52.3,50.862388452455285,1.4376115475447122,1.4376115475447122
2026-12-02 22:54:05,55.7,57.0041595294292,-1.3041595294291994,1.3041595294291994
2026-12-02 22:54:10,59.2,72.8426059605624,-13.642605960562392,13.642605960562392
2026-12-02 22:54:15,58.6,58.67361598899687,-0.07361598899687039,0.07361598899687039
2026-12-02 22:54:19,60.9,60.726486134141794,0.1735138658582045,0.1735138658582045
2026-12-02 22:54:24,64.2,64.32785944875278,-0.12785944875277266,0.12785944875277266
2026-12-02 22:54:29,55.4,54.806831436697514,0.5931685633024841,0.5931685633024841
2026-12-02 22:54:34,57.9,58.25415805556612,-0.3541580555661241,0.3541580555661241
2026-12-02 22:54:38,61.6,62.0252402285717,-0.4252402285716954,0.4252402285716954
2026-12-02 22:54:43,63.8,64.18162658042316,-0.3816265804231591,0.3816265804231591
2026-12-02 22:54:48,60.099999999999994,72.90551500648952,-12.805515006489529,12.805515006489529
2026-12-02 22:54:52,55.5,57.03012841782879,-1.5301284178287915,1.5301284178287915
2026-12-02 22:54:57,60.8,72.65009297465708,-11.850092974657088,11.850092974657088
2026-12-02 22:55:02,56.3,58.57710642090732,-2.277106420907323,2.277106420907323
2026-12-02 22:55:06,51.6,50.87036177659981,0.7296382234001939,0.7296382234001939
2026-12-02 22:55:11,64.5,65.4422787328556,-0.9422787328555984,0.9422787328555984
2026-12-02 22:55:16,66.5,77.90391796850568,-11.40391796850568,11.40391796850568
2026-12-02 22:55:21,68.3,66.63879917072312,1.6612008292768792,1.6612008292768792
2026-12-02 22:55:25,54.5,54.050861921158855,0.44913807884114476,0.44913807884114476
2026-12-02 22:55:30,53.7,53.7887619618838,-0.08876196188379737,0.08876196188379737
2026-12-02 22:55:35,58.6,60.887080414608505,-2.2870804146085035,2.2870804146085035
2026-12-02 22:55:39,71.6,82.71335261632862,-11.113352616328626,11.113352616328626
2026-12-02 22:55:44,61.5,60.57686743367188,0.9231325663281211,0.9231325663281211
2026-12-02 22:55:49,59.400000000000006,59.96244659320004,-0.5624465932000362,0.5624465932000362
2026-12-02 22:55:54,58.9,60.48670186370422,-1.5867018637042207,1.5867018637042207
2026-12-02 22:55:58,55.800000000000004,55.443699070117965,0.356300929882039,0.356300929882039
2026-12-02 22:56:03,56.5,55.49137943048019,1.0086205695198132,1.0086205695198132
2026-12-02 22:56:08,60.1,118.84090097279952,-58.740900972799516,58.740900972799516
2026-12-02 22:56:12,66.2,66.70414941141576,-0.504149411415753,0.504149411415753
2026-12-02 22:56:17,63.900000000000006,64.30103107863582,-0.40103107863581045,0.40103107863581045
2026-12-02 22:56:22,63.4,65.54923973849915,-2.149239738499155,2.149239738499155
2026-12-02 22:56:26,69.0,65.64075904679169,3.359240953208314,3.359240953208314
2026-12-02 22:56:31,67.1,65.4674464653298,1.632553534670194,1.632553534670194
2026-12-02 22:56:36,65.9,64.4425001307364,1.4574998692636,1.4574998692636
2026-12-02 22:56:41,54.9,55.16086676397462,-0.2608667639746187,0.2608667639746187
2026-12-02 22:56:45,59.3,60.5655577235537,-1.2655577235537052,1.2655577235537052
2026-12-02 22:56:50,60.7,65.94030452525179,-5.240304525251787,5.240304525251787
2026-12-02 22:56:55,56.0,55.76268524320438,0.23731475679561953,0.23731475679561953
2026-12-02 22:56:59,63.599999999999994,62.41887538553065,1.181124614469347,1.181124614469347
2026-12-02 22:57:04,70.1,71.02683103171309,-0.9268310317130926,0.9268310317130926
2026-12-02 22:57:09,56.7,55.870192723664964,0.829807276335039,0.829807276335039
2026-12-02 22:57:14,59.400000000000006,72.68643337757379,-13.286433377573786,13.286433377573786
2026-12-02 23:06:55,56.4,55.49197321951339,0.9080267804866082,0.9080267804866082
2026-12-02 23:07:00,55.400000000000006,55.420542433037866,-0.02054243303786052,0.02054243303786052
2026-12-02 23:07:04,62.8,62.13558230975408,0.6644176902459193,0.6644176902459193
2026-12-02 23:07:09,62.4,62.08279083693531,0.31720916306468894,0.31720916306468894
2026-12-02 23:07:14,70.69999999999999,71.17111905579047,-0.4711190557904814,0.4711190557904814
2026-12-02 23:07:18,54.8,57.0169694371298,-2.216969437129805,2.216969437129805
2026-12-02 23:07:23,62.7,62.297638829533334,0.4023611704666692,0.4023611704666692
2026-12-02 23:07:28,60.9,61.935922419157656,-1.0359224191576573,1.0359224191576573
2026-12-02 23:07:33,61.3,59.85972170757407,1.4402782924259299,1.4402782924259299
2026-12-02 23:07:37,54.2,55.2168015514343,-1.0168015514342983,1.0168015514342983
2026-12-02 23:07:42,57.6,57.498392688386225,0.10160731161377612,0.10160731161377612
2026-12-02 23:07:47,53.8,57.22545402088446,-3.425454020884466,3.425454020884466
2026-12-02 23:07:51,64.6,64.69132028180447,-0.09132028180447094,0.09132028180447094
2026-12-02 23:07:56,62.5,61.66015735218541,0.8398426478145922,0.8398426478145922
2026-12-02 23:08:01,55.6,57.6254468679329,-2.0254468679328994,2.0254468679328994
2026-12-02 23:08:06,55.5,57.372829281975164,-1.8728292819751644,1.8728292819751644
2026-12-02 23:08:10,55.900000000000006,61.202336887604076,-5.302336887604071,5.302336887604071
2026-12-02 23:08:15,59.099999999999994,57.83261920428706,1.2673807957129313,1.2673807957129313
2026-12-02 23:08:20,76.6,75.30251697690838,1.2974830230916155,1.2974830230916155
2026-12-02 23:08:24,51.099999999999994,53.07961174907571,-1.9796117490757155,1.9796117490757155
2026-12-02 23:08:29,60.7,62.33490710764986,-1.634907107649859,1.634907107649859
2026-12-02 23:08:34,55.2,55.16356057717471,0.03643942282529622,0.03643942282529622
2026-12-02 23:08:39,55.5,56.204003519217046,-0.7040035192170464,0.7040035192170464
2026-12-02 23:08:43,57.5,57.55764212615136,-0.05764212615135733,0.05764212615135733
2026-12-02 23:08:48,54.6,55.083469277576704,-0.48346927757670244,0.48346927757670244
2026-12-02 23:08:53,53.4,53.20041498023343,0.19958501976656606,0.19958501976656606
2026-12-02 23:08:57,60.5,60.559302335017094,-0.05930233501709381,0.05930233501709381
2026-12-02 23:09:02,61.1,59.78183119945589,1.3181688005441146,1.3181688005441146
2026-12-02 23:09:07,55.599999999999994,57.172430664104034,-1.57243066410404,1.57243066410404
2026-12-02 23:09:11,51.400000000000006,51.02697617173428,0.37302382826572256,0.37302382826572256
2026-12-02 23:09:16,55.099999999999994,60.9915572672541,-5.891557267254107,5.891557267254107
2026-12-02 23:09:21,56.900000000000006,57.181350362824865,-0.2813503628248597,0.2813503628248597
2026-12-02 23:09:26,58.8,60.2258383578874,-1.4258383578874003,1.4258383578874003
2026-12-02 23:09:30,58.0,58.35271801446433,-0.3527180144643296,0.3527180144643296
2026-12-02 23:09:35,53.2,54.004451800612905,-0.8044518006129024,0.8044518006129024
2026-12-02 23:09:40,51.599999999999994,53.49590245209,-1.8959024520900059,1.8959024520900059
2026-12-02 23:09:44,67.4,67.05589605998546,0.34410394001454847,0.34410394001454847
2026-12-02 23:09:49,60.8,60.67977015977815,0.12022984022184602,0.12022984022184602
2026-12-02 23:09:54,54.6,55.19929896100922,-0.5992989610092181,0.5992989610092181
2026-12-02 23:09:59,54.0,55.29340259003273,-1.293402590032727,1.293402590032727
2026-12-02 23:10:03,51.9,53.22180443223364,-1.321804432233641,1.321804432233641
2026-12-02 23:10:08,60.3,59.86916012560883,0.4308398743911681,0.4308398743911681
2026-12-02 23:10:13,57.5,58.39105325777045,-0.8910532577704515,0.8910532577704515
2026-12-02 23:10:17,62.5,62.113658602968734,0.38634139703126635,0.38634139703126635
2026-12-02 23:10:22,53.400000000000006,53.71373437909489,-0.3137343790948819,0.3137343790948819
2026-12-02 23:10:27,59.0,59.81014501040126,-0.8101450104012571,0.8101450104012571
2026-12-02 23:10:31,53.800000000000004,53.87486642993328,-0.07486642993327308,0.07486642993327308
2026-12-02 23:10:36,64.2,62.184688541896065,2.0153114581039375,2.0153114581039375
2026-12-02 23:10:41,57.7,58.25415805556612,-0.5541580555661199,0.5541580555661199
2026-12-02 23:10:46,57.6,57.60958205057397,-0.009582050573968104,0.009582050573968104
2026-12-02 23:10:50,58.7,59.610068145164476,-0.9100681451644732,0.9100681451644732
2026-12-02 23:10:55,55.8,57.195406728018526,-1.3954067280185285,1.3954067280185285
2026-12-02 23:11:00,56.699999999999996,55.558935245405166,1.1410647545948294,1.1410647545948294
2026-12-02 23:11:04,52.9,53.565705861353344,-0.6657058613533451,0.6657058613533451
2026-12-02 23:11:09,51.0,50.99784271908071,0.002157280919291793,0.002157280919291793
2026-12-02 23:11:14,65.1,75.02495749739518,-9.924957497395184,9.924957497395184
2026-12-02 23:11:19,58.0,58.29935802471817,-0.29935802471816686,0.29935802471816686
2026-12-02 23:11:23,56.1,57.248980793587016,-1.1489807935870147,1.1489807935870147
2026-12-02 23:11:28,59.5,60.82235453491099,-1.3223545349109926,1.3223545349109926
2026-12-02 23:11:33,52.2,53.70032123865521,-1.5003212386552036,1.5003212386552036
2026-12-02 23:11:37,52.400000000000006,51.112878463110384,1.2871215368896216,1.2871215368896216
2026-12-02 23:11:42,49.7,50.85427618177876,-1.154276181778755,1.154276181778755
2026-12-02 23:11:47,58.8,58.52336612884407,0.27663387115592997,0.27663387115592997
2026-12-02 23:11:51,54.4,55.29667223328876,-0.8966722332887613,0.8966722332887613
2026-12-02 23:11:56,56.3,58.35271801446433,-2.0527180144643324,2.0527180144643324
2026-12-02 23:12:01,75.9,85.98033317826525,-10.08033317826525,10.08033317826525
2026-12-02 23:12:06,49.2,52.308280227423225,-3.108280227423222,3.108280227423222
2026-12-02 23:12:10,53.3,53.71112919260695,-0.4111291926069498,0.4111291926069498
2026-12-02 23:12:15,56.3,55.27631400755602,1.0236859924439798,1.0236859924439798
2026-12-02 23:12:20,53.2,53.04707790788612,0.15292209211388297,0.15292209211388297
2026-12-02 23:12:24,57.3,57.50173893409175,-0.20173893409175037,0.20173893409175037
2026-12-02 23:12:29,57.0,56.04482259924031,0.9551774007596876,0.9551774007596876
2026-12-02 23:12:34,51.4,53.63967845141487,-2.239678451414875,2.239678451414875
2026-12-02 23:12:39,63.2,62.462772089310235,0.7372279106897679,0.7372279106897679
2026-12-02 23:12:43,59.9,60.464458980388656,-0.5644589803886575,0.5644589803886575
2026-12-02 23:12:48,64.9,65.5743704525421,-0.6743704525420924,0.6743704525420924
2026-12-02 23:12:53,58.300000000000004,58.345153713299965,-0.04515371329996043,0.04515371329996043
2026-12-02 23:12:57,52.7,53.099154846378774,-0.39915484637877086,0.39915484637877086
2026-12-02 23:13:02,69.6,70.56140416842632,-0.961404168426327,0.961404168426327
2026-12-02 23:13:07,51.0,50.680848329600465,0.31915167039953474,0.31915167039953474
2026-12-02 23:13:11,67.4,68.53955661423369,-1.1395566142336833,1.1395566142336833
2026-12-02 23:13:16,62.2,62.42151463598388,-0.22151463598387977,0.22151463598387977
2026-12-02 23:13:21,58.2,57.53382992939555,0.6661700706044513,0.6661700706044513
2026-12-02 23:13:26,59.6,59.83078584269769,-0.2307858426976921,0.2307858426976921
2026-12-02 23:13:30,49.099999999999994,48.91325379311238,0.18674620688761223,0.18674620688761223
2026-12-02 23:13:35,52.7,53.053026016407784,-0.35302601640778164,0.35302601640778164
2026-12-02 23:13:40,55.199999999999996,55.558935245405166,-0.35893524540517063,0.35893524540517063
2026-12-02 23:13:44,55.6,56.583810024291566,-0.9838100242915644,0.9838100242915644
2026-12-02 23:13:49,52.0,53.016126788586,-1.016126788586,1.016126788586
2026-12-02 23:13:54,53.8,55.30352035246591,-1.5035203524659124,1.5035203524659124
2026-12-02 23:13:59,50.5,51.134453646000736,-0.6344536460007362,0.6344536460007362
2026-12-02 23:14:03,58.099999999999994,57.583971923792426,0.5160280762075686,0.5160280762075686
2026-12-02 23:14:08,60.0,59.820128980838774,0.17987101916122583,0.17987101916122583
2026-12-02 23:14:13,55.9,55.27637251417874,0.6236274858212596,0.6236274858212596
2026-12-02 23:14:17,60.7,62.02664023618031,-1.3266402361803102,1.3266402361803102
2026-12-02 23:14:22,62.3,60.837853555090696,1.4621464449093011,1.4621464449093011
2026-12-02 23:14:27,67.5,121.19917009665417,-53.69917009665417,53.69917009665417
2026-12-02 23:14:31,52.800000000000004,50.506027433091425,2.293972566908579,2.293972566908579
2026-12-02 23:14:36,53.0,53.81092435343868,-0.8109243534386792,0.8109243534386792
2026-12-02 23:14:41,67.2,66.8696010155736,0.33039898442640947,0.33039898442640947
2026-12-02 23:14:46,54.800000000000004,57.04424612409239,-2.2442461240923848,2.2442461240923848
2026-12-02 23:14:50,56.2,55.24326281026218,0.9567371897378223,0.9567371897378223
2026-12-02 23:14:55,61.5,62.3361884938518,-0.8361884938518003,0.8361884938518003
2026-12-02 23:15:00,50.4,50.87543283917273,-0.4754328391727327,0.4754328391727327
2026-12-02 23:15:04,57.2,58.40147081722501,-1.2014708172250081,1.2014708172250081
2026-12-02 23:15:09,52.9,53.97500930441378,-1.0750093044137827,1.0750093044137827
2026-12-02 23:15:14,58.2,58.47386217564073,-0.2738621756407298,0.2738621756407298
2026-12-02 23:15:19,57.8,57.498392688386225,0.30160731161377186,0.30160731161377186
2026-12-02 23:15:23,59.7,60.535441850929594,-0.8354418509295911,0.8354418509295911
2026-12-02 23:15:28,57.1,57.38601898177531,-0.2860189817753067,0.2860189817753067
2026-12-02 23:15:33,65.0,64.42892983966082,0.5710701603391755,0.5710701603391755
2026-12-02 23:15:37,72.5,72.70530692111934,-0.20530692111934457,0.20530692111934457
2026-12-02 23:15:42,58.8,60.316787350099496,-1.5167873500994986,1.5167873500994986
2026-12-02 23:15:47,64.6,65.49308913774415,-0.8930891377441554,0.8930891377441554
2026-12-02 23:15:51,56.5,55.29685902992289,1.2031409700771079,1.2031409700771079
2026-12-02 23:15:56,72.4,74.03576391584707,-1.6357639158470647,1.6357639158470647
2026-12-02 23:16:01,64.8,65.71160429222054,-0.9116042922205452,0.9116042922205452
2026-12-02 23:16:06,59.6,59.78422038455003,-0.18422038455003076,0.18422038455003076
2026-12-02 23:16:10,61.7,72.74921459934127,-11.04921459934127,11.04921459934127
2026-12-02 23:16:15,61.800000000000004,62.23446303949038,-0.43446303949037457,0.43446303949037457
2026-12-02 23:16:20,59.400000000000006,59.84960785638865,-0.44960785638864564,0.44960785638864564
2026-12-02 23:16:24,71.9,66.13000288220067,5.769997117799335,5.769997117799335
2026-12-02 23:16:29,59.199999999999996,59.86103971293709,-0.6610397129370966,0.6610397129370966
2026-12-02 23:16:34,55.7,55.34228315000786,0.35771684999214415,0.35771684999214415
2026-12-02 23:16:39,61.699999999999996,62.03391027696018,-0.3339102769601823,0.3339102769601823
2026-12-02 23:16:43,61.7,61.798608086365526,-0.0986080863655232,0.0986080863655232
2026-12-02 23:16:48,67.69999999999999,68.73521675338336,-1.0352167533833665,1.0352167533833665
2026-12-02 23:16:53,64.4,64.36719155100285,0.032808448997158735,0.032808448997158735
2026-12-02 23:16:57,55.099999999999994,55.10187235281407,-0.0018723528140753842,0.0018723528140753842
2026-12-02 23:17:02,54.900000000000006,55.150089106547505,-0.25008910654749883,0.25008910654749883
2026-12-02 23:17:07,65.9,67.22204890398199,-1.3220489039819796,1.3220489039819796
2026-12-02 23:17:11,59.5,65.06176907104533,-5.561769071045333,5.561769071045333
2026-12-02 23:17:16,70.69999999999999,72.97129799500102,-2.271297995001035,2.271297995001035
2026-12-02 23:17:21,70.7,66.50421200614616,4.195787993853841,4.195787993853841
2026-12-02 23:17:26,71.1,72.2190625674336,-1.1190625674336019,1.1190625674336019
2026-12-02 23:17:30,64.69999999999999,61.7574158310745,2.9425841689254852,2.9425841689254852
2026-12-02 23:17:35,72.3,67.28445740435822,5.015542595641776,5.015542595641776
2026-12-02 23:17:40,73.5,73.77496069908,-0.27496069907999754,0.27496069907999754
2026-12-02 23:17:44,61.2,61.927107576061346,-0.7271075760613428,0.7271075760613428
2026-12-02 23:17:49,68.1,65.98592791338386,2.114072086616133,2.114072086616133
2026-12-02 23:17:54,69.8,70.48956234233464,-0.6895623423346393,0.6895623423346393
2026-12-02 23:17:59,70.6,66.7908754439893,3.809124556010701,3.809124556010701
2026-12-02 23:18:03,78.4,80.43393573464525,-2.0339357346452402,2.0339357346452402
2026-12-02 23:18:08,63.3,60.69334045085373,2.606659549146265,2.606659549146265
2026-12-02 23:18:13,55.2,55.221273327523654,-0.02127332752365163,0.02127332752365163
2026-12-02 23:18:17,66.9,115.05430086820431,-48.1543008682043,48.1543008682043
2026-12-02 23:18:22,56.5,56.01519991198611,0.4848000880138912,0.4848000880138912
2026-12-02 23:18:27,61.2,72.71209880372604,-11.512098803726033,11.512098803726033
2026-12-02 23:18:32,66.0,68.8546529070897,-2.854652907089701,2.854652907089701
2026-12-02 23:18:36,74.9,82.21479968904579,-7.314799689045785,7.314799689045785
2026-12-02 23:18:41,63.5,68.50109769728276,-5.001097697282759,5.001097697282759
2026-12-02 23:18:46,63.9,62.48633390441479,1.4136660955852065,1.4136660955852065
2026-12-02 23:18:50,63.4,62.20724152080917,1.1927584791908288,1.1927584791908288
2026-12-02 23:18:55,75.19999999999999,74.35923395942451,0.840766040575474,0.840766040575474
2026-12-02 23:19:00,76.6,80.45139174116214,-3.8513917411621463,3.8513917411621463
2026-12-02 23:19:04,72.1,82.57093908004911,-10.47093908004912,10.47093908004912
2026-12-02 23:19:09,62.8,66.74511630877942,-3.9451163087794185,3.9451163087794185
2026-12-02 23:19:14,71.8,130.88378686122326,-59.08378686122326,59.08378686122326
2026-12-02 23:19:19,67.69999999999999,77.8209703347134,-10.120970334713405,10.120970334713405
2026-12-02 23:19:23,55.5,57.10647993067185,-1.6064799306718527,1.6064799306718527
2026-12-02 23:19:28,57.5,55.9854717157358,1.5145282842642018,1.5145282842642018
2026-12-02 23:19:33,57.7,58.441819625981545,-0.7418196259815417,0.7418196259815417
2026-12-02 23:19:37,55.5,55.29667223328876,0.2033277667112401,0.2033277667112401
2026-12-02 23:19:42,62.099999999999994,66.46871151271701,-4.368711512717013,4.368711512717013
2026-12-02 23:19:47,57.4,58.44881626117789,-1.0488162611778904,1.0488162611778904
2026-12-02 23:19:51,51.5,51.064847440267094,0.4351525597329058,0.4351525597329058
2026-12-02 23:19:56,58.400000000000006,56.1298133193188,2.2701866806812063,2.2701866806812063
2026-12-02 23:20:01,61.2,60.0443408084117,1.155659191588306,1.155659191588306
2026-12-02 23:20:06,55.900000000000006,57.01344897673914,-1.1134489767391358,1.1134489767391358
2026-12-02 23:20:10,52.599999999999994,53.43298390021495,-0.8329839002149555,0.8329839002149555
2026-12-02 23:20:15,74.8,85.75116617316145,-10.951166173161454,10.951166173161454
2026-12-02 23:20:20,60.5,60.562493000120575,-0.06249300012057546,0.06249300012057546
2026-12-02 23:20:24,61.099999999999994,60.29819684674574,0.8018031532542551,0.8018031532542551
2026-12-02 23:20:29,54.3,55.066213034419846,-0.7662130344198488,0.7662130344198488
2026-12-02 23:20:34,55.5,55.137397255395996,0.3626027446040041,0.3626027446040041
2026-12-02 23:20:39,59.400000000000006,57.565948503311205,1.8340514966888009,1.8340514966888009
2026-12-02 23:20:43,59.4,60.635794098567196,-1.2357940985671974,1.2357940985671974
2026-12-02 23:20:48,63.199999999999996,62.13649767689532,1.0635023231046787,1.0635023231046787
2026-12-02 23:20:53,59.400000000000006,60.326138131413714,-0.9261381314137083,0.9261381314137083
2026-12-02 23:20:57,58.9,60.395744337147356,-1.4957443371473573,1.4957443371473573
2026-12-02 23:21:02,57.6,65.08826012837834,-7.488260128378336,7.488260128378336
2026-12-02 23:21:07,59.800000000000004,72.63692085500277,-12.836920855002766,12.836920855002766
2026-12-02 23:21:12,61.2,60.619356295923694,0.5806437040763086,0.5806437040763086
2026-12-02 23:21:16,65.5,65.56095731210242,-0.06095731210241695,0.06095731210241695
2026-12-02 23:21:21,57.8,56.038745416525764,1.7612545834742335,1.7612545834742335
2026-12-02 23:21:26,59.2,60.72672199250506,-1.5267219925050597,1.5267219925050597
2026-12-02 23:21:30,60.3,118.8592081450928,-58.559208145092796,58.559208145092796
2026-12-02 23:21:35,56.7,55.50325826865444,1.1967417313455613,1.1967417313455613
2026-12-02 23:21:40,58.5,59.81078495262045,-1.3107849526204518,1.3107849526204518
2026-12-02 23:21:44,62.5,66.60170668356221,-4.101706683562213,4.101706683562213
2026-12-02 23:21:49,66.5,67.0603317076309,-0.560331707630894,0.560331707630894
2026-12-02 23:21:54,61.1,60.67977015977815,0.4202298402218503,0.4202298402218503
2026-12-02 23:21:59,66.2,121.31013808044932,-55.11013808044932,55.11013808044932
2026-12-02 23:22:03,65.2,120.98347200336883,-55.78347200336883,55.78347200336883
2026-12-02 23:22:08,58.8,60.15858175959687,-1.3585817595968734,1.3585817595968734
2026-12-02 23:22:13,65.2,66.92731856672717,-1.7273185667271633,1.7273185667271633
2026-12-02 23:22:17,57.3,58.13267702427812,-0.8326770242781194,0.8326770242781194
2026-12-02 23:22:22,59.7,60.59219700252009,-0.8921970025200849,0.8921970025200849
2026-12-02 23:22:27,65.2,76.82412107361847,-11.624121073618468,11.624121073618468
2026-12-02 23:22:32,59.2,59.728745480434085,-0.5287454804340825,0.5287454804340825
2026-12-02 23:22:36,65.1,64.42314299812577,0.6768570018742253,0.6768570018742253
2026-12-02 23:22:41,62.099999999999994,66.82871386754542,-4.728713867545423,4.728713867545423
2026-12-02 23:22:46,61.2,60.76058191819471,0.43941808180529307,0.43941808180529307
2026-12-02 23:22:50,65.7,77.26616630213229,-11.566166302132288,11.566166302132288
2026-12-02 23:22:55,55.7,55.09197313531103,0.6080268646889735,0.6080268646889735
2026-12-02 23:23:00,57.0,57.331028554801435,-0.3310285548014349,0.3310285548014349
2026-12-02 23:23:04,56.8,57.54732944333984,-0.7473294433398436,0.7473294433398436
2026-12-02 23:23:09,63.3,65.51964436025042,-2.2196443602504274,2.2196443602504274
2026-12-02 23:23:14,62.4,66.28045646983627,-3.8804564698362682,3.8804564698362682
2026-12-02 23:23:19,80.4,157.42977798273196,-77.02977798273196,77.02977798273196
2026-12-02 23:23:23,56.2,59.55567399570652,-3.3556739957065176,3.3556739957065176
2026-12-02 23:23:28,67.5,64.96883844371781,2.5311615562821856,2.5311615562821856
2026-12-02 23:23:33,54.0,53.72111766154501,0.27888233845499144,0.27888233845499144
2026-12-02 23:23:37,59.099999999999994,59.500870520154656,-0.40087052015466185,0.40087052015466185
2026-12-02 23:23:42,57.400000000000006,57.30158517607812,0.09841482392188539,0.09841482392188539
2026-12-02 23:23:47,64.1,64.91682815045655,-0.8168281504565584,0.8168281504565584
2026-12-02 23:23:52,66.5,67.02281230002738,-0.5228123000273825,0.5228123000273825
2026-12-02 23:23:56,63.2,62.24744631280295,0.952553687197053,0.952553687197053
2026-12-02 23:24:01,58.0,48.333700539221894,9.666299460778106,9.666299460778106
2026-12-02 23:24:06,62.400000000000006,62.0252402285717,0.37475977142830885,0.37475977142830885
2026-12-02 23:24:10,59.8,60.403462370873605,-0.6034623708736078,0.6034623708736078
2026-12-02 23:24:15,56.5,57.178571552144824,-0.6785715521448239,0.6785715521448239
2026-12-02 23:24:20,62.5,62.01121191233222,0.48878808766777837,0.48878808766777837
2026-12-02 23:24:24,59.5,59.54555654273568,-0.04555654273568166,0.04555654273568166
2026-12-02 23:24:29,55.8,57.24137837993497,-1.4413783799349744,1.4413783799349744
2026-12-02 23:24:34,57.0,57.38294313316058,-0.3829431331605804,0.3829431331605804
2026-12-02 23:24:39,60.3,59.85972170757407,0.44027829242592986,0.44027829242592986
2026-12-02 23:24:43,59.1,60.34411763770722,-1.2441176377072196,1.2441176377072196
2026-12-02 23:24:48,55.900000000000006,55.17904285971207,0.7209571402879362,0.7209571402879362
2026-12-02 23:24:53,59.3,57.57936164375088,1.7206383562491183,1.7206383562491183
2026-12-02 23:24:57,65.6,64.48299696830028,1.11700303169971,1.11700303169971
2026-12-02 23:25:02,59.8,59.553770644169205,0.24622935583079197,0.24622935583079197
2026-12-02 23:25:07,55.3,55.26625866299332,0.033741337006674144,0.033741337006674144
2026-12-02 23:25:12,56.7,55.16227891636311,1.537721083636896,1.537721083636896
2026-12-02 23:25:16,63.800000000000004,64.8346839686175,-1.0346839686174931,1.0346839686174931
2026-12-02 23:25:21,67.0,122.4037709591154,-55.403770959115406,55.403770959115406
2026-12-02 23:25:26,57.0,55.23702414795873,1.7629758520412722,1.7629758520412722
2026-12-02 23:25:30,69.4,69.14427264333382,0.25572735666618485,0.25572735666618485
2026-12-02 23:25:35,79.1,73.60848207910406,5.49151792089593,5.49151792089593
2026-12-02 23:25:40,64.4,64.43190465220059,-0.031904652200580585,0.031904652200580585
2026-12-02 23:25:44,61.599999999999994,62.036147199678155,-0.4361471996781603,0.4361471996781603
2026-12-02 23:25:49,57.8,59.37819272738896,-1.5781927273889593,1.5781927273889593
2026-12-02 23:25:54,60.1,59.783781505107605,0.3162184948923965,0.3162184948923965
2026-12-02 23:25:59,60.099999999999994,59.811058192070185,0.2889418079298096,0.2889418079298096
2026-12-02 23:26:03,66.7,66.34872566163055,0.3512743383694499,0.3512743383694499
2026-12-02 23:26:08,59.0,57.4877584805954,1.512241519404597,1.512241519404597
2026-12-02 23:26:13,61.0,61.99484267261019,-0.99484267261019,0.99484267261019
2026-12-02 23:26:17,67.9,65.42069998568495,2.479300014315058,2.479300014315058
2026-12-02 23:26:22,62.900000000000006,59.85743217970545,3.0425678202945576,3.0425678202945576
2026-12-02 23:26:27,67.1,66.47447553911425,0.6255244608857424,0.6255244608857424
2026-12-02 23:26:32,64.4,64.32047126142673,0.07952873857327347,0.07952873857327347
2026-12-02 23:26:36,59.5,60.38709313115158,-0.8870931311515804,0.8870931311515804
2026-12-02 23:26:41,62.900000000000006,60.799853265847624,2.100146734152382,2.100146734152382
2026-12-02 23:26:46,59.8,59.715175189358504,0.08482481064149283,0.08482481064149283
2026-12-02 23:26:50,62.3,62.12482482855519,0.1751751714448062,0.1751751714448062
2026-12-02 23:26:55,53.5,53.00592158972688,0.4940784102731186,0.4940784102731186
2026-12-02 23:27:00,60.2,60.84564780944847,-0.6456478094484694,0.6456478094484694
2026-12-02 23:27:04,65.9,66.59428149459217,-0.6942814945921612,0.6942814945921612
2026-12-02 23:27:09,64.3,64.53705973403086,-0.2370597340308649,0.2370597340308649
2026-12-02 23:27:14,60.199999999999996,59.84960785638865,0.3503921436113444,0.3503921436113444
2026-12-02 23:27:19,62.0,60.775847726021745,1.2241522739782553,1.2241522739782553
2026-12-02 23:27:23,66.1,66.80877345945802,-0.7087734594580297,0.7087734594580297
2026-12-02 23:27:28,61.3,61.78525359850943,-0.4852535985094306,0.4852535985094306
2026-12-02 23:27:33,63.5,60.84051719105626,2.659482808943743,2.659482808943743
2026-12-02 23:27:37,63.4,65.32804239364407,-1.9280423936440698,1.9280423936440698
2026-12-02 23:27:42,69.2,68.94420275850803,0.255797241491976,0.255797241491976
2026-12-02 23:27:47,61.6,60.76702577857215,0.8329742214278539,0.8329742214278539
2026-12-02 23:27:52,58.1,57.56088760646355,0.539112393536449,0.539112393536449
2026-12-02 23:27:56,66.6,66.37509566915924,0.2249043308407579,0.2249043308407579
2026-12-02 23:28:01,78.9,90.96998806470079,-12.06998806470078,12.06998806470078
2026-12-02 23:28:06,85.7,140.5746580490822,-54.874658049082186,54.874658049082186
2026-12-02 23:28:10,59.7,60.85569157053487,-1.15569157053487,1.15569157053487
2026-12-02 23:28:15,64.8,65.29255204958035,-0.4925520495803539,0.4925520495803539
2026-12-02 23:28:20,66.7,76.2529526351277,-9.552952635127696,9.552952635127696
2026-12-02 23:28:24,71.9,70.35687720640266,1.5431227935973482,1.5431227935973482
2026-12-02 23:28:29,63.300000000000004,64.16107978846647,-0.861079788466462,0.861079788466462
2026-12-02 23:28:34,63.0,61.99592334650102,1.0040766534989771,1.0040766534989771
2026-12-02 23:28:39,62.6,61.79192190833394,0.8080780916660615,0.8080780916660615
2026-12-02 23:28:43,53.2,55.23047296970826,-2.0304729697082564,2.0304729697082564
2026-12-02 23:28:48,56.9,57.304222966226064,-0.40422296622606524,0.40422296622606524
2026-12-02 23:28:53,61.099999999999994,62.11073553297269,-1.0107355329726957,1.0107355329726957
2026-12-02 23:28:57,64.0,62.4354800875776,1.5645199124223979,1.5645199124223979
2026-12-02 23:29:02,71.4,73.54669264282087,-2.1466926428208666,2.1466926428208666
2026-12-02 23:29:07,66.5,77.1415963130914,-10.641596313091398,10.641596313091398
2026-12-02 23:29:12,82.0,92.5387334804894,-10.538733480489398,10.538733480489398
2026-12-02 23:29:16,74.2,82.28282944215992,-8.08282944215992,8.08282944215992
2026-12-02 23:29:21,74.0,73.31617329554656,0.6838267044534376,0.6838267044534376
2026-12-02 23:29:26,67.4,70.19150315704795,-2.7915031570479414,2.7915031570479414
2026-12-02 23:29:30,67.0,65.41303497889274,1.586965021107261,1.586965021107261
2026-12-02 23:29:35,55.3,55.26757666835635,0.03242333164364908,0.03242333164364908
2026-12-02 23:29:40,76.2,84.31893129977487,-8.118931299774871,8.118931299774871
2026-12-02 23:29:44,68.5,65.59287733292467,2.9071226670753276,2.9071226670753276
2026-12-02 23:29:49,66.80000000000001,77.06685740725138,-10.266857407251365,10.266857407251365
2026-12-02 23:29:54,68.4,65.45375733846699,2.94624266153302,2.94624266153302
2026-12-02 23:29:59,61.7,60.120290620970856,1.579709379029147,1.579709379029147
2026-12-02 23:30:03,73.5,131.70935694713967,-58.20935694713967,58.20935694713967
2026-12-02 23:30:08,68.4,71.10854530704634,-2.708545307046336,2.708545307046336
2026-12-02 23:30:13,69.8,66.54066890686155,3.2593310931384423,3.2593310931384423
2026-12-02 23:30:17,63.2,61.902469689121475,1.2975303108785283,1.2975303108785283
2026-12-02 23:30:22,64.5,62.217355371994586,2.2826446280054142,2.2826446280054142
2026-12-02 23:30:27,72.7,66.57111832034889,6.128881679651116,6.128881679651116
2026-12-02 23:30:32,62.900000000000006,60.573681802239854,2.326318197760152,2.326318197760152
2026-12-02 23:30:36,67.19999999999999,77.30865709394052,-10.108657093940536,10.108657093940536
2026-12-02 23:30:41,73.30000000000001,74.2822610873839,-0.9822610873838897,0.9822610873838897
2026-12-02 23:30:46,57.3,58.298381339820395,-0.9983813398203978,0.9983813398203978
2026-12-02 23:30:50,63.900000000000006,62.038540455253184,1.8614595447468218,1.8614595447468218
2026-12-02 23:30:55,54.900000000000006,54.99682263190568,-0.09682263190567397,0.09682263190567397
2026-12-02 23:31:00,61.900000000000006,62.356770142820864,-0.4567701428208579,0.4567701428208579
2026-12-02 23:31:04,62.2,61.90207841828603,0.29792158171397176,0.29792158171397176
2026-12-02 23:31:09,64.8,66.6383250350058,-1.8383250350058091,1.8383250350058091
2026-12-02 23:31:14,72.1,66.41361779684217,5.6863822031578195,5.6863822031578195
2026-12-02 23:31:19,63.8,61.902469689121475,1.8975303108785226,1.8975303108785226
2026-12-02 23:31:23,57.0,55.20272700197307,1.7972729980269335,1.7972729980269335
2026-12-02 23:31:28,60.1,60.559302335017094,-0.4593023350170924,0.4593023350170924
2026-12-02 23:31:33,60.3,59.7982203074746,0.5017796925253961,0.5017796925253961
2026-12-02 23:31:37,59.7,60.55459204335974,-0.8545920433597374,0.8545920433597374
2026-12-02 23:31:42,55.5,55.30352035246591,0.19647964753409042,0.19647964753409042
2026-12-02 23:31:47,60.7,60.40244025628807,0.29755974371193616,0.29755974371193616
2026-12-02 23:31:52,57.800000000000004,57.49808032895292,0.30191967104708084,0.30191967104708084
2026-12-02 23:31:56,61.099999999999994,59.764941603128456,1.3350583968715384,1.3350583968715384
2026-12-02 23:32:01,63.7,64.22924039358885,-0.5292403935888501,0.5292403935888501
2026-12-02 23:32:06,60.7,61.764926593826175,-1.064926593826172,1.064926593826172
2026-12-02 23:32:10,56.9,57.1353439532087,-0.23534395320869805,0.23534395320869805
2026-12-02 23:32:15,75.69999999999999,78.56155006491076,-2.861550064910773,2.861550064910773
2026-12-02 23:32:20,59.0,58.35737575098094,0.6426242490190575,0.6426242490190575
2026-12-02 23:32:24,60.7,60.69960339178603,0.00039660821397546897,0.00039660821397546897
2026-12-02 23:32:29,53.7,55.112371686781536,-1.4123716867815332,1.4123716867815332
2026-12-02 23:32:34,62.1,62.15613250979284,-0.0561325097928389,0.0561325097928389
2026-12-02 23:32:39,55.2,55.066074836702754,0.13392516329724913,0.13392516329724913
2026-12-02 23:32:43,65.9,66.22336520353417,-0.3233652035341663,0.3233652035341663
2026-12-02 23:32:48,57.3,57.515000189944935,-0.21500018994493786,0.21500018994493786
2026-12-02 23:32:53,58.2,59.668660687563005,-1.468660687563002,1.468660687563002
2026-12-02 23:32:57,65.7,66.51563144946613,-0.8156314494661245,0.8156314494661245
2026-12-02 23:33:02,64.6,65.25527799545748,-0.6552779954574817,0.6552779954574817
2026-12-02 23:33:07,77.69999999999999,136.91086583802962,-59.21086583802963,59.21086583802963
2026-12-02 23:33:12,57.9,59.40976516103541,-1.5097651610354106,1.5097651610354106
2026-12-02 23:33:16,62.0,62.111757902143786,-0.11175790214378623,0.11175790214378623
2026-12-02 23:33:21,63.0,62.03391027696018,0.966089723039822,0.966089723039822
2026-12-02 23:33:26,63.699999999999996,65.31504425930167,-1.6150442593016763,1.6150442593016763
2026-12-02 23:33:30,69.1,70.16699190216877,-1.0669919021687804,1.0669919021687804
2026-12-02 23:33:35,70.3,66.41789557417027,3.8821044258297235,3.8821044258297235
2026-12-02 23:33:40,58.5,59.83471446881163,-1.334714468811633,1.334714468811633
2026-12-02 23:33:44,62.8,65.49266783143717,-2.692667831437177,2.692667831437177
2026-12-02 23:33:49,61.7,61.798608086365526,-0.0986080863655232,0.0986080863655232
2026-12-02 23:33:54,61.0,62.072344739149585,-1.0723447391495853,1.0723447391495853
2026-12-02 23:33:59,70.30000000000001,71.14441870121861,-0.8444187012186006,0.8444187012186006
2026-12-02 23:34:03,64.8,66.34795964051636,-1.5479596405163676,1.5479596405163676
2026-12-02 23:34:08,61.1,60.45041464981525,0.6495853501847506,0.6495853501847506
2026-12-02 23:34:13,61.5,61.75055197065519,-0.25055197065518797,0.25055197065518797
2026-12-02 23:34:17,66.6,66.29923256439056,0.30076743560942987,0.30076743560942987
2026-12-02 23:34:22,57.4,55.38463626299043,2.015363737009565,2.015363737009565
2026-12-02 23:34:27,61.2,60.083398682699624,1.116601317300379,1.116601317300379
2026-12-02 23:34:32,75.7,137.31140340536643,-61.61140340536643,61.61140340536643
2026-12-02 23:34:36,66.6,120.99232098188594,-54.392320981885945,54.392320981885945
2026-12-02 23:34:41,69.5,70.80292098718662,-1.3029209871866243,1.3029209871866243
2026-12-02 23:34:46,72.9,73.33277121732058,-0.4327712173205782,0.4327712173205782
2026-12-02 23:34:50,57.4,88.30613982513722,-30.906139825137224,30.906139825137224
2026-12-02 23:34:55,54.5,55.050364469608795,-0.5503644696087946,0.5503644696087946
2026-12-02 23:35:00,63.2,53.8735000589915,9.3264999410085,9.3264999410085
2026-12-02 23:35:04,57.9,58.29372360330378,-0.3937236033037834,0.3937236033037834
2026-12-02 23:35:09,57.7,57.69882089672369,0.0011791032763142084,0.0011791032763142084
2026-12-02 23:35:14,52.6,53.08278560665675,-0.48278560665674775,0.48278560665674775
2026-12-02 23:35:19,65.1,65.90582258153145,-0.8058225815314586,0.8058225815314586
2026-12-02 23:35:23,62.3,60.59301044725356,1.7069895527464354,1.7069895527464354
2026-12-02 23:35:28,59.8,59.64654440453011,0.15345559546988596,0.15345559546988596
2026-12-02 23:35:33,54.7,55.26625866299332,-0.5662586629933202,0.5662586629933202
2026-12-02 23:35:37,55.6,54.92944944220396,0.6705505577960409,0.6705505577960409
2026-12-02 23:35:42,59.6,60.47207662951725,-0.8720766295172453,0.8720766295172453
2026-12-02 23:35:47,64.1,65.47253893770538,-1.3725389377053858,1.3725389377053858
2026-12-02 23:35:52,69.69999999999999,68.5236537370899,1.1763462629100871,1.1763462629100871
2026-12-02 23:35:56,59.7,58.37410746646454,1.325892533535466,1.325892533535466
2026-12-02 23:36:01,60.8,59.531222023712836,1.2687779762871614,1.2687779762871614
2026-12-02 23:36:06,57.8,57.172430664104034,0.6275693358959629,0.6275693358959629
2026-12-02 23:36:10,64.5,69.0113036500214,-4.511303650021404,4.511303650021404
2026-12-02 23:36:15,60.699999999999996,59.97601688427562,0.7239831157243728,0.7239831157243728
2026-12-02 23:36:20,78.5,81.90809138154839,-3.408091381548388,3.408091381548388
2026-12-02 23:36:24,71.2,72.28834583633939,-1.0883458363393856,1.0883458363393856
2026-12-02 23:36:29,57.3,56.965281286277694,0.3347187137223031,0.3347187137223031
2026-12-02 23:36:34,63.6,60.3854055712136,3.2145944287863983,3.2145944287863983
2026-12-02 23:36:39,57.4,57.58600895971965,-0.1860089597196506,0.1860089597196506
2026-12-02 23:36:43,67.4,66.0818533938783,1.3181466061217009,1.3181466061217009
2026-12-02 23:36:48,63.9,65.37942994255812,-1.47942994255812,1.47942994255812
2026-12-02 23:36:53,50.9,51.120559234467855,-0.2205592344678564,0.2205592344678564
2026-12-02 23:36:57,60.699999999999996,60.853483031466745,-0.1534830314667488,0.1534830314667488
2026-12-02 23:37:02,64.2,65.3995282471297,-1.1995282471296917,1.1995282471296917
2026-12-02 23:37:07,69.3,123.45411544935043,-54.15411544935043,54.15411544935043
2026-12-02 23:37:12,64.9,65.54985156998536,-0.6498515699853584,0.6498515699853584
2026-12-02 23:37:16,65.6,61.81859361699381,3.7814063830061855,3.7814063830061855
2026-12-02 23:37:21,69.0,65.60549775278477,3.394502247215229,3.394502247215229
2026-12-02 23:37:26,51.900000000000006,51.309941626499736,0.5900583735002698,0.5900583735002698
2026-12-02 23:37:30,51.6,53.128041235340305,-1.5280412353403037,1.5280412353403037
2026-12-02 23:37:35,65.1,69.05908510816789,-3.9590851081678977,3.9590851081678977
2026-12-02 23:37:40,60.8,61.68769352959576,-0.8876935295957651,0.8876935295957651
2026-12-02 23:37:44,56.2,57.537215592154425,-1.337215592154422,1.337215592154422
2026-12-02 23:37:49,61.5,62.00719344651359,-0.5071934465135897,0.5071934465135897
2026-12-02 23:37:54,55.599999999999994,56.51798367301052,-0.9179836730105251,0.9179836730105251
2026-12-02 23:37:59,59.900000000000006,60.14501146852129,-0.24501146852128386,0.24501146852128386
2026-12-02 23:38:03,56.1,55.187847798269736,0.9121522017302652,0.9121522017302652
2026-12-02 23:38:08,53.7,55.21173222746195,-1.5117322274619482,1.5117322274619482
2026-12-02 23:38:13,62.1,62.22151921161698,-0.12151921161697743,0.12151921161697743
2026-12-02 23:38:17,60.5,59.90141087868429,0.5985891213157117,0.5985891213157117
2026-12-02 23:38:22,56.099999999999994,55.28262790271535,0.8173720972846468,0.8173720972846468
2026-12-02 23:38:27,55.599999999999994,57.18863489412427,-1.5886348941242758,1.5886348941242758
2026-12-02 23:38:32,57.2,55.39281947158197,1.80718052841803,1.80718052841803
2026-12-02 23:38:36,61.6,61.98258329876918,-0.38258329876917685,0.38258329876917685
2026-12-02 23:38:41,72.5,82.320445085335,-9.820445085334995,9.820445085334995
2026-12-02 23:38:46,68.3,65.4674464653298,2.832553534670197,2.832553534670197
2026-12-02 23:38:50,58.4,58.299729593215,0.10027040678500043,0.10027040678500043
2026-12-02 23:38:55,65.3,62.07611315785014,3.2238868421498594,3.2238868421498594
2026-12-02 23:39:00,73.5,82.48939715457449,-8.98939715457449,8.98939715457449
2026-12-02 23:39:04,66.3,66.4886561058603,-0.18865610586030357,0.18865610586030357
2026-12-02 23:39:09,58.7,59.764941603128456,-1.064941603128453,1.064941603128453
2026-12-02 23:39:14,68.30000000000001,77.5747550203477,-9.274755020347683,9.274755020347683
2026-12-02 23:39:19,58.3,57.511650620028504,0.7883493799714927,0.7883493799714927
2026-12-02 23:39:23,58.6,58.15087250721364,0.44912749278636,0.44912749278636
2026-12-02 23:39:28,68.2,62.534988100587086,5.665011899412917,5.665011899412917
2026-12-02 23:39:33,71.5,71.88118077002034,-0.381180770020336,0.381180770020336
2026-12-02 23:39:37,61.599999999999994,60.548922709044994,1.051077290955,1.051077290955
2026-12-02 23:39:42,56.3,57.565948503311205,-1.2659485033112077,1.2659485033112077
2026-12-02 23:39:47,56.4,57.18863489412427,-0.7886348941242716,0.7886348941242716
2026-12-02 23:39:52,62.300000000000004,61.09714093710679,1.2028590628932108,1.2028590628932108
2026-12-02 23:39:56,57.2,57.565948503311205,-0.365948503311202,0.365948503311202
2026-12-02 23:40:01,64.7,65.53008954606901,-0.8300895460690043,0.8300895460690043
2026-12-02 23:40:06,58.599999999999994,60.38709313115158,-1.787093131151586,1.787093131151586
2026-12-02 23:40:10,69.8,122.8451268279521,-53.0451268279521,53.0451268279521
2026-12-02 23:40:15,72.7,82.01227935805369,-9.312279358053686,9.312279358053686
2026-12-02 23:40:20,57.599999999999994,57.39651342423616,0.2034865757638329,0.2034865757638329
2026-12-02 23:40:24,60.0,72.88130391721172,-12.881303917211724,12.881303917211724
2026-12-02 23:40:29,61.0,62.17165576197974,-1.1716557619797427,1.1716557619797427
2026-12-02 23:40:34,58.8,56.038745416525764,2.7612545834742335,2.7612545834742335
2026-12-02 23:40:39,58.0,55.81588671756316,2.18411328243684,2.18411328243684
2026-12-02 23:40:43,61.0,60.5365093920445,0.46349060795549946,0.46349060795549946
2026-12-02 23:40:48,56.199999999999996,55.26123845071515,0.9387615492848482,0.9387615492848482
2026-12-02 23:40:53,52.5,53.14467424695444,-0.6446742469544375,0.6446742469544375
2026-12-02 23:40:57,66.4,50.61402601506976,15.785973984930244,15.785973984930244
2026-12-02 23:41:02,71.4,70.99578646141711,0.4042135385828942,0.4042135385828942
2026-12-02 23:41:07,68.2,121.1289164582719,-52.9289164582719,52.9289164582719
2026-12-02 23:41:12,60.0,60.6049236463221,-0.6049236463220993,0.6049236463220993
2026-12-02 23:41:16,52.4,50.72219639489851,1.677803605101488,1.677803605101488
2026-12-02 23:41:21,57.099999999999994,56.875138917065165,0.22486108293482943,0.22486108293482943
2026-12-02 23:41:26,59.2,60.82114065876601,-1.6211406587660093,1.6211406587660093
2026-12-02 23:41:30,59.7,60.464458980388656,-0.7644589803886532,0.7644589803886532
2026-12-02 23:41:35,58.2,59.77080097257128,-1.570800972571277,1.570800972571277
2026-12-02 23:41:40,58.2,55.96540159587092,2.2345984041290805,2.2345984041290805
2026-12-02 23:41:44,60.1,60.72672199250506,-0.6267219925050611,0.6267219925050611
2026-12-02 23:41:49,60.2,61.82641356492544,-1.6264135649254357,1.6264135649254357
2026-12-02 23:41:54,60.099999999999994,60.48584843238886,-0.3858484323888689,0.3858484323888689
2026-12-02 23:41:59,67.9,77.50050212249323,-9.600502122493225,9.600502122493225
2026-12-02 23:42:03,68.5,65.23247035282982,3.2675296471701785,3.2675296471701785
2026-12-02 23:42:08,60.900000000000006,60.44415926127864,0.45584073872136344,0.45584073872136344
2026-12-02 23:42:13,54.599999999999994,55.120702478526255,-0.5207024785262604,0.5207024785262604
2026-12-02 23:42:17,48.5,48.951754101809975,-0.4517541018099749,0.4517541018099749
2026-12-02 23:42:22,57.1,55.632979082494174,1.4670209175058275,1.4670209175058275
2026-12-02 23:42:27,66.8,76.7381250266861,-9.938125026686109,9.938125026686109
2026-12-02 23:42:32,69.19999999999999,73.31752563771707,-4.11752563771708,4.11752563771708
2026-12-02 23:42:36,56.9,55.16773148982054,1.732268510179459,1.732268510179459
2026-12-02 23:42:41,74.2,77.28279510233305,-3.0827951023330513,3.0827951023330513
2026-12-02 23:42:46,69.7,65.7072915508878,3.9927084491122002,3.9927084491122002
2026-12-02 23:42:50,61.4,62.1890749385255,-0.789074938525502,0.789074938525502
2026-12-02 23:42:55,63.8,61.3258422997801,2.474157700219898,2.474157700219898
2026-12-02 23:43:00,53.1,52.876174105213785,0.2238258947862164,0.2238258947862164
2026-12-02 23:43:04,55.099999999999994,53.66411010941194,1.4358898905880508,1.4358898905880508
2026-12-02 23:43:09,55.0,55.48135312407407,-0.4813531240740687,0.4813531240740687
2026-12-02 23:43:14,57.199999999999996,56.058235739679986,1.1417642603200093,1.1417642603200093
2026-12-02 23:43:19,52.400000000000006,53.02536127990524,-0.6253612799052348,0.6253612799052348
2026-12-02 23:43:23,62.599999999999994,62.09450841053859,0.5054915894614069,0.5054915894614069
2026-12-02 23:43:28,55.7,55.29604104315503,0.4039589568449742,0.4039589568449742
2026-12-02 23:43:33,51.8,50.795048976011984,1.0049510239880135,1.0049510239880135
2026-12-02 23:43:37,54.5,52.831585658483135,1.6684143415168649,1.6684143415168649
2026-12-02 23:43:42,59.6,58.51855959757713,1.0814404024228708,1.0814404024228708
2026-12-02 23:43:47,57.800000000000004,58.40629208003282,-0.6062920800328158,0.6062920800328158
2026-12-02 23:43:52,55.1,54.87458464571684,0.2254153542831645,0.2254153542831645
2026-12-02 23:43:56,55.0,54.969364750162455,0.03063524983754462,0.03063524983754462
2026-12-02 23:44:01,54.900000000000006,55.31008537372844,-0.41008537372843534,0.41008537372843534
2026-12-02 23:44:06,62.699999999999996,60.76218401887752,1.9378159811224762,1.9378159811224762
2026-12-02 23:44:10,78.6,137.62276902890653,-59.02276902890654,59.02276902890654
2026-12-02 23:44:15,60.3,61.1678957238654,-0.8678957238654021,0.8678957238654021
2026-12-02 23:44:20,56.7,57.481503092058794,-0.7815030920587915,0.7815030920587915
2026-12-02 23:44:24,67.5,66.49444633989376,1.0055536601062443,1.0055536601062443
2026-12-02 23:44:29,56.9,57.010197603235554,-0.11019760323555516,0.11019760323555516
2026-12-02 23:44:34,62.0,62.20444051232629,-0.20444051232629334,0.20444051232629334
2026-12-02 23:44:39,58.5,59.740203231109426,-1.240203231109426,1.240203231109426
2026-12-02 23:44:43,57.699999999999996,58.34886635675301,-0.6488663567530111,0.6488663567530111
2026-12-02 23:44:48,65.1,64.42892983966082,0.6710701603391698,0.6710701603391698
2026-12-02 23:44:53,60.5,59.69106365820756,0.8089363417924389,0.8089363417924389
2026-12-02 23:44:57,52.2,50.87543283917273,1.3245671608272716,1.3245671608272716
2026-12-02 23:45:02,57.8,59.789527648406285,-1.9895276484062876,1.9895276484062876
2026-12-02 23:45:07,58.5,59.783781505107605,-1.283781505107605,1.283781505107605
2026-12-02 23:45:12,54.0,53.22180443223364,0.7781955677663603,0.7781955677663603
2026-12-02 23:45:16,57.3,57.59442572805391,-0.2944257280539162,0.2944257280539162
2026-12-02 23:45:21,61.4,59.90141087868429,1.4985891213157103,1.4985891213157103
2026-12-02 23:45:26,55.2,55.16086676397462,0.03913323602538554,0.03913323602538554
2026-12-02 23:45:30,60.5,72.73006440691113,-12.230064406911126,12.230064406911126
2026-12-02 23:45:35,56.2,55.50744268027428,0.6925573197257222,0.6925573197257222
2026-12-02 23:45:40,56.9,54.969364750162455,1.9306352498375432,1.9306352498375432
2026-12-02 23:45:44,56.3,57.16631926643227,-0.8663192664322708,0.8663192664322708
2026-12-02 23:45:49,55.099999999999994,55.28262790271535,-0.18262790271535323,0.18262790271535323
2026-12-02 23:45:54,64.19999999999999,61.64943749084136,2.550562509158631,2.550562509158631
2026-12-02 23:45:59,68.6,67.68415927104186,0.9158407289581305,0.9158407289581305
2026-12-02 23:46:03,53.599999999999994,55.21400260278786,-1.6140026027878633,1.6140026027878633
2026-12-02 23:46:08,58.400000000000006,58.37296309502451,0.027036904975496157,0.027036904975496157
2026-12-02 23:46:13,61.1,60.697764163671756,0.402235836328245,0.402235836328245
2026-12-02 23:46:17,53.8,53.213985271309014,0.5860147286909836,0.5860147286909836
2026-12-02 23:46:22,59.4,59.94928058567966,-0.5492805856796608,0.5492805856796608
2026-12-02 23:46:27,55.4,55.26625866299332,0.13374133700667556,0.13374133700667556
2026-12-02 23:46:32,59.3,57.40278292512427,1.8972170748757264,1.8972170748757264
2026-12-02 23:46:36,58.7,58.31511305530398,0.3848869446960208,0.3848869446960208
2026-12-02 23:46:41,58.8,58.35271801446433,0.44728198553566756,0.44728198553566756
2026-12-02 23:46:46,55.699999999999996,57.54399764651203,-1.8439976465120367,1.8439976465120367
2026-12-02 23:46:50,58.5,52.377505199478904,6.122494800521096,6.122494800521096
2026-12-02 23:46:55,65.4,62.102303785440796,3.2976962145592097,3.2976962145592097
2026-12-02 23:47:00,64.19999999999999,64.34124008161477,-0.1412400816147823,0.1412400816147823
2026-12-02 23:47:04,55.4,54.9785019164501,0.42149808354989915,0.42149808354989915
2026-12-02 23:47:09,60.800000000000004,72.86558406304454,-12.065584063044533,12.065584063044533
2026-12-02 23:47:14,61.3,60.88717027957436,0.41282972042563415,0.41282972042563415
2026-12-02 23:47:19,60.199999999999996,60.33674992598681,-0.13674992598681257,0.13674992598681257
2026-12-02 23:47:23,55.0,53.861453289493596,1.1385467105064038,1.1385467105064038
2026-12-02 23:47:28,65.4,66.56602919643306,-1.1660291964330582,1.1660291964330582
2026-12-02 23:47:33,74.9,73.72046161228475,1.1795383877152545,1.1795383877152545
2026-12-02 23:47:37,56.099999999999994,56.12740835112813,-0.027408351128137554,0.027408351128137554
2026-12-02 23:47:42,63.400000000000006,65.69936110005504,-2.2993611000550374,2.2993611000550374
2026-12-02 23:47:47,61.900000000000006,65.40440609028472,-3.504406090284718,3.504406090284718
2026-12-02 23:47:52,62.7,60.7887409045839,1.9112590954161064,1.9112590954161064
2026-12-02 23:47:56,57.900000000000006,59.77624407298951,-1.8762440729895076,1.8762440729895076
2026-12-02 23:48:01,59.3,57.50433571748954,1.795664282510458,1.795664282510458
2026-12-02 23:48:06,57.3,58.28615930213942,-0.9861593021394199,0.9861593021394199
2026-12-02 23:48:10,55.7,55.17904285971207,0.5209571402879334,0.5209571402879334
2026-12-02 23:48:15,55.8,55.20627886997241,0.5937211300275891,0.5937211300275891
2026-12-02 23:48:20,55.7,55.29837596489909,0.40162403510091593,0.40162403510091593
2026-12-02 23:48:24,60.2,60.501467885486846,-0.30146788548684356,0.30146788548684356
2026-12-02 23:48:29,55.0,55.16227891636311,-0.16227891636310687,0.16227891636310687
2026-12-02 23:48:34,58.5,56.02879324348087,2.4712067565191305,2.4712067565191305
2026-12-02 23:48:39,62.599999999999994,64.40037139490231,-1.8003713949023137,1.8003713949023137
2026-12-02 23:48:43,55.4,54.98995790605976,0.41004209394024116,0.41004209394024116
2026-12-02 23:48:48,59.0,59.873279870697786,-0.873279870697786,0.873279870697786
2026-12-02 23:48:53,57.2,57.09290963959627,0.10709036040373121,0.10709036040373121
2026-12-02 23:48:57,62.099999999999994,61.09714093710679,1.0028590628932008,1.0028590628932008
2026-12-02 23:49:02,59.1,60.034055046598944,-0.9340550465989423,0.9340550465989423
2026-12-02 23:49:07,52.900000000000006,53.075221305492384,-0.17522130549237858,0.17522130549237858
2026-12-02 23:49:12,57.400000000000006,58.391356966039595,-0.9913569660395893,0.9913569660395893
2026-12-02 23:49:16,63.6,60.75445827402154,2.845541725978464,2.845541725978464
2026-12-02 23:49:21,67.5,66.64386006757077,0.8561399324292296,0.8561399324292296
2026-12-02 23:49:26,51.400000000000006,51.17697769024088,0.22302230975912352,0.22302230975912352
2026-12-02 23:49:30,58.099999999999994,58.74182644889808,-0.6418264488980867,0.6418264488980867
2026-12-02 23:49:35,64.2,65.46680188571491,-1.2668018857149121,1.2668018857149121
2026-12-02 23:49:40,59.0,59.565959842351134,-0.5659598423511341,0.5659598423511341
2026-12-02 23:49:44,63.5,64.52287426917164,-1.0228742691716377,1.0228742691716377
2026-12-02 23:49:49,65.6,65.57718443453653,0.02281556546346053,0.02281556546346053
2026-12-02 23:49:54,61.8,61.798608086365526,0.0013919136344711092,0.0013919136344711092
2026-12-02 23:49:59,59.7,59.736216502487984,-0.03621650248798147,0.03621650248798147
2026-12-02 23:50:03,66.7,67.0724045475721,-0.37240454757210273,0.37240454757210273
2026-12-02 23:50:08,62.900000000000006,66.40667376283335,-3.506673762833344,3.506673762833344
2026-12-02 23:50:13,57.9,58.60987113815343,-0.7098711381534315,0.7098711381534315
2026-12-02 23:50:17,56.0,57.727774649888254,-1.7277746498882536,1.7277746498882536
2026-12-02 23:50:22,61.5,61.909428920837726,-0.4094289208377262,0.4094289208377262
2026-12-02 23:50:27,62.400000000000006,60.802074277753036,1.5979257222469698,1.5979257222469698
2026-12-02 23:50:32,68.4,65.3688899419031,3.0311100580968997,3.0311100580968997
2026-12-02 23:50:36,64.4,62.22863097280938,2.1713690271906287,2.1713690271906287
2026-12-02 23:50:41,71.5,66.96590126543606,4.5340987345639405,4.5340987345639405
2026-12-02 23:50:46,65.3,66.78896122014321,-1.48896122014321,1.48896122014321
2026-12-02 23:50:50,60.8,59.69159148060434,1.1084085193956597,1.1084085193956597
2026-12-02 23:50:55,56.0,55.26625866299332,0.733741337006677,0.733741337006677
2026-12-02 23:51:00,61.1,62.12516175745269,-1.0251617574526861,1.0251617574526861
2026-12-02 23:51:04,61.1,59.90141087868429,1.1985891213157132,1.1985891213157132
2026-12-02 23:51:09,58.6,57.513619708684956,1.086380291315045,1.086380291315045
2026-12-02 23:51:14,61.9,60.622380958127515,1.2776190418724838,1.2776190418724838
2026-12-02 23:51:19,63.4,62.29161885018487,1.1083811498151306,1.1083811498151306
2026-12-02 23:51:23,51.3,53.09159054521441,-1.7915905452144116,1.7915905452144116
2026-12-02 23:51:28,58.0,58.49717014557692,-0.4971701455769235,0.4971701455769235
2026-12-02 23:51:33,55.7,55.18572866993364,0.5142713300663644,0.5142713300663644
2026-12-02 23:51:37,54.4,54.96879143406595,-0.5687914340659503,0.5687914340659503
2026-12-02 23:51:42,55.900000000000006,57.620462614014045,-1.720462614014039,1.720462614014039
2026-12-02 23:51:47,65.6,65.55803424210637,0.041965757893621,0.041965757893621
2026-12-02 23:51:52,57.8,58.38093940658503,-0.5809394065850313,0.5809394065850313
2026-12-02 23:51:56,58.9,60.53320259135953,-1.6332025913595345,1.6332025913595345
2026-12-02 23:52:01,62.2,62.28480270677823,-0.08480270677822688,0.08480270677822688
2026-12-02 23:52:06,62.6,64.32998483180037,-1.7299848318003725,1.7299848318003725
2026-12-02 23:52:10,54.0,55.21054616289769,-1.2105461628976926,1.2105461628976926
2026-12-02 23:52:15,59.300000000000004,59.96870198173665,-0.6687019817366462,0.6687019817366462
2026-12-02 23:52:20,53.1,53.02198433948077,0.07801566051923459,0.07801566051923459
2026-12-02 23:52:24,58.4,58.4554809744667,-0.05548097446670397,0.05548097446670397
2026-12-02 23:52:29,60.9,60.59219700252009,0.3078029974799108,0.3078029974799108
2026-12-02 23:52:34,57.7,57.75505133685083,-0.05505133685083052,0.05505133685083052
2026-12-02 23:52:39,55.0,57.003499248491735,-2.0034992484917353,2.0034992484917353
2026-12-02 23:52:43,66.5,66.62131893231596,-0.12131893231595825,0.12131893231595825
2026-12-02 23:52:48,57.2,58.16098635839906,-0.9609863583990546,0.9609863583990546
2026-12-02 23:52:53,66.6,66.80640401972074,-0.2064040197207504,0.2064040197207504
2026-12-02 23:52:57,58.3,57.513619708684956,0.7863802913150408,0.7863802913150408
2026-12-02 23:53:02,57.8,58.352503593451985,-0.5525035934519877,0.5525035934519877
2026-12-02 23:53:07,57.1,62.33107712715097,-5.231077127150968,5.231077127150968
2026-12-02 23:53:12,54.3,55.40253321874665,-1.1025332187466503,1.1025332187466503
2026-12-02 23:53:16,59.7,59.913704685818125,-0.2137046858181222,0.2137046858181222
2026-12-02 23:53:21,60.400000000000006,60.603141268701705,-0.20314126870169957,0.20314126870169957
2026-12-02 23:53:26,58.0,59.950194307487486,-1.950194307487486,1.950194307487486
2026-12-02 23:53:30,55.0,55.24453500941252,-0.24453500941252315,0.24453500941252315
2026-12-02 23:53:35,59.300000000000004,60.622380958127515,-1.3223809581275106,1.3223809581275106
2026-12-02 23:53:40,59.599999999999994,60.267143720253166,-0.667143720253172,0.667143720253172
2026-12-02 23:53:44,59.8,59.83819543620682,-0.03819543620681998,0.03819543620681998
2026-12-02 23:53:49,61.8,59.75110655007403,2.04889344992597,2.04889344992597
2026-12-02 23:53:54,57.2,58.20319860854968,-1.003198608549674,1.003198608549674
2026-12-02 23:53:59,60.3,60.06980558947277,0.23019441052722556,0.23019441052722556
2026-12-02 23:54:03,59.2,59.969492897514066,-0.7694928975140627,0.7694928975140627
2026-12-02 23:54:08,53.2,55.150089106547505,-1.9500891065475017,1.9500891065475017
2026-12-02 23:54:13,56.8,57.290868478369966,-0.4908684783699684,0.4908684783699684
2026-12-02 23:54:17,60.6,59.783781505107605,0.8162184948923965,0.8162184948923965
2026-12-02 23:54:22,62.099999999999994,66.50493188676425,-4.40493188676426,4.40493188676426
2026-12-02 23:54:27,60.2,60.51379970182914,-0.3137997018291401,0.3137997018291401
2026-12-02 23:54:32,74.1,74.35243714156489,-0.25243714156489716,0.25243714156489716
2026-12-02 23:54:36,56.3,55.195952881941245,1.1040471180587517,1.1040471180587517
2026-12-02 23:54:41,65.5,62.03753359695382,3.4624664030461787,3.4624664030461787
2026-12-02 23:54:46,62.699999999999996,56.09206975400786,6.6079302459921365,6.6079302459921365
2026-12-02 23:54:50,65.0,65.4081628537149,-0.4081628537148987,0.4081628537148987
2026-12-02 23:54:55,59.5,60.36358247840524,-0.8635824784052417,0.8635824784052417
2026-12-02 23:55:00,62.8,65.47253893770538,-2.672538937705383,2.672538937705383
2026-12-02 23:55:05,52.7,52.88992009265697,-0.18992009265696908,0.18992009265696908
2026-12-02 23:55:09,59.2,59.72423153685178,-0.5242315368517794,0.5242315368517794
2026-12-02 23:55:14,65.1,67.28786820569277,-2.18786820569278,2.18786820569278
2026-12-02 23:55:19,66.1,71.68604568962135,-5.586045689621358,5.586045689621358
2026-12-02 23:55:23,52.0,51.34530112994418,0.6546988700558174,0.6546988700558174
2026-12-02 23:55:28,58.900000000000006,60.775184877760495,-1.8751848777604891,1.8751848777604891
2026-12-02 23:55:33,63.6,61.96618407429483,1.6338159257051714,1.6338159257051714
2026-12-02 23:55:37,55.699999999999996,54.98005868855672,0.7199413114432787,0.7199413114432787
2026-12-02 23:55:42,59.7,72.7199505557257,-13.0199505557257,13.0199505557257
2026-12-02 23:55:47,61.5,60.899422565286926,0.6005774347130739,0.6005774347130739
2026-12-02 23:55:52,53.599999999999994,53.12639655572831,0.47360344427168144,0.47360344427168144
2026-12-02 23:55:56,50.900000000000006,50.72438399363577,0.1756160063642369,0.1756160063642369
2026-12-02 23:56:01,54.2,53.22723260366976,0.9727673963302408,0.9727673963302408
2026-12-02 23:56:06,67.0,67.10371320767523,-0.10371320767522718,0.10371320767522718
2026-12-02 23:56:10,56.4,58.345153713299965,-1.9451537132999661,1.9451537132999661
2026-12-02 23:56:15,60.599999999999994,59.823061947161676,0.7769380528383181,0.7769380528383181
2026-12-02 23:56:20,58.2,57.420628724872685,0.7793712751273176,0.7793712751273176
2026-12-02 23:56:25,59.3,55.60607665998075,3.6939233400192464,3.6939233400192464
2026-12-02 23:56:29,63.3,64.66309197805724,-1.3630919780572412,1.3630919780572412
2026-12-02 23:56:34,68.30000000000001,65.98784446851602,2.312155531483995,2.312155531483995
2026-12-02 23:56:39,62.4,60.573681802239854,1.8263181977601448,1.8263181977601448
2026-12-02 23:56:43,62.9,60.182777241098314,2.717222758901684,2.717222758901684
2026-12-02 23:56:48,59.0,60.36570367915137,-1.3657036791513733,1.3657036791513733
2026-12-02 23:56:53,65.9,77.67460671154753,-11.77460671154752,11.77460671154752
2026-12-02 23:56:57,64.0,64.58434646505926,-0.5843464650592551,0.5843464650592551
2026-12-02 23:57:02,60.0,59.78447182653316,0.2155281734668435,0.2155281734668435
2026-12-02 23:57:07,59.7,59.84277591626815,-0.14277591626814967,0.14277591626814967
2026-12-02 23:57:12,55.099999999999994,55.26412022846618,-0.16412022846618868,0.16412022846618868
2026-12-02 23:57:16,60.7,62.4015415587141,-1.7015415587140978,1.7015415587140978
2026-12-02 23:57:21,58.9,57.47138924087337,1.4286107591266273,1.4286107591266273
2026-12-02 23:57:26,60.5,72.69197841584595,-12.191978415845952,12.191978415845952
2026-12-02 23:57:30,65.8,66.77201758577404,-0.9720175857740401,0.9720175857740401
2026-12-02 23:57:35,60.2,59.75110655007403,0.4488934499259756,0.4488934499259756
2026-12-02 23:57:40,58.2,57.198469518690175,1.0015304813098282,1.0015304813098282
2026-12-02 23:57:45,59.099999999999994,59.82585647593402,-0.7258564759340231,0.7258564759340231
2026-12-02 23:57:49,58.5,58.345153713299965,0.1548462867000353,0.1548462867000353
2026-12-02 23:57:54,68.2,66.83535777288532,1.364642227114686,1.364642227114686
2026-12-02 23:57:59,61.3,59.78447182653316,1.5155281734668407,1.5155281734668407
2026-12-02 23:58:03,60.5,59.90141087868429,0.5985891213157117,0.5985891213157117
2026-12-02 23:58:08,55.9,55.25400637728077,0.6459936227192316,0.6459936227192316
2026-12-02 23:58:13,55.800000000000004,55.25498306217854,0.5450169378214653,0.5450169378214653
2026-12-02 23:58:17,59.300000000000004,58.32376426129976,0.9762357387002467,0.9762357387002467
2026-12-02 23:58:22,58.1,59.48214263558844,-1.382142635588437,1.382142635588437
2026-12-02 23:58:27,55.2,55.33551131611361,-0.13551131611360745,0.13551131611360745
2026-12-02 23:58:32,60.9,60.594104927456975,0.3058950725430236,0.3058950725430236
2026-12-02 23:58:36,66.1,66.76997107106118,-0.6699710710611839,0.6699710710611839
2026-12-02 23:58:41,60.7,59.78447182653316,0.9155281734668463,0.9155281734668463
2026-12-02 23:58:46,58.800000000000004,59.764941603128456,-0.9649416031284517,0.9649416031284517
2026-12-02 23:58:50,61.5,60.795176371035446,0.7048236289645544,0.7048236289645544
2026-12-02 23:58:55,59.9,60.30074151133871,-0.4007415113387083,0.4007415113387083
2026-12-02 23:59:00,66.6,67.02281230002738,-0.42281230002738823,0.42281230002738823
2026-12-02 23:59:05,59.0,58.43274242888067,0.5672575711193275,0.5672575711193275
2026-12-02 23:59:09,61.5,62.0252402285717,-0.5252402285716968,0.5252402285716968
2026-12-02 23:59:14,59.199999999999996,59.764941603128456,-0.5649416031284602,0.5649416031284602
2026-12-02 23:59:19,59.800000000000004,59.80015074482963,-0.00015074482962518232,0.00015074482962518232
2026-12-02 23:59:23,61.6,59.73115560564034,1.8688443943596624,1.8688443943596624
2026-12-02 23:59:28,60.3,60.00462898241635,0.2953710175836477,0.2953710175836477
2026-12-02 23:59:33,55.7,55.19733157167517,0.5026684283248315,0.5026684283248315
2026-12-02 23:59:37,65.2,64.44519541942577,0.7548045805742305,0.7548045805742305
2026-12-02 23:59:42,63.2,60.86129794207109,2.338702057928913,2.338702057928913
2026-12-02 23:59:47,65.7,66.44682007360797,-0.7468200736079638,0.7468200736079638
2026-12-02 23:59:52,60.5,59.75482775194304,0.74517224805696,0.74517224805696
2026-12-02 23:59:56,64.2,64.4183898308504,-0.21838983085039843,0.21838983085039843
