Timestamp,Actual,Predicted,Error,Abs_Error
2026-12-02 21:34:36,60.1,62.73696450572492,-2.6369645057249187,2.6369645057249187
2026-12-02 21:34:41,56.2,55.24848187429095,0.9515181257090504,0.9515181257090504
2026-12-02 21:34:46,54.900000000000006,53.17179582531663,1.728204174683377,1.728204174683377
2026-12-02 21:34:51,52.7,52.344319678042,0.3556803219580047,0.3556803219580047
2026-12-02 21:34:55,65.8,69.16516228756538,-3.365162287565383,3.365162287565383
2026-12-02 21:35:00,56.9,56.72461975726317,0.1753802427368285,0.1753802427368285
2026-12-02 21:35:05,56.3,57.116011379231665,-0.8160113792316679,0.8160113792316679
2026-12-02 21:35:09,54.400000000000006,55.458120151559996,-1.05812015155999,1.05812015155999
2026-12-02 21:35:14,56.099999999999994,57.48241715438249,-1.3824171543824946,1.3824171543824946
2026-12-02 21:35:19,54.3,55.24204387550276,-0.9420438755027618,0.9420438755027618
2026-12-02 21:35:24,51.7,52.30567691457677,-0.6056769145767689,0.6056769145767689
2026-12-02 21:35:28,52.9,53.23605022293639,-0.3360502229363931,0.3360502229363931
2026-12-02 21:35:33,60.9,60.57913872752803,0.3208612724719657,0.3208612724719657
2026-12-02 21:35:38,56.3,58.45861537599476,-2.1586153759947635,2.1586153759947635
2026-12-02 21:35:42,50.5,49.854010341999434,0.6459896580005662,0.6459896580005662
2026-12-02 21:35:47,54.599999999999994,55.306228933011035,-0.7062289330110403,0.7062289330110403
2026-12-02 21:35:52,52.900000000000006,52.29307688912177,0.6069231108782347,0.6069231108782347
2026-12-02 21:35:56,53.2,52.09789018158982,1.1021098184101845,1.1021098184101845
2026-12-02 21:36:01,53.900000000000006,56.59176874015666,-2.691768740156654,2.691768740156654
2026-12-02 21:36:06,56.0,58.512597348620076,-2.5125973486200763,2.5125973486200763
2026-12-02 21:36:11,54.9,55.214001255776076,-0.31400125577607696,0.31400125577607696
2026-12-02 21:36:15,63.3,65.82882083141698,-2.5288208314169793,2.5288208314169793
2026-12-02 21:36:20,54.5,55.26098385502793,-0.7609838550279306,0.7609838550279306
2026-12-02 21:36:25,61.599999999999994,63.9539737605705,-2.3539737605705042,2.3539737605705042
2026-12-02 21:36:29,59.3,60.59375038686383,-1.2937503868638345,1.2937503868638345
2026-12-02 21:36:34,59.0,58.53562591572509,0.4643740842749082,0.4643740842749082
2026-12-02 21:36:39,55.6,55.25638225769879,0.34361774230121256,0.34361774230121256
2026-12-02 21:36:44,58.199999999999996,58.677028909084754,-0.47702890908475837,0.47702890908475837
2026-12-02 21:36:48,55.0,56.35993400243051,-1.3599340024305135,1.3599340024305135
2026-12-02 21:36:53,56.7,55.26681310130538,1.433186898694622,1.433186898694622
2026-12-02 21:36:58,54.8,55.36762644717714,-0.5676264471771404,0.5676264471771404
2026-12-02 21:37:02,52.4,52.271211346443636,0.12878865355636293,0.12878865355636293
2026-12-02 21:37:07,53.2,55.297343561035895,-2.097343561035892,2.097343561035892
2026-12-02 21:37:12,54.900000000000006,55.39225689318367,-0.49225689318366506,0.49225689318366506
2026-12-02 21:37:16,59.3,60.57537229508938,-1.275372295089383,1.275372295089383
2026-12-02 21:37:21,59.0,60.52607334801032,-1.5260733480103212,1.5260733480103212
2026-12-02 21:37:26,57.2,58.620763205479136,-1.4207632054791333,1.4207632054791333
2026-12-02 21:37:31,54.7,55.20261691345068,-0.5026169134506802,0.5026169134506802
2026-12-02 21:37:35,52.8,52.1613748530223,0.6386251469776951,0.6386251469776951
2026-12-02 21:37:40,48.6,46.97179398540936,1.6282060145906385,1.6282060145906385
2026-12-02 21:37:45,52.6,52.34300588212909,0.2569941178709101,0.2569941178709101
2026-12-02 21:37:49,58.3,56.9459829796708,1.354017020329195,1.354017020329195
2026-12-02 21:37:54,53.8,52.27373207801796,1.5262679219820399,1.5262679219820399
2026-12-02 21:37:59,65.8,71.03905363787752,-5.239053637877518,5.239053637877518
2026-12-02 21:38:04,57.1,57.478565749017115,-0.37856574901711326,0.37856574901711326
2026-12-02 21:38:08,53.8,53.267106835346844,0.532893164653153,0.532893164653153
2026-12-02 21:38:13,59.4,62.07897058586926,-2.6789705858692585,2.6789705858692585
2026-12-02 21:38:18,54.1,54.72621534453427,-0.6262153445342662,0.6262153445342662
2026-12-02 21:38:22,58.3,58.54714693299263,-0.24714693299263502,0.24714693299263502
2026-12-02 21:38:27,57.2,57.53724824339081,-0.3372482433908104,0.3372482433908104
2026-12-02 21:38:32,60.7,60.626746423491056,0.0732535765089466,0.0732535765089466
2026-12-02 21:38:36,57.5,58.502503810203,-1.0025038102030024,1.0025038102030024
2026-12-02 21:38:41,55.7,54.57950590469018,1.120494095309823,1.120494095309823
2026-12-02 21:38:46,58.3,58.58007471936806,-0.2800747193680664,0.2800747193680664
2026-12-02 21:38:51,52.599999999999994,52.171640678258434,0.42835932174156,0.42835932174156
2026-12-02 21:38:55,55.900000000000006,55.45555029049114,0.4444497095088664,0.4444497095088664
2026-12-02 21:39:00,55.7,54.55997138491909,1.1400286150809151,1.1400286150809151
2026-12-02 21:39:05,54.9,55.33490170016443,-0.4349017001644313,0.4349017001644313
2026-12-02 21:39:09,58.8,60.695273410755455,-1.8952734107554576,1.8952734107554576
2026-12-02 21:39:14,55.3,54.59712236240649,0.7028776375935095,0.7028776375935095
2026-12-02 21:39:19,61.0,63.616087127117225,-2.6160871271172255,2.6160871271172255
2026-12-02 21:39:24,63.099999999999994,62.70469509416696,0.39530490583303646,0.39530490583303646
2026-12-02 21:39:28,61.0,61.83409864141242,-0.8340986414124174,0.8340986414124174
2026-12-02 21:39:33,55.5,55.26256242084152,0.23743757915848107,0.23743757915848107
2026-12-02 21:39:38,51.3,52.24375586447427,-0.9437558644742694,0.9437558644742694
2026-12-02 21:39:42,53.0,52.23369165007543,0.7663083499245715,0.7663083499245715
2026-12-02 21:39:47,61.3,62.123005845474474,-0.8230058454744764,0.8230058454744764
2026-12-02 21:39:52,59.900000000000006,60.530678154913275,-0.6306781549132694,0.6306781549132694
2026-12-02 21:39:56,50.7,49.75052061966151,0.9494793803384951,0.9494793803384951
2026-12-02 21:40:01,55.7,56.42126663485542,-0.721266634855418,0.721266634855418
2026-12-02 21:40:06,58.4,57.65222636810752,0.7477736318924784,0.7477736318924784
2026-12-02 21:40:11,54.2,53.08056615100662,1.1194338489933813,1.1194338489933813
2026-12-02 21:40:15,64.7,67.66478206859144,-2.9647820685914326,2.9647820685914326
2026-12-02 21:40:20,56.4,57.5954432347282,-1.1954432347282022,1.1954432347282022
2026-12-02 21:40:25,55.300000000000004,55.36222091388201,-0.06222091388200823,0.06222091388200823
2026-12-02 21:40:29,52.8,52.25481438955853,0.5451856104414645,0.5451856104414645
2026-12-02 21:40:34,55.0,55.35986740051976,-0.35986740051976085,0.35986740051976085
2026-12-02 21:40:39,60.0,60.60181597522803,-0.6018159752280283,0.6018159752280283
2026-12-02 21:40:44,53.5,55.363932610224914,-1.8639326102249143,1.8639326102249143
2026-12-02 21:40:48,66.9,67.83667629650797,-0.9366762965079687,0.9366762965079687
2026-12-02 21:40:53,65.19999999999999,68.9346886709401,-3.734688670940116,3.734688670940116
2026-12-02 21:40:58,62.699999999999996,63.7254511474263,-1.0254511474263026,1.0254511474263026
2026-12-02 21:41:02,61.099999999999994,63.566849977425555,-2.466849977425561,2.466849977425561
2026-12-02 21:41:07,54.2,55.29313136741406,-1.0931313674140597,1.0931313674140597
2026-12-02 21:41:12,53.400000000000006,52.26947653006035,1.1305234699396536,1.1305234699396536
2026-12-02 21:41:16,53.0,52.30848924043868,0.6915107595613179,0.6915107595613179
2026-12-02 21:41:21,60.099999999999994,60.52557804372748,-0.42557804372748365,0.42557804372748365
2026-12-02 21:41:26,52.8,52.37960683194649,0.4203931680535078,0.4203931680535078
2026-12-02 21:41:31,60.9,63.70770918586931,-2.8077091858693137,2.8077091858693137
2026-12-02 21:41:35,55.300000000000004,56.37948174502841,-1.0794817450284029,1.0794817450284029
2026-12-02 21:41:40,50.6,49.85580431773936,0.7441956822606386,0.7441956822606386
2026-12-02 21:41:45,58.6,61.95647781619676,-3.356477816196758,3.356477816196758
2026-12-02 21:41:49,61.8,63.761177717196546,-1.9611777171965485,1.9611777171965485
2026-12-02 21:41:54,61.599999999999994,62.67433769029262,-1.074337690292623,1.074337690292623
2026-12-02 21:41:59,58.0,57.545449993006976,0.45455000699302417,0.45455000699302417
2026-12-02 21:42:04,59.5,60.612347660436015,-1.112347660436015,1.112347660436015
2026-12-02 21:42:08,51.599999999999994,49.67620237031427,1.9237976296857227,1.9237976296857227
2026-12-02 21:42:13,57.2,57.63461989238185,-0.4346198923818463,0.4346198923818463
2026-12-02 21:42:18,54.3,54.65979643532075,-0.359796435320753,0.359796435320753
2026-12-02 21:42:22,58.7,58.63365013652532,0.06634986347468441,0.06634986347468441
2026-12-02 21:42:27,61.7,65.36083046435004,-3.660830464350042,3.660830464350042
2026-12-02 21:42:32,57.800000000000004,58.4371423257034,-0.6371423257033939,0.6371423257033939
2026-12-02 21:42:36,52.599999999999994,53.005711203950334,-0.40571120395033944,0.40571120395033944
2026-12-02 21:42:41,59.7,63.5350178744634,-3.8350178744633965,3.8350178744633965
2026-12-02 21:42:46,67.3,70.49333344860564,-3.1933334486056424,3.1933334486056424
2026-12-02 21:42:51,65.9,64.5843279247924,1.3156720752076012,1.3156720752076012
2026-12-02 21:42:55,54.7,52.987860943788526,1.7121390562114769,1.7121390562114769
2026-12-02 21:43:00,58.4,58.61145385146807,-0.21145385146807172,0.21145385146807172
2026-12-02 21:43:05,53.6,55.27939498970774,-1.6793949897077383,1.6793949897077383
2026-12-02 21:43:09,60.4,60.47268726436905,-0.07268726436905126,0.07268726436905126
2026-12-02 21:43:14,53.0,52.29475896296763,0.7052410370323727,0.7052410370323727
2026-12-02 21:43:19,56.9,57.06819669258566,-0.16819669258565995,0.16819669258565995
2026-12-02 21:43:24,56.0,57.001864841293546,-1.0018648412935462,1.0018648412935462
2026-12-02 21:43:28,57.7,56.95009793845312,0.7499020615468837,0.7499020615468837
2026-12-02 21:43:33,56.099999999999994,54.782657742739204,1.3173422572607905,1.3173422572607905
2026-12-02 21:43:38,62.0,61.854485484541875,0.14551451545812455,0.14551451545812455
2026-12-02 21:43:42,55.8,55.41690079501244,0.383099204987559,0.383099204987559
2026-12-02 21:43:47,54.7,55.3970510197292,-0.6970510197291944,0.6970510197291944
2026-12-02 21:43:52,58.6,57.53718711398934,1.0628128860106614,1.0628128860106614
2026-12-02 21:43:57,56.599999999999994,55.33314397524048,1.2668560247595124,1.2668560247595124
2026-12-02 21:44:01,62.599999999999994,67.19900020175743,-4.599000201757434,4.599000201757434
2026-12-02 21:44:06,54.8,54.4377510051665,0.36224899483350015,0.36224899483350015
2026-12-02 21:44:11,53.7,55.3476427781217,-1.6476427781216998,1.6476427781216998
2026-12-02 21:44:15,55.6,55.43965158905179,0.16034841094820962,0.16034841094820962
2026-12-02 21:44:20,53.7,54.85309001261137,-1.153090012611365,1.153090012611365
2026-12-02 21:44:25,56.400000000000006,55.53321915638693,0.8667808436130784,0.8667808436130784
2026-12-02 21:44:29,56.2,55.3855022108959,0.8144977891041023,0.8144977891041023
2026-12-02 21:44:34,58.4,58.533615190666914,-0.13361519066691585,0.13361519066691585
2026-12-02 21:44:39,55.0,55.38298949101013,-0.3829894910101288,0.3829894910101288
2026-12-02 21:44:44,58.3,57.506499302121085,0.7935006978789119,0.7935006978789119
2026-12-02 21:44:48,52.8,53.013545261852656,-0.21354526185265854,0.21354526185265854
2026-12-02 21:44:53,54.0,51.95960336379241,2.040396636207589,2.040396636207589
2026-12-02 21:44:58,53.7,52.29970980302775,1.40029019697225,1.40029019697225
2026-12-02 21:45:02,58.199999999999996,61.87232125873508,-3.6723212587350815,3.6723212587350815
2026-12-02 21:45:07,59.7,60.66885481065573,-0.9688548106557278,0.9688548106557278
2026-12-02 21:45:12,55.3,54.53628226872385,0.7637177312761452,0.7637177312761452
2026-12-02 21:45:17,53.2,52.28971982066502,0.9102801793349826,0.9102801793349826
2026-12-02 21:45:21,53.4,53.27949408566314,0.12050591433686009,0.12050591433686009
2026-12-02 21:45:26,64.30000000000001,67.30710069184725,-3.007100691847242,3.007100691847242
2026-12-02 21:45:31,55.5,55.20505483275941,0.2949451672405914,0.2949451672405914
2026-12-02 21:45:35,60.3,63.61293949561431,-3.312939495614316,3.312939495614316
2026-12-02 21:45:40,55.400000000000006,56.34274998034584,-0.9427499803458375,0.9427499803458375
2026-12-02 21:45:45,56.4,55.22158769255412,1.1784123074458819,1.1784123074458819
2026-12-02 21:45:49,57.5,58.583253074504135,-1.0832530745041353,1.0832530745041353
2026-12-02 21:45:54,56.6,58.57047292878127,-1.9704729287812697,1.9704729287812697
2026-12-02 21:45:59,53.0,53.11419514921117,-0.11419514921117013,0.11419514921117013
2026-12-02 21:46:04,57.4,59.85748706802067,-2.4574870680206686,2.4574870680206686
2026-12-02 21:46:08,53.7,56.36864792386055,-2.668647923860547,2.668647923860547
2026-12-02 21:46:13,56.800000000000004,55.41407530982858,1.3859246901714215,1.3859246901714215
2026-12-02 21:46:18,61.2,65.48878919642735,-4.288789196427345,4.288789196427345
2026-12-02 21:46:22,56.800000000000004,58.60352515930167,-1.803525159301664,1.803525159301664
2026-12-02 21:46:27,56.5,57.42367308535778,-0.9236730853577768,0.9236730853577768
2026-12-02 21:46:32,53.1,52.33269987198541,0.7673001280145897,0.7673001280145897
2026-12-02 21:46:37,57.3,58.627141967824855,-1.3271419678248577,1.3271419678248577
2026-12-02 21:46:41,56.599999999999994,59.854023553937,-3.254023553937003,3.254023553937003
2026-12-02 21:46:46,56.1,56.40976668963617,-0.30976668963617016,0.30976668963617016
2026-12-02 21:46:51,51.8,52.35937262732733,-0.5593726273273347,0.5593726273273347
2026-12-02 21:46:55,52.0,53.14907043232462,-1.1490704323246206,1.1490704323246206
2026-12-02 21:47:00,56.4,55.29862185074879,1.101378149251211,1.101378149251211
2026-12-02 21:47:05,53.400000000000006,55.33997371515423,-1.939973715154224,1.939973715154224
2026-12-02 21:47:09,59.400000000000006,60.800221422761794,-1.4002214227617884,1.4002214227617884
2026-12-02 21:47:14,57.5,57.49056482069837,0.009435179301632957,0.009435179301632957
2026-12-02 21:47:19,54.7,55.25083376726214,-0.5508337672621337,0.5508337672621337
2026-12-02 21:47:24,63.7,65.91362482981731,-2.213624829817306,2.213624829817306
2026-12-02 21:47:28,53.9,54.584923196619734,-0.6849231966197351,0.6849231966197351
2026-12-02 21:47:33,55.1,55.38491463679528,-0.2849146367952784,0.2849146367952784
2026-12-02 21:47:38,62.5,62.77303890500084,-0.2730389050008384,0.2730389050008384
2026-12-02 21:47:42,61.5,62.65188248674795,-1.151882486747951,1.151882486747951
2026-12-02 21:47:47,53.2,53.10433771604137,0.09566228395863163,0.09566228395863163
2026-12-02 21:47:52,56.0,55.29279806591424,0.7072019340857594,0.7072019340857594
2026-12-02 21:47:57,57.0,58.77600934429273,-1.7760093442927314,1.7760093442927314
2026-12-02 21:48:01,59.7,59.34716615905424,0.3528338409457632,0.3528338409457632
2026-12-02 21:48:06,53.5,52.48853948454151,1.011460515458488,1.011460515458488
2026-12-02 21:48:11,57.099999999999994,57.59187043489368,-0.4918704348936842,0.4918704348936842
2026-12-02 21:48:15,60.8,61.94308031784996,-1.1430803178499644,1.1430803178499644
2026-12-02 21:48:20,56.800000000000004,58.52907053824533,-1.729070538245324,1.729070538245324
2026-12-02 21:48:25,56.599999999999994,56.35911999120311,0.24088000879688565,0.24088000879688565
2026-12-02 21:48:29,61.4,63.90526680330766,-2.505266803307663,2.505266803307663
2026-12-02 21:48:34,59.3,58.55815802386966,0.7418419761303383,0.7418419761303383
2026-12-02 21:48:39,53.9,56.400783990277596,-2.500783990277597,2.500783990277597
2026-12-02 21:48:44,53.9,52.24441825260677,1.655581747393228,1.655581747393228
2026-12-02 21:48:48,57.2,58.41989012891355,-1.2198901289135478,1.2198901289135478
2026-12-02 21:48:53,55.099999999999994,55.34697942739044,-0.24697942739044265,0.24697942739044265
2026-12-02 21:48:58,57.5,58.49460191902548,-0.9946019190254773,0.9946019190254773
2026-12-02 21:49:02,60.6,65.33841809931091,-4.738418099310913,4.738418099310913
2026-12-02 21:49:07,60.3,65.26443006382078,-4.964430063820785,4.964430063820785
2026-12-02 21:49:12,56.3,55.167040600530584,1.1329593994694136,1.1329593994694136
2026-12-02 21:49:17,56.400000000000006,55.446091980839526,0.9539080191604796,0.9539080191604796
2026-12-02 21:49:21,53.0,52.411169427984674,0.5888305720153255,0.5888305720153255
2026-12-02 21:49:26,60.699999999999996,59.65258065669816,1.0474193433018328,1.0474193433018328
2026-12-02 21:49:31,57.9,58.56236497406123,-0.6623649740612336,0.6623649740612336
2026-12-02 21:49:35,56.900000000000006,57.41804857769699,-0.5180485776969874,0.5180485776969874
2026-12-02 21:49:40,55.0,55.3233586406815,-0.3233586406814979,0.3233586406814979
2026-12-02 21:49:45,56.099999999999994,56.40746813899239,-0.3074681389923981,0.3074681389923981
2026-12-02 21:49:49,56.2,57.46917677752397,-1.2691767775239668,1.2691767775239668
2026-12-02 21:49:54,55.6,56.8943012628943,-1.294301262894301,1.294301262894301
2026-12-02 21:49:59,54.8,52.274275209191536,2.525724790808461,2.525724790808461
2026-12-02 21:50:04,61.2,60.74421103810818,0.4557889618918196,0.4557889618918196
2026-12-02 21:50:08,58.800000000000004,58.59546791305118,0.20453208694882363,0.20453208694882363
2026-12-02 21:50:13,55.8,54.57890600235858,1.2210939976414181,1.2210939976414181
2026-12-02 21:50:18,60.599999999999994,62.065934587949435,-1.465934587949441,1.465934587949441
2026-12-02 21:50:22,127.7,173.35479481717573,-45.65479481717573,45.65479481717573
2026-12-02 21:50:27,59.5,59.59756132097036,-0.09756132097035675,0.09756132097035675
2026-12-02 21:50:32,60.099999999999994,63.94291495726232,-3.842914957262323,3.842914957262323
2026-12-02 21:50:37,58.7,59.08889857573762,-0.38889857573762043,0.38889857573762043
2026-12-02 21:50:41,60.6,65.83195583799566,-5.231955837995663,5.231955837995663
2026-12-02 21:50:46,60.5,65.58841276025693,-5.088412760256929,5.088412760256929
2026-12-02 21:50:51,55.4,55.34021319942875,0.059786800571245635,0.059786800571245635
2026-12-02 21:50:55,57.0,58.57191331939803,-1.5719133193980284,1.5719133193980284
2026-12-02 21:51:00,58.800000000000004,61.85177331744461,-3.0517733174446064,3.0517733174446064
2026-12-02 21:51:05,59.5,60.60434528428057,-1.1043452842805692,1.1043452842805692
2026-12-02 21:51:09,60.5,60.49494252123803,0.005057478761969492,0.005057478761969492
2026-12-02 21:51:14,55.900000000000006,55.29033124684856,0.6096687531514462,0.6096687531514462
2026-12-02 21:51:19,64.5,67.39384407079194,-2.8938440707919426,2.8938440707919426
2026-12-02 21:51:24,58.0,58.36463344260558,-0.36463344260558017,0.36463344260558017
2026-12-02 21:51:28,62.900000000000006,65.1289068415247,-2.22890684152469,2.22890684152469
2026-12-02 21:51:33,69.7,77.59985227274849,-7.89985227274849,7.89985227274849
2026-12-02 21:51:38,57.5,57.10610736459829,0.3938926354017127,0.3938926354017127
2026-12-02 21:51:42,59.8,62.07948486459636,-2.2794848645963626,2.2794848645963626
2026-12-02 21:51:47,59.5,63.49295579204352,-3.9929557920435172,3.9929557920435172
2026-12-02 21:51:52,58.2,63.43134989779983,-5.231349897799824,5.231349897799824
2026-12-02 21:51:57,55.099999999999994,56.452997056708654,-1.3529970567086593,1.3529970567086593
2026-12-02 21:52:01,51.1,50.75135968813007,0.3486403118699286,0.3486403118699286
2026-12-02 21:52:06,62.3,64.18729517986512,-1.88729517986512,1.88729517986512
2026-12-02 21:52:11,60.400000000000006,62.03352387597794,-1.6335238759779358,1.6335238759779358
2026-12-02 21:52:15,65.5,72.51956859398616,-7.019568593986165,7.019568593986165
2026-12-02 21:52:20,57.900000000000006,59.89618839557284,-1.9961883955728368,1.9961883955728368
2026-12-02 21:52:25,58.3,61.703505524007234,-3.4035055240072367,3.4035055240072367
2026-12-02 21:52:29,56.3,61.44918872477744,-5.149188724777446,5.149188724777446
2026-12-02 21:52:34,53.599999999999994,54.28851883689909,-0.6885188368990924,0.6885188368990924
2026-12-02 21:52:39,56.6,57.75318200533825,-1.1531820053382518,1.1531820053382518
2026-12-02 21:52:44,65.7,70.85610202586373,-5.156102025863731,5.156102025863731
2026-12-02 21:52:48,67.19999999999999,72.49579558483622,-5.2957955848362275,5.2957955848362275
2026-12-02 21:52:53,52.300000000000004,50.6969427598838,1.6030572401162075,1.6030572401162075
2026-12-02 21:52:58,58.6,63.67694541059216,-5.07694541059216,5.07694541059216
2026-12-02 21:53:02,55.0,57.853971124758495,-2.8539711247584947,2.8539711247584947
2026-12-02 21:53:07,55.6,56.50004318991743,-0.9000431899174259,0.9000431899174259
2026-12-02 21:53:12,62.2,69.05236796667083,-6.852367966670826,6.852367966670826
2026-12-02 21:53:17,61.8,68.97347131905696,-7.173471319056958,7.173471319056958
2026-12-02 21:53:21,54.6,55.182357863081215,-0.5823578630812136,0.5823578630812136
2026-12-02 21:53:26,63.1,67.52739498362703,-4.427394983627032,4.427394983627032
2026-12-02 21:53:31,58.7,60.66756071812962,-1.9675607181296186,1.9675607181296186
2026-12-02 21:53:35,52.900000000000006,54.33485997627592,-1.4348599762759164,1.4348599762759164
2026-12-02 21:53:40,50.9,50.76297019974862,0.13702980025137634,0.13702980025137634
2026-12-02 21:53:45,59.699999999999996,63.62469057802715,-3.9246905780271533,3.9246905780271533
2026-12-02 21:53:49,56.3,56.41864053601765,-0.11864053601765079,0.11864053601765079
2026-12-02 21:53:54,61.7,65.33935013022341,-3.6393501302234057,3.6393501302234057
2026-12-02 21:53:59,63.599999999999994,63.89400381903829,-0.294003819038295,0.294003819038295
2026-12-02 21:54:04,61.0,67.08215443090813,-6.082154430908133,6.082154430908133
2026-12-02 21:54:08,53.9,54.64370062889141,-0.7437006288914105,0.7437006288914105
2026-12-02 21:54:13,53.5,53.10094973412405,0.3990502658759496,0.3990502658759496
2026-12-02 21:54:18,52.400000000000006,50.99258541843859,1.4074145815614187,1.4074145815614187
2026-12-02 21:54:22,60.1,62.18216227615446,-2.082162276154456,2.082162276154456
2026-12-02 21:54:27,62.1,65.45264431638148,-3.352644316381479,3.352644316381479
2026-12-02 21:54:32,55.6,61.43966918985862,-5.839669189858618,5.839669189858618
2026-12-02 21:54:37,49.5,49.84571541602351,-0.3457154160235092,0.3457154160235092
2026-12-02 21:54:41,59.199999999999996,62.07295681757511,-2.8729568175751155,2.8729568175751155
2026-12-02 21:54:46,61.9,65.43462750608346,-3.53462750608346,3.53462750608346
2026-12-02 21:54:51,57.4,58.707727912843595,-1.3077279128435961,1.3077279128435961
2026-12-02 21:54:55,53.0,53.115368378309306,-0.1153683783093058,0.1153683783093058
2026-12-02 21:55:00,55.6,56.51478802819903,-0.9147880281990268,0.9147880281990268
2026-12-02 21:55:05,54.300000000000004,53.31437353640414,0.9856264635958638,0.9856264635958638
2026-12-02 21:55:09,57.3,58.58815894900774,-1.2881589490077445,1.2881589490077445
2026-12-02 21:55:14,52.4,53.08647832205416,-0.6864783220541639,0.6864783220541639
2026-12-02 21:55:19,72.9,78.05495185467038,-5.154951854670372,5.154951854670372
2026-12-02 21:55:24,55.6,57.74728447392182,-2.1472844739218218,2.1472844739218218
2026-12-02 21:55:28,58.0,61.93453671187935,-3.9345367118793533,3.9345367118793533
2026-12-02 21:55:33,55.5,55.33939596794571,0.16060403205428742,0.16060403205428742
2026-12-02 21:55:38,55.4,55.432506514882405,-0.032506514882406634,0.032506514882406634
2026-12-02 21:55:42,54.9,55.3634662104845,-0.46346621048450487,0.46346621048450487
2026-12-02 21:55:47,56.0,55.32733098223382,0.6726690177661823,0.6726690177661823
2026-12-02 21:55:52,63.7,67.2022970342581,-3.502297034258092,3.502297034258092
2026-12-02 21:55:57,55.5,56.20927301715778,-0.709273017157777,0.709273017157777
2026-12-02 21:56:01,61.0,60.62198469572906,0.37801530427093866,0.37801530427093866
2026-12-02 21:56:06,58.3,58.49665578293472,-0.19665578293471953,0.19665578293471953
2026-12-02 21:56:11,54.4,56.59876497020243,-2.198764970202433,2.198764970202433
2026-12-02 21:56:15,61.0,61.89165167995989,-0.8916516799598924,0.8916516799598924
2026-12-02 21:56:20,62.0,63.79346468800247,-1.793464688002473,1.793464688002473
2026-12-02 21:56:25,59.1,60.664976517546066,-1.5649765175460644,1.5649765175460644
2026-12-02 21:58:19,73.9,79.44292587903792,-5.5429258790379095,5.5429258790379095
2026-12-02 21:58:24,68.8,74.02980247806455,-5.229802478064556,5.229802478064556
2026-12-02 21:58:29,67.0,68.8487412482727,-1.8487412482727024,1.8487412482727024
2026-12-02 21:58:33,65.9,67.72482785404496,-1.8248278540449547,1.8248278540449547
2026-12-02 21:58:38,70.2,70.48308262171194,-0.2830826217119409,0.2830826217119409
2026-12-02 21:58:43,58.0,57.487875699192344,0.5121243008076561,0.5121243008076561
2026-12-02 21:58:47,57.6,57.55612676582503,0.04387323417497413,0.04387323417497413
2026-12-02 21:58:52,51.099999999999994,50.77333187860352,0.32666812139647305,0.32666812139647305
2026-12-02 21:58:57,66.0,67.8357921071627,-1.8357921071627032,1.8357921071627032
2026-12-02 21:59:02,52.8,52.21375440371298,0.5862455962870143,0.5862455962870143
2026-12-02 21:59:06,60.7,67.33246662543789,-6.6324666254378855,6.6324666254378855
2026-12-02 21:59:11,66.2,72.52081460295321,-6.320814602953206,6.320814602953206
2026-12-02 21:59:16,76.2,87.31940215612084,-11.119402156120842,11.119402156120842
2026-12-02 21:59:20,66.0,72.23414301479723,-6.234143014797226,6.234143014797226
2026-12-02 21:59:25,77.1,88.84466283231006,-11.74466283231007,11.74466283231007
2026-12-02 21:59:30,58.400000000000006,59.65599028773616,-1.2559902877361537,1.2559902877361537
2026-12-02 21:59:35,78.0,86.81977128959919,-8.819771289599188,8.819771289599188
2026-12-02 21:59:39,69.5,78.23569762357525,-8.735697623575248,8.735697623575248
2026-12-02 21:59:44,69.0,78.30082979899339,-9.30082979899339,9.30082979899339
2026-12-02 21:59:49,63.5,65.65646405378837,-2.156464053788369,2.156464053788369
2026-12-02 21:59:53,63.900000000000006,63.85649760933072,0.04350239066928907,0.04350239066928907
2026-12-02 21:59:58,61.8,62.705714719513395,-0.9057147195133979,0.9057147195133979
2026-12-02 22:00:03,67.4,72.66967085192483,-5.269670851924829,5.269670851924829
2026-12-02 22:00:07,51.7,52.9934153280113,-1.2934153280112994,1.2934153280112994
2026-12-02 22:00:12,54.2,51.919424011544834,2.280575988455169,2.280575988455169
2026-12-02 22:00:17,62.3,64.88116917320008,-2.581169173200081,2.581169173200081
2026-12-02 22:00:22,60.2,59.41541627412338,0.7845837258766224,0.7845837258766224
2026-12-02 22:00:26,57.8,57.81815644770421,-0.01815644770421443,0.01815644770421443
2026-12-02 22:00:31,59.599999999999994,59.762857474360416,-0.16285747436042186,0.16285747436042186
2026-12-02 22:00:36,58.699999999999996,60.6385614835364,-1.9385614835364038,1.9385614835364038
2026-12-02 22:00:40,54.8,55.37462343966837,-0.5746234396683718,0.5746234396683718
2026-12-02 22:00:45,54.8,52.27968752183568,2.520312478164314,2.520312478164314
2026-12-02 22:00:50,60.5,59.318588343741,1.1814116562590016,1.1814116562590016
2026-12-02 22:00:55,57.2,58.58244266269937,-1.3824426626993684,1.3824426626993684
2026-12-02 22:00:59,54.7,55.4294796661203,-0.729479666120298,0.729479666120298
2026-12-02 22:01:04,53.2,53.07416525426778,0.1258347457322202,0.1258347457322202
2026-12-02 22:01:09,66.2,69.12001556818059,-2.920015568180588,2.920015568180588
2026-12-02 22:01:13,54.4,54.82769606061897,-0.42769606061897036,0.42769606061897036
2026-12-02 22:01:18,65.0,67.8790804749879,-2.8790804749879015,2.8790804749879015
2026-12-02 22:01:23,63.5,62.621862970776576,0.8781370292234243,0.8781370292234243
2026-12-02 22:01:27,56.0,56.401126628719844,-0.40112662871984384,0.40112662871984384
2026-12-02 22:01:32,58.9,60.6846230565985,-1.7846230565984982,1.7846230565984982
2026-12-02 22:01:37,62.900000000000006,67.15273729789209,-4.252737297892082,4.252737297892082
2026-12-02 22:01:42,62.0,63.76601763886754,-1.7660176388675382,1.7660176388675382
2026-12-02 22:01:46,63.4,64.76630221153557,-1.3663022115355759,1.3663022115355759
2026-12-02 22:01:51,56.8,56.43563798599079,0.36436201400920964,0.36436201400920964
2026-12-02 22:01:56,69.4,77.88586784563446,-8.48586784563446,8.48586784563446
2026-12-02 22:02:00,53.3,52.87009726922846,0.42990273077153773,0.42990273077153773
2026-12-02 22:02:05,57.099999999999994,56.54915169112466,0.5508483088753309,0.5508483088753309
2026-12-02 22:02:10,53.900000000000006,52.36433590798987,1.535664092010137,1.535664092010137
2026-12-02 22:02:15,52.199999999999996,51.01018311330335,1.1898168866966472,1.1898168866966472
2026-12-02 22:02:19,56.9,60.102202389054895,-3.2022023890548965,3.2022023890548965
2026-12-02 22:02:24,56.4,55.36852658962769,1.0314734103723069,1.0314734103723069
2026-12-02 22:02:29,58.6,60.681849702554516,-2.081849702554514,2.081849702554514
2026-12-02 22:02:33,55.6,58.65801992934451,-3.0580199293445105,3.0580199293445105
2026-12-02 22:02:38,56.400000000000006,57.49983272661735,-1.0998327266173433,1.0998327266173433
2026-12-02 22:02:43,65.4,63.912303695616096,1.4876963043839098,1.4876963043839098
2026-12-02 22:02:47,58.5,57.018002782354955,1.4819972176450449,1.4819972176450449
2026-12-02 22:02:52,53.599999999999994,55.36672014517105,-1.7667201451710568,1.7667201451710568
2026-12-02 22:02:57,61.5,62.86100909347422,-1.3610090934742232,1.3610090934742232
2026-12-02 22:03:02,64.3,64.60113358187321,-0.30113358187321637,0.30113358187321637
2026-12-02 22:03:06,60.3,61.91036078884548,-1.6103607888454832,1.6103607888454832
2026-12-02 22:03:11,60.5,65.25520518228556,-4.7552051822855645,4.7552051822855645
2026-12-02 22:03:16,57.8,58.3914573615446,-0.5914573615446059,0.5914573615446059
2026-12-02 22:03:20,57.800000000000004,61.89084907662311,-4.090849076623108,4.090849076623108
2026-12-02 22:03:25,56.1,58.62491392358889,-2.5249139235888904,2.5249139235888904
2026-12-02 22:03:30,61.8,64.03883472719042,-2.2388347271904223,2.2388347271904223
2026-12-02 22:03:35,141.7,191.15642152082384,-49.45642152082385,49.45642152082385
2026-12-02 22:03:39,60.800000000000004,59.56860719360572,1.2313928063942825,1.2313928063942825
2026-12-02 22:03:44,63.2,67.76717956062743,-4.567179560627423,4.567179560627423
2026-12-02 22:03:49,57.4,59.026046099491545,-1.6260460994915462,1.6260460994915462
2026-12-02 22:03:53,57.099999999999994,59.17469350076217,-2.074693500762173,2.074693500762173
2026-12-02 22:03:58,65.2,66.42720910861105,-1.2272091086110493,1.2272091086110493
2026-12-02 22:04:03,63.5,64.02377446244228,-0.523774462442276,0.523774462442276
2026-12-02 22:04:07,67.1,70.70574729405485,-3.6057472940548507,3.6057472940548507
2026-12-02 22:04:12,60.800000000000004,60.52046262610315,0.27953737389685074,0.27953737389685074
2026-12-02 22:04:17,62.7,65.4945883718508,-2.794588371850793,2.794588371850793
2026-12-02 22:04:22,58.2,58.441785436600526,-0.24178543660052298,0.24178543660052298
2026-12-02 22:04:26,56.0,57.11067732893564,-1.1106773289356369,1.1106773289356369
2026-12-02 22:04:31,59.0,60.72678380785162,-1.7267838078516178,1.7267838078516178
2026-12-02 22:04:36,66.5,69.05360982928647,-2.553609829286472,2.553609829286472
2026-12-02 22:04:40,71.9,74.45729817586121,-2.557298175861206,2.557298175861206
2026-12-02 22:04:45,63.5,65.81724957053771,-2.3172495705377116,2.3172495705377116
2026-12-02 22:04:50,69.1,70.88991960049562,-1.7899196004956224,1.7899196004956224
2026-12-02 22:04:55,60.5,61.79764327749687,-1.2976432774968671,1.2976432774968671
2026-12-02 22:04:59,61.3,61.76943768046646,-0.46943768046646284,0.46943768046646284
2026-12-02 22:05:04,65.3,67.2839492617963,-1.9839492617962975,1.9839492617962975
2026-12-02 22:05:09,66.0,67.5830933761959,-1.5830933761959045,1.5830933761959045
2026-12-02 22:05:13,56.800000000000004,55.3645160144595,1.4354839855405075,1.4354839855405075
2026-12-02 22:05:18,67.2,70.77982191049715,-3.579821910497145,3.579821910497145
2026-12-02 22:05:23,71.4,75.83961813640556,-4.4396181364055565,4.4396181364055565
2026-12-02 22:05:27,69.9,69.36961156189126,0.5303884381087443,0.5303884381087443
2026-12-02 22:05:32,71.9,74.08139846304093,-2.181398463040921,2.181398463040921
2026-12-02 22:05:37,63.099999999999994,63.83911376905078,-0.739113769050789,0.739113769050789
2026-12-02 22:05:42,56.4,54.66962700507608,1.7303729949239184,1.7303729949239184
2026-12-02 22:05:46,63.5,66.01617666111603,-2.5161766611160346,2.5161766611160346
2026-12-02 22:05:51,62.8,63.76507924985989,-0.9650792498598904,0.9650792498598904
2026-12-02 22:05:56,53.0,52.27636086258991,0.723639137410089,0.723639137410089
2026-12-02 22:06:00,58.5,62.07997343993034,-3.579973439930342,3.579973439930342
2026-12-02 22:06:05,60.5,59.75089592882632,0.7491040711736829,0.7491040711736829
2026-12-02 22:06:10,59.3,60.78567109254547,-1.4856710925454735,1.4856710925454735
2026-12-02 22:06:15,62.1,64.1020771026912,-2.002077102691196,2.002077102691196
2026-12-02 22:06:19,53.400000000000006,56.41109639275079,-3.0110963927507868,3.0110963927507868
2026-12-02 22:06:24,67.3,70.6580516733667,-3.3580516733667025,3.3580516733667025
2026-12-02 22:06:29,56.099999999999994,55.23321495594561,0.8667850440543816,0.8667850440543816
2026-12-02 22:06:33,57.7,58.53501183092482,-0.8350118309248202,0.8350118309248202
2026-12-02 22:06:38,57.6,58.64038265399549,-1.0403826539954864,1.0403826539954864
2026-12-02 22:06:43,65.7,66.01496167768704,-0.3149616776870374,0.3149616776870374
2026-12-02 22:06:47,70.19999999999999,72.65995052106929,-2.4599505210693025,2.4599505210693025
2026-12-02 22:06:52,62.900000000000006,65.35901671633704,-2.4590167163370324,2.4590167163370324
2026-12-02 22:06:57,77.4,86.63019878215073,-9.230198782150723,9.230198782150723
2026-12-02 22:07:02,57.3,59.55723119091369,-2.257231190913693,2.257231190913693
2026-12-02 22:07:06,65.8,70.79550376496286,-4.995503764962862,4.995503764962862
2026-12-02 22:07:11,68.2,70.97990376471373,-2.7799037647137226,2.7799037647137226
2026-12-02 22:07:16,58.3,59.77267813104851,-1.4726781310485109,1.4726781310485109
2026-12-02 22:07:20,56.1,54.689273008478516,1.4107269915214857,1.4107269915214857
2026-12-02 22:07:25,59.0,57.77658894479259,1.2234110552074071,1.2234110552074071
2026-12-02 22:07:30,50.8,50.0328755657301,0.7671244342698955,0.7671244342698955
2026-12-02 22:07:35,58.1,60.03364079036437,-1.9336407903643718,1.9336407903643718
2026-12-02 22:07:39,53.9,53.1168895813955,0.783110418604501,0.783110418604501
2026-12-02 22:07:44,50.8,50.902119206368475,-0.10211920636847793,0.10211920636847793
2026-12-02 22:07:49,59.8,62.1498812415651,-2.3498812415651003,2.3498812415651003
2026-12-02 22:07:53,58.1,57.44002856052007,0.6599714394799321,0.6599714394799321
2026-12-02 22:07:58,56.5,57.721004337761904,-1.2210043377619044,1.2210043377619044
2026-12-02 22:08:03,75.9,87.62975639310494,-11.729756393104935,11.729756393104935
2026-12-02 22:08:07,63.099999999999994,62.391069898237525,0.7089301017624692,0.7089301017624692
2026-12-02 22:08:12,59.7,62.22115818430379,-2.5211581843037862,2.5211581843037862
2026-12-02 22:08:17,49.0,46.90448426483685,2.095515735163147,2.095515735163147
2026-12-02 22:08:22,55.599999999999994,56.77615261147464,-1.1761526114746488,1.1761526114746488
2026-12-02 22:08:26,54.6,57.93434074234467,-3.334340742344672,3.334340742344672
2026-12-02 22:08:31,58.3,59.904978728683105,-1.6049787286831076,1.6049787286831076
2026-12-02 22:08:36,57.3,58.62918158849633,-1.3291815884963327,1.3291815884963327
2026-12-02 22:08:40,57.1,58.54363573013523,-1.4436357301352274,1.4436357301352274
2026-12-02 22:08:45,55.6,55.20793163202119,0.3920683679788084,0.3920683679788084
2026-12-02 22:08:50,58.0,58.637183974073885,-0.6371839740738849,0.6371839740738849
2026-12-02 22:08:55,63.900000000000006,67.41119894462334,-3.511198944623331,3.511198944623331
2026-12-02 22:08:59,56.099999999999994,57.4628270115437,-1.3628270115437076,1.3628270115437076
2026-12-02 22:09:04,61.5,65.56951792906537,-4.06951792906537,4.06951792906537
2026-12-02 22:09:09,47.5,47.36207009683846,0.13792990316154174,0.13792990316154174
2026-12-02 22:09:13,56.2,56.50873650644228,-0.3087365064422798,0.3087365064422798
2026-12-02 22:09:18,61.3,61.972938110566844,-0.6729381105668466,0.6729381105668466
2026-12-02 22:09:23,67.5,67.48625229209166,0.013747707908336793,0.013747707908336793
2026-12-02 22:09:27,51.900000000000006,53.00149719961026,-1.1014971996102574,1.1014971996102574
2026-12-02 22:09:32,57.9,59.805679715010164,-1.9056797150101659,1.9056797150101659
2026-12-02 22:09:37,50.1,49.95568223202153,0.14431776797847107,0.14431776797847107
2026-12-02 22:09:42,53.099999999999994,53.2425031151858,-0.1425031151858036,0.1425031151858036
2026-12-02 22:09:46,59.3,65.29926666249396,-5.999266662493966,5.999266662493966
2026-12-02 22:09:51,52.199999999999996,53.06697604267386,-0.866976042673862,0.866976042673862
2026-12-02 22:09:56,53.0,53.135778225810775,-0.1357782258107747,0.1357782258107747
2026-12-02 22:10:00,52.7,53.31535578213433,-0.6153557821343298,0.6153557821343298
2026-12-02 22:10:05,59.7,60.73392066127728,-1.0339206612772784,1.0339206612772784
2026-12-02 22:10:10,61.8,65.4418032954637,-3.6418032954637027,3.6418032954637027
2026-12-02 22:10:15,54.599999999999994,56.34789811927263,-1.7478981192726337,1.7478981192726337
2026-12-02 22:10:19,56.5,59.93343673032093,-3.4334367303209277,3.4334367303209277
2026-12-02 22:10:24,56.900000000000006,57.56637511986907,-0.6663751198690662,0.6663751198690662
2026-12-02 22:10:29,60.9,63.51407182221848,-2.6140718222184844,2.6140718222184844
2026-12-02 22:10:33,66.6,72.52439915282046,-5.92439915282047,5.92439915282047
2026-12-02 22:10:38,66.80000000000001,72.32809395164715,-5.528093951647136,5.528093951647136
2026-12-02 22:10:43,64.0,68.884366332409,-4.884366332409002,4.884366332409002
2026-12-02 22:10:47,53.6,52.25743823423613,1.3425617657638682,1.3425617657638682
2026-12-02 22:10:52,48.6,47.63776796652834,0.9622320334716647,0.9622320334716647
2026-12-02 22:10:57,52.1,53.17083498680915,-1.070834986809146,1.070834986809146
2026-12-02 22:11:02,58.1,57.70499275302494,0.3950072469750623,0.3950072469750623
2026-12-02 22:11:06,52.5,53.229780465560665,-0.7297804655606654,0.7297804655606654
2026-12-02 22:11:11,52.0,53.1723901478443,-1.1723901478442968,1.1723901478442968
2026-12-02 22:11:16,53.8,53.1137678085349,0.6862321914650948,0.6862321914650948
2026-12-02 22:11:20,68.19999999999999,72.63286952185982,-4.432869521859828,4.432869521859828
2026-12-02 22:11:25,56.3,58.31835693643031,-2.0183569364303153,2.0183569364303153
2026-12-02 22:11:30,59.4,63.446144888248035,-4.046144888248037,4.046144888248037
2026-12-02 22:11:35,61.3,62.02012881223338,-0.7201288122333835,0.7201288122333835
2026-12-02 22:11:39,47.3,47.51102508246615,-0.2110250824661506,0.2110250824661506
2026-12-02 22:11:44,60.1,60.962910131937946,-0.8629101319379444,0.8629101319379444
2026-12-02 22:11:49,61.2,63.99154293794229,-2.791542937942289,2.791542937942289
2026-12-02 22:11:53,59.2,59.72012251951457,-0.5201225195145653,0.5201225195145653
2026-12-02 22:11:58,56.2,55.465526911236296,0.734473088763707,0.734473088763707
2026-12-02 22:12:03,56.5,60.02068642933664,-3.520686429336642,3.520686429336642
2026-12-02 22:12:08,57.6,57.510104273444256,0.08989572655574563,0.08989572655574563
2026-12-02 22:12:12,58.2,60.539809582251685,-2.3398095822516822,2.3398095822516822
2026-12-02 22:12:17,56.3,55.29231904507714,1.0076809549228543,1.0076809549228543
2026-12-02 22:12:22,49.900000000000006,50.04488047412113,-0.14488047412112337,0.14488047412112337
2026-12-02 22:12:26,54.1,52.33741685324084,1.7625831467591624,1.7625831467591624
2026-12-02 22:12:31,52.4,53.175810979261406,-0.7758109792614079,0.7758109792614079
2026-12-02 22:12:36,53.400000000000006,55.31791192579039,-1.917911925790385,1.917911925790385
2026-12-02 22:12:40,60.0,62.03574020875369,-2.035740208753687,2.035740208753687
2026-12-02 22:12:45,61.8,65.08921650613873,-3.289216506138729,3.289216506138729
2026-12-02 22:12:50,57.900000000000006,60.54944803095033,-2.6494480309503246,2.6494480309503246
2026-12-02 22:12:55,51.6,53.177964956908355,-1.5779649569083531,1.5779649569083531
2026-12-02 22:12:59,62.3,67.28714107168571,-4.987141071685713,4.987141071685713
2026-12-02 22:13:04,58.900000000000006,59.871169542634895,-0.9711695426348896,0.9711695426348896
2026-12-02 22:13:09,56.699999999999996,58.4569942427784,-1.7569942427784042,1.7569942427784042
2026-12-02 22:13:13,65.19999999999999,67.67166651347898,-2.4716665134789935,2.4716665134789935
2026-12-02 22:13:18,57.5,58.32446904595345,-0.8244690459534496,0.8244690459534496
2026-12-02 22:13:23,61.900000000000006,63.9362966131124,-2.036296613112391,2.036296613112391
2026-12-02 22:13:28,55.099999999999994,55.34063445940951,-0.2406344594095131,0.2406344594095131
2026-12-02 22:13:32,63.6,67.35883792811339,-3.758837928113387,3.758837928113387
2026-12-02 22:13:37,51.5,49.87800835882717,1.6219916411728335,1.6219916411728335
2026-12-02 22:13:42,64.9,71.01786007454406,-6.117860074544055,6.117860074544055
2026-12-02 22:13:46,56.8,58.48682383233103,-1.6868238323310294,1.6868238323310294
2026-12-02 22:13:51,51.7,53.11633526506927,-1.4163352650692644,1.4163352650692644
2026-12-02 22:13:56,60.2,62.2524797456095,-2.052479745609496,2.052479745609496
2026-12-02 22:14:00,60.4,61.800813091538465,-1.400813091538467,1.400813091538467
2026-12-02 22:14:05,65.2,65.74300387515542,-0.5430038751554207,0.5430038751554207
2026-12-02 22:14:10,52.0,49.99401689161603,2.0059831083839725,2.0059831083839725
2026-12-02 22:14:15,56.2,56.662366947690224,-0.4623669476902208,0.4623669476902208
2026-12-02 22:14:19,56.3,57.53881472505899,-1.2388147250589938,1.2388147250589938
2026-12-02 22:14:24,50.4,49.527407507226826,0.8725924927731725,0.8725924927731725
2026-12-02 22:14:29,52.9,53.14456056762964,-0.24456056762964096,0.24456056762964096
2026-12-02 22:14:33,61.099999999999994,62.78320327751792,-1.6832032775179258,1.6832032775179258
2026-12-02 22:14:38,67.6,69.0526366259181,-1.4526366259181032,1.4526366259181032
2026-12-02 22:14:43,52.7,53.00160721379798,-0.30160721379797906,0.30160721379797906
2026-12-02 22:14:48,56.2,57.91627499099022,-1.7162749909902146,1.7162749909902146
2026-12-02 22:14:52,51.7,50.79912079507518,0.90087920492482,0.90087920492482
2026-12-02 22:14:57,53.5,52.372034204245764,1.1279657957542355,1.1279657957542355
2026-12-02 22:15:02,60.3,60.866064613728184,-0.5660646137281873,0.5660646137281873
2026-12-02 22:15:06,56.3,57.846735072077145,-1.5467350720771478,1.5467350720771478
2026-12-02 22:15:11,52.599999999999994,53.055606455703845,-0.45560645570385105,0.45560645570385105
2026-12-02 22:15:16,54.2,54.40448650629541,-0.2044865062954102,0.2044865062954102
2026-12-02 22:15:20,55.4,57.89594370164556,-2.495943701645558,2.495943701645558
2026-12-02 22:15:25,52.699999999999996,50.88091834848761,1.8190816515123842,1.8190816515123842
2026-12-02 22:15:30,47.3,46.976319701543275,0.32368029845672197,0.32368029845672197
2026-12-02 22:15:35,58.7,63.70449188508492,-5.004491885084917,5.004491885084917
2026-12-02 22:15:39,56.900000000000006,59.953512894503454,-3.0535128945034486,3.0535128945034486
2026-12-02 22:15:44,56.4,58.035532791940035,-1.6355327919400366,1.6355327919400366
2026-12-02 22:15:49,59.8,63.450541829710794,-3.6505418297107965,3.6505418297107965
2026-12-02 22:15:53,64.5,70.76690460188384,-6.266904601883837,6.266904601883837
2026-12-02 22:15:58,55.2,55.17346744471865,0.026532555281349346,0.026532555281349346
2026-12-02 22:16:03,53.9,54.450926405222496,-0.5509264052224978,0.5509264052224978
2026-12-02 22:16:08,58.599999999999994,59.961465418323286,-1.3614654183232915,1.3614654183232915
2026-12-02 22:16:12,49.2,47.548279702425745,1.6517202975742578,1.6517202975742578
2026-12-02 22:16:17,57.599999999999994,60.03931847716209,-2.4393184771620966,2.4393184771620966
2026-12-02 22:16:22,58.7,60.05678514565081,-1.3567851456508038,1.3567851456508038
2026-12-02 22:16:26,56.9,60.02153944875528,-3.1215394487552786,3.1215394487552786
2026-12-02 22:16:31,57.4,58.56923000526209,-1.1692300052620936,1.1692300052620936
2026-12-02 22:16:36,58.8,62.171004104438346,-3.3710041044383487,3.3710041044383487
2026-12-02 22:16:40,50.5,49.97099849691718,0.5290015030828172,0.5290015030828172
2026-12-02 22:16:45,58.400000000000006,59.93337978248571,-1.533379782485703,1.533379782485703
2026-12-02 22:16:50,53.3,52.290546499488215,1.009453500511782,1.009453500511782
2026-12-02 22:16:55,57.7,58.78622328475184,-1.0862232847518385,1.0862232847518385
2026-12-02 22:16:59,67.0,67.8003538076415,-0.8003538076414998,0.8003538076414998
2026-12-02 22:17:04,57.0,57.692136219370724,-0.6921362193707239,0.6921362193707239
2026-12-02 22:17:09,55.5,56.42374803260866,-0.9237480326086569,0.9237480326086569
2026-12-02 22:17:13,52.6,53.116565592977224,-0.5165655929772228,0.5165655929772228
2026-12-02 22:17:18,62.9,62.79833105748234,0.10166894251765513,0.10166894251765513
2026-12-02 22:17:23,56.599999999999994,56.364119918426084,0.23588008157391016,0.23588008157391016
2026-12-02 22:17:28,56.1,57.5144670540596,-1.4144670540595996,1.4144670540595996
2026-12-02 22:17:32,57.2,60.10575559231841,-2.905755592318407,2.905755592318407
2026-12-02 22:17:37,68.5,74.42729474919582,-5.927294749195823,5.927294749195823
2026-12-02 22:17:42,63.0,67.078404294769,-4.078404294769001,4.078404294769001
2026-12-02 22:17:46,65.69999999999999,66.78327604997564,-1.0832760499756517,1.0832760499756517
2026-12-02 22:17:51,51.5,54.266936391194655,-2.7669363911946547,2.7669363911946547
2026-12-02 22:17:56,55.2,54.5150219459129,0.6849780540871038,0.6849780540871038
2026-12-02 22:18:00,62.1,61.8471547315934,0.2528452684066025,0.2528452684066025
2026-12-02 22:18:05,56.6,55.415841284916766,1.1841587150832353,1.1841587150832353
2026-12-02 22:18:10,62.2,67.33064139473768,-5.13064139473768,5.13064139473768
2026-12-02 22:18:15,61.9,64.03095498257548,-2.1309549825754814,2.1309549825754814
2026-12-02 22:18:19,55.4,54.39358297374679,1.0064170262532102,1.0064170262532102
2026-12-02 22:18:24,53.0,53.12559604250582,-0.12559604250581913,0.12559604250581913
2026-12-02 22:18:29,58.7,59.915121555741976,-1.2151215557419732,1.2151215557419732
2026-12-02 22:18:33,51.6,49.949223039334264,1.6507769606657376,1.6507769606657376
2026-12-02 22:18:38,54.900000000000006,56.459053652062806,-1.5590536520628007,1.5590536520628007
2026-12-02 22:18:43,54.5,55.45787849676855,-0.9578784967685507,0.9578784967685507
2026-12-02 22:18:48,56.9,58.59323526162173,-1.69323526162173,1.69323526162173
2026-12-02 22:18:52,58.800000000000004,63.51478797271244,-4.714787972712436,4.714787972712436
2026-12-02 22:18:57,56.2,58.51838373852459,-2.318383738524588,2.318383738524588
2026-12-02 22:19:02,56.599999999999994,55.30772522926185,1.2922747707381461,1.2922747707381461
2026-12-02 22:19:06,61.3,64.19155474304914,-2.8915547430491415,2.8915547430491415
2026-12-02 22:19:11,58.6,57.47009337935615,1.129906620643851,1.129906620643851
2026-12-02 22:19:16,57.7,60.035856202200954,-2.335856202200951,2.335856202200951
2026-12-02 22:19:20,61.3,65.36155070138629,-4.061550701386295,4.061550701386295
2026-12-02 22:19:25,59.0,60.79699666592738,-1.7969966659273808,1.7969966659273808
2026-12-02 22:19:30,51.6,49.975852659110146,1.6241473408898557,1.6241473408898557
2026-12-02 22:19:35,57.0,58.706682278575826,-1.7066822785758262,1.7066822785758262
2026-12-02 22:19:39,63.5,65.45663371396756,-1.9566337139675625,1.9566337139675625
2026-12-02 22:19:44,54.7,54.23950844297606,0.46049155702394273,0.46049155702394273
2026-12-02 22:19:49,53.900000000000006,53.10901085536241,0.7909891446375923,0.7909891446375923
2026-12-02 22:19:53,52.300000000000004,53.109817808534004,-0.8098178085339995,0.8098178085339995
2026-12-02 22:19:58,59.0,61.97096628339542,-2.97096628339542,2.97096628339542
2026-12-02 22:20:03,59.0,63.64422214942399,-4.644222149423989,4.644222149423989
2026-12-02 22:20:08,55.3,56.44732451655793,-1.14732451655793,1.14732451655793
2026-12-02 22:20:12,51.2,50.7890432954364,0.41095670456360267,0.41095670456360267
2026-12-02 22:20:17,56.3,56.25132470262182,0.048675297378174776,0.048675297378174776
2026-12-02 22:20:22,53.2,52.290537148455385,0.9094628515446175,0.9094628515446175
2026-12-02 22:20:26,59.4,60.0760072147192,-0.6760072147191991,0.6760072147191991
2026-12-02 22:20:31,56.4,57.488994716645735,-1.088994716645736,1.088994716645736
2026-12-02 22:20:36,57.800000000000004,57.781446905734605,0.01855309426539975,0.01855309426539975
2026-12-02 22:20:40,55.599999999999994,55.383793278786975,0.21620672121301965,0.21620672121301965
2026-12-02 22:20:45,53.9,53.145605280974344,0.7543947190256546,0.7543947190256546
2026-12-02 22:20:50,60.3,61.983148624277675,-1.6831486242776776,1.6831486242776776
2026-12-02 22:20:55,51.599999999999994,50.71892976892461,0.881070231075384,0.881070231075384
2026-12-02 22:20:59,51.1,50.93159797732093,0.1684020226790679,0.1684020226790679
2026-12-02 22:21:04,48.0,47.53448159729493,0.4655184027050723,0.4655184027050723
2026-12-02 22:21:09,50.599999999999994,49.92667770230773,0.6733222976922661,0.6733222976922661
2026-12-02 22:21:13,56.900000000000006,55.4736096103695,1.4263903896305052,1.4263903896305052
2026-12-02 22:21:18,53.4,56.54004755590375,-3.140047555903749,3.140047555903749
2026-12-02 22:21:23,50.8,49.84962959135816,0.9503704086418381,0.9503704086418381
2026-12-02 22:21:28,53.1,53.16876577397528,-0.06876577397527939,0.06876577397527939
2026-12-02 22:21:32,56.599999999999994,56.65748352975223,-0.0574835297522327,0.0574835297522327
2026-12-02 22:21:37,51.5,49.986651207023606,1.5133487929763945,1.5133487929763945
2026-12-02 22:21:42,59.1,63.61182015198966,-4.51182015198966,4.51182015198966
2026-12-02 22:21:46,49.0,47.37008655696698,1.6299134430330184,1.6299134430330184
2026-12-02 22:21:51,55.6,56.57708504859092,-0.977085048590915,0.977085048590915
2026-12-02 22:21:56,56.0,56.46060241943905,-0.46060241943904856,0.46060241943904856
2026-12-02 22:22:00,54.2,54.323830225580984,-0.12383022558098133,0.12383022558098133
2026-12-02 22:22:05,66.0,74.61049619167908,-8.610496191679076,8.610496191679076
2026-12-02 22:22:10,65.3,65.84834617403645,-0.5483461740364532,0.5483461740364532
2026-12-02 22:22:15,57.0,61.687638527745584,-4.687638527745584,4.687638527745584
2026-12-02 22:22:19,66.0,72.59561779321292,-6.595617793212924,6.595617793212924
2026-12-02 22:22:24,53.9,55.229578477798626,-1.329578477798627,1.329578477798627
2026-12-02 22:22:29,54.3,55.41350056226553,-1.1135005622655356,1.1135005622655356
2026-12-02 22:22:33,51.6,53.05573136505867,-1.4557313650586678,1.4557313650586678
2026-12-02 22:22:38,46.4,47.47719866519134,-1.0771986651913394,1.0771986651913394
2026-12-02 22:22:43,56.0,57.63754021999976,-1.6375402199997566,1.6375402199997566
2026-12-02 22:22:48,52.199999999999996,53.188403293063104,-0.9884032930631079,0.9884032930631079
2026-12-02 22:22:52,55.8,55.38224742595178,0.4177525740482153,0.4177525740482153
2026-12-02 22:22:57,55.5,57.55714408757065,-2.0571440875706486,2.0571440875706486
2026-12-02 22:23:02,48.8,46.88925284354606,1.9107471564539367,1.9107471564539367
2026-12-02 22:23:06,56.1,58.809802286366036,-2.7098022863660347,2.7098022863660347
2026-12-02 22:23:11,60.9,63.65299992960329,-2.752999929603291,2.752999929603291
2026-12-02 22:23:16,56.2,56.24865792878387,-0.04865792878386799,0.04865792878386799
2026-12-02 22:23:20,55.699999999999996,55.374011179250566,0.3259888207494299,0.3259888207494299
2026-12-02 22:23:25,59.300000000000004,62.16119538797319,-2.861195387973183,2.861195387973183
2026-12-02 22:23:30,57.400000000000006,57.60074184257956,-0.20074184257955352,0.20074184257955352
2026-12-02 22:23:35,56.8,56.41912448759812,0.3808755124018788,0.3808755124018788
2026-12-02 22:23:39,62.8,67.25081883613186,-4.450818836131859,4.450818836131859
2026-12-02 22:23:44,56.7,61.498959983547955,-4.798959983547952,4.798959983547952
2026-12-02 22:23:49,60.5,60.65305797915392,-0.15305797915392105,0.15305797915392105
2026-12-02 22:23:53,57.0,57.56676695448588,-0.5667669544858782,0.5667669544858782
2026-12-02 22:23:58,52.1,53.14454600881236,-1.044546008812361,1.044546008812361
2026-12-02 22:24:03,56.0,56.54831156472283,-0.5483115647228303,0.5483115647228303
2026-12-02 22:24:08,55.300000000000004,55.359465220638036,-0.059465220638031724,0.059465220638031724
2026-12-02 22:24:12,59.6,63.455146134125066,-3.8551461341250643,3.8551461341250643
2026-12-02 22:24:17,50.3,49.32711576613126,0.97288423386874,0.97288423386874
2026-12-02 22:24:22,59.2,60.82962727302111,-1.6296272730211072,1.6296272730211072
2026-12-02 22:24:26,54.1,54.5343746748771,-0.43437467487709824,0.43437467487709824
2026-12-02 22:24:31,50.8,50.201728199327356,0.5982718006726415,0.5982718006726415
2026-12-02 22:24:36,63.400000000000006,64.33390806591537,-0.9339080659153609,0.9339080659153609
2026-12-02 22:24:40,48.5,47.50278369427235,0.9972163057276475,0.9972163057276475
2026-12-02 22:24:45,54.400000000000006,55.525232373881956,-1.1252323738819499,1.1252323738819499
2026-12-02 22:24:50,52.7,52.37034870275278,0.3296512972472243,0.3296512972472243
2026-12-02 22:24:55,50.1,49.61831651109938,0.4816834889006216,0.4816834889006216
2026-12-02 22:24:59,79.5,93.93462734378025,-14.43462734378025,14.43462734378025
2026-12-02 22:25:04,60.5,63.11779411796469,-2.617794117964692,2.617794117964692
2026-12-02 22:25:09,51.900000000000006,53.16821239986467,-1.268212399864666,1.268212399864666
2026-12-02 22:25:13,48.6,47.14307744734827,1.4569225526517329,1.4569225526517329
2026-12-02 22:25:18,54.1,55.62783438595525,-1.5278343859552521,1.5278343859552521
2026-12-02 22:25:23,55.7,56.53140853262195,-0.8314085326219498,0.8314085326219498
2026-12-02 22:25:28,51.099999999999994,52.292757843733135,-1.1927578437331405,1.1927578437331405
2026-12-02 22:25:32,65.1,66.01968192131025,-0.9196819213102572,0.9196819213102572
2026-12-02 22:25:37,53.7,52.41710556220019,1.2828944377998113,1.2828944377998113
2026-12-02 22:25:42,54.5,56.621292198771634,-2.121292198771634,2.121292198771634
2026-12-02 22:25:46,59.099999999999994,62.18683326132588,-3.0868332613258858,3.0868332613258858
2026-12-02 22:25:51,58.6,57.76126090429499,0.8387390957050087,0.8387390957050087
2026-12-02 22:25:56,54.4,54.25544808012893,0.14455191987106986,0.14455191987106986
2026-12-02 22:26:00,56.6,55.533367981265236,1.066632018734765,1.066632018734765
2026-12-02 22:26:05,55.099999999999994,56.33703023419155,-1.2370302341915576,1.2370302341915576
2026-12-02 22:26:10,59.4,60.01058896898959,-0.6105889689895889,0.6105889689895889
2026-12-02 22:26:15,56.3,58.52714354842827,-2.2271435484282733,2.2271435484282733
2026-12-02 22:26:19,58.800000000000004,61.99230500866482,-3.1923050086648175,3.1923050086648175
2026-12-02 22:26:24,69.7,76.039202482447,-6.339202482446993,6.339202482446993
2026-12-02 22:26:29,57.400000000000006,59.733046473506036,-2.3330464735060303,2.3330464735060303
2026-12-02 22:26:33,58.800000000000004,61.96969271600088,-3.169692716000874,3.169692716000874
2026-12-02 22:26:38,65.1,69.0682662305541,-3.968266230554107,3.968266230554107
2026-12-02 22:26:43,59.900000000000006,63.402829911711066,-3.5028299117110606,3.5028299117110606
2026-12-02 22:26:48,59.2,63.50436801562386,-4.304368015623858,4.304368015623858
2026-12-02 22:26:52,55.4,55.33804681962133,0.061953180378665706,0.061953180378665706
2026-12-02 22:26:57,57.5,60.053219566813226,-2.553219566813226,2.553219566813226
2026-12-02 22:27:02,55.1,56.543968412726585,-1.4439684127265835,1.4439684127265835
2026-12-02 22:27:06,71.9,81.60269879961871,-9.702698799618702,9.702698799618702
2026-12-02 22:27:11,56.699999999999996,59.61348391039917,-2.9134839103991723,2.9134839103991723
2026-12-02 22:27:16,59.8,61.84703374641222,-2.0470337464122252,2.0470337464122252
2026-12-02 22:27:20,60.6,65.40619760462396,-4.806197604623954,4.806197604623954
2026-12-02 22:27:25,64.2,71.0013473383798,-6.801347338379799,6.801347338379799
2026-12-02 22:27:30,60.699999999999996,63.28350836134005,-2.5835083613400514,2.5835083613400514
2026-12-02 22:27:35,62.599999999999994,67.17124135457357,-4.571241354573573,4.571241354573573
2026-12-02 22:27:39,55.9,57.75577327674813,-1.8557732767481312,1.8557732767481312
2026-12-02 22:27:44,63.699999999999996,63.88034166243945,-0.18034166243945293,0.18034166243945293
2026-12-02 22:27:49,56.400000000000006,58.64683658032225,-2.2468365803222454,2.2468365803222454
2026-12-02 22:27:53,61.900000000000006,64.05859092574828,-2.158590925748271,2.158590925748271
2026-12-02 22:27:58,52.800000000000004,54.35517136388074,-1.5551713638807385,1.5551713638807385
2026-12-02 22:28:03,72.6,76.24125430540761,-3.641254305407614,3.641254305407614
2026-12-02 22:28:08,64.8,67.34725914115316,-2.5472591411531624,2.5472591411531624
2026-12-02 22:28:12,62.099999999999994,65.40561738812237,-3.3056173881223714,3.3056173881223714
2026-12-02 22:28:17,59.699999999999996,61.94494789075876,-2.244947890758766,2.244947890758766
2026-12-02 22:28:22,56.900000000000006,58.56345496043927,-1.6634549604392674,1.6634549604392674
2026-12-02 22:28:26,59.3,61.877294014565614,-2.5772940145656165,2.5772940145656165
2026-12-02 22:28:31,61.8,65.2221000909397,-3.4221000909397077,3.4221000909397077
2026-12-02 22:28:36,66.3,72.35173784226996,-6.051737842269958,6.051737842269958
2026-12-02 22:28:40,60.9,65.11963533773111,-4.219635337731113,4.219635337731113
2026-12-02 22:28:45,65.6,72.66739165156295,-7.067391651562957,7.067391651562957
2026-12-02 22:28:50,79.0,93.60458008955399,-14.604580089553991,14.604580089553991
2026-12-02 22:28:55,57.7,58.107907036318515,-0.40790703631851244,0.40790703631851244
2026-12-02 22:28:59,63.0,65.52897400281812,-2.528974002818117,2.528974002818117
2026-12-02 22:29:04,63.400000000000006,69.02452492632831,-5.624524926328306,5.624524926328306
2026-12-02 22:29:09,52.8,53.00482197319713,-0.20482197319713435,0.20482197319713435
2026-12-02 22:29:13,60.1,62.03775412933456,-1.9377541293345573,1.9377541293345573
2026-12-02 22:29:18,57.3,56.93284505365542,0.3671549463445771,0.3671549463445771
2026-12-02 22:29:23,69.8,78.07493391787553,-8.27493391787553,8.27493391787553
2026-12-02 22:29:28,61.8,65.23972348037543,-3.4397234803754344,3.4397234803754344
2026-12-02 22:29:32,60.8,65.33384144610594,-4.533841446105939,4.533841446105939
2026-12-02 22:29:37,64.30000000000001,67.16913666161982,-2.8691366616198053,2.8691366616198053
2026-12-02 22:29:42,65.4,70.86975628018251,-5.469756280182509,5.469756280182509
2026-12-02 22:29:46,69.80000000000001,79.77271568838718,-9.972715688387169,9.972715688387169
2026-12-02 22:29:51,60.4,65.20183573305326,-4.8018357330532595,4.8018357330532595
2026-12-02 22:29:56,68.3,72.46481742461835,-4.164817424618349,4.164817424618349
2026-12-02 22:30:00,66.4,70.78870081819625,-4.3887008181962415,4.3887008181962415
2026-12-02 22:30:05,69.8,77.67604102209373,-7.87604102209373,7.87604102209373
2026-12-02 22:30:10,56.1,58.38394327526299,-2.283943275262992,2.283943275262992
2026-12-02 22:30:15,64.8,70.88204513518912,-6.082045135189119,6.082045135189119
2026-12-02 22:30:19,61.7,65.19226694019292,-3.49226694019292,3.49226694019292
2026-12-02 22:30:24,63.3,65.44423876302335,-2.1442387630233526,2.1442387630233526
2026-12-02 22:30:29,65.69999999999999,67.31613176404684,-1.6161317640468553,1.6161317640468553
2026-12-02 22:30:33,75.4,77.751064572077,-2.351064572076993,2.351064572076993
2026-12-02 22:30:38,63.5,67.14772269372567,-3.647722693725669,3.647722693725669
2026-12-02 22:30:43,59.400000000000006,63.33503686330072,-3.9350368633007164,3.9350368633007164
2026-12-02 22:30:48,65.4,65.86027701293384,-0.4602770129338296,0.4602770129338296
2026-12-02 22:30:52,58.400000000000006,57.566082568530476,0.8339174314695299,0.8339174314695299
2026-12-02 22:30:57,62.6,62.68639285055404,-0.08639285055404144,0.08639285055404144
2026-12-02 22:31:02,54.7,56.44521498849411,-1.745214988494105,1.745214988494105
2026-12-02 22:31:06,56.6,58.52743286233605,-1.9274328623360475,1.9274328623360475
2026-12-02 22:31:11,61.099999999999994,60.775652666180214,0.3243473338197802,0.3243473338197802
2026-12-02 22:31:16,57.7,58.65906980735012,-0.9590698073501187,0.9590698073501187
2026-12-02 22:31:20,55.0,55.29461579031454,-0.29461579031453766,0.29461579031453766
2026-12-02 22:31:25,53.5,52.37627441821519,1.1237255817848109,1.1237255817848109
2026-12-02 22:31:30,57.7,56.80914061317152,0.8908593868284811,0.8908593868284811
2026-12-02 22:31:35,62.099999999999994,64.17234636734584,-2.072346367345844,2.072346367345844
2026-12-02 22:31:39,57.2,57.63572914127468,-0.43572914127467754,0.43572914127467754
2026-12-02 22:31:44,52.3,52.246588685701056,0.05341131429894119,0.05341131429894119
2026-12-02 22:31:49,58.5,59.79976132598806,-1.299761325988058,1.299761325988058
2026-12-02 22:31:53,54.400000000000006,54.78200756994791,-0.38200756994790197,0.38200756994790197
2026-12-02 22:31:58,48.3,46.972403285680066,1.327596714319931,1.327596714319931
2026-12-02 22:32:03,54.400000000000006,55.70109703722436,-1.301097037224352,1.301097037224352
2026-12-02 22:32:08,54.5,56.46611300096932,-1.9661130009693224,1.9661130009693224
2026-12-02 22:32:12,55.400000000000006,57.704568747738186,-2.3045687477381804,2.3045687477381804
2026-12-02 22:32:17,57.099999999999994,57.49686993603131,-0.39686993603131526,0.39686993603131526
2026-12-02 22:32:22,55.0,55.44697987399664,-0.4469798739966393,0.4469798739966393
2026-12-02 22:32:26,51.8,50.10319043878965,1.696809561210344,1.696809561210344
2026-12-02 22:32:31,54.8,55.45287020954106,-0.6528702095410637,0.6528702095410637
2026-12-02 22:32:36,57.2,58.26134086146242,-1.0613408614624191,1.0613408614624191
2026-12-02 22:32:41,56.599999999999994,55.25296716705095,1.347032832949047,1.347032832949047
2026-12-02 22:32:45,54.8,52.31095252239755,2.4890474776024476,2.4890474776024476
2026-12-02 22:32:50,63.9,69.00256917886414,-5.102569178864137,5.102569178864137
2026-12-02 22:32:55,53.6,52.99190809178606,0.6080919082139431,0.6080919082139431
2026-12-02 22:32:59,58.0,60.742413016470714,-2.7424130164707137,2.7424130164707137
2026-12-02 22:33:04,56.5,55.6689154014175,0.8310845985824997,0.8310845985824997
2026-12-02 22:33:09,55.0,56.70273593033658,-1.7027359303365799,1.7027359303365799
2026-12-02 22:33:13,51.6,52.37303550915213,-0.7730355091521304,0.7730355091521304
2026-12-02 22:33:18,56.400000000000006,57.64744685431032,-1.2474468543103114,1.2474468543103114
2026-12-02 22:33:23,54.0,55.366256579812514,-1.3662565798125144,1.3662565798125144
2026-12-02 22:33:28,58.6,59.927770009654374,-1.3277700096543725,1.3277700096543725
2026-12-02 22:33:32,60.2,60.71820406568534,-0.5182040656853388,0.5182040656853388
2026-12-02 22:33:37,57.800000000000004,58.55060792179419,-0.7506079217941846,0.7506079217941846
2026-12-02 22:33:42,60.099999999999994,60.757483236835,-0.6574832368350059,0.6574832368350059
2026-12-02 22:33:46,54.099999999999994,55.40301185041704,-1.3030118504170431,1.3030118504170431
2026-12-02 22:33:51,50.4,49.6240118360439,0.7759881639561002,0.7759881639561002
2026-12-02 22:33:56,54.9,55.448187174438964,-0.548187174438965,0.548187174438965
2026-12-02 22:34:01,58.400000000000006,58.890798855557975,-0.4907988555579692,0.4907988555579692
2026-12-02 22:34:05,61.3,64.01605668316238,-2.7160566831623782,2.7160566831623782
2026-12-02 22:34:10,57.0,55.40888291854186,1.5911170814581368,1.5911170814581368
2026-12-02 22:34:15,55.099999999999994,56.39244555571757,-1.2924455557175776,1.2924455557175776
2026-12-02 22:34:19,62.1,67.32720810735702,-5.227208107357022,5.227208107357022
2026-12-02 22:34:24,57.6,58.452587236977294,-0.8525872369772927,0.8525872369772927
2026-12-02 22:34:29,54.099999999999994,53.18034488731831,0.9196551126816814,0.9196551126816814
2026-12-02 22:34:33,58.7,62.00766837014419,-3.307668370144185,3.307668370144185
2026-12-02 22:34:38,54.099999999999994,55.36627770521401,-1.2662777052140157,1.2662777052140157
2026-12-02 22:34:43,56.3,58.760191331934664,-2.4601913319346664,2.4601913319346664
2026-12-02 22:34:48,54.1,56.45725121165125,-2.3572512116512456,2.3572512116512456
2026-12-02 22:34:52,56.599999999999994,57.62747324090336,-1.027473240903369,1.027473240903369
2026-12-02 22:34:57,61.5,62.561221462533446,-1.061221462533446,1.061221462533446
2026-12-02 22:35:02,60.3,63.930235178763304,-3.630235178763307,3.630235178763307
2026-12-02 22:35:06,59.5,63.455635399255335,-3.9556353992553355,3.9556353992553355
2026-12-02 22:35:11,61.1,65.39395746304695,-4.293957463046944,4.293957463046944
2026-12-02 22:35:16,53.4,56.394055043235156,-2.994055043235157,2.994055043235157
2026-12-02 22:35:21,56.0,55.3855117464799,0.6144882535201006,0.6144882535201006
2026-12-02 22:35:25,58.2,59.975052497695096,-1.7750524976950928,1.7750524976950928
2026-12-02 22:35:30,57.6,57.5488234642498,0.051176535750201424,0.051176535750201424
2026-12-02 22:35:35,54.099999999999994,53.14256564785762,0.9574343521423714,0.9574343521423714
2026-12-02 22:35:39,57.0,58.725318918516834,-1.7253189185168338,1.7253189185168338
2026-12-02 22:35:44,57.099999999999994,55.41578550383061,1.684214496169382,1.684214496169382
2026-12-02 22:35:49,55.699999999999996,55.51041510913622,0.1895848908637774,0.1895848908637774
2026-12-02 22:35:53,57.900000000000006,57.73812823340363,0.16187176659637714,0.16187176659637714
2026-12-02 22:35:58,55.8,58.5905399022705,-2.7905399022705026,2.7905399022705026
2026-12-02 22:36:03,55.5,56.59871184523483,-1.0987118452348312,1.0987118452348312
2026-12-02 22:36:08,59.5,60.79890095962317,-1.2989009596231682,1.2989009596231682
2026-12-02 22:36:12,62.4,65.9676521924145,-3.5676521924145064,3.5676521924145064
2026-12-02 22:36:17,56.8,55.39267957694294,1.4073204230570582,1.4073204230570582
2026-12-02 22:36:22,64.8,65.92931470082976,-1.1293147008297666,1.1293147008297666
2026-12-02 22:36:26,56.8,58.52701458396023,-1.7270145839602336,1.7270145839602336
2026-12-02 22:36:31,62.400000000000006,67.2448768560443,-4.844876856044294,4.844876856044294
2026-12-02 22:36:36,51.0,49.764134319932054,1.2358656800679455,1.2358656800679455
2026-12-02 22:36:41,56.400000000000006,57.63578173502435,-1.2357817350243465,1.2357817350243465
2026-12-02 22:36:45,54.400000000000006,53.13535487477559,1.264645125224419,1.264645125224419
2026-12-02 22:36:50,52.2,49.99768104388086,2.202318956119143,2.202318956119143
2026-12-02 22:36:55,57.6,60.157591409060764,-2.5575914090607625,2.5575914090607625
2026-12-02 22:36:59,65.9,67.27492592575365,-1.3749259257536437,1.3749259257536437
2026-12-02 22:37:04,57.1,58.68063218353245,-1.580632183532451,1.580632183532451
2026-12-02 22:37:09,58.3,60.946873489044684,-2.646873489044687,2.646873489044687
2026-12-02 22:37:13,52.4,52.348966742293634,0.05103325770636502,0.05103325770636502
2026-12-02 22:37:18,56.9,55.4742008562142,1.4257991437857953,1.4257991437857953
2026-12-02 22:37:23,62.2,65.474479492241,-3.2744794922409994,3.2744794922409994
2026-12-02 22:37:28,72.4,77.7369349441782,-5.336934944178196,5.336934944178196
2026-12-02 22:37:32,59.7,59.01249277491924,0.6875072250807648,0.6875072250807648
2026-12-02 22:37:37,59.5,57.686309134326685,1.8136908656733155,1.8136908656733155
2026-12-02 22:37:42,56.900000000000006,57.69873209888209,-0.7987320988820841,0.7987320988820841
2026-12-02 22:37:46,61.6,64.03569907263753,-2.435699072637526,2.435699072637526
2026-12-02 22:37:51,56.1,56.42744944864664,-0.3274494486466395,0.3274494486466395
2026-12-02 22:37:56,59.0,62.02389915714616,-3.023899157146161,3.023899157146161
2026-12-02 22:38:01,56.8,57.535019315081165,-0.7350193150811677,0.7350193150811677
2026-12-02 22:38:05,54.599999999999994,55.34451199239513,-0.7445119923951324,0.7445119923951324
2026-12-02 22:38:10,60.8,60.83330005088092,-0.033300050880924914,0.033300050880924914
2026-12-02 22:38:15,51.2,49.47019029302736,1.7298097069726452,1.7298097069726452
2026-12-02 22:38:19,57.3,58.82865394032714,-1.5286539403271462,1.5286539403271462
2026-12-02 22:38:24,56.199999999999996,55.40002355494743,0.7999764450525646,0.7999764450525646
2026-12-02 22:38:29,52.1,49.98719732401184,2.1128026759881635,2.1128026759881635
2026-12-02 22:38:33,55.4,57.70367387972451,-2.3036738797245135,2.3036738797245135
2026-12-02 22:38:38,53.0,53.14118569781433,-0.1411856978143291,0.1411856978143291
2026-12-02 22:38:43,59.3,60.89135383533868,-1.5913538353386798,1.5913538353386798
2026-12-02 22:38:48,53.5,53.12942120356374,0.3705787964362628,0.3705787964362628
2026-12-02 22:38:52,48.2,46.96196332262382,1.2380366773761864,1.2380366773761864
2026-12-02 22:38:57,59.2,60.07438606892267,-0.8743860689226679,0.8743860689226679
2026-12-02 22:39:02,57.599999999999994,57.67885571402722,-0.07885571402722746,0.07885571402722746
2026-12-02 22:39:06,56.5,58.74175481094573,-2.2417548109457286,2.2417548109457286
2026-12-02 22:39:11,62.099999999999994,62.685280311524714,-0.5852803115247198,0.5852803115247198
2026-12-02 22:39:16,54.900000000000006,54.84888397309368,0.051116026906328216,0.051116026906328216
2026-12-02 22:39:21,54.3,56.41871258328499,-2.118712583284996,2.118712583284996
2026-12-02 22:39:25,54.8,54.69693651277155,0.1030634872284466,0.1030634872284466
2026-12-02 22:39:30,62.0,64.12382654877338,-2.12382654877338,2.12382654877338
2026-12-02 22:39:35,65.19999999999999,68.95173635290875,-3.7517363529087646,3.7517363529087646
2026-12-02 22:39:39,59.9,59.7625723982755,0.13742760172449664,0.13742760172449664
2026-12-02 22:39:44,57.4,58.54609725329631,-1.1460972532963112,1.1460972532963112
2026-12-02 22:39:49,57.6,57.774577893505764,-0.17457789350576292,0.17457789350576292
2026-12-02 22:39:53,56.2,56.477351448920274,-0.2773514489202711,0.2773514489202711
2026-12-02 22:39:58,55.4,55.343562791630674,0.05643720836932431,0.05643720836932431
2026-12-02 22:40:03,57.599999999999994,59.926852813151235,-2.326852813151241,2.326852813151241
2026-12-02 22:40:08,50.9,49.85418651626833,1.0458134837316706,1.0458134837316706
2026-12-02 22:40:12,53.599999999999994,53.10665459016242,0.49334540983757336,0.49334540983757336
2026-12-02 22:40:17,56.7,58.751811362819005,-2.0518113628190022,2.0518113628190022
2026-12-02 22:40:22,54.5,53.24733342451629,1.2526665754837083,1.2526665754837083
2026-12-02 22:40:26,55.300000000000004,56.5309583791244,-1.2309583791243952,1.2309583791243952
2026-12-02 22:40:31,57.6,59.8883856944616,-2.2883856944615957,2.2883856944615957
2026-12-02 22:40:36,56.4,58.65946212450626,-2.259462124506264,2.259462124506264
2026-12-02 22:40:41,61.4,64.0026390601211,-2.602639060121099,2.602639060121099
2026-12-02 22:40:45,59.6,61.86049285261407,-2.260492852614071,2.260492852614071
2026-12-02 22:40:50,53.3,55.44554521179482,-2.1455452117948255,2.1455452117948255
2026-12-02 22:40:55,52.2,53.135398815515764,-0.9353988155157609,0.9353988155157609
2026-12-02 22:40:59,55.300000000000004,56.50761326722436,-1.2076132672243531,1.2076132672243531
2026-12-02 22:41:04,60.6,61.95933723723627,-1.359337237236268,1.359337237236268
2026-12-02 22:41:09,53.0,51.906951219069526,1.0930487809304736,1.0930487809304736
2026-12-02 22:41:13,58.900000000000006,59.87765574197263,-0.977655741972626,0.977655741972626
2026-12-02 22:41:18,66.5,72.70579265348114,-6.20579265348114,6.20579265348114
2026-12-02 22:41:23,62.9,67.06488929572214,-4.164889295722141,4.164889295722141
2026-12-02 22:41:28,62.0,65.33004135950462,-3.3300413595046194,3.3300413595046194
2026-12-02 22:41:32,57.5,58.59111854399033,-1.0911185439903335,1.0911185439903335
2026-12-02 22:41:37,57.099999999999994,58.70610955096775,-1.6061095509677585,1.6061095509677585
2026-12-02 22:41:42,58.2,61.96189994075072,-3.761899940750716,3.761899940750716
2026-12-02 22:41:46,62.0,65.37904056527235,-3.379040565272348,3.379040565272348
2026-12-02 22:41:51,56.599999999999994,59.9368491642749,-3.336849164274909,3.336849164274909
2026-12-02 22:41:56,58.599999999999994,61.60549514305886,-3.005495143058866,3.005495143058866
2026-12-02 22:42:01,60.599999999999994,63.56113531612362,-2.961135316123624,2.961135316123624
2026-12-02 22:42:05,62.4,67.13943419893744,-4.739434198937438,4.739434198937438
2026-12-02 22:42:10,62.599999999999994,67.1195420198726,-4.519542019872603,4.519542019872603
2026-12-02 22:42:15,55.7,56.31808664163037,-0.6180866416303701,0.6180866416303701
2026-12-02 22:42:19,59.8,62.07223077033421,-2.272230770334211,2.272230770334211
2026-12-02 22:42:24,62.8,64.03781235776535,-1.2378123577653497,1.2378123577653497
2026-12-02 22:42:29,66.3,70.74679672085871,-4.446796720858714,4.446796720858714
2026-12-02 22:42:33,65.0,70.73690263834223,-5.7369026383422295,5.7369026383422295
2026-12-02 22:42:38,55.3,54.61552602657945,0.6844739734205447,0.6844739734205447
2026-12-02 22:42:43,47.3,47.59175925859372,-0.2917592585937214,0.2917592585937214
2026-12-02 22:42:48,66.3,72.8809872236295,-6.580987223629506,6.580987223629506
2026-12-02 22:42:52,59.400000000000006,62.03578126236352,-2.6357812623635155,2.6357812623635155
2026-12-02 22:42:57,59.8,61.99736582519808,-2.1973658251980837,2.1973658251980837
2026-12-02 22:43:02,58.0,58.68165224325551,-0.6816522432555132,0.6816522432555132
2026-12-02 22:43:06,61.3,67.16550680262432,-5.865506802624324,5.865506802624324
2026-12-02 22:43:11,56.3,57.79629860764906,-1.4962986076490594,1.4962986076490594
2026-12-02 22:43:16,69.3,77.77027099759269,-8.470270997592692,8.470270997592692
2026-12-02 22:43:21,70.4,78.27811210259495,-7.87811210259494,7.87811210259494
2026-12-02 22:43:25,55.099999999999994,57.68705676215797,-2.587056762157978,2.587056762157978
2026-12-02 22:43:30,53.599999999999994,53.210368585164076,0.3896314148359181,0.3896314148359181
2026-12-02 22:43:35,64.7,69.16885620316657,-4.468856203166567,4.468856203166567
2026-12-02 22:43:39,61.3,65.38277611632522,-4.0827761163252205,4.0827761163252205
2026-12-02 22:43:44,63.6,62.722000169906146,0.8779998300938558,0.8779998300938558
2026-12-02 22:43:49,59.0,58.68937422486818,0.3106257751318182,0.3106257751318182
2026-12-02 22:43:53,60.0,63.711465468763265,-3.711465468763265,3.711465468763265
2026-12-02 22:43:58,56.5,59.827203163625846,-3.327203163625846,3.327203163625846
2026-12-02 22:44:03,59.2,57.70192659179076,1.498073408209244,1.498073408209244
2026-12-02 22:44:08,61.3,64.04675442542116,-2.746754425421159,2.746754425421159
2026-12-02 22:44:12,59.099999999999994,63.43352005706934,-4.333520057069343,4.333520057069343
2026-12-02 22:44:17,57.199999999999996,61.4146146574888,-4.214614657488802,4.214614657488802
2026-12-02 22:44:22,59.1,61.79880480805244,-2.6988048080524365,2.6988048080524365
2026-12-02 22:44:26,56.3,59.93085933484315,-3.6308593348431515,3.6308593348431515
2026-12-02 22:44:31,56.0,56.55774225994125,-0.55774225994125,0.55774225994125
2026-12-02 22:44:36,65.1,70.88260229747287,-5.782602297472877,5.782602297472877
2026-12-02 22:44:41,55.9,56.31704228479767,-0.4170422847976738,0.4170422847976738
2026-12-02 22:44:45,60.599999999999994,63.82191724191588,-3.2219172419158824,3.2219172419158824
2026-12-02 22:44:50,61.4,65.39654210921285,-3.9965421092128466,3.9965421092128466
2026-12-02 22:44:55,55.2,56.507198283309435,-1.3071982833094324,1.3071982833094324
2026-12-02 22:44:59,58.9,61.90757915512922,-3.0075791551292212,3.0075791551292212
2026-12-02 22:45:04,51.0,49.821160523214736,1.1788394767852637,1.1788394767852637
2026-12-02 22:45:09,53.599999999999994,55.53060250840949,-1.9306025084094927,1.9306025084094927
2026-12-02 22:45:13,61.3,62.10513301810708,-0.8051330181070853,0.8051330181070853
2026-12-02 22:45:18,55.099999999999994,56.506235297049066,-1.4062352970490721,1.4062352970490721
2026-12-02 22:45:23,59.8,60.879197736459226,-1.0791977364592285,1.0791977364592285
2026-12-02 22:45:28,61.5,64.04428731074718,-2.5442873107471797,2.5442873107471797
2026-12-02 22:45:32,64.9,70.99218033883295,-6.0921803388329465,6.0921803388329465
2026-12-02 22:45:37,72.0,75.84901570049624,-3.8490157004962384,3.8490157004962384
2026-12-02 22:45:42,57.5,59.79333951042626,-2.2933395104262573,2.2933395104262573
2026-12-02 22:45:46,63.5,67.2809496734023,-3.7809496734023043,3.7809496734023043
2026-12-02 22:45:51,57.1,58.59700563388659,-1.4970056338865874,1.4970056338865874
2026-12-02 22:45:56,66.9,70.87014142899852,-3.9701414289985166,3.9701414289985166
2026-12-02 22:46:01,62.800000000000004,66.90725997597704,-4.107259975977037,4.107259975977037
2026-12-02 22:46:05,61.300000000000004,65.39615654218223,-4.0961565421822215,4.0961565421822215
2026-12-02 22:46:10,64.4,68.77494739059094,-4.374947390590933,4.374947390590933
2026-12-02 22:46:15,58.599999999999994,61.896656052426835,-3.2966560524268402,3.2966560524268402
2026-12-02 22:46:19,65.6,70.90166181314308,-5.301661813143085,5.301661813143085
2026-12-02 22:46:24,59.900000000000006,61.96951077325362,-2.0695107732536115,2.0695107732536115
2026-12-02 22:46:29,57.1,57.615783859146724,-0.5157838591467225,0.5157838591467225
2026-12-02 22:46:33,61.7,64.16973121557139,-2.469731215571386,2.469731215571386
2026-12-02 22:46:38,59.5,59.956690465889274,-0.45669046588927387,0.45669046588927387
2026-12-02 22:46:43,62.5,68.86726172459996,-6.367261724599956,6.367261724599956
2026-12-02 22:46:48,55.4,56.20309196242818,-0.8030919624281836,0.8030919624281836
2026-12-02 22:46:52,60.0,65.30811841170245,-5.308118411702452,5.308118411702452
2026-12-02 22:46:57,61.2,65.27344791795504,-4.073447917955036,4.073447917955036
2026-12-02 22:47:02,63.1,69.07302068527513,-5.973020685275124,5.973020685275124
2026-12-02 22:47:06,57.7,59.82693227887215,-2.1269322788721468,2.1269322788721468
2026-12-02 22:47:11,58.5,61.88409184443738,-3.3840918444373784,3.3840918444373784
2026-12-02 22:47:16,58.1,59.83860744705431,-1.7386074470543065,1.7386074470543065
2026-12-02 22:47:21,57.2,58.662347194700246,-1.4623471947002429,1.4623471947002429
2026-12-02 22:47:25,56.8,58.51785160720852,-1.717851607208523,1.717851607208523
2026-12-02 22:47:30,58.7,59.8840051175887,-1.184005117588697,1.184005117588697
2026-12-02 22:47:35,57.400000000000006,60.00727823718612,-2.607278237186115,2.607278237186115
2026-12-02 22:47:39,59.2,62.0009822395598,-2.8009822395597936,2.8009822395597936
2026-12-02 22:47:44,66.8,72.47830936888651,-5.6783093688865165,5.6783093688865165
2026-12-02 22:47:49,65.19999999999999,68.87785919843864,-3.6778591984386537,3.6778591984386537
2026-12-02 22:47:53,54.900000000000006,55.32140356265311,-0.4214035626531043,0.4214035626531043
2026-12-02 22:47:58,59.0,63.662145482545895,-4.6621454825458954,4.6621454825458954
2026-12-02 22:48:03,56.4,58.53498198637838,-2.134981986378378,2.134981986378378
2026-12-02 22:48:08,65.2,67.43270185963951,-2.232701859639505,2.232701859639505
2026-12-02 22:48:12,66.0,69.18803329278566,-3.1880332927856614,3.1880332927856614
2026-12-02 22:48:17,53.3,52.32412870219017,0.9758712978098245,0.9758712978098245
2026-12-02 22:48:22,65.9,71.03225793339011,-5.1322579333901075,5.1322579333901075
2026-12-02 22:48:26,62.400000000000006,65.32470789652487,-2.9247078965248647,2.9247078965248647
2026-12-02 22:48:31,63.300000000000004,67.1276134230279,-3.8276134230278913,3.8276134230278913
2026-12-02 22:48:36,56.699999999999996,59.978639180597405,-3.278639180597409,3.278639180597409
2026-12-02 22:48:41,59.4,58.68288410112059,0.7171158988794062,0.7171158988794062
2026-12-02 22:48:45,68.6,78.43445080844963,-9.834450808449631,9.834450808449631
2026-12-02 22:48:50,69.5,78.18424700298017,-8.684247002980172,8.684247002980172
2026-12-02 22:48:55,63.4,68.81086897720778,-5.410868977207777,5.410868977207777
2026-12-02 22:48:59,73.9,81.58932677699187,-7.689326776991862,7.689326776991862
2026-12-02 22:49:04,56.7,56.29947892979707,0.4005210702029345,0.4005210702029345
2026-12-02 22:49:09,58.599999999999994,60.05234362262601,-1.4523436226260173,1.4523436226260173
2026-12-02 22:49:13,65.1,74.64868884098463,-9.548688840984639,9.548688840984639
2026-12-02 22:49:18,69.2,76.27053340871629,-7.070533408716287,7.070533408716287
2026-12-02 22:49:23,63.7,64.59617427761516,-0.8961742776151596,0.8961742776151596
2026-12-02 22:49:28,57.4,58.74256615374375,-1.3425661537437534,1.3425661537437534
2026-12-02 22:49:32,61.7,65.43535913801962,-3.735359138019618,3.735359138019618
2026-12-02 22:49:37,55.0,53.07647832900888,1.9235216709911214,1.9235216709911214
2026-12-02 22:49:42,68.7,74.42113822016563,-5.721138220165628,5.721138220165628
2026-12-02 22:49:46,63.5,65.48378419548341,-1.983784195483409,1.983784195483409
2026-12-02 22:49:51,71.6,82.23816609906817,-10.638166099068172,10.638166099068172
2026-12-02 22:49:56,58.300000000000004,58.428401814572105,-0.12840181457210065,0.12840181457210065
2026-12-02 22:50:01,63.5,67.52166336830894,-4.021663368308936,4.021663368308936
2026-12-02 22:50:05,52.400000000000006,53.05431107690255,-0.6543110769025446,0.6543110769025446
2026-12-02 22:50:10,66.4,71.12088740064907,-4.720887400649062,4.720887400649062
2026-12-02 22:50:15,60.5,61.912738744557046,-1.4127387445570463,1.4127387445570463
2026-12-02 22:50:19,62.1,64.01424683755792,-1.9142468375579185,1.9142468375579185
2026-12-02 22:50:24,64.8,70.95690831844912,-6.156908318449126,6.156908318449126
2026-12-02 22:50:29,57.0,56.437223749011835,0.5627762509881649,0.5627762509881649
2026-12-02 22:50:34,65.3,70.80575509676767,-5.505755096767672,5.505755096767672
2026-12-02 22:50:38,62.6,65.87121443865442,-3.271214438654418,3.271214438654418
2026-12-02 22:50:43,58.2,58.59578630148943,-0.39578630148943006,0.39578630148943006
2026-12-02 22:50:48,66.19999999999999,69.36909140530355,-3.1690914053035613,3.1690914053035613
2026-12-02 22:50:52,60.3,61.91700241263638,-1.6170024126363813,1.6170024126363813
2026-12-02 22:50:57,58.400000000000006,60.05900839592332,-1.6590083959233155,1.6590083959233155
2026-12-02 22:51:02,55.900000000000006,55.383986137967845,0.5160138620321604,0.5160138620321604
2026-12-02 22:51:06,60.2,60.73470467920875,-0.534704679208744,0.534704679208744
2026-12-02 22:51:11,59.2,60.68329881989325,-1.4832988198932497,1.4832988198932497
2026-12-02 22:51:16,51.9,53.03606821621234,-1.1360682162123439,1.1360682162123439
2026-12-02 22:51:21,50.6,49.548159793441066,1.0518402065589356,1.0518402065589356
2026-12-02 22:51:25,61.0,63.71224727152823,-2.712247271528227,2.712247271528227
2026-12-02 22:51:30,57.400000000000006,59.916405710524685,-2.5164057105246798,2.5164057105246798
2026-12-02 22:51:35,59.300000000000004,63.51301131965694,-4.213011319656935,4.213011319656935
2026-12-02 22:51:39,58.3,57.444172750850214,0.8558272491497831,0.8558272491497831
2026-12-02 22:51:44,56.4,58.190427100194846,-1.7904271001948473,1.7904271001948473
2026-12-02 22:51:49,58.7,60.705937032446485,-2.0059370324464822,2.0059370324464822
2026-12-02 22:51:54,59.8,63.59898877651564,-3.7989887765156425,3.7989887765156425
2026-12-02 22:51:58,64.80000000000001,69.04836421920187,-4.248364219201861,4.248364219201861
2026-12-02 22:52:03,52.699999999999996,50.72333910929748,1.9766608907025187,1.9766608907025187
2026-12-02 22:52:08,65.9,67.58912766103863,-1.6891276610386257,1.6891276610386257
2026-12-02 22:52:12,59.1,60.54823131650968,-1.448231316509677,1.448231316509677
2026-12-02 22:52:17,61.0,61.992545652178485,-0.9925456521784852,0.9925456521784852
2026-12-02 22:52:22,56.8,58.61069404344824,-1.810694043448244,1.810694043448244
2026-12-02 22:52:26,65.2,70.95582003007576,-5.755820030075753,5.755820030075753
2026-12-02 22:52:31,65.1,68.91298929719437,-3.8129892971943775,3.8129892971943775
2026-12-02 22:52:36,54.4,56.49874506840614,-2.0987450684061386,2.0987450684061386
2026-12-02 22:52:41,61.0,65.61466126482712,-4.61466126482712,4.61466126482712
2026-12-02 22:52:45,53.5,53.1350098719883,0.36499012801169783,0.36499012801169783
2026-12-02 22:52:50,53.7,55.45132015011597,-1.7513201501159656,1.7513201501159656
2026-12-02 22:52:55,62.9,65.69893474087479,-2.7989347408747918,2.7989347408747918
2026-12-02 22:52:59,65.2,69.21329621723716,-4.013296217237155,4.013296217237155
2026-12-02 22:53:04,59.0,58.483492640288986,0.5165073597110137,0.5165073597110137
2026-12-02 22:53:09,65.3,67.42127008409042,-2.121270084090426,2.121270084090426
2026-12-02 22:53:14,63.900000000000006,68.85241749283911,-4.952417492839103,4.952417492839103
2026-12-02 22:53:18,59.5,60.69622093558831,-1.1962209355883076,1.1962209355883076
2026-12-02 22:53:23,61.8,64.08967018236179,-2.289670182361789,2.289670182361789
2026-12-02 22:53:28,56.2,56.70802950580217,-0.5080295058021704,0.5080295058021704
2026-12-02 22:53:32,63.2,67.44649840288707,-4.24649840288707,4.24649840288707
2026-12-02 22:53:37,65.6,70.58612290240806,-4.98612290240807,4.98612290240807
2026-12-02 22:53:42,62.0,62.772251444317355,-0.7722514443173552,0.7722514443173552
2026-12-02 22:53:46,60.3,62.01475272683358,-1.7147527268335807,1.7147527268335807
2026-12-02 22:53:51,52.0,50.60459766908778,1.3954023309122192,1.3954023309122192
2026-12-02 22:53:56,52.1,52.245110609165025,-0.14511060916502316,0.14511060916502316
2026-12-02 22:54:01,52.3,51.0936281241694,1.2063718758305981,1.2063718758305981
2026-12-02 22:54:05,55.7,56.500310553305695,-0.8003105533056925,0.8003105533056925
2026-12-02 22:54:10,59.2,63.650268625449336,-4.450268625449333,4.450268625449333
2026-12-02 22:54:15,58.6,58.70373965346687,-0.10373965346686731,0.10373965346686731
2026-12-02 22:54:19,60.9,65.42245636700456,-4.522456367004558,4.522456367004558
2026-12-02 22:54:24,64.2,64.99048464001444,-0.7904846400144407,0.7904846400144407
2026-12-02 22:54:29,55.4,55.38349725897318,0.01650274102681948,0.01650274102681948
2026-12-02 22:54:34,57.9,58.82734408948606,-0.9273440894860627,0.9273440894860627
2026-12-02 22:54:38,61.6,63.890757125004974,-2.2907571250049727,2.2907571250049727
2026-12-02 22:54:43,63.8,65.99468633205251,-2.1946863320525125,2.1946863320525125
2026-12-02 22:54:48,60.099999999999994,63.58068414982181,-3.480684149821819,3.480684149821819
2026-12-02 22:54:52,55.5,56.40673582018973,-0.9067358201897306,0.9067358201897306
2026-12-02 22:54:57,60.8,63.48822676183583,-2.6882267618358355,2.6882267618358355
2026-12-02 22:55:02,56.3,58.65886078396844,-2.3588607839684457,2.3588607839684457
2026-12-02 22:55:06,51.6,49.555132098487164,2.0448679015128377,2.0448679015128377
2026-12-02 22:55:11,64.5,67.41495367959656,-2.9149536795965645,2.9149536795965645
2026-12-02 22:55:16,66.5,72.6740569848796,-6.1740569848795985,6.1740569848795985
2026-12-02 22:55:21,68.3,69.12091155878844,-0.8209115587884384,0.8209115587884384
2026-12-02 22:55:25,54.5,54.31091888432678,0.1890811156732184,0.1890811156732184
2026-12-02 22:55:30,53.7,53.30278209289209,0.3972179071079154,0.3972179071079154
2026-12-02 22:55:35,58.6,62.13592848548026,-3.5359284854802553,3.5359284854802553
2026-12-02 22:55:39,71.6,81.63922811705757,-10.039228117057576,10.039228117057576
2026-12-02 22:55:44,61.5,65.28338691524363,-3.783386915243625,3.783386915243625
2026-12-02 22:55:49,59.400000000000006,59.64786935478836,-0.2478693547883566,0.2478693547883566
2026-12-02 22:55:54,58.9,62.046287098561,-3.146287098561004,3.146287098561004
2026-12-02 22:55:58,55.800000000000004,59.88105472531403,-4.081054725314026,4.081054725314026
2026-12-02 22:56:03,56.5,55.40264641044489,1.0973535895551123,1.0973535895551123
2026-12-02 22:56:08,60.1,65.41445640701029,-5.31445640701029,5.31445640701029
2026-12-02 22:56:12,66.2,70.64414549169322,-4.44414549169322,4.44414549169322
2026-12-02 22:56:17,63.900000000000006,65.93204174621995,-2.032041746219946,2.032041746219946
2026-12-02 22:56:22,63.4,67.5285716267471,-4.128571626747096,4.128571626747096
2026-12-02 22:56:26,69.0,74.27678250674926,-5.276782506749257,5.276782506749257
2026-12-02 22:56:31,67.1,74.17908431933326,-7.079084319333262,7.079084319333262
2026-12-02 22:56:36,65.9,64.64702329417834,1.2529767058216663,1.2529767058216663
2026-12-02 22:56:41,54.9,55.523576907309355,-0.6235769073093564,0.6235769073093564
2026-12-02 22:56:45,59.3,62.04505374689556,-2.7450537468955645,2.7450537468955645
2026-12-02 22:56:50,60.7,66.95718138089278,-6.257181380892774,6.257181380892774
2026-12-02 22:56:55,56.0,59.8454082483948,-3.845408248394797,3.845408248394797
2026-12-02 22:56:59,63.599999999999994,69.07028069767772,-5.4702806976777225,5.4702806976777225
2026-12-02 22:57:04,70.1,74.19987603737195,-4.099876037371956,4.099876037371956
2026-12-02 22:57:09,56.7,59.871890957783336,-3.171890957783333,3.171890957783333
2026-12-02 22:57:14,59.400000000000006,63.51449887217088,-4.114498872170877,4.114498872170877
2026-12-02 23:06:55,56.4,54.84824707272699,1.5517529272730073,1.5517529272730073
2026-12-02 23:07:00,55.400000000000006,54.91420589371838,0.4857941062816238,0.4857941062816238
2026-12-02 23:07:04,62.8,61.97275042716785,0.8272495728321445,0.8272495728321445
2026-12-02 23:07:09,62.4,64.12934374156356,-1.7293437415635609,1.7293437415635609
2026-12-02 23:07:14,70.69999999999999,74.28372854566807,-3.5837285456680803,3.5837285456680803
2026-12-02 23:07:18,54.8,56.39136843411189,-1.5913684341118923,1.5913684341118923
2026-12-02 23:07:23,62.7,62.77170256449924,-0.0717025644992404,0.0717025644992404
2026-12-02 23:07:28,60.9,61.95478109976656,-1.0547810997665579,1.0547810997665579
2026-12-02 23:07:33,61.3,60.73212881308278,0.5678711869172162,0.5678711869172162
2026-12-02 23:07:37,54.2,55.43694493576192,-1.2369449357619189,1.2369449357619189
2026-12-02 23:07:42,57.6,57.73703808684611,-0.13703808684611118,0.13703808684611118
2026-12-02 23:07:47,53.8,56.50867673187062,-2.708676731870625,2.708676731870625
2026-12-02 23:07:51,64.6,64.01048665661448,0.5895133433855193,0.5895133433855193
2026-12-02 23:07:56,62.5,61.62242319912775,0.877576800872248,0.877576800872248
2026-12-02 23:08:01,55.6,57.74413874619305,-2.1441387461930503,2.1441387461930503
2026-12-02 23:08:06,55.5,57.665309054508725,-2.1653090545087252,2.1653090545087252
2026-12-02 23:08:10,55.900000000000006,57.91890218897207,-2.0189021889720635,2.0189021889720635
2026-12-02 23:08:15,59.099999999999994,57.57488015557111,1.525119844428886,1.525119844428886
2026-12-02 23:08:20,76.6,79.28444617032923,-2.684446170329238,2.684446170329238
2026-12-02 23:08:24,51.099999999999994,53.04197926022402,-1.9419792602240236,1.9419792602240236
2026-12-02 23:08:29,60.7,64.08249476677986,-3.382494766779857,3.382494766779857
2026-12-02 23:08:34,55.2,55.3958498949243,-0.19584989492429372,0.19584989492429372
2026-12-02 23:08:39,55.5,56.5088088835935,-1.0088088835935025,1.0088088835935025
2026-12-02 23:08:43,57.5,56.99550136163413,0.5044986383658667,0.5044986383658667
2026-12-02 23:08:48,54.6,55.42662376302719,-0.826623763027186,0.826623763027186
2026-12-02 23:08:53,53.4,52.367197013552506,1.0328029864474928,1.0328029864474928
2026-12-02 23:08:57,60.5,62.08703994190863,-1.5870399419086283,1.5870399419086283
2026-12-02 23:09:02,61.1,60.799647105840975,0.3003528941590261,0.3003528941590261
2026-12-02 23:09:07,55.599999999999994,57.53020297326617,-1.9302029732661765,1.9302029732661765
2026-12-02 23:09:11,51.400000000000006,50.07547763403387,1.3245223659661391,1.3245223659661391
2026-12-02 23:09:16,55.099999999999994,58.06017530661665,-2.960175306616655,2.960175306616655
2026-12-02 23:09:21,56.900000000000006,56.51506359139851,0.38493640860149725,0.38493640860149725
2026-12-02 23:09:26,58.8,61.971635079908545,-3.1716350799085475,3.1716350799085475
2026-12-02 23:09:30,58.0,58.680640067316446,-0.6806400673164461,0.6806400673164461
2026-12-02 23:09:35,53.2,54.44054362503831,-1.2405436250383062,1.2405436250383062
2026-12-02 23:09:40,51.599999999999994,54.335776194626675,-2.7357761946266805,2.7357761946266805
2026-12-02 23:09:44,67.4,69.16628428987978,-1.7662842898797777,1.7662842898797777
2026-12-02 23:09:49,60.8,65.39670427359303,-4.5967042735930335,4.5967042735930335
2026-12-02 23:09:54,54.6,54.60941630889433,-0.009416308894330427,0.009416308894330427
2026-12-02 23:09:59,54.0,54.813198063753674,-0.8131980637536742,0.8131980637536742
2026-12-02 23:10:03,51.9,52.46281216547372,-0.5628121654737228,0.5628121654737228
2026-12-02 23:10:08,60.3,60.81864811287189,-0.5186481128718938,0.5186481128718938
2026-12-02 23:10:13,57.5,58.61693027100115,-1.1169302710011522,1.1169302710011522
2026-12-02 23:10:17,62.5,64.09227762959028,-1.592277629590285,1.592277629590285
2026-12-02 23:10:22,53.400000000000006,52.993654237742994,0.40634576225701124,0.40634576225701124
2026-12-02 23:10:27,59.0,60.61548731214171,-1.6154873121417097,1.6154873121417097
2026-12-02 23:10:31,53.800000000000004,53.07497400793797,0.7250259920620366,0.7250259920620366
2026-12-02 23:10:36,64.2,69.12477861411733,-4.924778614117329,4.924778614117329
2026-12-02 23:10:41,57.7,58.772598420547205,-1.0725984205472017,1.0725984205472017
2026-12-02 23:10:46,57.6,57.10565049970416,0.49434950029584,0.49434950029584
2026-12-02 23:10:50,58.7,60.00785146992878,-1.307851469928778,1.307851469928778
2026-12-02 23:10:55,55.8,56.72365586798645,-0.9236558679864544,0.9236558679864544
2026-12-02 23:11:00,56.699999999999996,55.45060716646508,1.2493928335349125,1.2493928335349125
2026-12-02 23:11:04,52.9,54.378664914136685,-1.4786649141366865,1.4786649141366865
2026-12-02 23:11:09,51.0,49.68562735113905,1.314372648860953,1.314372648860953
2026-12-02 23:11:14,65.1,72.85205959276917,-7.752059592769172,7.752059592769172
2026-12-02 23:11:19,58.0,58.42810791737523,-0.4281079173752289,0.4281079173752289
2026-12-02 23:11:23,56.1,56.66967479687679,-0.5696747968767895,0.5696747968767895
2026-12-02 23:11:28,59.5,62.13828402444932,-2.6382840244493195,2.6382840244493195
2026-12-02 23:11:33,52.2,53.100051976060755,-0.9000519760607517,0.9000519760607517
2026-12-02 23:11:37,52.400000000000006,50.02897832506237,2.371021674937637,2.371021674937637
2026-12-02 23:11:42,49.7,51.06134457813299,-1.3613445781329858,1.3613445781329858
2026-12-02 23:11:47,58.8,58.70886178636694,0.09113821363305874,0.09113821363305874
2026-12-02 23:11:51,54.4,55.57487120909842,-1.17487120909842,1.17487120909842
2026-12-02 23:11:56,56.3,58.76331668084982,-2.4633166808498217,2.4633166808498217
2026-12-02 23:12:01,75.9,85.46994626428017,-9.569946264280162,9.569946264280162
2026-12-02 23:12:06,49.2,47.39586406690814,1.8041359330918638,1.8041359330918638
2026-12-02 23:12:10,53.3,53.38773507041623,-0.08773507041622963,0.08773507041622963
2026-12-02 23:12:15,56.3,55.580842599408726,0.7191574005912713,0.7191574005912713
2026-12-02 23:12:20,53.2,52.510925884536334,0.6890741154636686,0.6890741154636686
2026-12-02 23:12:24,57.3,57.95401407073052,-0.6540140707305255,0.6540140707305255
2026-12-02 23:12:29,57.0,60.00601393144507,-3.006013931445068,3.006013931445068
2026-12-02 23:12:34,51.4,53.00371818285047,-1.6037181828504714,1.6037181828504714
2026-12-02 23:12:39,63.2,69.28085609467699,-6.080856094676989,6.080856094676989
2026-12-02 23:12:43,59.9,61.874326386875694,-1.9743263868756955,1.9743263868756955
2026-12-02 23:12:48,64.9,67.28020558846912,-2.38020558846911,2.38020558846911
2026-12-02 23:12:53,58.300000000000004,58.65823638332155,-0.3582363833215467,0.3582363833215467
2026-12-02 23:12:57,52.7,52.38670479714795,0.3132952028520535,0.3132952028520535
2026-12-02 23:13:02,69.6,78.07224904295272,-8.472249042952726,8.472249042952726
2026-12-02 23:13:07,51.0,50.80274494548647,0.19725505451353342,0.19725505451353342
2026-12-02 23:13:11,67.4,76.40833168151704,-9.008331681517035,9.008331681517035
2026-12-02 23:13:16,62.2,61.93080764106652,0.2691923589334806,0.2691923589334806
2026-12-02 23:13:21,58.2,57.94574095413071,0.25425904586928993,0.25425904586928993
2026-12-02 23:13:26,59.6,60.80288679410981,-1.2028867941098085,1.2028867941098085
2026-12-02 23:13:30,49.099999999999994,47.01836648583418,2.0816335141658158,2.0816335141658158
2026-12-02 23:13:35,52.7,53.3023840756714,-0.6023840756713952,0.6023840756713952
2026-12-02 23:13:40,55.199999999999996,55.555036336365106,-0.3550363363651101,0.3550363363651101
2026-12-02 23:13:44,55.6,56.460313260084746,-0.8603132600847445,0.8603132600847445
2026-12-02 23:13:49,52.0,52.383357835017065,-0.38335783501706544,0.38335783501706544
2026-12-02 23:13:54,53.8,54.91352274426101,-1.1135227442610116,1.1135227442610116
2026-12-02 23:13:59,50.5,50.10360763984787,0.3963923601521273,0.3963923601521273
2026-12-02 23:14:03,58.099999999999994,57.38010740051076,0.7198925994892349,0.7198925994892349
2026-12-02 23:14:08,60.0,61.01590923647386,-1.0159092364738598,1.0159092364738598
2026-12-02 23:14:13,55.9,55.37463260228728,0.5253673977127207,0.5253673977127207
2026-12-02 23:14:17,60.7,63.97758732473442,-3.2775873247344194,3.2775873247344194
2026-12-02 23:14:22,62.3,65.28963244856267,-2.9896324485626735,2.9896324485626735
2026-12-02 23:14:27,67.5,74.63663761972323,-7.136637619723231,7.136637619723231
2026-12-02 23:14:31,52.800000000000004,52.70973342973262,0.0902665702673815,0.0902665702673815
2026-12-02 23:14:36,53.0,53.25433976481748,-0.25433976481748033,0.25433976481748033
2026-12-02 23:14:41,67.2,70.74991775735396,-3.5499177573539527,3.5499177573539527
2026-12-02 23:14:46,54.800000000000004,56.42829774007817,-1.6282977400781675,1.6282977400781675
2026-12-02 23:14:50,56.2,55.75734381590919,0.442656184090815,0.442656184090815
2026-12-02 23:14:55,61.5,62.77914267135715,-1.2791426713571497,1.2791426713571497
2026-12-02 23:15:00,50.4,49.692103636700644,0.7078963632993549,0.7078963632993549
2026-12-02 23:15:04,57.2,58.83390057412769,-1.6339005741276864,1.6339005741276864
2026-12-02 23:15:09,52.9,54.391439049344584,-1.491439049344585,1.491439049344585
2026-12-02 23:15:14,58.2,58.67897256675563,-0.4789725667556297,0.4789725667556297
2026-12-02 23:15:19,57.8,57.78361624328769,0.016383756712308184,0.016383756712308184
2026-12-02 23:15:23,59.7,62.065474098430855,-2.3654740984308518,2.3654740984308518
2026-12-02 23:15:28,57.1,57.55792103927437,-0.45792103927436756,0.45792103927436756
2026-12-02 23:15:33,65.0,65.02526734884505,-0.025267348845048332,0.025267348845048332
2026-12-02 23:15:37,72.5,79.5624971326223,-7.062497132622298,7.062497132622298
2026-12-02 23:15:42,58.8,61.82991592730345,-3.029915927303456,3.029915927303456
2026-12-02 23:15:47,64.6,67.32531019402548,-2.7253101940254822,2.7253101940254822
2026-12-02 23:15:51,56.5,54.63080884319973,1.8691911568002695,1.8691911568002695
2026-12-02 23:15:56,72.4,77.68952848697097,-5.289528486970966,5.289528486970966
2026-12-02 23:16:01,64.8,68.98319489875614,-4.183194898756142,4.183194898756142
2026-12-02 23:16:06,59.6,61.854191809268876,-2.2541918092688746,2.2541918092688746
2026-12-02 23:16:10,61.7,63.59958198103703,-1.8995819810370307,1.8995819810370307
2026-12-02 23:16:15,61.800000000000004,64.05794282480127,-2.257942824801269,2.257942824801269
2026-12-02 23:16:20,59.400000000000006,60.58417654018758,-1.184176540187572,1.184176540187572
2026-12-02 23:16:24,71.9,78.0520161449559,-6.152016144955894,6.152016144955894
2026-12-02 23:16:29,59.199999999999996,60.49993735282029,-1.2999373528202938,1.2999373528202938
2026-12-02 23:16:34,55.7,54.79583557068075,0.9041644293192519,0.9041644293192519
2026-12-02 23:16:39,61.699999999999996,64.14552439017395,-2.4455243901739507,2.4455243901739507
2026-12-02 23:16:43,61.7,64.00835677294157,-2.308356772941565,2.308356772941565
2026-12-02 23:16:48,67.69999999999999,72.5470097238133,-4.847009723813315,4.847009723813315
2026-12-02 23:16:53,64.4,65.71007246345766,-1.310072463457658,1.310072463457658
2026-12-02 23:16:57,55.099999999999994,55.41461060394577,-0.31461060394577345,0.31461060394577345
2026-12-02 23:17:02,54.900000000000006,55.49000898814759,-0.5900089881475878,0.5900089881475878
2026-12-02 23:17:07,65.9,68.05542061075612,-2.15542061075611,2.15542061075611
2026-12-02 23:17:11,59.5,61.5761792960809,-2.076179296080902,2.076179296080902
2026-12-02 23:17:16,70.69999999999999,79.96122073943889,-9.261220739438897,9.261220739438897
2026-12-02 23:17:21,70.7,77.65522580529304,-6.95522580529304,6.95522580529304
2026-12-02 23:17:26,71.1,79.71429960287769,-8.614299602877693,8.614299602877693
2026-12-02 23:17:30,64.69999999999999,68.7910891727064,-4.091089172706418,4.091089172706418
2026-12-02 23:17:35,72.3,77.87687239200352,-5.576872392003523,5.576872392003523
2026-12-02 23:17:40,73.5,79.4342117245914,-5.934211724591407,5.934211724591407
2026-12-02 23:17:44,61.2,63.797146185626964,-2.5971461856269613,2.5971461856269613
2026-12-02 23:17:49,68.1,74.55811519839799,-6.458115198397991,6.458115198397991
2026-12-02 23:17:54,69.8,75.99149038212289,-6.191490382122893,6.191490382122893
2026-12-02 23:17:59,70.6,77.79034268121879,-7.1903426812187945,7.1903426812187945
2026-12-02 23:18:03,78.4,88.71660943314882,-10.316609433148813,10.316609433148813
2026-12-02 23:18:08,63.3,65.22987126568367,-1.9298712656836727,1.9298712656836727
2026-12-02 23:18:13,55.2,55.434931899719274,-0.2349318997192711,0.2349318997192711
2026-12-02 23:18:17,66.9,74.76541069651903,-7.865410696519021,7.865410696519021
2026-12-02 23:18:22,56.5,59.8321972637028,-3.3321972637028026,3.3321972637028026
2026-12-02 23:18:27,61.2,63.54856385345238,-2.348563853452376,2.348563853452376
2026-12-02 23:18:32,66.0,70.83997705739158,-4.839977057391579,4.839977057391579
2026-12-02 23:18:36,74.9,81.68920868472945,-6.789208684729445,6.789208684729445
2026-12-02 23:18:41,63.5,70.62021929578232,-7.12021929578232,7.12021929578232
2026-12-02 23:18:46,63.9,68.93703011748092,-5.037030117480917,5.037030117480917
2026-12-02 23:18:50,63.4,68.92783497549844,-5.527834975498443,5.527834975498443
2026-12-02 23:18:55,75.19999999999999,81.09409829587179,-5.8940982958718,5.8940982958718
2026-12-02 23:19:00,76.6,89.88556804837025,-13.285568048370251,13.285568048370251
2026-12-02 23:19:04,72.1,81.41442068822779,-9.314420688227798,9.314420688227798
2026-12-02 23:19:09,62.8,67.06667716192784,-4.266677161927845,4.266677161927845
2026-12-02 23:19:14,71.8,83.65808653575911,-11.858086535759114,11.858086535759114
2026-12-02 23:19:19,67.69999999999999,72.52819236807451,-4.828192368074525,4.828192368074525
2026-12-02 23:19:23,55.5,56.281145848351116,-0.781145848351116,0.781145848351116
2026-12-02 23:19:28,57.5,60.09213467076922,-2.5921346707692194,2.5921346707692194
2026-12-02 23:19:33,57.7,58.848625000575495,-1.1486250005754925,1.1486250005754925
2026-12-02 23:19:37,55.5,55.49523843337044,0.004761566629561287,0.004761566629561287
2026-12-02 23:19:42,62.099999999999994,67.31337666987001,-5.213376669870016,5.213376669870016
2026-12-02 23:19:47,57.4,58.60889322409272,-1.2088932240927193,1.2088932240927193
2026-12-02 23:19:51,51.5,50.04726235264241,1.452737647357587,1.452737647357587
2026-12-02 23:19:56,58.400000000000006,60.225299842146214,-1.825299842146208,1.825299842146208
2026-12-02 23:20:01,61.2,60.65478371324274,0.5452162867572596,0.5452162867572596
2026-12-02 23:20:06,55.900000000000006,56.45104113564959,-0.5510411356495837,0.5510411356495837
2026-12-02 23:20:10,52.599999999999994,53.185765205103785,-0.5857652051037903,0.5857652051037903
2026-12-02 23:20:15,74.8,85.56815801863503,-10.768158018635035,10.768158018635035
2026-12-02 23:20:20,60.5,65.18370887376379,-4.683708873763791,4.683708873763791
2026-12-02 23:20:24,61.099999999999994,62.03181265067491,-0.9318126506749138,0.9318126506749138
2026-12-02 23:20:29,54.3,55.46148040132681,-1.1614804013268127,1.1614804013268127
2026-12-02 23:20:34,55.5,55.715921708910635,-0.2159217089106349,0.2159217089106349
2026-12-02 23:20:39,59.400000000000006,57.777740321432724,1.622259678567282,1.622259678567282
2026-12-02 23:20:43,59.4,62.0376650746456,-2.6376650746456036,2.6376650746456036
2026-12-02 23:20:48,63.199999999999996,69.03573958419932,-5.835739584199324,5.835739584199324
2026-12-02 23:20:53,59.400000000000006,62.06926588220003,-2.6692658822000226,2.6692658822000226
2026-12-02 23:20:57,58.9,62.051136934665834,-3.1511369346658356,3.1511369346658356
2026-12-02 23:21:02,57.6,61.55303058157408,-3.953030581574076,3.953030581574076
2026-12-02 23:21:07,59.800000000000004,63.490766574919334,-3.69076657491933,3.69076657491933
2026-12-02 23:21:12,61.2,61.958209935401136,-0.7582099354011334,0.7582099354011334
2026-12-02 23:21:16,65.5,67.42719342268525,-1.9271934226852494,1.9271934226852494
2026-12-02 23:21:21,57.8,59.90361587796206,-2.1036158779620635,2.1036158779620635
2026-12-02 23:21:26,59.2,61.9716888217733,-2.771688821773296,2.771688821773296
2026-12-02 23:21:30,60.3,65.42995253948992,-5.129952539489921,5.129952539489921
2026-12-02 23:21:35,56.7,55.24376081111014,1.4562391888898603,1.4562391888898603
2026-12-02 23:21:40,58.5,60.96008402455791,-2.460084024557908,2.460084024557908
2026-12-02 23:21:44,62.5,67.27178120932443,-4.7717812093244305,4.7717812093244305
2026-12-02 23:21:49,66.5,70.8433152313324,-4.343315231332397,4.343315231332397
2026-12-02 23:21:54,61.1,65.46756810217944,-4.36756810217944,4.36756810217944
2026-12-02 23:21:59,66.2,74.64609205655678,-8.446092056556779,8.446092056556779
2026-12-02 23:22:03,65.2,74.33925077366565,-9.139250773665651,9.139250773665651
2026-12-02 23:22:08,58.8,60.47538455090897,-1.6753845509089729,1.6753845509089729
2026-12-02 23:22:13,65.2,71.06454379504358,-5.8645437950435735,5.8645437950435735
2026-12-02 23:22:17,57.3,58.582473475433396,-1.2824734754333988,1.2824734754333988
2026-12-02 23:22:22,59.7,62.121194816555395,-2.421194816555392,2.421194816555392
2026-12-02 23:22:27,65.2,72.55337628706079,-7.353376287060783,7.353376287060783
2026-12-02 23:22:32,59.2,60.550707639975265,-1.350707639975262,1.350707639975262
2026-12-02 23:22:36,65.1,64.7808166935518,0.3191833064481955,0.3191833064481955
2026-12-02 23:22:41,62.099999999999994,67.33128531750825,-5.231285317508252,5.231285317508252
2026-12-02 23:22:46,61.2,65.41002373505495,-4.210023735054946,4.210023735054946
2026-12-02 23:22:50,65.7,72.49831018578745,-6.798310185787443,6.798310185787443
2026-12-02 23:22:55,55.7,55.25604417956357,0.443955820436436,0.443955820436436
2026-12-02 23:23:00,57.0,57.789388527722515,-0.7893885277225152,0.7893885277225152
2026-12-02 23:23:04,56.8,57.62205903345524,-0.8220590334552398,0.8220590334552398
2026-12-02 23:23:09,63.3,67.22370806761505,-3.9237080676150526,3.9237080676150526
2026-12-02 23:23:14,62.4,67.09688718553592,-4.696887185535921,4.696887185535921
2026-12-02 23:23:19,80.4,97.48334130887315,-17.083341308873145,17.083341308873145
2026-12-02 23:23:23,56.2,58.26456737922743,-2.0645673792274266,2.0645673792274266
2026-12-02 23:23:28,67.5,74.53293918097634,-7.032939180976342,7.032939180976342
2026-12-02 23:23:33,54.0,53.20431930657231,0.7956806934276912,0.7956806934276912
2026-12-02 23:23:37,59.099999999999994,60.7952700216316,-1.6952700216316074,1.6952700216316074
2026-12-02 23:23:42,57.400000000000006,57.713090718147924,-0.3130907181479188,0.3130907181479188
2026-12-02 23:23:47,64.1,67.33601095489408,-3.236010954894084,3.236010954894084
2026-12-02 23:23:52,66.5,67.82055073729192,-1.3205507372919243,1.3205507372919243
2026-12-02 23:23:56,63.2,61.37828713298944,1.821712867010561,1.821712867010561
2026-12-02 23:24:01,58.0,58.70517970604261,-0.7051797060426068,0.7051797060426068
2026-12-02 23:24:06,62.400000000000006,63.946656130979505,-1.5466561309794997,1.5466561309794997
2026-12-02 23:24:10,59.8,62.0114858530156,-2.2114858530156027,2.2114858530156027
2026-12-02 23:24:15,56.5,57.480440095801555,-0.9804400958015549,0.9804400958015549
2026-12-02 23:24:20,62.5,64.10351407302797,-1.6035140730279664,1.6035140730279664
2026-12-02 23:24:24,59.5,59.60620286653217,-0.10620286653217192,0.10620286653217192
2026-12-02 23:24:29,55.8,57.665515134415635,-1.865515134415638,1.865515134415638
2026-12-02 23:24:34,57.0,57.74666717131171,-0.7466671713117066,0.7466671713117066
2026-12-02 23:24:39,60.3,60.70342879671751,-0.4034287967175132,0.4034287967175132
2026-12-02 23:24:43,59.1,62.0353316408172,-2.9353316408171963,2.9353316408171963
2026-12-02 23:24:48,55.900000000000006,55.345936211760375,0.5540637882396311,0.5540637882396311
2026-12-02 23:24:53,59.3,57.59133437064338,1.7086656293566165,1.7086656293566165
2026-12-02 23:24:57,65.6,65.94096138319597,-0.3409613831959746,0.3409613831959746
2026-12-02 23:25:02,59.8,60.67819106649776,-0.878191066497763,0.878191066497763
2026-12-02 23:25:07,55.3,55.36541097592428,-0.06541097592428002,0.06541097592428002
2026-12-02 23:25:12,56.7,55.455160646544286,1.244839353455717,1.244839353455717
2026-12-02 23:25:16,63.800000000000004,65.8329102361982,-2.032910236198198,2.032910236198198
2026-12-02 23:25:21,67.0,74.70544176491063,-7.705441764910631,7.705441764910631
2026-12-02 23:25:26,57.0,55.26697353849585,1.7330264615041528,1.7330264615041528
2026-12-02 23:25:30,69.4,72.72091046643064,-3.3209104664306324,3.3209104664306324
2026-12-02 23:25:35,79.1,88.91457929535119,-9.814579295351194,9.814579295351194
2026-12-02 23:25:40,64.4,66.9486328025168,-2.548632802516792,2.548632802516792
2026-12-02 23:25:44,61.599999999999994,62.86907230292218,-1.2690723029221829,1.2690723029221829
2026-12-02 23:25:49,57.8,59.86568175745744,-2.0656817574574404,2.0656817574574404
2026-12-02 23:25:54,60.1,60.8228710098166,-0.7228710098166005,0.7228710098166005
2026-12-02 23:25:59,60.099999999999994,60.71168122432384,-0.6116812243238456,0.6116812243238456
2026-12-02 23:26:03,66.7,69.35307288816581,-2.653072888165809,2.653072888165809
2026-12-02 23:26:08,59.0,57.55719597917945,1.442804020820553,1.442804020820553
2026-12-02 23:26:13,61.0,64.05828882500013,-3.058288825000133,3.058288825000133
2026-12-02 23:26:17,67.9,74.2200558668967,-6.320055866896695,6.320055866896695
2026-12-02 23:26:22,62.900000000000006,67.0324807007444,-4.132480700744395,4.132480700744395
2026-12-02 23:26:27,67.1,70.74623729671983,-3.646237296719832,3.646237296719832
2026-12-02 23:26:32,64.4,65.7183665068384,-1.3183665068383874,1.3183665068383874
2026-12-02 23:26:36,59.5,62.003570187356566,-2.5035701873565657,2.5035701873565657
2026-12-02 23:26:41,62.900000000000006,65.57465556357995,-2.6746555635799467,2.6746555635799467
2026-12-02 23:26:46,59.8,60.59461682855402,-0.7946168285540196,0.7946168285540196
2026-12-02 23:26:50,62.3,64.15757106313927,-1.8575710631392752,1.8575710631392752
2026-12-02 23:26:55,53.5,53.050851866845086,0.44914813315491386,0.44914813315491386
2026-12-02 23:27:00,60.2,62.049505599421636,-1.849505599421633,1.849505599421633
2026-12-02 23:27:04,65.9,66.75560192760057,-0.85560192760056,0.85560192760056
2026-12-02 23:27:09,64.3,65.95663571725478,-1.6566357172547868,1.6566357172547868
2026-12-02 23:27:14,60.199999999999996,60.59348145243863,-0.3934814524386354,0.3934814524386354
2026-12-02 23:27:19,62.0,65.39347539022552,-3.393475390225518,3.393475390225518
2026-12-02 23:27:23,66.1,67.87326730121885,-1.7732673012188513,1.7732673012188513
2026-12-02 23:27:28,61.3,63.88969891918754,-2.5896989191875406,2.5896989191875406
2026-12-02 23:27:33,63.5,65.53528688918908,-2.0352868891890807,2.0352868891890807
2026-12-02 23:27:37,63.4,67.23419072576364,-3.8341907257636407,3.8341907257636407
2026-12-02 23:27:42,69.2,69.68812614471409,-0.4881261447140872,0.4881261447140872
2026-12-02 23:27:47,61.6,65.43755695436225,-3.837556954362249,3.837556954362249
2026-12-02 23:27:52,58.1,57.59145956300936,0.5085404369906428,0.5085404369906428
2026-12-02 23:27:56,66.6,70.841672137394,-4.241672137394005,4.241672137394005
2026-12-02 23:28:01,78.9,90.42115157857498,-11.521151578574973,11.521151578574973
2026-12-02 23:28:06,85.7,99.97712948080158,-14.277129480801577,14.277129480801577
2026-12-02 23:28:10,59.7,60.39062092921349,-0.6906209292134875,0.6906209292134875
2026-12-02 23:28:15,64.8,67.48459129535883,-2.6845912953588282,2.6845912953588282
2026-12-02 23:28:20,66.7,72.62538602097356,-5.925386020973562,5.925386020973562
2026-12-02 23:28:24,71.9,74.2479630552672,-2.3479630552672006,2.3479630552672006
2026-12-02 23:28:29,63.300000000000004,65.89892260607441,-2.598922606074403,2.598922606074403
2026-12-02 23:28:34,63.0,64.00453591541041,-1.0045359154104148,1.0045359154104148
2026-12-02 23:28:39,62.6,64.11871399768702,-1.5187139976870228,1.5187139976870228
2026-12-02 23:28:43,53.2,55.518605797442106,-2.3186057974421033,2.3186057974421033
2026-12-02 23:28:48,56.9,57.67101160251547,-0.7710116025154718,0.7710116025154718
2026-12-02 23:28:53,61.099999999999994,64.09742244796476,-2.997422447964766,2.997422447964766
2026-12-02 23:28:57,64.0,69.04587774027522,-5.045877740275216,5.045877740275216
2026-12-02 23:29:02,71.4,80.00808982522639,-8.608089825226386,8.608089825226386
2026-12-02 23:29:07,66.5,72.27694776769565,-5.7769477676956456,5.7769477676956456
2026-12-02 23:29:12,82.0,94.14565473840302,-12.145654738403024,12.145654738403024
2026-12-02 23:29:16,74.2,81.28934010608597,-7.08934010608597,7.08934010608597
2026-12-02 23:29:21,74.0,79.38366797000884,-5.383667970008844,5.383667970008844
2026-12-02 23:29:26,67.4,75.95917526931319,-8.559175269313187,8.559175269313187
2026-12-02 23:29:30,67.0,74.13789035988482,-7.137890359884821,7.137890359884821
2026-12-02 23:29:35,55.3,55.193204501442075,0.10679549855792203,0.10679549855792203
2026-12-02 23:29:40,76.2,85.38196140300062,-9.181961403000614,9.181961403000614
2026-12-02 23:29:44,68.5,74.11212077074858,-5.612120770748575,5.612120770748575
2026-12-02 23:29:49,66.80000000000001,72.56475217759997,-5.764752177599959,5.764752177599959
2026-12-02 23:29:54,68.4,74.34606213812643,-5.946062138126422,5.946062138126422
2026-12-02 23:29:59,61.7,65.26338543553094,-3.5633854355309325,3.5633854355309325
2026-12-02 23:30:03,73.5,83.80266857035676,-10.302668570356758,10.302668570356758
2026-12-02 23:30:08,68.4,76.14374389310242,-7.743743893102419,7.743743893102419
2026-12-02 23:30:13,69.8,77.72365911719565,-7.923659117195655,7.923659117195655
2026-12-02 23:30:17,63.2,68.78192569293388,-5.581925692933879,5.581925692933879
2026-12-02 23:30:22,64.5,68.99928176200345,-4.499281762003449,4.499281762003449
2026-12-02 23:30:27,72.7,77.8515669743329,-5.151566974332894,5.151566974332894
2026-12-02 23:30:32,62.900000000000006,65.2468614232095,-2.3468614232094893,2.3468614232094893
2026-12-02 23:30:36,67.19999999999999,72.6021754742328,-5.402175474232806,5.402175474232806
2026-12-02 23:30:41,73.30000000000001,79.46909680638369,-6.169096806383678,6.169096806383678
2026-12-02 23:30:46,57.3,58.40864793910711,-1.1086479391071151,1.1086479391071151
2026-12-02 23:30:50,63.900000000000006,69.16059871151741,-5.260598711517403,5.260598711517403
2026-12-02 23:30:55,54.900000000000006,55.28278103593283,-0.38278103593282253,0.38278103593282253
2026-12-02 23:31:00,61.900000000000006,62.98045589052156,-1.0804558905215558,1.0804558905215558
2026-12-02 23:31:04,62.2,64.03712370646376,-1.837123706463757,1.837123706463757
2026-12-02 23:31:09,64.8,70.83348118343298,-6.033481183432983,6.033481183432983
2026-12-02 23:31:14,72.1,77.86834905843708,-5.768349058437082,5.768349058437082
2026-12-02 23:31:19,63.8,68.75882499266224,-4.958824992662244,4.958824992662244
2026-12-02 23:31:23,57.0,55.3265720007171,1.6734279992829002,1.6734279992829002
2026-12-02 23:31:28,60.1,62.07464679992199,-1.9746467999219917,1.9746467999219917
2026-12-02 23:31:33,60.3,60.68805058266761,-0.38805058266760994,0.38805058266760994
2026-12-02 23:31:37,59.7,62.046924231206944,-2.346924231206941,2.346924231206941
2026-12-02 23:31:42,55.5,54.866003424541816,0.633996575458184,0.633996575458184
2026-12-02 23:31:47,60.7,65.5197499525963,-4.819749952596297,4.819749952596297
2026-12-02 23:31:52,57.800000000000004,57.466571375555176,0.3334286244448279,0.3334286244448279
2026-12-02 23:31:56,61.099999999999994,60.87840383072382,0.2215961692761752,0.2215961692761752
2026-12-02 23:32:01,63.7,64.76392206278426,-1.0639220627842576,1.0639220627842576
2026-12-02 23:32:06,60.7,62.796463691461376,-2.0964636914613735,2.0964636914613735
2026-12-02 23:32:10,56.9,57.15199540151691,-0.2519954015169148,0.2519954015169148
2026-12-02 23:32:15,75.69999999999999,81.31382804491332,-5.613828044913333,5.613828044913333
2026-12-02 23:32:20,59.0,58.55715534127564,0.4428446587243613,0.4428446587243613
2026-12-02 23:32:24,60.7,65.58998378805553,-4.889983788055531,4.889983788055531
2026-12-02 23:32:29,53.7,54.75535319574897,-1.055353195748964,1.055353195748964
2026-12-02 23:32:34,62.1,62.11680533149607,-0.01680533149606589,0.01680533149606589
2026-12-02 23:32:39,55.2,54.65701813177636,0.5429818682236416,0.5429818682236416
2026-12-02 23:32:43,65.9,70.92036765965491,-5.020367659654909,5.020367659654909
2026-12-02 23:32:48,57.3,57.776510259100725,-0.47651025910072775,0.47651025910072775
2026-12-02 23:32:53,58.2,59.93266742483107,-1.7326674248310638,1.7326674248310638
2026-12-02 23:32:57,65.7,69.23324775993468,-3.5332477599346817,3.5332477599346817
2026-12-02 23:33:02,64.6,67.26146476086554,-2.6614647608655417,2.6614647608655417
2026-12-02 23:33:07,77.69999999999999,91.34254177587607,-13.642541775876083,13.642541775876083
2026-12-02 23:33:12,57.9,58.39679077877855,-0.4967907787785535,0.4967907787785535
2026-12-02 23:33:16,62.0,61.964607307977154,0.035392692022846006,0.035392692022846006
2026-12-02 23:33:21,63.0,64.18555649885529,-1.1855564988552914,1.1855564988552914
2026-12-02 23:33:26,63.699999999999996,67.47883772180307,-3.778837721803079,3.778837721803079
2026-12-02 23:33:30,69.1,76.30920382201191,-7.209203822011915,7.209203822011915
2026-12-02 23:33:35,70.3,77.60304316800753,-7.303043168007534,7.303043168007534
2026-12-02 23:33:40,58.5,61.772432111093295,-3.272432111093295,3.272432111093295
2026-12-02 23:33:44,62.8,67.35677427526029,-4.556774275260295,4.556774275260295
2026-12-02 23:33:49,61.7,63.97249705559094,-2.2724970555909394,2.2724970555909394
2026-12-02 23:33:54,61.0,62.8547964456992,-1.8547964456992005,1.8547964456992005
2026-12-02 23:33:59,70.30000000000001,76.00297372319005,-5.702973723190041,5.702973723190041
2026-12-02 23:34:03,64.8,68.97214423602748,-4.172144236027478,4.172144236027478
2026-12-02 23:34:08,61.1,61.94967853255922,-0.8496785325592171,0.8496785325592171
2026-12-02 23:34:13,61.5,64.03388559331374,-2.533885593313741,2.533885593313741
2026-12-02 23:34:17,66.6,69.12128729162018,-2.521287291620183,2.521287291620183
2026-12-02 23:34:22,57.4,59.939368614581696,-2.539368614581697,2.539368614581697
2026-12-02 23:34:27,61.2,60.65651763970932,0.5434823602906818,0.5434823602906818
2026-12-02 23:34:32,75.7,87.72843435014423,-12.028434350144224,12.028434350144224
2026-12-02 23:34:36,66.6,74.43834632086944,-7.838346320869448,7.838346320869448
2026-12-02 23:34:41,69.5,76.19333781482769,-6.693337814827686,6.693337814827686
2026-12-02 23:34:46,72.9,79.40401821925425,-6.504018219254249,6.504018219254249
2026-12-02 23:34:50,57.4,58.42287397245859,-1.0228739724585907,1.0228739724585907
2026-12-02 23:34:55,54.5,55.423894493604024,-0.9238944936040241,0.9238944936040241
2026-12-02 23:35:00,63.2,65.44258508075825,-2.2425850807582464,2.2425850807582464
2026-12-02 23:35:04,57.9,58.59241838526111,-0.6924183852611137,0.6924183852611137
2026-12-02 23:35:09,57.7,58.678424670701915,-0.9784246707019122,0.9784246707019122
2026-12-02 23:35:14,52.6,52.37357547480823,0.22642452519177425,0.22642452519177425
2026-12-02 23:35:19,65.1,67.47971097601496,-2.3797109760149624,2.3797109760149624
2026-12-02 23:35:23,62.3,65.43374001953836,-3.133740019538365,3.133740019538365
2026-12-02 23:35:28,59.8,60.824823064296396,-1.024823064296399,1.024823064296399
2026-12-02 23:35:33,54.7,55.35813866822922,-0.6581386682292205,0.6581386682292205
2026-12-02 23:35:37,55.6,54.78636766436939,0.8136323356306079,0.8136323356306079
2026-12-02 23:35:42,59.6,61.967578516350486,-2.367578516350484,2.367578516350484
2026-12-02 23:35:47,64.1,67.27017703107015,-3.1701770310701534,3.1701770310701534
2026-12-02 23:35:52,69.69999999999999,72.48511137491678,-2.785111374916795,2.785111374916795
2026-12-02 23:35:56,59.7,58.6265938798911,1.0734061201089062,1.0734061201089062
2026-12-02 23:36:01,60.8,60.66531389535276,0.13468610464723696,0.13468610464723696
2026-12-02 23:36:06,57.8,57.57320654906258,0.22679345093741432,0.22679345093741432
2026-12-02 23:36:10,64.5,70.978653774326,-6.4786537743260055,6.4786537743260055
2026-12-02 23:36:15,60.699999999999996,59.58660818513343,1.1133918148665671,1.1133918148665671
2026-12-02 23:36:20,78.5,87.05226357082098,-8.552263570820983,8.552263570820983
2026-12-02 23:36:24,71.2,79.82475253211204,-8.62475253211204,8.62475253211204
2026-12-02 23:36:29,57.3,56.9366623667518,0.3633376332482001,0.3633376332482001
2026-12-02 23:36:34,63.6,65.72327082941909,-2.1232708294190914,2.1232708294190914
2026-12-02 23:36:39,57.4,58.635870778182756,-1.2358707781827576,1.2358707781827576
2026-12-02 23:36:43,67.4,74.63787489631186,-7.237874896311851,7.237874896311851
2026-12-02 23:36:48,63.9,67.2106851690457,-3.310685169045705,3.310685169045705
2026-12-02 23:36:53,50.9,49.96205011579873,0.9379498842012666,0.9379498842012666
2026-12-02 23:36:57,60.699999999999996,62.09273540316343,-1.3927354031634351,1.3927354031634351
2026-12-02 23:37:02,64.2,67.39297285988768,-3.192972859887675,3.192972859887675
2026-12-02 23:37:07,69.3,78.36827494060483,-9.068274940604837,9.068274940604837
2026-12-02 23:37:12,64.9,67.12206728700733,-2.22206728700732,2.22206728700732
2026-12-02 23:37:16,65.6,68.96282469158542,-3.3628246915854305,3.3628246915854305
2026-12-02 23:37:21,69.0,74.22398820914363,-5.223988209143627,5.223988209143627
2026-12-02 23:37:26,51.900000000000006,49.92213994363108,1.9778600563689253,1.9778600563689253
2026-12-02 23:37:30,51.6,52.56144025178305,-0.9614402517830456,0.9614402517830456
2026-12-02 23:37:35,65.1,72.75897085588532,-7.658970855885329,7.658970855885329
2026-12-02 23:37:40,60.8,63.86039977975926,-3.0603997797592655,3.0603997797592655
2026-12-02 23:37:44,56.2,57.57072686769863,-1.3707268676986288,1.3707268676986288
2026-12-02 23:37:49,61.5,63.0526297909926,-1.5526297909925972,1.5526297909925972
2026-12-02 23:37:54,55.599999999999994,56.53792073892795,-0.9379207389279571,0.9379207389279571
2026-12-02 23:37:59,59.900000000000006,60.751279692471684,-0.8512796924716781,0.8512796924716781
2026-12-02 23:38:03,56.1,55.490578709407416,0.6094212905925858,0.6094212905925858
2026-12-02 23:38:08,53.7,54.85590604509027,-1.1559060450902692,1.1559060450902692
2026-12-02 23:38:13,62.1,62.248304240469366,-0.14830424046936486,0.14830424046936486
2026-12-02 23:38:17,60.5,60.871515408595656,-0.37151540859565557,0.37151540859565557
2026-12-02 23:38:22,56.099999999999994,55.39502761156143,0.7049723884385628,0.7049723884385628
2026-12-02 23:38:27,55.599999999999994,56.748659319137595,-1.1486593191376002,1.1486593191376002
2026-12-02 23:38:32,57.2,55.520463600367414,1.679536399632589,1.679536399632589
2026-12-02 23:38:36,61.6,64.05255222194491,-2.452552221944906,2.452552221944906
2026-12-02 23:38:41,72.5,81.62788984225111,-9.127889842251108,9.127889842251108
2026-12-02 23:38:46,68.3,74.10845041149933,-5.8084504114993365,5.8084504114993365
2026-12-02 23:38:50,58.4,58.52551281088644,-0.12551281088644117,0.12551281088644117
2026-12-02 23:38:55,65.3,69.04906171440786,-3.7490617144078584,3.7490617144078584
2026-12-02 23:39:00,73.5,81.78086182360741,-8.28086182360741,8.28086182360741
2026-12-02 23:39:04,66.3,70.69096995970162,-4.390969959701621,4.390969959701621
2026-12-02 23:39:09,58.7,60.685348865213776,-1.9853488652137727,1.9853488652137727
2026-12-02 23:39:14,68.30000000000001,72.93319592519325,-4.633195925193235,4.633195925193235
2026-12-02 23:39:19,58.3,57.44543306846472,0.854566931535274,0.854566931535274
2026-12-02 23:39:23,58.6,58.82773165872178,-0.2277316587217797,0.2277316587217797
2026-12-02 23:39:28,68.2,76.27892319218063,-8.078923192180625,8.078923192180625
2026-12-02 23:39:33,71.5,75.84128390178189,-4.3412839017818925,4.3412839017818925
2026-12-02 23:39:37,61.599999999999994,65.30874582592527,-3.708745825925277,3.708745825925277
2026-12-02 23:39:42,56.3,57.5909453414984,-1.2909453414984,1.2909453414984
2026-12-02 23:39:47,56.4,56.7518080639637,-0.351808063963702,0.351808063963702
2026-12-02 23:39:52,62.300000000000004,65.52223179181223,-3.222231791812227,3.222231791812227
2026-12-02 23:39:56,57.2,57.76670179733708,-0.5667017973370747,0.5667017973370747
2026-12-02 23:40:01,64.7,67.57944784539085,-2.8794478453908425,2.8794478453908425
2026-12-02 23:40:06,58.599999999999994,61.9364235770999,-3.3364235770999073,3.3364235770999073
2026-12-02 23:40:10,69.8,78.40107321094266,-8.601073210942658,8.601073210942658
2026-12-02 23:40:15,72.7,81.53743242668092,-8.83743242668092,8.83743242668092
2026-12-02 23:40:20,57.599999999999994,57.48406899869194,0.11593100130805567,0.11593100130805567
2026-12-02 23:40:24,60.0,63.822843164036065,-3.8228431640360654,3.8228431640360654
2026-12-02 23:40:29,61.0,63.9114055526803,-2.9114055526803,2.9114055526803
2026-12-02 23:40:34,58.8,60.10498610149262,-1.3049861014926236,1.3049861014926236
2026-12-02 23:40:39,58.0,59.88459739878253,-1.8845973987825317,1.8845973987825317
2026-12-02 23:40:43,61.0,61.908068722700875,-0.9080687227008752,0.9080687227008752
2026-12-02 23:40:48,56.199999999999996,55.36867932836409,0.8313206716359076,0.8313206716359076
2026-12-02 23:40:53,52.5,52.235952708672116,0.2640472913278842,0.2640472913278842
2026-12-02 23:40:57,66.4,68.88141033112235,-2.4814103311223477,2.4814103311223477
2026-12-02 23:41:02,71.4,72.67063295902368,-1.270632959023672,1.270632959023672
2026-12-02 23:41:07,68.2,74.69405501652064,-6.494055016520633,6.494055016520633
2026-12-02 23:41:12,60.0,61.843472551394655,-1.8434725513946546,1.8434725513946546
2026-12-02 23:41:16,52.4,50.02389000695604,2.3761099930439613,2.3761099930439613
2026-12-02 23:41:21,57.099999999999994,56.823254849231226,0.27674515076876816,0.27674515076876816
2026-12-02 23:41:26,59.2,62.007708437577136,-2.8077084375771335,2.8077084375771335
2026-12-02 23:41:30,59.7,61.984084548355405,-2.284084548355402,2.284084548355402
2026-12-02 23:41:35,58.2,61.96925582082409,-3.7692558208240854,3.7692558208240854
2026-12-02 23:41:40,58.2,60.06697256765999,-1.8669725676599853,1.8669725676599853
2026-12-02 23:41:44,60.1,61.94958377876787,-1.8495837787678653,1.8495837787678653
2026-12-02 23:41:49,60.2,63.98948192043953,-3.7894819204395276,3.7894819204395276
2026-12-02 23:41:54,60.099999999999994,61.980767968097055,-1.8807679680970608,1.8807679680970608
2026-12-02 23:41:59,67.9,72.60964334337578,-4.709643343375774,4.709643343375774
2026-12-02 23:42:03,68.5,74.07683483891493,-5.576834838914934,5.576834838914934
2026-12-02 23:42:08,60.900000000000006,61.84551534745771,-0.9455153474577074,0.9455153474577074
2026-12-02 23:42:13,54.599999999999994,55.346346102789894,-0.7463461027899001,0.7463461027899001
2026-12-02 23:42:17,48.5,47.012303155032164,1.4876968449678358,1.4876968449678358
2026-12-02 23:42:22,57.1,54.78208593863635,2.317914061363652,2.317914061363652
2026-12-02 23:42:27,66.8,72.89263443945482,-6.092634439454827,6.092634439454827
2026-12-02 23:42:32,69.19999999999999,80.00144162430594,-10.801441624305951,10.801441624305951
2026-12-02 23:42:36,56.9,55.40069806287541,1.499301937124585,1.499301937124585
2026-12-02 23:42:41,74.2,86.4044911042849,-12.204491104284898,12.204491104284898
2026-12-02 23:42:46,69.7,74.34852633004205,-4.648526330042046,4.648526330042046
2026-12-02 23:42:50,61.4,61.89231671571306,-0.49231671571305924,0.49231671571305924
2026-12-02 23:42:55,63.8,69.0984678676944,-5.298467867694399,5.298467867694399
2026-12-02 23:43:00,53.1,51.98827091545106,1.1117290845489407,1.1117290845489407
2026-12-02 23:43:04,55.099999999999994,53.313143324177126,1.7868566758228681,1.7868566758228681
2026-12-02 23:43:09,55.0,54.82734690803132,0.17265309196867662,0.17265309196867662
2026-12-02 23:43:14,57.199999999999996,60.09936596052463,-2.8993659605246336,2.8993659605246336
2026-12-02 23:43:19,52.400000000000006,52.32290188976819,0.07709811023181601,0.07709811023181601
2026-12-02 23:43:23,62.599999999999994,64.1655713973724,-1.565571397372409,1.565571397372409
2026-12-02 23:43:28,55.7,55.317680859207165,0.3823191407928377,0.3823191407928377
2026-12-02 23:43:33,51.8,49.6231384385501,2.176861561449897,2.176861561449897
2026-12-02 23:43:37,54.5,52.20276683308553,2.2972331669144666,2.2972331669144666
2026-12-02 23:43:42,59.6,58.983436531576565,0.6165634684234362,0.6165634684234362
2026-12-02 23:43:47,57.800000000000004,58.73379778613491,-0.9337977861349032,0.9337977861349032
2026-12-02 23:43:52,55.1,55.420322586770425,-0.32032258677042336,0.32032258677042336
2026-12-02 23:43:56,55.0,55.37992569741979,-0.3799256974197931,0.3799256974197931
2026-12-02 23:44:01,54.900000000000006,55.359332034138326,-0.45933203413832047,0.45933203413832047
2026-12-02 23:44:06,62.699999999999996,65.61261137140612,-2.912611371406122,2.912611371406122
2026-12-02 23:44:10,78.6,91.3983109154855,-12.798310915485501,12.798310915485501
2026-12-02 23:44:15,60.3,60.42670065757534,-0.12670065757534132,0.12670065757534132
2026-12-02 23:44:20,56.7,57.76433878546967,-1.0643387854696655,1.0643387854696655
2026-12-02 23:44:24,67.5,71.09648571593367,-3.5964857159336674,3.5964857159336674
2026-12-02 23:44:29,56.9,56.557389960093865,0.34261003990613403,0.34261003990613403
2026-12-02 23:44:34,62.0,62.17481448557498,-0.17481448557497714,0.17481448557497714
2026-12-02 23:44:39,58.5,59.8705522288895,-1.3705522288895011,1.3705522288895011
2026-12-02 23:44:43,57.699999999999996,58.73345734266632,-1.033457342666324,1.033457342666324
2026-12-02 23:44:48,65.1,64.9244499151587,0.17555008484129075,0.17555008484129075
2026-12-02 23:44:53,60.5,60.580412724343695,-0.08041272434369517,0.08041272434369517
2026-12-02 23:44:57,52.2,49.61280683532219,2.5871931646778137,2.5871931646778137
2026-12-02 23:45:02,57.8,60.96138984703616,-3.161389847036162,3.161389847036162
2026-12-02 23:45:07,58.5,60.734876452782665,-2.2348764527826646,2.2348764527826646
2026-12-02 23:45:12,54.0,52.34931698766025,1.6506830123397478,1.6506830123397478
2026-12-02 23:45:16,57.3,57.75086281935651,-0.45086281935651584,0.45086281935651584
2026-12-02 23:45:21,61.4,60.80662447773246,0.5933755222675359,0.5933755222675359
2026-12-02 23:45:26,55.2,55.53424828322578,-0.3342482832257758,0.3342482832257758
2026-12-02 23:45:30,60.5,63.64022876886071,-3.140228768860709,3.140228768860709
2026-12-02 23:45:35,56.2,55.348037671693525,0.8519623283064774,0.8519623283064774
2026-12-02 23:45:40,56.9,55.37512651219725,1.5248734878027506,1.5248734878027506
2026-12-02 23:45:44,56.3,57.60256767517872,-1.3025676751787216,1.3025676751787216
2026-12-02 23:45:49,55.099999999999994,55.50683957222045,-0.40683957222045564,0.40683957222045564
2026-12-02 23:45:54,64.19999999999999,68.97475819417724,-4.774758194177252,4.774758194177252
2026-12-02 23:45:59,68.6,72.42451906029473,-3.824519060294733,3.824519060294733
2026-12-02 23:46:03,53.599999999999994,55.318975250526634,-1.7189752505266398,1.7189752505266398
2026-12-02 23:46:08,58.400000000000006,58.60337390796092,-0.20337390796091626,0.20337390796091626
2026-12-02 23:46:13,61.1,65.6540721128394,-4.5540721128394,4.5540721128394
2026-12-02 23:46:17,53.8,52.32327680611685,1.4767231938831458,1.4767231938831458
2026-12-02 23:46:22,59.4,60.93504351850588,-1.53504351850588,1.53504351850588
2026-12-02 23:46:27,55.4,55.431943634755335,-0.03194363475533635,0.03194363475533635
2026-12-02 23:46:32,59.3,57.70740328977096,1.5925967102290386,1.5925967102290386
2026-12-02 23:46:36,58.7,58.73819774787145,-0.03819774787145036,0.03819774787145036
2026-12-02 23:46:41,58.8,58.80723718594434,-0.007237185944340752,0.007237185944340752
2026-12-02 23:46:46,55.699999999999996,58.68258688800917,-2.9825868880091733,2.9825868880091733
2026-12-02 23:46:50,58.5,58.38734475878604,0.11265524121395742,0.11265524121395742
2026-12-02 23:46:55,65.4,69.20699479404246,-3.8069947940424527,3.8069947940424527
2026-12-02 23:47:00,64.19999999999999,65.89894070970175,-1.698940709701759,1.698940709701759
2026-12-02 23:47:04,55.4,55.328521943391266,0.07147805660873274,0.07147805660873274
2026-12-02 23:47:09,60.800000000000004,63.80971724473215,-3.009717244732144,3.009717244732144
2026-12-02 23:47:14,61.3,65.4629505882616,-4.162950588261609,4.162950588261609
2026-12-02 23:47:19,60.199999999999996,61.97137994754607,-1.7713799475460732,1.7713799475460732
2026-12-02 23:47:23,55.0,53.2401192260826,1.759880773917402,1.759880773917402
2026-12-02 23:47:28,65.4,67.02922015983712,-1.6292201598371179,1.6292201598371179
2026-12-02 23:47:33,74.9,77.70069527571468,-2.8006952757146735,2.8006952757146735
2026-12-02 23:47:37,56.099999999999994,56.35048459731984,-0.25048459731984707,0.25048459731984707
2026-12-02 23:47:42,63.400000000000006,67.39197178214296,-3.9919717821429543,3.9919717821429543
2026-12-02 23:47:47,61.900000000000006,67.2238217983025,-5.32382179830249,5.32382179830249
2026-12-02 23:47:52,62.7,65.38038085646564,-2.680380856465632,2.680380856465632
2026-12-02 23:47:56,57.900000000000006,61.776787923305804,-3.8767879233057982,3.8767879233057982
2026-12-02 23:48:01,59.3,57.57295286749231,1.7270471325076855,1.7270471325076855
2026-12-02 23:48:06,57.3,58.72781032488417,-1.4278103248841703,1.4278103248841703
2026-12-02 23:48:10,55.7,55.41660509023695,0.2833949097630537,0.2833949097630537
2026-12-02 23:48:15,55.8,54.79077150467853,1.0092284953214659,1.0092284953214659
2026-12-02 23:48:20,55.7,55.58754826767854,0.11245173232146044,0.11245173232146044
2026-12-02 23:48:24,60.2,62.15715311309341,-1.9571531130934048,1.9571531130934048
2026-12-02 23:48:29,55.0,55.413712687530825,-0.41371268753082546,0.41371268753082546
2026-12-02 23:48:34,58.5,59.907727114941274,-1.4077271149412738,1.4077271149412738
2026-12-02 23:48:39,62.599999999999994,66.1224008390258,-3.5224008390258064,3.5224008390258064
2026-12-02 23:48:43,55.4,55.41499874953426,-0.014998749534264277,0.014998749534264277
2026-12-02 23:48:48,59.0,60.85640529014477,-1.856405290144771,1.856405290144771
2026-12-02 23:48:53,57.2,56.51838327432183,0.6816167256781753,0.6816167256781753
2026-12-02 23:48:57,62.099999999999994,65.51794329225929,-3.417943292259295,3.417943292259295
2026-12-02 23:49:02,59.1,59.68324200465947,-0.5832420046594677,0.5832420046594677
2026-12-02 23:49:07,52.900000000000006,52.468886206951545,0.43111379304846054,0.43111379304846054
2026-12-02 23:49:12,57.400000000000006,58.775009681715424,-1.3750096817154187,1.3750096817154187
2026-12-02 23:49:16,63.6,65.4731552448329,-1.873155244832894,1.873155244832894
2026-12-02 23:49:21,67.5,69.27630038649798,-1.7763003864979794,1.7763003864979794
2026-12-02 23:49:26,51.400000000000006,49.95856668612572,1.4414333138742847,1.4414333138742847
2026-12-02 23:49:30,58.099999999999994,58.725245464193925,-0.6252454641939309,0.6252454641939309
2026-12-02 23:49:35,64.2,67.27737872200274,-3.0773787220027344,3.0773787220027344
2026-12-02 23:49:40,59.0,59.7254115105513,-0.7254115105512966,0.7254115105512966
2026-12-02 23:49:44,63.5,65.9476026741462,-2.4476026741461965,2.4476026741461965
2026-12-02 23:49:49,65.6,67.42909050114228,-1.8290905011422893,1.8290905011422893
2026-12-02 23:49:54,61.8,63.963632596947974,-2.163632596947977,2.163632596947977
2026-12-02 23:49:59,59.7,59.79881667013926,-0.09881667013925721,0.09881667013925721
2026-12-02 23:50:03,66.7,70.99427401138517,-4.29427401138517,4.29427401138517
2026-12-02 23:50:08,62.900000000000006,67.16740371558868,-4.267403715588671,4.267403715588671
2026-12-02 23:50:13,57.9,58.57387580823246,-0.6738758082324594,0.6738758082324594
2026-12-02 23:50:17,56.0,58.653784803275265,-2.653784803275265,2.653784803275265
2026-12-02 23:50:22,61.5,64.13031462987274,-2.6303146298727427,2.6303146298727427
2026-12-02 23:50:27,62.400000000000006,65.45573557471663,-3.0557355747166213,3.0557355747166213
2026-12-02 23:50:32,68.4,74.28355282300053,-5.883552823000528,5.883552823000528
2026-12-02 23:50:36,64.4,68.899485123741,-4.499485123740996,4.499485123740996
2026-12-02 23:50:41,71.5,77.90383578235819,-6.403835782358186,6.403835782358186
2026-12-02 23:50:46,65.3,70.66568120378766,-5.365681203787659,5.365681203787659
2026-12-02 23:50:50,60.8,59.65034858237061,1.1496514176293857,1.1496514176293857
2026-12-02 23:50:55,56.0,55.44717544892282,0.5528245510771796,0.5528245510771796
2026-12-02 23:51:00,61.1,62.92876537922903,-1.8287653792290257,1.8287653792290257
2026-12-02 23:51:04,61.1,60.77425686594568,0.32574313405432065,0.32574313405432065
2026-12-02 23:51:09,58.6,57.78319172661133,0.8168082733886735,0.8168082733886735
2026-12-02 23:51:14,61.9,62.058210788613074,-0.1582107886130757,0.1582107886130757
2026-12-02 23:51:19,63.4,62.91247620168311,0.48752379831688586,0.48752379831688586
2026-12-02 23:51:23,51.3,52.44783957546185,-1.1478395754618518,1.1478395754618518
2026-12-02 23:51:28,58.0,58.88307169956942,-0.8830716995694203,0.8830716995694203
2026-12-02 23:51:33,55.7,54.754561783486665,0.9454382165133381,0.9454382165133381
2026-12-02 23:51:37,54.4,54.77825632668778,-0.378256326687783,0.378256326687783
2026-12-02 23:51:42,55.900000000000006,57.66098546715026,-1.760985467150256,1.760985467150256
2026-12-02 23:51:47,65.6,67.48513201415479,-1.8851320141547916,1.8851320141547916
2026-12-02 23:51:52,57.8,58.53382723303981,-0.7338272330398112,0.7338272330398112
2026-12-02 23:51:56,58.9,62.05534806625609,-3.1553480662560887,3.1553480662560887
2026-12-02 23:52:01,62.2,63.753000203822126,-1.5530002038221227,1.5530002038221227
2026-12-02 23:52:06,62.6,65.96246000112183,-3.362460001121825,3.362460001121825
2026-12-02 23:52:10,54.0,55.417558587441526,-1.4175585874415262,1.4175585874415262
2026-12-02 23:52:15,59.300000000000004,59.826983592139015,-0.5269835921390111,0.5269835921390111
2026-12-02 23:52:20,53.1,52.496973899356036,0.6030261006439659,0.6030261006439659
2026-12-02 23:52:24,58.4,58.76159726293607,-0.36159726293607264,0.36159726293607264
2026-12-02 23:52:29,60.9,62.16012002289589,-1.2601200228958902,1.2601200228958902
2026-12-02 23:52:34,57.7,58.55714819172506,-0.8571481917250594,0.8571481917250594
2026-12-02 23:52:39,55.0,56.54554565930928,-1.5455456593092833,1.5455456593092833
2026-12-02 23:52:43,66.5,69.3374086005438,-2.837408600543796,2.837408600543796
2026-12-02 23:52:48,57.2,58.67917100808617,-1.479171008086169,1.479171008086169
2026-12-02 23:52:53,66.6,69.3857257353022,-2.785725735302208,2.785725735302208
2026-12-02 23:52:57,58.3,57.66179959925773,0.6382004007422637,0.6382004007422637
2026-12-02 23:53:02,57.8,58.76236108012194,-0.9623610801219442,0.9623610801219442
2026-12-02 23:53:07,57.1,58.56629635097286,-1.4662963509728613,1.4662963509728613
2026-12-02 23:53:12,54.3,54.8611358148453,-0.5611358148453007,0.5611358148453007
2026-12-02 23:53:16,59.7,60.75817413661367,-1.0581741366136654,1.0581741366136654
2026-12-02 23:53:21,60.400000000000006,61.86284197125663,-1.4628419712566227,1.4628419712566227
2026-12-02 23:53:26,58.0,59.7425628570432,-1.7425628570431968,1.7425628570431968
2026-12-02 23:53:30,55.0,54.66543049495576,0.334569505044243,0.334569505044243
2026-12-02 23:53:35,59.300000000000004,62.135181040161214,-2.83518104016121,2.83518104016121
2026-12-02 23:53:40,59.599999999999994,62.066361244812455,-2.466361244812461,2.466361244812461
2026-12-02 23:53:44,59.8,59.78880132694894,0.011198673051055152,0.011198673051055152
2026-12-02 23:53:49,61.8,60.58368966750865,1.2163103324913465,1.2163103324913465
2026-12-02 23:53:54,57.2,58.65336046332085,-1.4533604633208483,1.4533604633208483
2026-12-02 23:53:59,60.3,59.44693363413842,0.8530663658615794,0.8530663658615794
2026-12-02 23:54:03,59.2,62.1213108764333,-2.921310876433296,2.921310876433296
2026-12-02 23:54:08,53.2,55.449704880349046,-2.249704880349043,2.249704880349043
2026-12-02 23:54:13,56.8,57.66003371681028,-0.8600337168102854,0.8600337168102854
2026-12-02 23:54:17,60.6,60.796139604954675,-0.19613960495467353,0.19613960495467353
2026-12-02 23:54:22,62.099999999999994,67.30680962470609,-5.206809624706096,5.206809624706096
2026-12-02 23:54:27,60.2,62.09529290766151,-1.8952929076615064,1.8952929076615064
2026-12-02 23:54:32,74.1,79.63170116766078,-5.531701167660785,5.531701167660785
2026-12-02 23:54:36,56.3,55.22292871092299,1.0770712890770042,1.0770712890770042
2026-12-02 23:54:41,65.5,69.2489174204276,-3.7489174204276026,3.7489174204276026
2026-12-02 23:54:46,62.699999999999996,65.24189149634378,-2.541891496343787,2.541891496343787
2026-12-02 23:54:50,65.0,67.32158859280048,-2.321588592800481,2.321588592800481
2026-12-02 23:54:55,59.5,61.86261326792174,-2.3626132679217378,2.3626132679217378
2026-12-02 23:55:00,62.8,67.24137400538274,-4.441374005382741,4.441374005382741
2026-12-02 23:55:05,52.7,52.30126684760205,0.39873315239795204,0.39873315239795204
2026-12-02 23:55:09,59.2,59.893038306614656,-0.6930383066146533,0.6930383066146533
2026-12-02 23:55:14,65.1,68.02753430767797,-2.9275343076779734,2.9275343076779734
2026-12-02 23:55:19,66.1,69.05755600957053,-2.9575560095705384,2.9575560095705384
2026-12-02 23:55:23,52.0,50.005763920658424,1.9942360793415759,1.9942360793415759
2026-12-02 23:55:28,58.900000000000006,62.044538469717025,-3.14453846971702,3.14453846971702
2026-12-02 23:55:33,63.6,69.08473133341826,-5.48473133341826,5.48473133341826
2026-12-02 23:55:37,55.699999999999996,55.33304442800756,0.36695557199243467,0.36695557199243467
2026-12-02 23:55:42,59.7,63.70130374879891,-4.001303748798904,4.001303748798904
2026-12-02 23:55:47,61.5,65.47265121494773,-3.9726512149477315,3.9726512149477315
2026-12-02 23:55:52,53.599999999999994,52.51202834489763,1.0879716551023648,1.0879716551023648
2026-12-02 23:55:56,50.900000000000006,49.82781715898671,1.0721828410132943,1.0721828410132943
2026-12-02 23:56:01,54.2,52.45804392866888,1.7419560713311242,1.7419560713311242
2026-12-02 23:56:06,67.0,71.05702575980848,-4.057025759808482,4.057025759808482
2026-12-02 23:56:10,56.4,58.67369494997138,-2.2736949499713788,2.2736949499713788
2026-12-02 23:56:15,60.599999999999994,60.00618124041848,0.5938187595815165,0.5938187595815165
2026-12-02 23:56:20,58.2,57.07734921573689,1.122650784263115,1.122650784263115
2026-12-02 23:56:25,59.3,60.058850552262385,-0.7588505522623876,0.7588505522623876
2026-12-02 23:56:29,63.3,65.93218479365237,-2.632184793652371,2.632184793652371
2026-12-02 23:56:34,68.30000000000001,74.36950294194489,-6.069502941944876,6.069502941944876
2026-12-02 23:56:39,62.4,65.3620827483166,-2.962082748316597,2.962082748316597
2026-12-02 23:56:43,62.9,65.34248430188687,-2.4424843018868714,2.4424843018868714
2026-12-02 23:56:48,59.0,61.96085507995743,-2.960855079957433,2.960855079957433
2026-12-02 23:56:53,65.9,72.70397787351324,-6.803977873513233,6.803977873513233
2026-12-02 23:56:57,64.0,65.69462834933174,-1.6946283493317367,1.6946283493317367
2026-12-02 23:57:02,60.0,59.891500491929484,0.10849950807051556,0.10849950807051556
2026-12-02 23:57:07,59.7,60.989753945964125,-1.2897539459641223,1.2897539459641223
2026-12-02 23:57:12,55.099999999999994,55.474899486317014,-0.37489948631701964,0.37489948631701964
2026-12-02 23:57:16,60.7,62.750558191240295,-2.0505581912402917,2.0505581912402917
2026-12-02 23:57:21,58.9,57.624940774182136,1.2750592258178628,1.2750592258178628
2026-12-02 23:57:26,60.5,63.69452559317254,-3.1945255931725427,3.1945255931725427
2026-12-02 23:57:30,65.8,70.7916935833749,-4.9916935833748965,4.9916935833748965
2026-12-02 23:57:35,60.2,60.425128445441786,-0.2251284454417828,0.2251284454417828
2026-12-02 23:57:40,58.2,57.08710798756455,1.1128920124354522,1.1128920124354522
2026-12-02 23:57:45,59.099999999999994,60.0184363569414,-0.918436356941406,0.918436356941406
2026-12-02 23:57:49,58.5,58.83123566557302,-0.3312356655730184,0.3312356655730184
2026-12-02 23:57:54,68.2,69.44648367669089,-1.246483676690886,1.246483676690886
2026-12-02 23:57:59,61.3,59.742915277362,1.5570847226379954,1.5570847226379954
2026-12-02 23:58:03,60.5,60.831203538799016,-0.33120353879901643,0.33120353879901643
2026-12-02 23:58:08,55.9,55.44681185418517,0.4531881458148277,0.4531881458148277
2026-12-02 23:58:13,55.800000000000004,55.47215499983876,0.32784500016124696,0.32784500016124696
2026-12-02 23:58:17,59.300000000000004,58.99209063559944,0.30790936440056527,0.30790936440056527
2026-12-02 23:58:22,58.1,59.795283156834145,-1.6952831568341438,1.6952831568341438
2026-12-02 23:58:27,55.2,54.88723218328127,0.31276781671873266,0.31276781671873266
2026-12-02 23:58:32,60.9,62.02255375652598,-1.1225537565259813,1.1225537565259813
2026-12-02 23:58:36,66.1,69.20798036244817,-3.107980362448174,3.107980362448174
2026-12-02 23:58:41,60.7,59.85909897545575,0.8409010245442516,0.8409010245442516
2026-12-02 23:58:46,58.800000000000004,60.87627319076476,-2.076273190764759,2.076273190764759
2026-12-02 23:58:50,61.5,65.50275010393477,-4.002750103934773,4.002750103934773
2026-12-02 23:58:55,59.9,61.90517273385279,-2.0051727338527883,2.0051727338527883
2026-12-02 23:59:00,66.6,67.89793500904668,-1.2979350090466824,1.2979350090466824
2026-12-02 23:59:05,59.0,58.69970246074612,0.3002975392538829,0.3002975392538829
2026-12-02 23:59:09,61.5,63.96536472804919,-2.465364728049188,2.465364728049188
2026-12-02 23:59:14,59.199999999999996,60.758933365239535,-1.5589333652395396,1.5589333652395396
2026-12-02 23:59:19,59.800000000000004,60.786539211544905,-0.9865392115449012,0.9865392115449012
2026-12-02 23:59:23,61.6,59.870744269034695,1.7292557309653063,1.7292557309653063
2026-12-02 23:59:28,60.3,61.96455665783477,-1.6645566578347726,1.6645566578347726
2026-12-02 23:59:33,55.7,54.64774700135542,1.0522529986445832,1.0522529986445832
2026-12-02 23:59:37,65.2,66.12062456117606,-0.9206245611760551,0.9206245611760551
2026-12-02 23:59:42,63.2,65.48630311337105,-2.286303113371048,2.286303113371048
2026-12-02 23:59:47,65.7,69.2792693543162,-3.579269354316196,3.579269354316196
2026-12-02 23:59:52,60.5,60.71488145454538,-0.21488145454537744,0.21488145454537744
2026-12-02 23:59:56,64.2,65.93208075603921,-1.7320807560392097,1.7320807560392097
