Timestamp,Actual,Predicted,Error,Abs_Error
2026-12-02 21:34:36,60.1,,,
2026-12-02 21:34:41,56.2,,,
2026-12-02 21:34:46,54.900000000000006,,,
2026-12-02 21:34:51,52.7,,,
2026-12-02 21:34:55,65.8,,,
2026-12-02 21:35:00,56.9,,,
2026-12-02 21:35:05,56.3,,,
2026-12-02 21:35:09,54.400000000000006,,,
2026-12-02 21:35:14,56.099999999999994,,,
2026-12-02 21:35:19,54.3,,,
2026-12-02 21:35:24,51.7,56.406646728515625,-4.706646728515622,4.706646728515622
2026-12-02 21:35:28,52.9,55.825828552246094,-2.925828552246095,2.925828552246095
2026-12-02 21:35:33,60.9,55.03170394897461,5.868296051025389,5.868296051025389
2026-12-02 21:35:38,56.3,55.75698471069336,0.5430152893066378,0.5430152893066378
2026-12-02 21:35:42,50.5,56.03028106689453,-5.530281066894531,5.530281066894531
2026-12-02 21:35:47,54.599999999999994,55.31050491333008,-0.7105049133300838,0.7105049133300838
2026-12-02 21:35:52,52.900000000000006,54.66227722167969,-1.7622772216796818,1.7622772216796818
2026-12-02 21:35:56,53.2,54.317359924316406,-1.1173599243164034,1.1173599243164034
2026-12-02 21:36:01,53.900000000000006,54.36910629272461,-0.4691062927246037,0.4691062927246037
2026-12-02 21:36:06,56.0,53.5120964050293,2.487903594970703,2.487903594970703
2026-12-02 21:36:11,54.9,53.936012268066406,0.9639877319335923,0.9639877319335923
2026-12-02 21:36:15,63.3,54.33004379272461,8.969956207275388,8.969956207275388
2026-12-02 21:36:20,54.5,55.69195556640625,-1.19195556640625,1.19195556640625
2026-12-02 21:36:25,61.599999999999994,55.754703521728516,5.845296478271479,5.845296478271479
2026-12-02 21:36:29,59.3,56.10422897338867,3.1957710266113253,3.1957710266113253
2026-12-02 21:36:34,59.0,56.7901611328125,2.2098388671875,2.2098388671875
2026-12-02 21:36:39,55.6,56.83169174194336,-1.231691741943358,1.231691741943358
2026-12-02 21:36:44,58.199999999999996,56.629268646240234,1.5707313537597614,1.5707313537597614
2026-12-02 21:36:48,55.0,56.331504821777344,-1.3315048217773438,1.3315048217773438
2026-12-02 21:36:53,56.7,56.08657455444336,0.6134254455566435,0.6134254455566435
2026-12-02 21:36:58,54.8,56.11012268066406,-1.3101226806640653,1.3101226806640653
2026-12-02 21:37:02,52.4,56.03208923339844,-3.632089233398439,3.632089233398439
2026-12-02 21:37:07,53.2,55.48941421508789,-2.289414215087888,2.289414215087888
2026-12-02 21:37:12,54.900000000000006,55.145877838134766,-0.24587783813475994,0.24587783813475994
2026-12-02 21:37:16,59.3,54.941627502441406,4.358372497558591,4.358372497558591
2026-12-02 21:37:21,59.0,55.265403747558594,3.7345962524414062,3.7345962524414062
2026-12-02 21:37:26,57.2,55.961551666259766,1.2384483337402372,1.2384483337402372
2026-12-02 21:37:31,54.7,56.095855712890625,-1.3958557128906222,1.3958557128906222
2026-12-02 21:37:35,52.8,56.03086471557617,-3.2308647155761747,3.2308647155761747
2026-12-02 21:37:40,48.6,55.8267936706543,-7.2267936706542955,7.2267936706542955
2026-12-02 21:37:45,52.6,54.75393295288086,-2.153932952880858,2.153932952880858
2026-12-02 21:37:49,58.3,54.21586608886719,4.08413391113281,4.08413391113281
2026-12-02 21:37:54,53.8,54.843265533447266,-1.0432655334472685,1.0432655334472685
2026-12-02 21:37:59,65.8,54.7415657043457,11.058434295654294,11.058434295654294
2026-12-02 21:38:04,57.1,54.088932037353516,3.011067962646486,3.011067962646486
2026-12-02 21:38:08,53.8,55.36738204956055,-1.5673820495605497,1.5673820495605497
2026-12-02 21:38:13,59.4,54.878997802734375,4.521002197265624,4.521002197265624
2026-12-02 21:38:18,54.1,54.76264190673828,-0.6626419067382798,0.6626419067382798
2026-12-02 21:38:22,58.3,55.223243713378906,3.076756286621091,3.076756286621091
2026-12-02 21:38:27,57.2,55.07611083984375,2.123889160156253,2.123889160156253
2026-12-02 21:38:32,60.7,55.66155242919922,5.038447570800784,5.038447570800784
2026-12-02 21:38:36,57.5,56.1893310546875,1.3106689453125,1.3106689453125
2026-12-02 21:38:41,55.7,55.95740509033203,-0.2574050903320284,0.2574050903320284
2026-12-02 21:38:46,58.3,56.235687255859375,2.064312744140622,2.064312744140622
2026-12-02 21:38:51,52.599999999999994,56.21951675415039,-3.6195167541503963,3.6195167541503963
2026-12-02 21:38:55,55.900000000000006,55.570045471191406,0.32995452880859943,0.32995452880859943
2026-12-02 21:39:00,55.7,55.52250289916992,0.17749710083008097,0.17749710083008097
2026-12-02 21:39:05,54.9,55.9031867980957,-1.0031867980957045,1.0031867980957045
2026-12-02 21:39:09,58.8,55.31478500366211,3.485214996337888,3.485214996337888
2026-12-02 21:39:14,55.3,55.787967681884766,-0.48796768188476847,0.48796768188476847
2026-12-02 21:39:19,61.0,56.01266860961914,4.987331390380859,4.987331390380859
2026-12-02 21:39:24,63.099999999999994,55.1842041015625,7.915795898437494,7.915795898437494
2026-12-02 21:39:28,61.0,56.48123550415039,4.518764495849609,4.518764495849609
2026-12-02 21:39:33,55.5,57.72579574584961,-2.2257957458496094,2.2257957458496094
2026-12-02 21:39:38,51.3,57.71281433105469,-6.41281433105469,6.41281433105469
2026-12-02 21:39:42,53.0,56.73112487792969,-3.7311248779296875,3.7311248779296875
2026-12-02 21:39:47,61.3,56.00234603881836,5.297653961181638,5.297653961181638
2026-12-02 21:39:52,59.900000000000006,55.41531753540039,4.484682464599615,4.484682464599615
2026-12-02 21:39:56,50.7,56.415733337402344,-5.715733337402341,5.715733337402341
2026-12-02 21:40:01,55.7,55.88698959350586,-0.18698959350585653,0.18698959350585653
2026-12-02 21:40:06,58.4,54.9210090637207,3.4789909362792955,3.4789909362792955
2026-12-02 21:40:11,54.2,55.69354248046875,-1.4935424804687472,1.4935424804687472
2026-12-02 21:40:15,64.7,54.757484436035156,9.942515563964847,9.942515563964847
2026-12-02 21:40:20,56.4,55.707923889160156,0.6920761108398423,0.6920761108398423
2026-12-02 21:40:25,55.300000000000004,56.390167236328125,-1.0901672363281207,1.0901672363281207
2026-12-02 21:40:29,52.8,56.238861083984375,-3.438861083984378,3.438861083984378
2026-12-02 21:40:34,55.0,55.67308807373047,-0.6730880737304688,0.6730880737304688
2026-12-02 21:40:39,60.0,55.220726013183594,4.779273986816406,4.779273986816406
2026-12-02 21:40:44,53.5,55.38562774658203,-1.8856277465820312,1.8856277465820312
2026-12-02 21:40:48,66.9,55.68748474121094,11.212515258789068,11.212515258789068
2026-12-02 21:40:53,65.19999999999999,57.38041687011719,7.819583129882801,7.819583129882801
2026-12-02 21:40:58,62.699999999999996,57.398712158203125,5.301287841796871,5.301287841796871
2026-12-02 21:41:02,61.099999999999994,58.38138961791992,2.7186103820800724,2.7186103820800724
2026-12-02 21:41:07,54.2,58.570865631103516,-4.370865631103513,4.370865631103513
2026-12-02 21:41:12,53.400000000000006,58.07374572753906,-4.673745727539057,4.673745727539057
2026-12-02 21:41:16,53.0,57.438941955566406,-4.438941955566406,4.438941955566406
2026-12-02 21:41:21,60.099999999999994,56.718055725097656,3.381944274902338,3.381944274902338
2026-12-02 21:41:26,52.8,56.866554260253906,-4.066554260253909,4.066554260253909
2026-12-02 21:41:31,60.9,56.544700622558594,4.355299377441405,4.355299377441405
2026-12-02 21:41:35,55.300000000000004,55.73238754272461,-0.4323875427246051,0.4323875427246051
2026-12-02 21:41:40,50.6,55.21085739135742,-4.6108573913574205,4.6108573913574205
2026-12-02 21:41:45,58.6,54.915889739990234,3.684110260009767,3.684110260009767
2026-12-02 21:41:49,61.8,54.59353256225586,7.206467437744138,7.206467437744138
2026-12-02 21:41:54,61.599999999999994,55.32779312133789,6.272206878662104,6.272206878662104
2026-12-02 21:41:59,58.0,56.61104965209961,1.3889503479003906,1.3889503479003906
2026-12-02 21:42:04,59.5,57.13349151611328,2.3665084838867188,2.3665084838867188
2026-12-02 21:42:08,51.599999999999994,57.29509353637695,-5.695093536376959,5.695093536376959
2026-12-02 21:42:13,57.2,56.57036590576172,0.6296340942382841,0.6296340942382841
2026-12-02 21:42:18,54.3,56.11529541015625,-1.8152954101562528,1.8152954101562528
2026-12-02 21:42:22,58.7,56.37339401245117,2.326605987548831,2.326605987548831
2026-12-02 21:42:27,61.7,56.22817611694336,5.4718238830566435,5.4718238830566435
2026-12-02 21:42:32,57.800000000000004,56.522438049316406,1.277561950683598,1.277561950683598
2026-12-02 21:42:36,52.599999999999994,57.07938766479492,-4.479387664794928,4.479387664794928
2026-12-02 21:42:41,59.7,56.43827438354492,3.261725616455081,3.261725616455081
2026-12-02 21:42:46,67.3,55.373104095458984,11.926895904541013,11.926895904541013
2026-12-02 21:42:51,65.9,56.3040885925293,9.595911407470709,9.595911407470709
2026-12-02 21:42:55,54.7,58.23651885986328,-3.5365188598632784,3.5365188598632784
2026-12-02 21:43:00,58.4,57.77217483520508,0.6278251647949205,0.6278251647949205
2026-12-02 21:43:05,53.6,56.89852523803711,-3.298525238037108,3.298525238037108
2026-12-02 21:43:09,60.4,56.301849365234375,4.098150634765624,4.098150634765624
2026-12-02 21:43:14,53.0,56.60295867919922,-3.6029586791992188,3.6029586791992188
2026-12-02 21:43:19,56.9,56.32085037231445,0.5791496276855455,0.5791496276855455
2026-12-02 21:43:24,56.0,56.46145248413086,-0.4614524841308594,0.4614524841308594
2026-12-02 21:43:28,57.7,56.88994598388672,0.8100540161132841,0.8100540161132841
2026-12-02 21:43:33,56.099999999999994,57.38145446777344,-1.2814544677734432,1.2814544677734432
2026-12-02 21:43:38,62.0,56.922080993652344,5.077919006347656,5.077919006347656
2026-12-02 21:43:42,55.8,56.94539260864258,-1.145392608642581,1.145392608642581
2026-12-02 21:43:47,54.7,57.137367248535156,-2.4373672485351534,2.4373672485351534
2026-12-02 21:43:52,58.6,56.821136474609375,1.7788635253906264,1.7788635253906264
2026-12-02 21:43:57,56.599999999999994,57.000831604003906,-0.40083160400391193,0.40083160400391193
2026-12-02 21:44:01,62.599999999999994,56.66728591918945,5.932714080810541,5.932714080810541
2026-12-02 21:44:06,54.8,57.08695983886719,-2.2869598388671903,2.2869598388671903
2026-12-02 21:44:11,53.7,57.436309814453125,-3.736309814453122,3.736309814453122
2026-12-02 21:44:15,55.6,56.943782806396484,-1.343782806396483,1.343782806396483
2026-12-02 21:44:20,53.7,56.21359634399414,-2.513596343994138,2.513596343994138
2026-12-02 21:44:25,56.400000000000006,56.18653869628906,0.21346130371094318,0.21346130371094318
2026-12-02 21:44:29,56.2,55.454803466796875,0.7451965332031278,0.7451965332031278
2026-12-02 21:44:34,58.4,55.34809112548828,3.0519088745117173,3.0519088745117173
2026-12-02 21:44:39,55.0,55.41218948364258,-0.4121894836425781,0.4121894836425781
2026-12-02 21:44:44,58.3,55.42711639404297,2.8728836059570284,2.8728836059570284
2026-12-02 21:44:48,52.8,55.899234771728516,-3.0992347717285185,3.0992347717285185
2026-12-02 21:44:53,54.0,55.14418411254883,-1.1441841125488281,1.1441841125488281
2026-12-02 21:44:58,53.7,54.826900482177734,-1.1269004821777315,1.1269004821777315
2026-12-02 21:45:02,58.199999999999996,54.38987350463867,3.810126495361324,3.810126495361324
2026-12-02 21:45:07,59.7,54.307159423828125,5.392840576171878,5.392840576171878
2026-12-02 21:45:12,55.3,55.18105697631836,0.11894302368163778,0.11894302368163778
2026-12-02 21:45:17,53.2,55.818763732910156,-2.6187637329101534,2.6187637329101534
2026-12-02 21:45:21,53.4,55.46647644042969,-2.066476440429689,2.066476440429689
2026-12-02 21:45:26,64.30000000000001,54.527740478515625,9.772259521484386,9.772259521484386
2026-12-02 21:45:31,55.5,55.0422477722168,0.4577522277832031,0.4577522277832031
2026-12-02 21:45:35,60.3,55.37691879272461,4.923081207275388,4.923081207275388
2026-12-02 21:45:40,55.400000000000006,55.181400299072266,0.21859970092774006,0.21859970092774006
2026-12-02 21:45:45,56.4,54.986873626708984,1.4131263732910142,1.4131263732910142
2026-12-02 21:45:49,57.5,55.34208679199219,2.1579132080078125,2.1579132080078125
2026-12-02 21:45:54,56.6,55.40813064575195,1.1918693542480483,1.1918693542480483
2026-12-02 21:45:59,53.0,55.27532958984375,-2.27532958984375,2.27532958984375
2026-12-02 21:46:04,57.4,54.71359634399414,2.686403656005858,2.686403656005858
2026-12-02 21:46:08,53.7,54.322776794433594,-0.6227767944335909,0.6227767944335909
2026-12-02 21:46:13,56.800000000000004,54.489200592041016,2.3107994079589886,2.3107994079589886
2026-12-02 21:46:18,61.2,54.702003479003906,6.497996520996097,6.497996520996097
2026-12-02 21:46:22,56.800000000000004,54.72401428222656,2.0759857177734418,2.0759857177734418
2026-12-02 21:46:27,56.5,55.37372589111328,1.1262741088867188,1.1262741088867188
2026-12-02 21:46:32,53.1,56.003665924072266,-2.903665924072264,2.903665924072264
2026-12-02 21:46:37,57.3,55.64691162109375,1.6530883789062472,1.6530883789062472
2026-12-02 21:46:41,56.599999999999994,55.2133674621582,1.3866325378417912,1.3866325378417912
2026-12-02 21:46:46,56.1,54.691654205322266,1.4083457946777358,1.4083457946777358
2026-12-02 21:46:51,51.8,54.734310150146484,-2.934310150146487,2.934310150146487
2026-12-02 21:46:55,52.0,55.091644287109375,-3.091644287109375,3.091644287109375
2026-12-02 21:47:00,56.4,54.51544952392578,1.8845504760742173,1.8845504760742173
2026-12-02 21:47:05,53.400000000000006,54.45005798339844,-1.0500579833984318,1.0500579833984318
2026-12-02 21:47:09,59.400000000000006,54.485679626464844,4.914320373535162,4.914320373535162
2026-12-02 21:47:14,57.5,54.912540435791016,2.5874595642089844,2.5874595642089844
2026-12-02 21:47:19,54.7,55.30588912963867,-0.605889129638669,0.605889129638669
2026-12-02 21:47:24,63.7,55.249717712402344,8.450282287597659,8.450282287597659
2026-12-02 21:47:28,53.9,56.12324142456055,-2.2232414245605483,2.2232414245605483
2026-12-02 21:47:33,55.1,56.629188537597656,-1.5291885375976548,1.5291885375976548
2026-12-02 21:47:38,62.5,56.348052978515625,6.151947021484375,6.151947021484375
2026-12-02 21:47:42,61.5,56.84335708618164,4.656642913818359,4.656642913818359
2026-12-02 21:47:47,53.2,58.074378967285156,-4.874378967285153,4.874378967285153
2026-12-02 21:47:52,56.0,57.471065521240234,-1.4710655212402344,1.4710655212402344
2026-12-02 21:47:57,57.0,56.88768768310547,0.11231231689453125,0.11231231689453125
2026-12-02 21:48:01,59.7,56.4299430847168,3.270056915283206,3.270056915283206
2026-12-02 21:48:06,53.5,57.28310775756836,-3.7831077575683594,3.7831077575683594
2026-12-02 21:48:11,57.099999999999994,56.94791030883789,0.1520896911621037,0.1520896911621037
2026-12-02 21:48:15,60.8,56.35878372192383,4.441216278076169,4.441216278076169
2026-12-02 21:48:20,56.800000000000004,55.90026092529297,0.8997390747070355,0.8997390747070355
2026-12-02 21:48:25,56.599999999999994,56.18267059326172,0.41732940673827557,0.41732940673827557
2026-12-02 21:48:29,61.4,55.542320251464844,5.857679748535155,5.857679748535155
2026-12-02 21:48:34,59.3,55.91881561279297,3.3811843872070284,3.3811843872070284
2026-12-02 21:48:39,53.9,56.3367919921875,-2.4367919921875014,2.4367919921875014
2026-12-02 21:48:44,53.9,55.8738899230957,-1.9738899230957045,1.9738899230957045
2026-12-02 21:48:48,57.2,55.713050842285156,1.4869491577148466,1.4869491577148466
2026-12-02 21:48:53,55.099999999999994,55.03245544433594,0.06754455566405682,0.06754455566405682
2026-12-02 21:48:58,57.5,55.180931091308594,2.3190689086914062,2.3190689086914062
2026-12-02 21:49:02,60.6,55.141815185546875,5.458184814453126,5.458184814453126
2026-12-02 21:49:07,60.3,55.3858642578125,4.914135742187497,4.914135742187497
2026-12-02 21:49:12,56.3,55.903114318847656,0.3968856811523409,0.3968856811523409
2026-12-02 21:49:17,56.400000000000006,56.48249435424805,-0.08249435424804119,0.08249435424804119
2026-12-02 21:49:21,53.0,56.165016174316406,-3.1650161743164062,3.1650161743164062
2026-12-02 21:49:26,60.699999999999996,55.62278366088867,5.077216339111324,5.077216339111324
2026-12-02 21:49:31,57.9,56.1761360168457,1.7238639831542955,1.7238639831542955
2026-12-02 21:49:35,56.900000000000006,55.99855422973633,0.9014457702636776,0.9014457702636776
2026-12-02 21:49:40,55.0,56.45923614501953,-1.4592361450195312,1.4592361450195312
2026-12-02 21:49:45,56.099999999999994,56.244876861572266,-0.1448768615722713,0.1448768615722713
2026-12-02 21:49:49,56.2,55.512786865234375,0.6872131347656278,0.6872131347656278
2026-12-02 21:49:54,55.6,55.947914123535156,-0.34791412353515483,0.34791412353515483
2026-12-02 21:49:59,54.8,56.41267395019531,-1.6126739501953153,1.6126739501953153
2026-12-02 21:50:04,61.2,55.84532928466797,5.354670715332034,5.354670715332034
2026-12-02 21:50:08,58.800000000000004,55.865440368652344,2.9345596313476605,2.9345596313476605
2026-12-02 21:50:13,55.8,55.910667419433594,-0.11066741943359659,0.11066741943359659
2026-12-02 21:50:18,60.599999999999994,56.02044677734375,4.579553222656244,4.579553222656244
2026-12-02 21:50:22,127.7,55.88011932373047,71.81988067626953,71.81988067626953
2026-12-02 21:50:27,59.5,54.171051025390625,5.328948974609375,5.328948974609375
2026-12-02 21:50:32,60.099999999999994,56.80120849609375,3.2987915039062443,3.2987915039062443
2026-12-02 21:50:37,58.7,58.17115020751953,0.5288497924804716,0.5288497924804716
2026-12-02 21:50:41,60.6,57.854522705078125,2.7454772949218764,2.7454772949218764
2026-12-02 21:50:46,60.5,57.21857452392578,3.2814254760742188,3.2814254760742188
2026-12-02 21:50:51,55.4,57.079002380371094,-1.6790023803710952,1.6790023803710952
2026-12-02 21:50:55,57.0,57.09577560424805,-0.09577560424804688,0.09577560424804688
2026-12-02 21:51:00,58.800000000000004,56.857635498046875,1.9423645019531293,1.9423645019531293
2026-12-02 21:51:05,59.5,56.498714447021484,3.0012855529785156,3.0012855529785156
2026-12-02 21:51:09,60.5,57.05000305175781,3.4499969482421875,3.4499969482421875
2026-12-02 21:51:14,55.900000000000006,57.965328216552734,-2.0653282165527287,2.0653282165527287
2026-12-02 21:51:19,64.5,56.26737976074219,8.232620239257812,8.232620239257812
2026-12-02 21:51:24,58.0,56.83098220825195,1.1690177917480469,1.1690177917480469
2026-12-02 21:51:28,62.900000000000006,57.01591491699219,5.884085083007818,5.884085083007818
2026-12-02 21:51:33,69.7,57.23600769042969,12.463992309570315,12.463992309570315
2026-12-02 21:51:38,57.5,57.95102310180664,-0.4510231018066406,0.4510231018066406
2026-12-02 21:51:42,59.8,58.79638671875,1.0036132812499972,1.0036132812499972
2026-12-02 21:51:47,59.5,58.863304138183594,0.6366958618164062,0.6366958618164062
2026-12-02 21:51:52,58.2,57.70672607421875,0.49327392578125284,0.49327392578125284
2026-12-02 21:51:57,55.099999999999994,56.91826248168945,-1.8182624816894588,1.8182624816894588
2026-12-02 21:52:01,51.1,56.55725860595703,-5.45725860595703,5.45725860595703
2026-12-02 21:52:06,62.3,55.58320236206055,6.71679763793945,6.71679763793945
2026-12-02 21:52:11,60.400000000000006,56.033206939697266,4.36679306030274,4.36679306030274
2026-12-02 21:52:15,65.5,56.1269416809082,9.373058319091797,9.373058319091797
2026-12-02 21:52:20,57.900000000000006,56.281375885009766,1.61862411499024,1.61862411499024
2026-12-02 21:52:25,58.3,56.02206039428711,2.277939605712888,2.277939605712888
2026-12-02 21:52:29,56.3,54.90254592895508,1.397454071044919,1.397454071044919
2026-12-02 21:52:34,53.599999999999994,54.403892517089844,-0.8038925170898494,0.8038925170898494
2026-12-02 21:52:39,56.6,54.203304290771484,2.396695709228517,2.396695709228517
2026-12-02 21:52:44,65.7,55.17057800292969,10.529421997070315,10.529421997070315
2026-12-02 21:52:48,67.19999999999999,55.70372772216797,11.49627227783202,11.49627227783202
2026-12-02 21:52:53,52.300000000000004,56.31084060668945,-4.010840606689449,4.010840606689449
2026-12-02 21:52:58,58.6,55.5657958984375,3.0342041015625014,3.0342041015625014
2026-12-02 21:53:02,55.0,55.00008773803711,-8.7738037109375e-05,8.7738037109375e-05
2026-12-02 21:53:07,55.6,54.25643539428711,1.343564605712892,1.343564605712892
2026-12-02 21:53:12,62.2,54.30324172973633,7.896758270263675,7.896758270263675
2026-12-02 21:53:17,61.8,53.6812744140625,8.118725585937497,8.118725585937497
2026-12-02 21:53:21,54.6,53.811187744140625,0.7888122558593764,0.7888122558593764
2026-12-02 21:53:26,63.1,55.22174072265625,7.878259277343751,7.878259277343751
2026-12-02 21:53:31,58.7,55.895320892333984,2.8046791076660185,2.8046791076660185
2026-12-02 21:53:35,52.900000000000006,56.410980224609375,-3.5109802246093693,3.5109802246093693
2026-12-02 21:53:40,50.9,55.06217956542969,-4.162179565429689,4.162179565429689
2026-12-02 21:53:45,59.699999999999996,53.91780471801758,5.782195281982418,5.782195281982418
2026-12-02 21:53:49,56.3,53.690670013427734,2.609329986572263,2.609329986572263
2026-12-02 21:53:54,61.7,54.07655715942383,7.623442840576175,7.623442840576175
2026-12-02 21:53:59,63.599999999999994,54.628936767578125,8.97106323242187,8.97106323242187
2026-12-02 21:54:04,61.0,55.98629379272461,5.013706207275391,5.013706207275391
2026-12-02 21:54:08,53.9,55.76188278198242,-1.8618827819824233,1.8618827819824233
2026-12-02 21:54:13,53.5,56.19753646850586,-2.6975364685058594,2.6975364685058594
2026-12-02 21:54:18,52.400000000000006,55.260704040527344,-2.860704040527338,2.860704040527338
2026-12-02 21:54:22,60.1,53.62562942504883,6.474370574951173,6.474370574951173
2026-12-02 21:54:27,62.1,54.025413513183594,8.074586486816408,8.074586486816408
2026-12-02 21:54:32,55.6,54.800357818603516,0.7996421813964858,0.7996421813964858
2026-12-02 21:54:37,49.5,54.46047592163086,-4.960475921630859,4.960475921630859
2026-12-02 21:54:41,59.199999999999996,54.588233947753906,4.6117660522460895,4.6117660522460895
2026-12-02 21:54:46,61.9,54.59653091430664,7.303469085693358,7.303469085693358
2026-12-02 21:54:51,57.4,54.691993713378906,2.7080062866210923,2.7080062866210923
2026-12-02 21:54:55,53.0,55.24734878540039,-2.2473487854003906,2.2473487854003906
2026-12-02 21:55:00,55.6,54.6212272644043,0.9787727355957045,0.9787727355957045
2026-12-02 21:55:05,54.300000000000004,54.22858810424805,0.07141189575195739,0.07141189575195739
2026-12-02 21:55:09,57.3,54.18593978881836,3.114060211181638,3.114060211181638
2026-12-02 21:55:14,52.4,54.368568420410156,-1.9685684204101577,1.9685684204101577
2026-12-02 21:55:19,72.9,54.00856399536133,18.891436004638678,18.891436004638678
2026-12-02 21:55:24,55.6,54.82590866088867,0.7740913391113295,0.7740913391113295
2026-12-02 21:55:28,58.0,54.598907470703125,3.401092529296875,3.401092529296875
2026-12-02 21:55:33,55.5,55.31171798706055,0.18828201293945312,0.18828201293945312
2026-12-02 21:55:38,55.4,55.43649673461914,-0.036496734619142046,0.036496734619142046
2026-12-02 21:55:42,54.9,55.095054626464844,-0.19505462646484517,0.19505462646484517
2026-12-02 21:55:47,56.0,54.89659118652344,1.1034088134765625,1.1034088134765625
2026-12-02 21:55:52,63.7,54.844608306884766,8.855391693115237,8.855391693115237
2026-12-02 21:55:57,55.5,54.379085540771484,1.1209144592285156,1.1209144592285156
2026-12-02 21:56:01,61.0,54.635658264160156,6.364341735839844,6.364341735839844
2026-12-02 21:56:06,58.3,55.65034484863281,2.6496551513671847,2.6496551513671847
2026-12-02 21:56:11,54.4,55.6168327331543,-1.2168327331542983,1.2168327331542983
2026-12-02 21:56:15,61.0,55.150760650634766,5.849239349365234,5.849239349365234
2026-12-02 21:56:20,62.0,55.19609451293945,6.803905487060547,6.803905487060547
2026-12-02 21:56:25,59.1,56.011009216308594,3.0889907836914077,3.0889907836914077
2026-12-02 21:58:19,73.9,56.8159294128418,17.08407058715821,17.08407058715821
2026-12-02 21:58:24,68.8,57.90651321411133,10.893486785888669,10.893486785888669
2026-12-02 21:58:29,67.0,58.88346481323242,8.116535186767578,8.116535186767578
2026-12-02 21:58:33,65.9,60.67654800415039,5.223451995849615,5.223451995849615
2026-12-02 21:58:38,70.2,62.390724182128906,7.809275817871097,7.809275817871097
2026-12-02 21:58:43,58.0,64.44528198242188,-6.445281982421875,6.445281982421875
2026-12-02 21:58:47,57.6,64.63313293457031,-7.033132934570311,7.033132934570311
2026-12-02 21:58:52,51.099999999999994,63.024940490722656,-11.924940490722662,11.924940490722662
2026-12-02 21:58:57,66.0,59.95665740966797,6.043342590332031,6.043342590332031
2026-12-02 21:59:02,52.8,60.32453918457031,-7.524539184570315,7.524539184570315
2026-12-02 21:59:06,60.7,59.65312957763672,1.046870422363284,1.046870422363284
2026-12-02 21:59:11,66.2,57.94697570800781,8.25302429199219,8.25302429199219
2026-12-02 21:59:16,76.2,57.536190032958984,18.66380996704102,18.66380996704102
2026-12-02 21:59:20,66.0,57.45301055908203,8.546989440917969,8.546989440917969
2026-12-02 21:59:25,77.1,58.04878234863281,19.051217651367182,19.051217651367182
2026-12-02 21:59:30,58.400000000000006,58.60460662841797,-0.20460662841796307,0.20460662841796307
2026-12-02 21:59:35,78.0,58.439090728759766,19.560909271240234,19.560909271240234
2026-12-02 21:59:39,69.5,59.636688232421875,9.863311767578125,9.863311767578125
2026-12-02 21:59:44,69.0,59.21238327026367,9.787616729736328,9.787616729736328
2026-12-02 21:59:49,63.5,58.55891799926758,4.941082000732422,4.941082000732422
2026-12-02 21:59:53,63.900000000000006,60.312599182128906,3.5874008178710994,3.5874008178710994
2026-12-02 21:59:58,61.8,61.458988189697266,0.34101181030273153,0.34101181030273153
2026-12-02 22:00:03,67.4,61.689178466796875,5.710821533203131,5.710821533203131
2026-12-02 22:00:07,51.7,60.68389129638672,-8.983891296386716,8.983891296386716
2026-12-02 22:00:12,54.2,59.00898742675781,-4.80898742675781,4.80898742675781
2026-12-02 22:00:17,62.3,58.43222427368164,3.8677757263183565,3.8677757263183565
2026-12-02 22:00:22,60.2,58.834129333496094,1.365870666503909,1.365870666503909
2026-12-02 22:00:26,57.8,59.19721603393555,-1.3972160339355497,1.3972160339355497
2026-12-02 22:00:31,59.599999999999994,59.04916763305664,0.5508323669433537,0.5508323669433537
2026-12-02 22:00:36,58.699999999999996,59.03345489501953,-0.3334548950195355,0.3334548950195355
2026-12-02 22:00:40,54.8,58.40620803833008,-3.606208038330081,3.606208038330081
2026-12-02 22:00:45,54.8,57.82142639160156,-3.0214263916015653,3.0214263916015653
2026-12-02 22:00:50,60.5,56.856658935546875,3.643341064453125,3.643341064453125
2026-12-02 22:00:55,57.2,57.44934844970703,-0.2493484497070284,0.2493484497070284
2026-12-02 22:00:59,54.7,57.130645751953125,-2.430645751953122,2.430645751953122
2026-12-02 22:01:04,53.2,56.75366973876953,-3.5536697387695284,3.5536697387695284
2026-12-02 22:01:09,66.2,55.681068420410156,10.518931579589847,10.518931579589847
2026-12-02 22:01:13,54.4,56.24347686767578,-1.8434768676757827,1.8434768676757827
2026-12-02 22:01:18,65.0,56.79595947265625,8.20404052734375,8.20404052734375
2026-12-02 22:01:23,63.5,57.76301574707031,5.7369842529296875,5.7369842529296875
2026-12-02 22:01:27,56.0,58.50069046020508,-2.500690460205078,2.500690460205078
2026-12-02 22:01:32,58.9,57.67552185058594,1.224478149414061,1.224478149414061
2026-12-02 22:01:37,62.900000000000006,57.591041564941406,5.308958435058599,5.308958435058599
2026-12-02 22:01:42,62.0,56.38678741455078,5.613212585449219,5.613212585449219
2026-12-02 22:01:46,63.4,57.437477111816406,5.962522888183592,5.962522888183592
2026-12-02 22:01:51,56.8,59.13916015625,-2.339160156250003,2.339160156250003
2026-12-02 22:01:56,69.4,58.707218170166016,10.69278182983399,10.69278182983399
2026-12-02 22:02:00,53.3,58.1660270690918,-4.8660270690918,4.8660270690918
2026-12-02 22:02:05,57.099999999999994,57.438411712646484,-0.33841171264649006,0.33841171264649006
2026-12-02 22:02:10,53.900000000000006,56.446319580078125,-2.5463195800781193,2.5463195800781193
2026-12-02 22:02:15,52.199999999999996,55.74289321899414,-3.542893218994145,3.542893218994145
2026-12-02 22:02:19,56.9,54.50368881225586,2.396311187744139,2.396311187744139
2026-12-02 22:02:24,56.4,53.93079376220703,2.4692062377929673,2.4692062377929673
2026-12-02 22:02:29,58.6,54.611961364746094,3.9880386352539077,3.9880386352539077
2026-12-02 22:02:33,55.6,54.97813034057617,0.6218696594238295,0.6218696594238295
2026-12-02 22:02:38,56.400000000000006,54.665794372558594,1.734205627441412,1.734205627441412
2026-12-02 22:02:43,65.4,55.24778747558594,10.152212524414068,10.152212524414068
2026-12-02 22:02:47,58.5,56.45869827270508,2.041301727294922,2.041301727294922
2026-12-02 22:02:52,53.599999999999994,56.824974060058594,-3.2249740600585994,3.2249740600585994
2026-12-02 22:02:57,61.5,56.492759704589844,5.007240295410156,5.007240295410156
2026-12-02 22:03:02,64.3,56.812320709228516,7.4876792907714815,7.4876792907714815
2026-12-02 22:03:06,60.3,58.67042541503906,1.6295745849609347,1.6295745849609347
2026-12-02 22:03:11,60.5,59.016483306884766,1.4835166931152344,1.4835166931152344
2026-12-02 22:03:16,57.8,58.589576721191406,-0.7895767211914091,0.7895767211914091
2026-12-02 22:03:20,57.800000000000004,58.37344741821289,-0.5734474182128864,0.5734474182128864
2026-12-02 22:03:25,56.1,58.234745025634766,-2.134745025634764,2.134745025634764
2026-12-02 22:03:30,61.8,57.9362678527832,3.863732147216794,3.863732147216794
2026-12-02 22:03:35,141.7,57.78313064575195,83.91686935424804,83.91686935424804
2026-12-02 22:03:39,60.800000000000004,55.58252716064453,5.217472839355473,5.217472839355473
2026-12-02 22:03:44,63.2,57.472537994384766,5.727462005615237,5.727462005615237
2026-12-02 22:03:49,57.4,59.84157180786133,-2.4415718078613295,2.4415718078613295
2026-12-02 22:03:53,57.099999999999994,59.19013214111328,-2.090132141113287,2.090132141113287
2026-12-02 22:03:58,65.2,58.32279968261719,6.877200317382815,6.877200317382815
2026-12-02 22:04:03,63.5,58.52399444580078,4.976005554199219,4.976005554199219
2026-12-02 22:04:07,67.1,58.74549102783203,8.354508972167963,8.354508972167963
2026-12-02 22:04:12,60.800000000000004,59.06077575683594,1.7392242431640668,1.7392242431640668
2026-12-02 22:04:17,62.7,59.41169738769531,3.2883026123046903,3.2883026123046903
2026-12-02 22:04:22,58.2,58.921329498291016,-0.7213294982910128,0.7213294982910128
2026-12-02 22:04:26,56.0,59.08658981323242,-3.086589813232422,3.086589813232422
2026-12-02 22:04:31,59.0,57.90330505371094,1.0966949462890625,1.0966949462890625
2026-12-02 22:04:36,66.5,57.95383834838867,8.546161651611328,8.546161651611328
2026-12-02 22:04:40,71.9,58.79182815551758,13.108171844482428,13.108171844482428
2026-12-02 22:04:45,63.5,61.72358322143555,1.7764167785644531,1.7764167785644531
2026-12-02 22:04:50,69.1,62.975894927978516,6.124105072021479,6.124105072021479
2026-12-02 22:04:55,60.5,63.747032165527344,-3.2470321655273438,3.2470321655273438
2026-12-02 22:04:59,61.3,62.610286712646484,-1.3102867126464872,1.3102867126464872
2026-12-02 22:05:04,65.3,62.38374328613281,2.9162567138671847,2.9162567138671847
2026-12-02 22:05:09,66.0,62.17251205444336,3.8274879455566406,3.8274879455566406
2026-12-02 22:05:13,56.800000000000004,62.79955291748047,-5.9995529174804645,5.9995529174804645
2026-12-02 22:05:18,67.2,61.971351623535156,5.228648376464847,5.228648376464847
2026-12-02 22:05:23,71.4,61.27107620239258,10.128923797607428,10.128923797607428
2026-12-02 22:05:27,69.9,61.67658233642578,8.223417663574224,8.223417663574224
2026-12-02 22:05:32,71.9,63.13298034667969,8.767019653320318,8.767019653320318
2026-12-02 22:05:37,63.099999999999994,64.64547729492188,-1.5454772949218807,1.5454772949218807
2026-12-02 22:05:42,56.4,63.873374938964844,-7.473374938964845,7.473374938964845
2026-12-02 22:05:46,63.5,62.83126449584961,0.6687355041503906,0.6687355041503906
2026-12-02 22:05:51,62.8,62.06615447998047,0.7338455200195284,0.7338455200195284
2026-12-02 22:05:56,53.0,61.662574768066406,-8.662574768066406,8.662574768066406
2026-12-02 22:06:00,58.5,60.36028289794922,-1.8602828979492188,1.8602828979492188
2026-12-02 22:06:05,60.5,59.48578643798828,1.0142135620117188,1.0142135620117188
2026-12-02 22:06:10,59.3,59.84906005859375,-0.5490600585937528,0.5490600585937528
2026-12-02 22:06:15,62.1,59.61083984375,2.4891601562500014,2.4891601562500014
2026-12-02 22:06:19,53.400000000000006,58.89837646484375,-5.498376464843744,5.498376464843744
2026-12-02 22:06:24,67.3,57.52295684814453,9.777043151855466,9.777043151855466
2026-12-02 22:06:29,56.099999999999994,57.570167541503906,-1.470167541503912,1.470167541503912
2026-12-02 22:06:33,57.7,57.5394172668457,0.16058273315429972,0.16058273315429972
2026-12-02 22:06:38,57.6,57.15353012084961,0.44646987915039205,0.44646987915039205
2026-12-02 22:06:43,65.7,56.62124252319336,9.078757476806643,9.078757476806643
2026-12-02 22:06:47,70.19999999999999,57.52497482299805,12.675025177001942,12.675025177001942
2026-12-02 22:06:52,62.900000000000006,59.79463577270508,3.1053642272949276,3.1053642272949276
2026-12-02 22:06:57,77.4,59.63513946533203,17.764860534667974,17.764860534667974
2026-12-02 22:07:02,57.3,60.10832977294922,-2.8083297729492216,2.8083297729492216
2026-12-02 22:07:06,65.8,59.295570373535156,6.504429626464841,6.504429626464841
2026-12-02 22:07:11,68.2,60.00513458251953,8.194865417480472,8.194865417480472
2026-12-02 22:07:16,58.3,61.331607818603516,-3.0316078186035185,3.0316078186035185
2026-12-02 22:07:20,56.1,60.417991638183594,-4.317991638183592,4.317991638183592
2026-12-02 22:07:25,59.0,59.855926513671875,-0.855926513671875,0.855926513671875
2026-12-02 22:07:30,50.8,59.4379997253418,-8.6379997253418,8.6379997253418
2026-12-02 22:07:35,58.1,57.58615493774414,0.5138450622558608,0.5138450622558608
2026-12-02 22:07:39,53.9,55.71693420410156,-1.816934204101564,1.816934204101564
2026-12-02 22:07:44,50.8,55.30341720581055,-4.50341720581055,4.50341720581055
2026-12-02 22:07:49,59.8,54.04777526855469,5.75222473144531,5.75222473144531
2026-12-02 22:07:53,58.1,54.258689880371094,3.8413101196289077,3.8413101196289077
2026-12-02 22:07:58,56.5,55.005455017089844,1.4945449829101562,1.4945449829101562
2026-12-02 22:08:03,75.9,54.90227508544922,20.997724914550787,20.997724914550787
2026-12-02 22:08:07,63.099999999999994,54.63032531738281,8.469674682617182,8.469674682617182
2026-12-02 22:08:12,59.7,56.54624557495117,3.153754425048831,3.153754425048831
2026-12-02 22:08:17,49.0,56.908042907714844,-7.908042907714844,7.908042907714844
2026-12-02 22:08:22,55.599999999999994,55.975833892822266,-0.3758338928222713,0.3758338928222713
2026-12-02 22:08:26,54.6,54.91523742675781,-0.3152374267578111,0.3152374267578111
2026-12-02 22:08:31,58.3,53.90937805175781,4.390621948242185,4.390621948242185
2026-12-02 22:08:36,57.3,54.40925216674805,2.8907478332519503,2.8907478332519503
2026-12-02 22:08:40,57.1,55.09415054321289,2.005849456787111,2.005849456787111
2026-12-02 22:08:45,55.6,55.201419830322266,0.3985801696777358,0.3985801696777358
2026-12-02 22:08:50,58.0,55.11790466308594,2.8820953369140625,2.8820953369140625
2026-12-02 22:08:55,63.900000000000006,55.07184600830078,8.828153991699224,8.828153991699224
2026-12-02 22:08:59,56.099999999999994,55.10313415527344,0.9968658447265568,0.9968658447265568
2026-12-02 22:09:04,61.5,55.848514556884766,5.651485443115234,5.651485443115234
2026-12-02 22:09:09,47.5,55.93857955932617,-8.438579559326172,8.438579559326172
2026-12-02 22:09:13,56.2,55.10173034667969,1.0982696533203153,1.0982696533203153
2026-12-02 22:09:18,61.3,54.693870544433594,6.606129455566403,6.606129455566403
2026-12-02 22:09:23,67.5,55.02760696411133,12.472393035888672,12.472393035888672
2026-12-02 22:09:27,51.900000000000006,56.853450775146484,-4.953450775146479,4.953450775146479
2026-12-02 22:09:32,57.9,56.41376876831055,1.4862312316894517,1.4862312316894517
2026-12-02 22:09:37,50.1,55.44330596923828,-5.34330596923828,5.34330596923828
2026-12-02 22:09:42,53.099999999999994,54.81995391845703,-1.719953918457037,1.719953918457037
2026-12-02 22:09:46,59.3,53.92822265625,5.371777343749997,5.371777343749997
2026-12-02 22:09:51,52.199999999999996,52.75058364868164,-0.5505836486816449,0.5505836486816449
2026-12-02 22:09:56,53.0,53.429176330566406,-0.42917633056640625,0.42917633056640625
2026-12-02 22:10:00,52.7,53.495628356933594,-0.7956283569335909,0.7956283569335909
2026-12-02 22:10:05,59.7,53.38045883178711,6.3195411682128935,6.3195411682128935
2026-12-02 22:10:10,61.8,54.018680572509766,7.7813194274902315,7.7813194274902315
2026-12-02 22:10:15,54.599999999999994,53.87237548828125,0.7276245117187443,0.7276245117187443
2026-12-02 22:10:19,56.5,53.979061126708984,2.5209388732910156,2.5209388732910156
2026-12-02 22:10:24,56.900000000000006,53.91600036621094,2.983999633789068,2.983999633789068
2026-12-02 22:10:29,60.9,54.786537170410156,6.113462829589842,6.113462829589842
2026-12-02 22:10:33,66.6,54.424835205078125,12.17516479492187,12.17516479492187
2026-12-02 22:10:38,66.80000000000001,55.16168212890625,11.638317871093761,11.638317871093761
2026-12-02 22:10:43,64.0,55.96041488647461,8.03958511352539,8.03958511352539
2026-12-02 22:10:47,53.6,56.90863037109375,-3.3086303710937486,3.3086303710937486
2026-12-02 22:10:52,48.6,57.333717346191406,-8.733717346191405,8.733717346191405
2026-12-02 22:10:57,52.1,55.68916702270508,-3.5891670227050767,3.5891670227050767
2026-12-02 22:11:02,58.1,54.53025817871094,3.569741821289064,3.569741821289064
2026-12-02 22:11:06,52.5,54.96138381958008,-2.461383819580078,2.461383819580078
2026-12-02 22:11:11,52.0,54.49345397949219,-2.4934539794921875,2.4934539794921875
2026-12-02 22:11:16,53.8,53.8246955871582,-0.024695587158205967,0.024695587158205967
2026-12-02 22:11:20,68.19999999999999,53.63232421875,14.567675781249989,14.567675781249989
2026-12-02 22:11:25,56.3,53.775577545166016,2.5244224548339815,2.5244224548339815
2026-12-02 22:11:30,59.4,54.58018112182617,4.819818878173827,4.819818878173827
2026-12-02 22:11:35,61.3,54.28806686401367,7.011933135986325,7.011933135986325
2026-12-02 22:11:39,47.3,54.722145080566406,-7.422145080566409,7.422145080566409
2026-12-02 22:11:44,60.1,54.19328689575195,5.906713104248048,5.906713104248048
2026-12-02 22:11:49,61.2,54.70621871948242,6.493781280517581,6.493781280517581
2026-12-02 22:11:53,59.2,55.15217971801758,4.047820281982425,4.047820281982425
2026-12-02 22:11:58,56.2,56.29081726074219,-0.09081726074218466,0.09081726074218466
2026-12-02 22:12:03,56.5,56.2008171081543,0.2991828918457031,0.2991828918457031
2026-12-02 22:12:08,57.6,55.38267517089844,2.217324829101564,2.217324829101564
2026-12-02 22:12:12,58.2,55.91014862060547,2.289851379394534,2.289851379394534
2026-12-02 22:12:17,56.3,56.087093353271484,0.21290664672851278,0.21290664672851278
2026-12-02 22:12:22,49.900000000000006,56.09265899658203,-6.192658996582026,6.192658996582026
2026-12-02 22:12:26,54.1,55.08290100097656,-0.9829010009765611,0.9829010009765611
2026-12-02 22:12:31,52.4,54.90410232543945,-2.5041023254394545,2.5041023254394545
2026-12-02 22:12:36,53.400000000000006,54.118656158447266,-0.7186561584472599,0.7186561584472599
2026-12-02 22:12:40,60.0,54.09284591674805,5.907154083251953,5.907154083251953
2026-12-02 22:12:45,61.8,54.00660705566406,7.793392944335935,7.793392944335935
2026-12-02 22:12:50,57.900000000000006,54.63536071777344,3.264639282226568,3.264639282226568
2026-12-02 22:12:55,51.6,55.92034149169922,-4.320341491699217,4.320341491699217
2026-12-02 22:12:59,62.3,55.29035949707031,7.009640502929685,7.009640502929685
2026-12-02 22:13:04,58.900000000000006,54.45008087158203,4.449919128417974,4.449919128417974
2026-12-02 22:13:09,56.699999999999996,54.570152282714844,2.129847717285152,2.129847717285152
2026-12-02 22:13:13,65.19999999999999,55.28656005859375,9.913439941406239,9.913439941406239
2026-12-02 22:13:18,57.5,56.10716247558594,1.3928375244140625,1.3928375244140625
2026-12-02 22:13:23,61.900000000000006,56.533573150634766,5.36642684936524,5.36642684936524
2026-12-02 22:13:28,55.099999999999994,57.05167770385742,-1.9516777038574276,1.9516777038574276
2026-12-02 22:13:32,63.6,56.86820983886719,6.731790161132814,6.731790161132814
2026-12-02 22:13:37,51.5,56.994476318359375,-5.494476318359375,5.494476318359375
2026-12-02 22:13:42,64.9,56.01129150390625,8.888708496093756,8.888708496093756
2026-12-02 22:13:46,56.8,55.20853805541992,1.5914619445800753,1.5914619445800753
2026-12-02 22:13:51,51.7,56.0350456237793,-4.335045623779294,4.335045623779294
2026-12-02 22:13:56,60.2,55.717979431152344,4.482020568847659,4.482020568847659
2026-12-02 22:14:00,60.4,55.565032958984375,4.834967041015624,4.834967041015624
2026-12-02 22:14:05,65.2,55.601966857910156,9.598033142089847,9.598033142089847
2026-12-02 22:14:10,52.0,56.793251037597656,-4.793251037597656,4.793251037597656
2026-12-02 22:14:15,56.2,56.010887145996094,0.1891128540039091,0.1891128540039091
2026-12-02 22:14:19,56.3,54.90190505981445,1.398094940185544,1.398094940185544
2026-12-02 22:14:24,50.4,55.116294860839844,-4.716294860839845,4.716294860839845
2026-12-02 22:14:29,52.9,54.71649169921875,-1.8164916992187514,1.8164916992187514
2026-12-02 22:14:33,61.099999999999994,53.97867965698242,7.121320343017572,7.121320343017572
2026-12-02 22:14:38,67.6,54.76689529418945,12.833104705810541,12.833104705810541
2026-12-02 22:14:43,52.7,56.171165466308594,-3.471165466308591,3.471165466308591
2026-12-02 22:14:48,56.2,55.967227935791016,0.23277206420898722,0.23277206420898722
2026-12-02 22:14:52,51.7,54.61960983276367,-2.919609832763669,2.919609832763669
2026-12-02 22:14:57,53.5,53.49319839477539,0.006801605224609375,0.006801605224609375
2026-12-02 22:15:02,60.3,53.79709243774414,6.5029075622558565,6.5029075622558565
2026-12-02 22:15:06,56.3,54.42923355102539,1.8707664489746065,1.8707664489746065
2026-12-02 22:15:11,52.599999999999994,53.422672271728516,-0.8226722717285213,0.8226722717285213
2026-12-02 22:15:16,54.2,53.540035247802734,0.6599647521972685,0.6599647521972685
2026-12-02 22:15:20,55.4,53.00818634033203,2.3918136596679673,2.3918136596679673
2026-12-02 22:15:25,52.699999999999996,52.40733337402344,0.29266662597655824,0.29266662597655824
2026-12-02 22:15:30,47.3,52.10918426513672,-4.809184265136722,4.809184265136722
2026-12-02 22:15:35,58.7,52.0892448425293,6.610755157470706,6.610755157470706
2026-12-02 22:15:39,56.900000000000006,51.882320404052734,5.017679595947271,5.017679595947271
2026-12-02 22:15:44,56.4,52.61589431762695,3.7841056823730455,3.7841056823730455
2026-12-02 22:15:49,59.8,52.430503845214844,7.369496154785153,7.369496154785153
2026-12-02 22:15:53,64.5,52.790382385253906,11.709617614746094,11.709617614746094
2026-12-02 22:15:58,55.2,53.30425262451172,1.895747375488284,1.895747375488284
2026-12-02 22:16:03,53.9,54.371612548828125,-0.4716125488281264,0.4716125488281264
2026-12-02 22:16:08,58.599999999999994,53.693153381347656,4.906846618652338,4.906846618652338
2026-12-02 22:16:12,49.2,53.606868743896484,-4.4068687438964815,4.4068687438964815
2026-12-02 22:16:17,57.599999999999994,53.146705627441406,4.453294372558588,4.453294372558588
2026-12-02 22:16:22,58.7,52.95610809326172,5.743891906738284,5.743891906738284
2026-12-02 22:16:26,56.9,53.28705596923828,3.6129440307617173,3.6129440307617173
2026-12-02 22:16:31,57.4,53.48192596435547,3.91807403564453,3.91807403564453
2026-12-02 22:16:36,58.8,54.24748992919922,4.552510070800778,4.552510070800778
2026-12-02 22:16:40,50.5,54.57284927368164,-4.072849273681641,4.072849273681641
2026-12-02 22:16:45,58.400000000000006,54.202598571777344,4.197401428222662,4.197401428222662
2026-12-02 22:16:50,53.3,53.40052795410156,-0.10052795410156534,0.10052795410156534
2026-12-02 22:16:55,57.7,53.90740203857422,3.792597961425784,3.792597961425784
2026-12-02 22:16:59,67.0,53.91476821899414,13.08523178100586,13.08523178100586
2026-12-02 22:17:04,57.0,55.73745346069336,1.2625465393066406,1.2625465393066406
2026-12-02 22:17:09,55.5,56.4969482421875,-0.9969482421875,0.9969482421875
2026-12-02 22:17:13,52.6,55.785762786865234,-3.185762786865233,3.185762786865233
2026-12-02 22:17:18,62.9,54.97901916503906,7.920980834960936,7.920980834960936
2026-12-02 22:17:23,56.599999999999994,55.731143951416016,0.8688560485839787,0.8688560485839787
2026-12-02 22:17:28,56.1,55.16584396362305,0.9341560363769545,0.9341560363769545
2026-12-02 22:17:32,57.2,55.67539978027344,1.5246002197265653,1.5246002197265653
2026-12-02 22:17:37,68.5,55.236900329589844,13.263099670410156,13.263099670410156
2026-12-02 22:17:42,63.0,55.95696258544922,7.043037414550781,7.043037414550781
2026-12-02 22:17:46,65.69999999999999,57.25544357299805,8.444556427001942,8.444556427001942
2026-12-02 22:17:51,51.5,58.99833679199219,-7.4983367919921875,7.4983367919921875
2026-12-02 22:17:56,55.2,57.67616653442383,-2.4761665344238253,2.4761665344238253
2026-12-02 22:18:00,62.1,57.0252799987793,5.0747200012207045,5.0747200012207045
2026-12-02 22:18:05,56.6,57.736900329589844,-1.1369003295898423,1.1369003295898423
2026-12-02 22:18:10,62.2,56.930641174316406,5.269358825683597,5.269358825683597
2026-12-02 22:18:15,61.9,57.169578552246094,4.730421447753905,4.730421447753905
2026-12-02 22:18:19,55.4,57.6726188659668,-2.2726188659667983,2.2726188659667983
2026-12-02 22:18:24,53.0,58.222068786621094,-5.222068786621094,5.222068786621094
2026-12-02 22:18:29,58.7,56.87989044189453,1.8201095581054716,1.8201095581054716
2026-12-02 22:18:33,51.6,56.7706184387207,-5.170618438720702,5.170618438720702
2026-12-02 22:18:38,54.900000000000006,55.12983322143555,-0.2298332214355412,0.2298332214355412
2026-12-02 22:18:43,54.5,54.65009689331055,-0.15009689331054688,0.15009689331054688
2026-12-02 22:18:48,56.9,54.71442794799805,2.1855720520019517,2.1855720520019517
2026-12-02 22:18:52,58.800000000000004,54.52818298339844,4.271817016601567,4.271817016601567
2026-12-02 22:18:57,56.2,54.34245300292969,1.8575469970703153,1.8575469970703153
2026-12-02 22:19:02,56.599999999999994,54.92828369140625,1.6717163085937443,1.6717163085937443
2026-12-02 22:19:06,61.3,54.900245666503906,6.399754333496091,6.399754333496091
2026-12-02 22:19:11,58.6,55.206661224365234,3.393338775634767,3.393338775634767
2026-12-02 22:19:16,57.7,55.94100570678711,1.7589942932128935,1.7589942932128935
2026-12-02 22:19:20,61.3,55.029266357421875,6.270733642578122,6.270733642578122
2026-12-02 22:19:25,59.0,55.37778091430664,3.6222190856933594,3.6222190856933594
2026-12-02 22:19:30,51.6,56.526676177978516,-4.926676177978514,4.926676177978514
2026-12-02 22:19:35,57.0,55.911354064941406,1.0886459350585938,1.0886459350585938
2026-12-02 22:19:39,63.5,55.46488571166992,8.035114288330078,8.035114288330078
2026-12-02 22:19:44,54.7,55.594200134277344,-0.8942001342773409,0.8942001342773409
2026-12-02 22:19:49,53.900000000000006,54.74387741088867,-0.8438774108886662,0.8438774108886662
2026-12-02 22:19:53,52.300000000000004,54.5391960144043,-2.2391960144042926,2.2391960144042926
2026-12-02 22:19:58,59.0,54.02204895019531,4.9779510498046875,4.9779510498046875
2026-12-02 22:20:03,59.0,54.028507232666016,4.971492767333984,4.971492767333984
2026-12-02 22:20:08,55.3,54.10081100463867,1.1991889953613253,1.1991889953613253
2026-12-02 22:20:12,51.2,54.22024917602539,-3.020249176025388,3.020249176025388
2026-12-02 22:20:17,56.3,53.33625411987305,2.9637458801269503,2.9637458801269503
2026-12-02 22:20:22,53.2,53.24749755859375,-0.04749755859374716,0.04749755859374716
2026-12-02 22:20:26,59.4,53.56768035888672,5.83231964111328,5.83231964111328
2026-12-02 22:20:31,56.4,53.01380920410156,3.386190795898436,3.386190795898436
2026-12-02 22:20:36,57.800000000000004,54.09192657470703,3.708073425292973,3.708073425292973
2026-12-02 22:20:40,55.599999999999994,54.59525680541992,1.0047431945800724,1.0047431945800724
2026-12-02 22:20:45,53.9,54.55312728881836,-0.6531272888183608,0.6531272888183608
2026-12-02 22:20:50,60.3,53.86005401611328,6.439945983886716,6.439945983886716
2026-12-02 22:20:55,51.599999999999994,53.978328704833984,-2.37832870483399,2.37832870483399
2026-12-02 22:20:59,51.1,53.362098693847656,-2.262098693847655,2.262098693847655
2026-12-02 22:21:04,48.0,52.92838668823242,-4.928386688232422,4.928386688232422
2026-12-02 22:21:09,50.599999999999994,52.47164535522461,-1.871645355224615,1.871645355224615
2026-12-02 22:21:13,56.900000000000006,52.25165939331055,4.648340606689459,4.648340606689459
2026-12-02 22:21:18,53.4,52.63311767578125,0.7668823242187486,0.7668823242187486
2026-12-02 22:21:23,50.8,52.33914566040039,-1.5391456604003935,1.5391456604003935
2026-12-02 22:21:28,53.1,52.262638092041016,0.8373619079589858,0.8373619079589858
2026-12-02 22:21:32,56.599999999999994,51.970916748046875,4.629083251953119,4.629083251953119
2026-12-02 22:21:37,51.5,52.03548049926758,-0.5354804992675781,0.5354804992675781
2026-12-02 22:21:42,59.1,52.07725524902344,7.022744750976564,7.022744750976564
2026-12-02 22:21:46,49.0,52.02001953125,-3.02001953125,3.02001953125
2026-12-02 22:21:51,55.6,52.1446647644043,3.4553352355957045,3.4553352355957045
2026-12-02 22:21:56,56.0,52.278076171875,3.721923828125,3.721923828125
2026-12-02 22:22:00,54.2,52.56059265136719,1.6394073486328153,1.6394073486328153
2026-12-02 22:22:05,66.0,52.1749382019043,13.825061798095703,13.825061798095703
2026-12-02 22:22:10,65.3,52.43888473510742,12.861115264892575,12.861115264892575
2026-12-02 22:22:15,57.0,54.94997787475586,2.0500221252441406,2.0500221252441406
2026-12-02 22:22:19,66.0,54.37670135498047,11.623298645019531,11.623298645019531
2026-12-02 22:22:24,53.9,54.86460876464844,-0.9646087646484389,0.9646087646484389
2026-12-02 22:22:29,54.3,55.416534423828125,-1.1165344238281278,1.1165344238281278
2026-12-02 22:22:33,51.6,55.385643005371094,-3.7856430053710923,3.7856430053710923
2026-12-02 22:22:38,46.4,54.61252212524414,-8.212522125244142,8.212522125244142
2026-12-02 22:22:43,56.0,53.516536712646484,2.4834632873535156,2.4834632873535156
2026-12-02 22:22:48,52.199999999999996,53.99501419067383,-1.7950141906738324,1.7950141906738324
2026-12-02 22:22:52,55.8,53.706668853759766,2.0933311462402315,2.0933311462402315
2026-12-02 22:22:57,55.5,53.92561721801758,1.5743827819824219,1.5743827819824219
2026-12-02 22:23:02,48.8,53.91184616088867,-5.111846160888675,5.111846160888675
2026-12-02 22:23:06,56.1,53.43503189086914,2.664968109130861,2.664968109130861
2026-12-02 22:23:11,60.9,53.061458587646484,7.838541412353514,7.838541412353514
2026-12-02 22:23:16,56.2,52.817893981933594,3.382106018066409,3.382106018066409
2026-12-02 22:23:20,55.699999999999996,53.25944137573242,2.440558624267574,2.440558624267574
2026-12-02 22:23:25,59.300000000000004,53.86859130859375,5.431408691406254,5.431408691406254
2026-12-02 22:23:30,57.400000000000006,54.33957290649414,3.060427093505865,3.060427093505865
2026-12-02 22:23:35,56.8,54.9832649230957,1.816735076904294,1.816735076904294
2026-12-02 22:23:39,62.8,54.57083511352539,8.229164886474607,8.229164886474607
2026-12-02 22:23:44,56.7,54.14649963378906,2.5535003662109403,2.5535003662109403
2026-12-02 22:23:49,60.5,53.73107147216797,6.768928527832031,6.768928527832031
2026-12-02 22:23:53,57.0,55.30323791503906,1.6967620849609375,1.6967620849609375
2026-12-02 22:23:58,52.1,55.9642219543457,-3.8642219543457017,3.8642219543457017
2026-12-02 22:24:03,56.0,55.248924255371094,0.7510757446289062,0.7510757446289062
2026-12-02 22:24:08,55.300000000000004,54.454959869384766,0.8450401306152386,0.8450401306152386
2026-12-02 22:24:12,59.6,54.51996994018555,5.0800300598144545,5.0800300598144545
2026-12-02 22:24:17,50.3,54.08335494995117,-3.7833549499511747,3.7833549499511747
2026-12-02 22:24:22,59.2,54.198482513427734,5.0015174865722685,5.0015174865722685
2026-12-02 22:24:26,54.1,54.561222076416016,-0.4612220764160142,0.4612220764160142
2026-12-02 22:24:31,50.8,55.09383010864258,-4.293830108642581,4.293830108642581
2026-12-02 22:24:36,63.400000000000006,54.20983123779297,9.190168762207037,9.190168762207037
2026-12-02 22:24:40,48.5,54.150455474853516,-5.650455474853516,5.650455474853516
2026-12-02 22:24:45,54.400000000000006,53.22408676147461,1.1759132385253963,1.1759132385253963
2026-12-02 22:24:50,52.7,53.42173767089844,-0.7217376708984347,0.7217376708984347
2026-12-02 22:24:55,50.1,53.566707611083984,-3.466707611083983,3.466707611083983
2026-12-02 22:24:59,79.5,53.185386657714844,26.314613342285156,26.314613342285156
2026-12-02 22:25:04,60.5,52.237266540527344,8.262733459472656,8.262733459472656
2026-12-02 22:25:09,51.900000000000006,53.83235549926758,-1.9323554992675724,1.9323554992675724
2026-12-02 22:25:13,48.6,54.36278533935547,-5.762785339355467,5.762785339355467
2026-12-02 22:25:18,54.1,53.66922378540039,0.4307762145996108,0.4307762145996108
2026-12-02 22:25:23,55.7,53.4419059753418,2.258094024658206,2.258094024658206
2026-12-02 22:25:28,51.099999999999994,52.922542572021484,-1.82254257202149,1.82254257202149
2026-12-02 22:25:32,65.1,53.3890495300293,11.710950469970697,11.710950469970697
2026-12-02 22:25:37,53.7,54.381954193115234,-0.6819541931152315,0.6819541931152315
2026-12-02 22:25:42,54.5,54.468353271484375,0.031646728515625,0.031646728515625
2026-12-02 22:25:46,59.099999999999994,53.820465087890625,5.279534912109369,5.279534912109369
2026-12-02 22:25:51,58.6,54.282135009765625,4.317864990234376,4.317864990234376
2026-12-02 22:25:56,54.4,54.743900299072266,-0.34390029907226705,0.34390029907226705
2026-12-02 22:26:00,56.6,53.79652404785156,2.803475952148439,2.803475952148439
2026-12-02 22:26:05,55.099999999999994,54.17516326904297,0.9248367309570256,0.9248367309570256
2026-12-02 22:26:10,59.4,53.86522674560547,5.53477325439453,5.53477325439453
2026-12-02 22:26:15,56.3,53.848655700683594,2.4513442993164034,2.4513442993164034
2026-12-02 22:26:19,58.800000000000004,54.40232849121094,4.397671508789067,4.397671508789067
2026-12-02 22:26:24,69.7,54.54317855834961,15.156821441650393,15.156821441650393
2026-12-02 22:26:29,57.400000000000006,54.83211135864258,2.5678886413574276,2.5678886413574276
2026-12-02 22:26:33,58.800000000000004,55.32667541503906,3.4733245849609418,3.4733245849609418
2026-12-02 22:26:38,65.1,55.80727767944336,9.292722320556635,9.292722320556635
2026-12-02 22:26:43,59.900000000000006,55.8212890625,4.078710937500006,4.078710937500006
2026-12-02 22:26:48,59.2,55.91999435424805,3.280005645751956,3.280005645751956
2026-12-02 22:26:52,55.4,55.770362854003906,-0.37036285400390767,0.37036285400390767
2026-12-02 22:26:57,57.5,56.27394104003906,1.2260589599609375,1.2260589599609375
2026-12-02 22:27:02,55.1,55.765342712402344,-0.6653427124023423,0.6653427124023423
2026-12-02 22:27:06,71.9,55.26955795288086,16.630442047119146,16.630442047119146
2026-12-02 22:27:11,56.699999999999996,55.908260345458984,0.7917396545410114,0.7917396545410114
2026-12-02 22:27:16,59.8,56.00025939941406,3.7997406005859347,3.7997406005859347
2026-12-02 22:27:20,60.6,56.37099838256836,4.229001617431642,4.229001617431642
2026-12-02 22:27:25,64.2,56.382041931152344,7.817958068847659,7.817958068847659
2026-12-02 22:27:30,60.699999999999996,55.80706024169922,4.892939758300777,4.892939758300777
2026-12-02 22:27:35,62.599999999999994,55.836181640625,6.763818359374994,6.763818359374994
2026-12-02 22:27:39,55.9,55.855709075927734,0.044290924072264204,0.044290924072264204
2026-12-02 22:27:44,63.699999999999996,55.19894027709961,8.501059722900386,8.501059722900386
2026-12-02 22:27:49,56.400000000000006,56.40058135986328,-0.0005813598632755657,0.0005813598632755657
2026-12-02 22:27:53,61.900000000000006,56.561561584472656,5.338438415527349,5.338438415527349
2026-12-02 22:27:58,52.800000000000004,56.81287384033203,-4.012873840332027,4.012873840332027
2026-12-02 22:28:03,72.6,55.41664123535156,17.183358764648432,17.183358764648432
2026-12-02 22:28:08,64.8,56.45554733276367,8.344452667236325,8.344452667236325
2026-12-02 22:28:12,62.099999999999994,57.352439880371094,4.747560119628901,4.747560119628901
2026-12-02 22:28:17,59.699999999999996,57.64301681518555,2.056983184814449,2.056983184814449
2026-12-02 22:28:22,56.900000000000006,57.48848342895508,-0.5884834289550724,0.5884834289550724
2026-12-02 22:28:26,59.3,57.298946380615234,2.001053619384763,2.001053619384763
2026-12-02 22:28:31,61.8,57.2717170715332,4.528282928466794,4.528282928466794
2026-12-02 22:28:36,66.3,57.03195571899414,9.268044281005857,9.268044281005857
2026-12-02 22:28:40,60.9,57.20901870727539,3.690981292724608,3.690981292724608
2026-12-02 22:28:45,65.6,57.614871978759766,7.985128021240229,7.985128021240229
2026-12-02 22:28:50,79.0,58.25535202026367,20.744647979736328,20.744647979736328
2026-12-02 22:28:55,57.7,57.231903076171875,0.46809692382812784,0.46809692382812784
2026-12-02 22:28:59,63.0,57.92287826538086,5.077121734619141,5.077121734619141
2026-12-02 22:29:04,63.400000000000006,58.4185905456543,4.981409454345709,4.981409454345709
2026-12-02 22:29:09,52.8,58.14387893676758,-5.343878936767581,5.343878936767581
2026-12-02 22:29:13,60.1,57.456871032714844,2.6431289672851577,2.6431289672851577
2026-12-02 22:29:18,57.3,57.16848373413086,0.13151626586913778,0.13151626586913778
2026-12-02 22:29:23,69.8,57.661197662353516,12.138802337646482,12.138802337646482
2026-12-02 22:29:28,61.8,57.55617141723633,4.243828582763669,4.243828582763669
2026-12-02 22:29:32,60.8,57.511619567871094,3.2883804321289034,3.2883804321289034
2026-12-02 22:29:37,64.30000000000001,57.681819915771484,6.618180084228527,6.618180084228527
2026-12-02 22:29:42,65.4,58.34376907348633,7.056230926513678,7.056230926513678
2026-12-02 22:29:46,69.80000000000001,57.21022033691406,12.589779663085949,12.589779663085949
2026-12-02 22:29:51,60.4,57.473140716552734,2.926859283447264,2.926859283447264
2026-12-02 22:29:56,68.3,58.145687103271484,10.154312896728513,10.154312896728513
2026-12-02 22:30:00,66.4,58.566444396972656,7.833555603027349,7.833555603027349
2026-12-02 22:30:05,69.8,59.42567443847656,10.374325561523435,10.374325561523435
2026-12-02 22:30:10,56.1,59.86109924316406,-3.761099243164061,3.761099243164061
2026-12-02 22:30:15,64.8,59.85764694213867,4.942353057861325,4.942353057861325
2026-12-02 22:30:19,61.7,59.98651123046875,1.7134887695312528,1.7134887695312528
2026-12-02 22:30:24,63.3,59.536834716796875,3.763165283203122,3.763165283203122
2026-12-02 22:30:29,65.69999999999999,59.14632034301758,6.5536796569824105,6.5536796569824105
2026-12-02 22:30:33,75.4,59.743412017822266,15.65658798217774,15.65658798217774
2026-12-02 22:30:38,63.5,62.27840805053711,1.2215919494628906,1.2215919494628906
2026-12-02 22:30:43,59.400000000000006,62.615108489990234,-3.2151084899902287,3.2151084899902287
2026-12-02 22:30:48,65.4,61.00618362426758,4.393816375732428,4.393816375732428
2026-12-02 22:30:52,58.400000000000006,60.89937210083008,-2.4993721008300724,2.4993721008300724
2026-12-02 22:30:57,62.6,60.53600311279297,2.0639968872070327,2.0639968872070327
2026-12-02 22:31:02,54.7,60.52406692504883,-5.824066925048825,5.824066925048825
2026-12-02 22:31:06,56.6,58.972415924072266,-2.372415924072264,2.372415924072264
2026-12-02 22:31:11,61.099999999999994,58.134315490722656,2.965684509277338,2.965684509277338
2026-12-02 22:31:16,57.7,58.298274993896484,-0.5982749938964815,0.5982749938964815
2026-12-02 22:31:20,55.0,57.80889892578125,-2.80889892578125,2.80889892578125
2026-12-02 22:31:25,53.5,56.638484954833984,-3.1384849548339844,3.1384849548339844
2026-12-02 22:31:30,57.7,55.90191650390625,1.7980834960937528,1.7980834960937528
2026-12-02 22:31:35,62.099999999999994,56.265472412109375,5.834527587890619,5.834527587890619
2026-12-02 22:31:39,57.2,56.00937271118164,1.1906272888183622,1.1906272888183622
2026-12-02 22:31:44,52.3,56.32960510253906,-4.029605102539065,4.029605102539065
2026-12-02 22:31:49,58.5,55.73655319213867,2.763446807861328,2.763446807861328
2026-12-02 22:31:53,54.400000000000006,56.28622817993164,-1.886228179931635,1.886228179931635
2026-12-02 22:31:58,48.3,56.30086898803711,-8.000868988037112,8.000868988037112
2026-12-02 22:32:03,54.400000000000006,54.97080993652344,-0.5708099365234318,0.5708099365234318
2026-12-02 22:32:08,54.5,54.37528991699219,0.1247100830078125,0.1247100830078125
2026-12-02 22:32:12,55.400000000000006,53.93567657470703,1.4643234252929744,1.4643234252929744
2026-12-02 22:32:17,57.099999999999994,54.84761428833008,2.252385711669916,2.252385711669916
2026-12-02 22:32:22,55.0,55.129150390625,-0.129150390625,0.129150390625
2026-12-02 22:32:26,51.8,54.92864990234375,-3.128649902343753,3.128649902343753
2026-12-02 22:32:31,54.8,53.9827880859375,0.8172119140624972,0.8172119140624972
2026-12-02 22:32:36,57.2,53.82756042480469,3.3724395751953153,3.3724395751953153
2026-12-02 22:32:41,56.599999999999994,53.77423095703125,2.8257690429687443,2.8257690429687443
2026-12-02 22:32:45,54.8,53.96074676513672,0.8392532348632784,0.8392532348632784
2026-12-02 22:32:50,63.9,54.15347671508789,9.746523284912108,9.746523284912108
2026-12-02 22:32:55,53.6,54.187843322753906,-0.5878433227539048,0.5878433227539048
2026-12-02 22:32:59,58.0,54.48011779785156,3.5198822021484375,3.5198822021484375
2026-12-02 22:33:04,56.5,55.00639343261719,1.4936065673828125,1.4936065673828125
2026-12-02 22:33:09,55.0,54.88020706176758,0.11979293823242188,0.11979293823242188
2026-12-02 22:33:13,51.6,54.26974868774414,-2.669748687744139,2.669748687744139
2026-12-02 22:33:18,56.400000000000006,54.4026985168457,1.9973014831543026,1.9973014831543026
2026-12-02 22:33:23,54.0,54.681884765625,-0.681884765625,0.681884765625
2026-12-02 22:33:28,58.6,54.547332763671875,4.052667236328126,4.052667236328126
2026-12-02 22:33:32,60.2,55.268802642822266,4.931197357177737,4.931197357177737
2026-12-02 22:33:37,57.800000000000004,55.66090393066406,2.1390960693359418,2.1390960693359418
2026-12-02 22:33:42,60.099999999999994,55.678279876708984,4.42172012329101,4.42172012329101
2026-12-02 22:33:46,54.099999999999994,56.14138412475586,-2.041384124755865,2.041384124755865
2026-12-02 22:33:51,50.4,55.90093231201172,-5.50093231201172,5.50093231201172
2026-12-02 22:33:56,54.9,55.35386276245117,-0.4538627624511733,0.4538627624511733
2026-12-02 22:34:01,58.400000000000006,55.001922607421875,3.3980773925781307,3.3980773925781307
2026-12-02 22:34:05,61.3,54.95778274536133,6.342217254638669,6.342217254638669
2026-12-02 22:34:10,57.0,55.6988410949707,1.3011589050292969,1.3011589050292969
2026-12-02 22:34:15,55.099999999999994,55.971397399902344,-0.8713973999023494,0.8713973999023494
2026-12-02 22:34:19,62.1,55.095516204833984,7.004483795166017,7.004483795166017
2026-12-02 22:34:24,57.6,54.519649505615234,3.080350494384767,3.080350494384767
2026-12-02 22:34:29,54.099999999999994,55.266395568847656,-1.166395568847662,1.166395568847662
2026-12-02 22:34:33,58.7,54.81452178955078,3.8854782104492216,3.8854782104492216
2026-12-02 22:34:38,54.099999999999994,54.819175720214844,-0.7191757202148494,0.7191757202148494
2026-12-02 22:34:43,56.3,55.03145217895508,1.268547821044919,1.268547821044919
2026-12-02 22:34:48,54.1,55.086734771728516,-0.9867347717285142,0.9867347717285142
2026-12-02 22:34:52,56.599999999999994,54.607994079589844,1.9920059204101506,1.9920059204101506
2026-12-02 22:34:57,61.5,55.002403259277344,6.497596740722656,6.497596740722656
2026-12-02 22:35:02,60.3,55.77162170410156,4.528378295898435,4.528378295898435
2026-12-02 22:35:06,59.5,56.42689514160156,3.0731048583984375,3.0731048583984375
2026-12-02 22:35:11,61.1,55.988162994384766,5.111837005615236,5.111837005615236
2026-12-02 22:35:16,53.4,56.089073181152344,-2.689073181152345,2.689073181152345
2026-12-02 22:35:21,56.0,56.01295852661133,-0.012958526611328125,0.012958526611328125
2026-12-02 22:35:25,58.2,56.06064224243164,2.139357757568362,2.139357757568362
2026-12-02 22:35:30,57.6,56.65229797363281,0.9477020263671889,0.9477020263671889
2026-12-02 22:35:35,54.099999999999994,56.777854919433594,-2.6778549194335994,2.6778549194335994
2026-12-02 22:35:39,57.0,55.935142517089844,1.0648574829101562,1.0648574829101562
2026-12-02 22:35:44,57.099999999999994,55.468841552734375,1.6311584472656193,1.6311584472656193
2026-12-02 22:35:49,55.699999999999996,55.200138092041016,0.4998619079589801,0.4998619079589801
2026-12-02 22:35:53,57.900000000000006,54.94422149658203,2.9557785034179744,2.9557785034179744
2026-12-02 22:35:58,55.8,55.37746047973633,0.42253952026366903,0.42253952026366903
2026-12-02 22:36:03,55.5,55.14882278442383,0.3511772155761719,0.3511772155761719
2026-12-02 22:36:08,59.5,54.74635314941406,4.7536468505859375,4.7536468505859375
2026-12-02 22:36:12,62.4,55.445491790771484,6.954508209228514,6.954508209228514
2026-12-02 22:36:17,56.8,56.342037200927734,0.4579627990722628,0.4579627990722628
2026-12-02 22:36:22,64.8,56.22407150268555,8.57592849731445,8.57592849731445
2026-12-02 22:36:26,56.8,57.13279724121094,-0.33279724121094034,0.33279724121094034
2026-12-02 22:36:31,62.400000000000006,56.98287582397461,5.417124176025396,5.417124176025396
2026-12-02 22:36:36,51.0,56.14690399169922,-5.146903991699219,5.146903991699219
2026-12-02 22:36:41,56.400000000000006,55.8040771484375,0.5959228515625057,0.5959228515625057
2026-12-02 22:36:45,54.400000000000006,55.95196533203125,-1.5519653320312443,1.5519653320312443
2026-12-02 22:36:50,52.2,55.13529968261719,-2.9352996826171847,2.9352996826171847
2026-12-02 22:36:55,57.6,54.494041442871094,3.1059585571289077,3.1059585571289077
2026-12-02 22:36:59,65.9,53.71844482421875,12.181555175781256,12.181555175781256
2026-12-02 22:37:04,57.1,54.61202621459961,2.487973785400392,2.487973785400392
2026-12-02 22:37:09,58.3,55.09572219848633,3.204277801513669,3.204277801513669
2026-12-02 22:37:13,52.4,55.49832534790039,-3.098325347900392,3.098325347900392
2026-12-02 22:37:18,56.9,55.13681411743164,1.763185882568358,1.763185882568358
2026-12-02 22:37:23,62.2,54.728492736816406,7.471507263183597,7.471507263183597
2026-12-02 22:37:28,72.4,54.616031646728516,17.78396835327149,17.78396835327149
2026-12-02 22:37:32,59.7,55.623435974121094,4.076564025878909,4.076564025878909
2026-12-02 22:37:37,59.5,57.650325775146484,1.8496742248535156,1.8496742248535156
2026-12-02 22:37:42,56.900000000000006,58.287174224853516,-1.38717422485351,1.38717422485351
2026-12-02 22:37:46,61.6,58.0512580871582,3.5487419128417983,3.5487419128417983
2026-12-02 22:37:51,56.1,57.61061096191406,-1.510610961914061,1.510610961914061
2026-12-02 22:37:56,59.0,56.66634750366211,2.3336524963378906,2.3336524963378906
2026-12-02 22:38:01,56.8,56.46680450439453,0.3331954956054659,0.3331954956054659
2026-12-02 22:38:05,54.599999999999994,57.05241012573242,-2.4524101257324276,2.4524101257324276
2026-12-02 22:38:10,60.8,56.863948822021484,3.936051177978513,3.936051177978513
2026-12-02 22:38:15,51.2,56.97372055053711,-5.7737205505371065,5.7737205505371065
2026-12-02 22:38:19,57.3,56.13368225097656,1.1663177490234347,1.1663177490234347
2026-12-02 22:38:24,56.199999999999996,54.915321350097656,1.2846786499023395,1.2846786499023395
2026-12-02 22:38:29,52.1,54.869449615478516,-2.769449615478514,2.769449615478514
2026-12-02 22:38:33,55.4,54.18875503540039,1.211244964599608,1.211244964599608
2026-12-02 22:38:38,53.0,54.379085540771484,-1.3790855407714844,1.3790855407714844
2026-12-02 22:38:43,59.3,53.946533203125,5.353466796874997,5.353466796874997
2026-12-02 22:38:48,53.5,54.52210998535156,-1.0221099853515625,1.0221099853515625
2026-12-02 22:38:52,48.2,53.93549728393555,-5.735497283935544,5.735497283935544
2026-12-02 22:38:57,59.2,53.337345123291016,5.862654876708987,5.862654876708987
2026-12-02 22:39:02,57.599999999999994,53.752349853515625,3.8476501464843693,3.8476501464843693
2026-12-02 22:39:06,56.5,54.11758041381836,2.3824195861816406,2.3824195861816406
2026-12-02 22:39:11,62.099999999999994,54.24513244628906,7.854867553710932,7.854867553710932
2026-12-02 22:39:16,54.900000000000006,55.26108932495117,-0.3610893249511662,0.3610893249511662
2026-12-02 22:39:21,54.3,55.71753692626953,-1.417536926269534,1.417536926269534
2026-12-02 22:39:25,54.8,54.79536056518555,0.004639434814450283,0.004639434814450283
2026-12-02 22:39:30,62.0,55.162750244140625,6.837249755859375,6.837249755859375
2026-12-02 22:39:35,65.19999999999999,55.29638671875,9.903613281249989,9.903613281249989
2026-12-02 22:39:39,59.9,55.679012298583984,4.220987701416014,4.220987701416014
2026-12-02 22:39:44,57.4,57.2796516418457,0.12034835815429545,0.12034835815429545
2026-12-02 22:39:49,57.6,57.04564666748047,0.5543533325195327,0.5543533325195327
2026-12-02 22:39:53,56.2,56.90377426147461,-0.7037742614746065,0.7037742614746065
2026-12-02 22:39:58,55.4,55.98051452636719,-0.5805145263671889,0.5805145263671889
2026-12-02 22:40:03,57.599999999999994,55.44398498535156,2.156015014648432,2.156015014648432
2026-12-02 22:40:08,50.9,54.713104248046875,-3.8131042480468764,3.8131042480468764
2026-12-02 22:40:12,53.599999999999994,54.66750717163086,-1.067507171630865,1.067507171630865
2026-12-02 22:40:17,56.7,53.97087478637695,2.7291252136230497,2.7291252136230497
2026-12-02 22:40:22,54.5,54.07741165161133,0.4225883483886719,0.4225883483886719
2026-12-02 22:40:26,55.300000000000004,53.75825119018555,1.5417488098144574,1.5417488098144574
2026-12-02 22:40:31,57.6,53.13547897338867,4.4645210266113295,4.4645210266113295
2026-12-02 22:40:36,56.4,53.153804779052734,3.246195220947264,3.246195220947264
2026-12-02 22:40:41,61.4,53.701904296875,7.698095703124999,7.698095703124999
2026-12-02 22:40:45,59.6,54.70359420776367,4.8964057922363295,4.8964057922363295
2026-12-02 22:40:50,53.3,54.97255325317383,-1.672553253173831,1.672553253173831
2026-12-02 22:40:55,52.2,55.201053619384766,-3.001053619384763,3.001053619384763
2026-12-02 22:40:59,55.300000000000004,54.55200958251953,0.747990417480473,0.747990417480473
2026-12-02 22:41:04,60.6,54.13175582885742,6.4682441711425795,6.4682441711425795
2026-12-02 22:41:09,53.0,54.46445846557617,-1.4644584655761719,1.4644584655761719
2026-12-02 22:41:13,58.900000000000006,55.05916976928711,3.8408302307128963,3.8408302307128963
2026-12-02 22:41:18,66.5,55.64113998413086,10.85886001586914,10.85886001586914
2026-12-02 22:41:23,62.9,55.487342834472656,7.412657165527342,7.412657165527342
2026-12-02 22:41:28,62.0,55.3979606628418,6.602039337158203,6.602039337158203
2026-12-02 22:41:32,57.5,55.99338150024414,1.5066184997558594,1.5066184997558594
2026-12-02 22:41:37,57.099999999999994,56.33473205566406,0.7652679443359318,0.7652679443359318
2026-12-02 22:41:42,58.2,56.22761917114258,1.9723808288574247,1.9723808288574247
2026-12-02 22:41:46,62.0,56.26979064941406,5.7302093505859375,5.7302093505859375
2026-12-02 22:41:51,56.599999999999994,56.5024528503418,0.09754714965819744,0.09754714965819744
2026-12-02 22:41:56,58.599999999999994,56.16594314575195,2.434056854248041,2.434056854248041
2026-12-02 22:42:01,60.599999999999994,55.10468292236328,5.495317077636713,5.495317077636713
2026-12-02 22:42:05,62.4,55.07787322998047,7.32212677001953,7.32212677001953
2026-12-02 22:42:10,62.599999999999994,55.21822738647461,7.381772613525385,7.381772613525385
2026-12-02 22:42:15,55.7,55.39182662963867,0.30817337036133097,0.30817337036133097
2026-12-02 22:42:19,59.8,55.453521728515625,4.346478271484372,4.346478271484372
2026-12-02 22:42:24,62.8,55.66640853881836,7.133591461181638,7.133591461181638
2026-12-02 22:42:29,66.3,56.34524154663086,9.954758453369138,9.954758453369138
2026-12-02 22:42:33,65.0,56.92582702636719,8.074172973632812,8.074172973632812
2026-12-02 22:42:38,55.3,56.350730895996094,-1.0507308959960966,1.0507308959960966
2026-12-02 22:42:43,47.3,57.02256774902344,-9.72256774902344,9.72256774902344
2026-12-02 22:42:48,66.3,55.73135757446289,10.568642425537107,10.568642425537107
2026-12-02 22:42:52,59.400000000000006,55.14216995239258,4.257830047607428,4.257830047607428
2026-12-02 22:42:57,59.8,55.7784538269043,4.0215461730957,4.0215461730957
2026-12-02 22:43:02,58.0,56.12281799316406,1.8771820068359375,1.8771820068359375
2026-12-02 22:43:06,61.3,56.20330810546875,5.096691894531247,5.096691894531247
2026-12-02 22:43:11,56.3,55.5080680847168,0.7919319152832003,0.7919319152832003
2026-12-02 22:43:16,69.3,54.63714599609375,14.662854003906247,14.662854003906247
2026-12-02 22:43:21,70.4,55.57145309448242,14.828546905517584,14.828546905517584
2026-12-02 22:43:25,55.099999999999994,55.5671272277832,-0.4671272277832088,0.4671272277832088
2026-12-02 22:43:30,53.599999999999994,55.147884368896484,-1.54788436889649,1.54788436889649
2026-12-02 22:43:35,64.7,55.43777847290039,9.262221527099612,9.262221527099612
2026-12-02 22:43:39,61.3,55.4721794128418,5.8278205871582,5.8278205871582
2026-12-02 22:43:44,63.6,55.7458381652832,7.854161834716798,7.854161834716798
2026-12-02 22:43:49,59.0,57.04202651977539,1.9579734802246094,1.9579734802246094
2026-12-02 22:43:53,60.0,56.8236198425293,3.176380157470703,3.176380157470703
2026-12-02 22:43:58,56.5,55.932594299316406,0.5674057006835938,0.5674057006835938
2026-12-02 22:44:03,59.2,55.620262145996094,3.579737854003909,3.579737854003909
2026-12-02 22:44:08,61.3,56.12010955810547,5.179890441894528,5.179890441894528
2026-12-02 22:44:12,59.099999999999994,56.4129524230957,2.687047576904291,2.687047576904291
2026-12-02 22:44:17,57.199999999999996,55.83719253540039,1.3628074645996051,1.3628074645996051
2026-12-02 22:44:22,59.1,55.045753479003906,4.054246520996095,4.054246520996095
2026-12-02 22:44:26,56.3,55.75678634643555,0.5432136535644503,0.5432136535644503
2026-12-02 22:44:31,56.0,55.42073059082031,0.5792694091796875,0.5792694091796875
2026-12-02 22:44:36,65.1,54.8416862487793,10.258313751220697,10.258313751220697
2026-12-02 22:44:41,55.9,54.44990539550781,1.450094604492186,1.450094604492186
2026-12-02 22:44:45,60.599999999999994,54.83934020996094,5.760659790039057,5.760659790039057
2026-12-02 22:44:50,61.4,54.74482345581055,6.655176544189452,6.655176544189452
2026-12-02 22:44:55,55.2,55.17451477050781,0.025485229492190342,0.025485229492190342
2026-12-02 22:44:59,58.9,54.94949722290039,3.950502777099608,3.950502777099608
2026-12-02 22:45:04,51.0,55.174659729003906,-4.174659729003906,4.174659729003906
2026-12-02 22:45:09,53.599999999999994,54.799381256103516,-1.1993812561035213,1.1993812561035213
2026-12-02 22:45:13,61.3,54.3891487121582,6.910851287841794,6.910851287841794
2026-12-02 22:45:18,55.099999999999994,54.36857223510742,0.7314277648925724,0.7314277648925724
2026-12-02 22:45:23,59.8,54.20301818847656,5.596981811523435,5.596981811523435
2026-12-02 22:45:28,61.5,55.07117462158203,6.428825378417969,6.428825378417969
2026-12-02 22:45:32,64.9,55.64555358886719,9.254446411132818,9.254446411132818
2026-12-02 22:45:37,72.0,55.2598762512207,16.740123748779297,16.740123748779297
2026-12-02 22:45:42,57.5,56.94297790527344,0.5570220947265625,0.5570220947265625
2026-12-02 22:45:46,63.5,56.87424850463867,6.625751495361328,6.625751495361328
2026-12-02 22:45:51,57.1,57.45263671875,-0.3526367187499986,0.3526367187499986
2026-12-02 22:45:56,66.9,57.41400146484375,9.485998535156256,9.485998535156256
2026-12-02 22:46:01,62.800000000000004,57.77061080932617,5.029389190673832,5.029389190673832
2026-12-02 22:46:05,61.300000000000004,57.12187194824219,4.178128051757817,4.178128051757817
2026-12-02 22:46:10,64.4,57.56132507324219,6.838674926757818,6.838674926757818
2026-12-02 22:46:15,58.599999999999994,57.66040802001953,0.9395919799804631,0.9395919799804631
2026-12-02 22:46:19,65.6,57.725074768066406,7.874925231933588,7.874925231933588
2026-12-02 22:46:24,59.900000000000006,57.18015670776367,2.719843292236334,2.719843292236334
2026-12-02 22:46:29,57.1,57.09574890136719,0.004251098632813921,0.004251098632813921
2026-12-02 22:46:33,61.7,57.7060546875,3.993945312500003,3.993945312500003
2026-12-02 22:46:38,59.5,57.70591735839844,1.7940826416015625,1.7940826416015625
2026-12-02 22:46:43,62.5,56.708011627197266,5.791988372802734,5.791988372802734
2026-12-02 22:46:48,55.4,56.5441780090332,-1.1441780090332045,1.1441780090332045
2026-12-02 22:46:52,60.0,56.3248176574707,3.675182342529297,3.675182342529297
2026-12-02 22:46:57,61.2,55.105079650878906,6.094920349121097,6.094920349121097
2026-12-02 22:47:02,63.1,55.76170349121094,7.338296508789064,7.338296508789064
2026-12-02 22:47:06,57.7,56.151268005371094,1.548731994628909,1.548731994628909
2026-12-02 22:47:11,58.5,56.10231018066406,2.3976898193359375,2.3976898193359375
2026-12-02 22:47:16,58.1,56.17296600341797,1.9270339965820327,1.9270339965820327
2026-12-02 22:47:21,57.2,55.53084945678711,1.6691505432128935,1.6691505432128935
2026-12-02 22:47:25,56.8,55.596439361572266,1.2035606384277315,1.2035606384277315
2026-12-02 22:47:30,58.7,55.66693878173828,3.0330612182617216,3.0330612182617216
2026-12-02 22:47:35,57.400000000000006,55.027687072753906,2.3723129272460994,2.3723129272460994
2026-12-02 22:47:39,59.2,54.76057052612305,4.439429473876956,4.439429473876956
2026-12-02 22:47:44,66.8,55.470054626464844,11.329945373535153,11.329945373535153
2026-12-02 22:47:49,65.19999999999999,55.63926696777344,9.560733032226551,9.560733032226551
2026-12-02 22:47:53,54.900000000000006,56.2200813293457,-1.3200813293456974,1.3200813293456974
2026-12-02 22:47:58,59.0,56.66030502319336,2.3396949768066406,2.3396949768066406
2026-12-02 22:48:03,56.4,55.87153625488281,0.5284637451171861,0.5284637451171861
2026-12-02 22:48:08,65.2,56.0385856628418,9.161414337158206,9.161414337158206
2026-12-02 22:48:12,66.0,56.57353210449219,9.426467895507812,9.426467895507812
2026-12-02 22:48:17,53.3,57.79549789428711,-4.495497894287112,4.495497894287112
2026-12-02 22:48:22,65.9,57.713932037353516,8.18606796264649,8.18606796264649
2026-12-02 22:48:26,62.400000000000006,57.70693588256836,4.693064117431646,4.693064117431646
2026-12-02 22:48:31,63.300000000000004,57.48256301879883,5.817436981201176,5.817436981201176
2026-12-02 22:48:36,56.699999999999996,56.914634704589844,-0.214634704589848,0.214634704589848
2026-12-02 22:48:41,59.4,56.467369079589844,2.932630920410155,2.932630920410155
2026-12-02 22:48:45,68.6,56.586997985839844,12.01300201416015,12.01300201416015
2026-12-02 22:48:50,69.5,55.97787857055664,13.52212142944336,13.52212142944336
2026-12-02 22:48:55,63.4,56.033935546875,7.366064453124999,7.366064453124999
2026-12-02 22:48:59,73.9,57.11588668823242,16.784113311767584,16.784113311767584
2026-12-02 22:49:04,56.7,57.967079162597656,-1.2670791625976534,1.2670791625976534
2026-12-02 22:49:09,58.599999999999994,57.630977630615234,0.9690223693847599,0.9690223693847599
2026-12-02 22:49:13,65.1,56.98389434814453,8.116105651855463,8.116105651855463
2026-12-02 22:49:18,69.2,55.97916030883789,13.220839691162112,13.220839691162112
2026-12-02 22:49:23,63.7,56.68278884887695,7.01721115112305,7.01721115112305
2026-12-02 22:49:28,57.4,58.95123291015625,-1.5512329101562514,1.5512329101562514
2026-12-02 22:49:32,61.7,58.93560791015625,2.764392089843753,2.764392089843753
2026-12-02 22:49:37,55.0,58.1953125,-3.1953125,3.1953125
2026-12-02 22:49:42,68.7,56.99241256713867,11.707587432861331,11.707587432861331
2026-12-02 22:49:46,63.5,56.92502975463867,6.574970245361328,6.574970245361328
2026-12-02 22:49:51,71.6,56.94437026977539,14.655629730224604,14.655629730224604
2026-12-02 22:49:56,58.300000000000004,56.33986282348633,1.9601371765136761,1.9601371765136761
2026-12-02 22:50:01,63.5,57.22684860229492,6.273151397705078,6.273151397705078
2026-12-02 22:50:05,52.400000000000006,56.9517822265625,-4.551782226562494,4.551782226562494
2026-12-02 22:50:10,66.4,56.26581954956055,10.134180450439459,10.134180450439459
2026-12-02 22:50:15,60.5,55.04262924194336,5.457370758056641,5.457370758056641
2026-12-02 22:50:19,62.1,55.73091125488281,6.369088745117189,6.369088745117189
2026-12-02 22:50:24,64.8,56.62790298461914,8.172097015380857,8.172097015380857
2026-12-02 22:50:29,57.0,56.04144287109375,0.95855712890625,0.95855712890625
2026-12-02 22:50:34,65.3,55.78324890136719,9.51675109863281,9.51675109863281
2026-12-02 22:50:38,62.6,56.354984283447266,6.245015716552736,6.245015716552736
2026-12-02 22:50:43,58.2,57.71631622314453,0.4836837768554716,0.4836837768554716
2026-12-02 22:50:48,66.19999999999999,57.33005142211914,8.869948577880848,8.869948577880848
2026-12-02 22:50:52,60.3,58.113826751708984,2.186173248291013,2.186173248291013
2026-12-02 22:50:57,58.400000000000006,57.866092681884766,0.5339073181152401,0.5339073181152401
2026-12-02 22:51:02,55.900000000000006,57.245914459228516,-1.34591445922851,1.34591445922851
2026-12-02 22:51:06,60.2,56.853416442871094,3.346583557128909,3.346583557128909
2026-12-02 22:51:11,59.2,56.88642883300781,2.3135711669921903,2.3135711669921903
2026-12-02 22:51:16,51.9,57.313106536865234,-5.413106536865236,5.413106536865236
2026-12-02 22:51:21,50.6,56.44788360595703,-5.84788360595703,5.84788360595703
2026-12-02 22:51:25,61.0,55.6330680847168,5.366931915283203,5.366931915283203
2026-12-02 22:51:30,57.400000000000006,54.14448165893555,3.255518341064459,3.255518341064459
2026-12-02 22:51:35,59.300000000000004,54.234371185302734,5.06562881469727,5.06562881469727
2026-12-02 22:51:39,58.3,54.09429931640625,4.205700683593747,4.205700683593747
2026-12-02 22:51:44,56.4,55.144466400146484,1.2555335998535142,1.2555335998535142
2026-12-02 22:51:49,58.7,54.12355422973633,4.576445770263675,4.576445770263675
2026-12-02 22:51:54,59.8,54.909454345703125,4.890545654296872,4.890545654296872
2026-12-02 22:51:58,64.80000000000001,54.31253433227539,10.48746566772462,10.48746566772462
2026-12-02 22:52:03,52.699999999999996,55.6901969909668,-2.990196990966801,2.990196990966801
2026-12-02 22:52:08,65.9,54.848358154296875,11.05164184570313,11.05164184570313
2026-12-02 22:52:12,59.1,55.281700134277344,3.8182998657226577,3.8182998657226577
2026-12-02 22:52:17,61.0,56.08610153198242,4.913898468017578,4.913898468017578
2026-12-02 22:52:22,56.8,56.001834869384766,0.7981651306152315,0.7981651306152315
2026-12-02 22:52:26,65.2,55.94782638549805,9.252173614501956,9.252173614501956
2026-12-02 22:52:31,65.1,55.0159912109375,10.084008789062494,10.084008789062494
2026-12-02 22:52:36,54.4,56.06512451171875,-1.6651245117187514,1.6651245117187514
2026-12-02 22:52:41,61.0,55.9185676574707,5.081432342529297,5.081432342529297
2026-12-02 22:52:45,53.5,56.23663330078125,-2.73663330078125,2.73663330078125
2026-12-02 22:52:50,53.7,55.4354362487793,-1.735436248779294,1.735436248779294
2026-12-02 22:52:55,62.9,55.4990119934082,7.4009880065917955,7.4009880065917955
2026-12-02 22:52:59,65.2,55.24351501464844,9.956484985351565,9.956484985351565
2026-12-02 22:53:04,59.0,56.48782730102539,2.5121726989746094,2.5121726989746094
2026-12-02 22:53:09,65.3,56.68394470214844,8.61605529785156,8.61605529785156
2026-12-02 22:53:14,63.900000000000006,57.03612518310547,6.863874816894537,6.863874816894537
2026-12-02 22:53:18,59.5,57.11701583862305,2.382984161376953,2.382984161376953
2026-12-02 22:53:23,61.8,57.561134338378906,4.238865661621091,4.238865661621091
2026-12-02 22:53:28,56.2,57.99943923950195,-1.7994392395019503,1.7994392395019503
2026-12-02 22:53:32,63.2,57.07135009765625,6.128649902343753,6.128649902343753
2026-12-02 22:53:37,65.6,57.44914627075195,8.150853729248041,8.150853729248041
2026-12-02 22:53:42,62.0,58.13223648071289,3.8677635192871094,3.8677635192871094
2026-12-02 22:53:46,60.3,59.38473129272461,0.9152687072753878,0.9152687072753878
2026-12-02 22:53:51,52.0,58.718780517578125,-6.718780517578125,6.718780517578125
2026-12-02 22:53:56,52.1,56.79690933227539,-4.696909332275389,4.696909332275389
2026-12-02 22:54:01,52.3,56.07677459716797,-3.7767745971679716,3.7767745971679716
2026-12-02 22:54:05,55.7,54.45526123046875,1.2447387695312528,1.2447387695312528
2026-12-02 22:54:10,59.2,53.824501037597656,5.375498962402347,5.375498962402347
2026-12-02 22:54:15,58.6,53.6330451965332,4.966954803466798,4.966954803466798
2026-12-02 22:54:19,60.9,54.541324615478516,6.358675384521483,6.358675384521483
2026-12-02 22:54:24,64.2,54.75101089477539,9.448989105224612,9.448989105224612
2026-12-02 22:54:29,55.4,56.326202392578125,-0.9262023925781264,0.9262023925781264
2026-12-02 22:54:34,57.9,55.74979782104492,2.1502021789550767,2.1502021789550767
2026-12-02 22:54:38,61.6,55.168678283691406,6.431321716308595,6.431321716308595
2026-12-02 22:54:43,63.8,55.657989501953125,8.142010498046872,8.142010498046872
2026-12-02 22:54:48,60.099999999999994,56.75152587890625,3.3484741210937443,3.3484741210937443
2026-12-02 22:54:52,55.5,56.601139068603516,-1.1011390686035156,1.1011390686035156
2026-12-02 22:54:57,60.8,56.259464263916016,4.5405357360839815,4.5405357360839815
2026-12-02 22:55:02,56.3,55.86199951171875,0.43800048828124716,0.43800048828124716
2026-12-02 22:55:06,51.6,56.119232177734375,-4.519232177734374,4.519232177734374
2026-12-02 22:55:11,64.5,55.861915588378906,8.638084411621094,8.638084411621094
2026-12-02 22:55:16,66.5,55.41122055053711,11.08877944946289,11.08877944946289
2026-12-02 22:55:21,68.3,55.62421417236328,12.675785827636716,12.675785827636716
2026-12-02 22:55:25,54.5,57.46781921386719,-2.9678192138671875,2.9678192138671875
2026-12-02 22:55:30,53.7,56.37074279785156,-2.6707427978515597,2.6707427978515597
2026-12-02 22:55:35,58.6,55.20002365112305,3.3999763488769545,3.3999763488769545
2026-12-02 22:55:39,71.6,55.104366302490234,16.49563369750976,16.49563369750976
2026-12-02 22:55:44,61.5,55.8004264831543,5.699573516845703,5.699573516845703
2026-12-02 22:55:49,59.400000000000006,56.673744201660156,2.7262557983398494,2.7262557983398494
2026-12-02 22:55:54,58.9,57.90585708618164,0.994142913818358,0.994142913818358
2026-12-02 22:55:58,55.800000000000004,57.59733581542969,-1.7973358154296832,1.7973358154296832
2026-12-02 22:56:03,56.5,56.446475982666016,0.053524017333984375,0.053524017333984375
2026-12-02 22:56:08,60.1,56.19293975830078,3.90706024169922,3.90706024169922
2026-12-02 22:56:12,66.2,54.328216552734375,11.871783447265628,11.871783447265628
2026-12-02 22:56:17,63.900000000000006,55.91448211669922,7.985517883300787,7.985517883300787
2026-12-02 22:56:22,63.4,57.70699691772461,5.693003082275389,5.693003082275389
2026-12-02 22:56:26,69.0,58.40837478637695,10.591625213623047,10.591625213623047
2026-12-02 22:56:31,67.1,58.53288650512695,8.567113494873041,8.567113494873041
2026-12-02 22:56:36,65.9,58.87068176269531,7.029318237304693,7.029318237304693
2026-12-02 22:56:41,54.9,60.144508361816406,-5.244508361816408,5.244508361816408
2026-12-02 22:56:45,59.3,59.89652633666992,-0.5965263366699247,0.5965263366699247
2026-12-02 22:56:50,60.7,58.8176383972168,1.882361602783206,1.882361602783206
2026-12-02 22:56:55,56.0,57.49500274658203,-1.4950027465820312,1.4950027465820312
2026-12-02 22:56:59,63.599999999999994,57.468421936035156,6.131578063964838,6.131578063964838
2026-12-02 22:57:04,70.1,57.47530746459961,12.624692535400385,12.624692535400385
2026-12-02 22:57:09,56.7,59.21146774291992,-2.511467742919919,2.511467742919919
2026-12-02 22:57:14,59.400000000000006,58.530799865722656,0.8692001342773494,0.8692001342773494
2026-12-02 23:06:55,56.4,57.3016242980957,-0.9016242980957045,0.9016242980957045
2026-12-02 23:07:00,55.400000000000006,57.15289306640625,-1.7528930664062443,1.7528930664062443
2026-12-02 23:07:04,62.8,56.30807876586914,6.4919212341308565,6.4919212341308565
2026-12-02 23:07:09,62.4,56.87596893310547,5.52403106689453,5.52403106689453
2026-12-02 23:07:14,70.69999999999999,57.04896545410156,13.651034545898426,13.651034545898426
2026-12-02 23:07:18,54.8,58.674949645996094,-3.8749496459960966,3.8749496459960966
2026-12-02 23:07:23,62.7,58.10942840576172,4.590571594238284,4.590571594238284
2026-12-02 23:07:28,60.9,58.59022903442383,2.3097709655761705,2.3097709655761705
2026-12-02 23:07:33,61.3,58.711036682128906,2.588963317871091,2.588963317871091
2026-12-02 23:07:37,54.2,58.70724868774414,-4.507248687744138,4.507248687744138
2026-12-02 23:07:42,57.6,58.00719451904297,-0.40719451904296733,0.40719451904296733
2026-12-02 23:07:47,53.8,57.59385299682617,-3.7938529968261747,3.7938529968261747
2026-12-02 23:07:51,64.6,56.5450325012207,8.054967498779291,8.054967498779291
2026-12-02 23:07:56,62.5,57.803977966308594,4.696022033691406,4.696022033691406
2026-12-02 23:08:01,55.6,58.891685485839844,-3.2916854858398423,3.2916854858398423
2026-12-02 23:08:06,55.5,58.2745246887207,-2.774524688720703,2.774524688720703
2026-12-02 23:08:10,55.900000000000006,57.8336181640625,-1.9336181640624943,1.9336181640624943
2026-12-02 23:08:15,59.099999999999994,55.7010612487793,3.3989387512206974,3.3989387512206974
2026-12-02 23:08:20,76.6,55.8820686340332,20.71793136596679,20.71793136596679
2026-12-02 23:08:24,51.099999999999994,57.866790771484375,-6.766790771484381,6.766790771484381
2026-12-02 23:08:29,60.7,57.41716384887695,3.2828361511230497,3.2828361511230497
2026-12-02 23:08:34,55.2,57.37948989868164,-2.179489898681638,2.179489898681638
2026-12-02 23:08:39,55.5,57.04233932495117,-1.5423393249511719,1.5423393249511719
2026-12-02 23:08:43,57.5,55.48216247558594,2.0178375244140625,2.0178375244140625
2026-12-02 23:08:48,54.6,55.6103515625,-1.0103515624999986,1.0103515624999986
2026-12-02 23:08:53,53.4,55.128387451171875,-1.7283874511718764,1.7283874511718764
2026-12-02 23:08:57,60.5,54.60589599609375,5.89410400390625,5.89410400390625
2026-12-02 23:09:02,61.1,54.694156646728516,6.405843353271486,6.405843353271486
2026-12-02 23:09:07,55.599999999999994,55.293907165527344,0.30609283447265057,0.30609283447265057
2026-12-02 23:09:11,51.400000000000006,55.314998626708984,-3.9149986267089787,3.9149986267089787
2026-12-02 23:09:16,55.099999999999994,54.53269958496094,0.5673004150390568,0.5673004150390568
2026-12-02 23:09:21,56.900000000000006,53.13669204711914,3.763307952880865,3.763307952880865
2026-12-02 23:09:26,58.8,53.31077575683594,5.48922424316406,5.48922424316406
2026-12-02 23:09:30,58.0,54.08296585083008,3.917034149169922,3.917034149169922
2026-12-02 23:09:35,53.2,54.35476303100586,-1.1547630310058565,1.1547630310058565
2026-12-02 23:09:40,51.599999999999994,53.573455810546875,-1.9734558105468807,1.9734558105468807
2026-12-02 23:09:44,67.4,52.96466827392578,14.435331726074224,14.435331726074224
2026-12-02 23:09:49,60.8,54.66510772705078,6.134892272949216,6.134892272949216
2026-12-02 23:09:54,54.6,54.85254669189453,-0.25254669189452983,0.25254669189452983
2026-12-02 23:09:59,54.0,55.26052474975586,-1.2605247497558594,1.2605247497558594
2026-12-02 23:10:03,51.9,55.19691467285156,-3.296914672851564,3.296914672851564
2026-12-02 23:10:08,60.3,54.69487762451172,5.605122375488278,5.605122375488278
2026-12-02 23:10:13,57.5,54.806270599365234,2.6937294006347656,2.6937294006347656
2026-12-02 23:10:17,62.5,54.79230499267578,7.707695007324219,7.707695007324219
2026-12-02 23:10:22,53.400000000000006,55.42210006713867,-2.022100067138666,2.022100067138666
2026-12-02 23:10:27,59.0,55.27550506591797,3.7244949340820312,3.7244949340820312
2026-12-02 23:10:31,53.800000000000004,55.95173263549805,-2.1517326354980426,2.1517326354980426
2026-12-02 23:10:36,64.2,54.94227600097656,9.25772399902344,9.25772399902344
2026-12-02 23:10:41,57.7,54.78446578979492,2.915534210205081,2.915534210205081
2026-12-02 23:10:46,57.6,55.14427947998047,2.4557205200195327,2.4557205200195327
2026-12-02 23:10:50,58.7,55.95496368408203,2.7450363159179716,2.7450363159179716
2026-12-02 23:10:55,55.8,56.472877502441406,-0.6728775024414091,0.6728775024414091
2026-12-02 23:11:00,56.699999999999996,55.388587951660156,1.3114120483398395,1.3114120483398395
2026-12-02 23:11:04,52.9,55.106624603271484,-2.206624603271486,2.206624603271486
2026-12-02 23:11:09,51.0,53.723079681396484,-2.7230796813964844,2.7230796813964844
2026-12-02 23:11:14,65.1,53.917415618896484,11.18258438110351,11.18258438110351
2026-12-02 23:11:19,58.0,53.56362533569336,4.436374664306641,4.436374664306641
2026-12-02 23:11:23,56.1,54.59803009033203,1.5019699096679702,1.5019699096679702
2026-12-02 23:11:28,59.5,54.38731384277344,5.1126861572265625,5.1126861572265625
2026-12-02 23:11:33,52.2,54.48576736450195,-2.2857673645019503,2.2857673645019503
2026-12-02 23:11:37,52.400000000000006,53.96963119506836,-1.5696311950683537,1.5696311950683537
2026-12-02 23:11:42,49.7,53.292449951171875,-3.592449951171872,3.592449951171872
2026-12-02 23:11:47,58.8,52.36503219604492,6.434967803955075,6.434967803955075
2026-12-02 23:11:51,54.4,52.80976486206055,1.5902351379394517,1.5902351379394517
2026-12-02 23:11:56,56.3,53.400535583496094,2.8994644165039034,2.8994644165039034
2026-12-02 23:12:01,75.9,53.56159973144531,22.338400268554693,22.338400268554693
2026-12-02 23:12:06,49.2,54.344970703125,-5.144970703124997,5.144970703124997
2026-12-02 23:12:10,53.3,53.93902587890625,-0.6390258789062528,0.6390258789062528
2026-12-02 23:12:15,56.3,53.67679977416992,2.6232002258300753,2.6232002258300753
2026-12-02 23:12:20,53.2,53.611515045166016,-0.4115150451660128,0.4115150451660128
2026-12-02 23:12:24,57.3,53.47674560546875,3.823254394531247,3.823254394531247
2026-12-02 23:12:29,57.0,53.782142639160156,3.2178573608398438,3.2178573608398438
2026-12-02 23:12:34,51.4,53.54172134399414,-2.141721343994142,2.141721343994142
2026-12-02 23:12:39,63.2,53.47224044799805,9.727759552001956,9.727759552001956
2026-12-02 23:12:43,59.9,53.713592529296875,6.186407470703124,6.186407470703124
2026-12-02 23:12:48,64.9,54.480979919433594,10.419020080566412,10.419020080566412
2026-12-02 23:12:53,58.300000000000004,55.303314208984375,2.9966857910156293,2.9966857910156293
2026-12-02 23:12:57,52.7,55.56870651245117,-2.868706512451169,2.868706512451169
2026-12-02 23:13:02,69.6,55.50199890136719,14.098001098632807,14.098001098632807
2026-12-02 23:13:07,51.0,55.605194091796875,-4.605194091796875,4.605194091796875
2026-12-02 23:13:11,67.4,54.902652740478516,12.49734725952149,12.49734725952149
2026-12-02 23:13:16,62.2,55.005794525146484,7.1942054748535185,7.1942054748535185
2026-12-02 23:13:21,58.2,57.13472366333008,1.0652763366699247,1.0652763366699247
2026-12-02 23:13:26,59.6,57.475914001464844,2.1240859985351577,2.1240859985351577
2026-12-02 23:13:30,49.099999999999994,57.210357666015625,-8.11035766601563,8.11035766601563
2026-12-02 23:13:35,52.7,55.63972091674805,-2.939720916748044,2.939720916748044
2026-12-02 23:13:40,55.199999999999996,54.16584396362305,1.0341560363769489,1.0341560363769489
2026-12-02 23:13:44,55.6,54.038700103759766,1.5612998962402358,1.5612998962402358
2026-12-02 23:13:49,52.0,53.633243560791016,-1.6332435607910156,1.6332435607910156
2026-12-02 23:13:54,53.8,53.816043853759766,-0.016043853759768467,0.016043853759768467
2026-12-02 23:13:59,50.5,54.11234664916992,-3.612346649169922,3.612346649169922
2026-12-02 23:14:03,58.099999999999994,53.35271453857422,4.747285461425776,4.747285461425776
2026-12-02 23:14:08,60.0,53.39984893798828,6.600151062011719,6.600151062011719
2026-12-02 23:14:13,55.9,53.62970733642578,2.2702926635742173,2.2702926635742173
2026-12-02 23:14:17,60.7,53.68254089355469,7.017459106445315,7.017459106445315
2026-12-02 23:14:22,62.3,54.40238952636719,7.89761047363281,7.89761047363281
2026-12-02 23:14:27,67.5,54.96153259277344,12.538467407226562,12.538467407226562
2026-12-02 23:14:31,52.800000000000004,54.8052978515625,-2.0052978515624957,2.0052978515624957
2026-12-02 23:14:36,53.0,55.26797866821289,-2.2679786682128906,2.2679786682128906
2026-12-02 23:14:41,67.2,54.90121078491211,12.298789215087893,12.298789215087893
2026-12-02 23:14:46,54.800000000000004,55.354610443115234,-0.5546104431152301,0.5546104431152301
2026-12-02 23:14:50,56.2,55.32099151611328,0.8790084838867216,0.8790084838867216
2026-12-02 23:14:55,61.5,55.23244857788086,6.267551422119141,6.267551422119141
2026-12-02 23:15:00,50.4,55.93543243408203,-5.535432434082033,5.535432434082033
2026-12-02 23:15:04,57.2,55.330841064453125,1.8691589355468778,1.8691589355468778
2026-12-02 23:15:09,52.9,54.567325592041016,-1.667325592041017,1.667325592041017
2026-12-02 23:15:14,58.2,53.389007568359375,4.810992431640628,4.810992431640628
2026-12-02 23:15:19,57.8,53.876285552978516,3.9237144470214815,3.9237144470214815
2026-12-02 23:15:23,59.7,54.50376510620117,5.196234893798831,5.196234893798831
2026-12-02 23:15:28,57.1,54.66373062133789,2.436269378662111,2.436269378662111
2026-12-02 23:15:33,65.0,55.12567138671875,9.87432861328125,9.87432861328125
2026-12-02 23:15:37,72.5,56.349971771240234,16.150028228759766,16.150028228759766
2026-12-02 23:15:42,58.8,57.28273391723633,1.517266082763669,1.517266082763669
2026-12-02 23:15:47,64.6,57.24073028564453,7.359269714355463,7.359269714355463
2026-12-02 23:15:51,56.5,57.84306335449219,-1.3430633544921875,1.3430633544921875
2026-12-02 23:15:56,72.4,58.015926361083984,14.384073638916021,14.384073638916021
2026-12-02 23:16:01,64.8,59.42134094238281,5.378659057617185,5.378659057617185
2026-12-02 23:16:06,59.6,60.37397384643555,-0.7739738464355455,0.7739738464355455
2026-12-02 23:16:10,61.7,60.04947280883789,1.6505271911621122,1.6505271911621122
2026-12-02 23:16:15,61.800000000000004,58.77858352661133,3.021416473388676,3.021416473388676
2026-12-02 23:16:20,59.400000000000006,58.87627410888672,0.5237258911132869,0.5237258911132869
2026-12-02 23:16:24,71.9,58.88157653808594,13.018423461914068,13.018423461914068
2026-12-02 23:16:29,59.199999999999996,58.707801818847656,0.4921981811523395,0.4921981811523395
2026-12-02 23:16:34,55.7,59.03046798706055,-3.330467987060544,3.330467987060544
2026-12-02 23:16:39,61.699999999999996,58.96763229370117,2.732367706298824,2.732367706298824
2026-12-02 23:16:43,61.7,58.509674072265625,3.190325927734378,3.190325927734378
2026-12-02 23:16:48,67.69999999999999,58.2686653137207,9.431334686279286,9.431334686279286
2026-12-02 23:16:53,64.4,58.76107406616211,5.638925933837896,5.638925933837896
2026-12-02 23:16:57,55.099999999999994,59.853729248046875,-4.753729248046881,4.753729248046881
2026-12-02 23:17:02,54.900000000000006,59.66498947143555,-4.764989471435541,4.764989471435541
2026-12-02 23:17:07,65.9,58.41147232055664,7.488527679443365,7.488527679443365
2026-12-02 23:17:11,59.5,59.03876876831055,0.4612312316894531,0.4612312316894531
2026-12-02 23:17:16,70.69999999999999,57.181331634521484,13.518668365478504,13.518668365478504
2026-12-02 23:17:21,70.7,56.739349365234375,13.960650634765628,13.960650634765628
2026-12-02 23:17:26,71.1,57.99785614013672,13.102143859863276,13.102143859863276
2026-12-02 23:17:30,64.69999999999999,58.44322204589844,6.256777954101551,6.256777954101551
2026-12-02 23:17:35,72.3,58.71527099609375,13.584729003906247,13.584729003906247
2026-12-02 23:17:40,73.5,59.27305603027344,14.226943969726562,14.226943969726562
2026-12-02 23:17:44,61.2,60.22380065917969,0.9761993408203153,0.9761993408203153
2026-12-02 23:17:49,68.1,60.87572479248047,7.224275207519526,7.224275207519526
2026-12-02 23:17:54,69.8,61.16069412231445,8.639305877685544,8.639305877685544
2026-12-02 23:17:59,70.6,60.08906555175781,10.510934448242182,10.510934448242182
2026-12-02 23:18:03,78.4,60.990352630615234,17.40964736938477,17.40964736938477
2026-12-02 23:18:08,63.3,61.55415725708008,1.745842742919919,1.745842742919919
2026-12-02 23:18:13,55.2,61.29768371582031,-6.09768371582031,6.09768371582031
2026-12-02 23:18:17,66.9,61.11283493041992,5.787165069580084,5.787165069580084
2026-12-02 23:18:22,56.5,59.18360137939453,-2.6836013793945312,2.6836013793945312
2026-12-02 23:18:27,61.2,58.15976333618164,3.040236663818362,3.040236663818362
2026-12-02 23:18:32,66.0,57.283058166503906,8.716941833496094,8.716941833496094
2026-12-02 23:18:36,74.9,56.52486038208008,18.375139617919928,18.375139617919928
2026-12-02 23:18:41,63.5,57.570499420166016,5.929500579833984,5.929500579833984
2026-12-02 23:18:46,63.9,57.37744903564453,6.522550964355467,6.522550964355467
2026-12-02 23:18:50,63.4,57.66899108886719,5.731008911132811,5.731008911132811
2026-12-02 23:18:55,75.19999999999999,57.63102722167969,17.5689727783203,17.5689727783203
2026-12-02 23:19:00,76.6,59.19599151611328,17.404008483886713,17.404008483886713
2026-12-02 23:19:04,72.1,58.10733413696289,13.992665863037104,13.992665863037104
2026-12-02 23:19:09,62.8,59.37183380126953,3.428166198730466,3.428166198730466
2026-12-02 23:19:14,71.8,59.18136215209961,12.618637847900388,12.618637847900388
2026-12-02 23:19:19,67.69999999999999,59.173274993896484,8.526725006103504,8.526725006103504
2026-12-02 23:19:23,55.5,59.42633819580078,-3.9263381958007812,3.9263381958007812
2026-12-02 23:19:28,57.5,58.84877395629883,-1.3487739562988281,1.3487739562988281
2026-12-02 23:19:33,57.7,57.92830276489258,-0.22830276489257528,0.22830276489257528
2026-12-02 23:19:37,55.5,57.51316833496094,-2.0131683349609375,2.0131683349609375
2026-12-02 23:19:42,62.099999999999994,57.11800003051758,4.981999969482416,4.981999969482416
2026-12-02 23:19:47,57.4,55.629764556884766,1.770235443115233,1.770235443115233
2026-12-02 23:19:51,51.5,56.0568733215332,-4.556873321533203,4.556873321533203
2026-12-02 23:19:56,58.400000000000006,55.008609771728516,3.39139022827149,3.39139022827149
2026-12-02 23:20:01,61.2,54.15784454345703,7.042155456542972,7.042155456542972
2026-12-02 23:20:06,55.900000000000006,54.928863525390625,0.9711364746093807,0.9711364746093807
2026-12-02 23:20:10,52.599999999999994,54.18269348144531,-1.5826934814453182,1.5826934814453182
2026-12-02 23:20:15,74.8,53.759613037109375,21.040386962890622,21.040386962890622
2026-12-02 23:20:20,60.5,54.388946533203125,6.111053466796875,6.111053466796875
2026-12-02 23:20:24,61.099999999999994,55.36959457397461,5.730405426025385,5.730405426025385
2026-12-02 23:20:29,54.3,55.917633056640625,-1.6176330566406278,1.6176330566406278
2026-12-02 23:20:34,55.5,56.00001525878906,-0.5000152587890625,0.5000152587890625
2026-12-02 23:20:39,59.400000000000006,55.37908935546875,4.020910644531256,4.020910644531256
2026-12-02 23:20:43,59.4,55.54253387451172,3.85746612548828,3.85746612548828
2026-12-02 23:20:48,63.199999999999996,55.466983795166016,7.73301620483398,7.73301620483398
2026-12-02 23:20:53,59.400000000000006,55.426185607910156,3.9738143920898494,3.9738143920898494
2026-12-02 23:20:57,58.9,56.09724426269531,2.802755737304686,2.802755737304686
2026-12-02 23:21:02,57.6,56.494384765625,1.1056152343750014,1.1056152343750014
2026-12-02 23:21:07,59.800000000000004,55.26807403564453,4.531925964355473,4.531925964355473
2026-12-02 23:21:12,61.2,54.93896484375,6.261035156250003,6.261035156250003
2026-12-02 23:21:16,65.5,55.51051712036133,9.989482879638672,9.989482879638672
2026-12-02 23:21:21,57.8,56.373043060302734,1.4269569396972628,1.4269569396972628
2026-12-02 23:21:26,59.2,55.98991394042969,3.2100860595703153,3.2100860595703153
2026-12-02 23:21:30,60.3,56.006126403808594,4.293873596191403,4.293873596191403
2026-12-02 23:21:35,56.7,54.839088439941406,1.8609115600585966,1.8609115600585966
2026-12-02 23:21:40,58.5,55.356388092041016,3.1436119079589844,3.1436119079589844
2026-12-02 23:21:44,62.5,55.687679290771484,6.812320709228516,6.812320709228516
2026-12-02 23:21:49,66.5,54.86967468261719,11.630325317382812,11.630325317382812
2026-12-02 23:21:54,61.1,56.12790298461914,4.972097015380861,4.972097015380861
2026-12-02 23:21:59,66.2,56.55216979980469,9.647830200195315,9.647830200195315
2026-12-02 23:22:03,65.2,55.97233200073242,9.227667999267581,9.227667999267581
2026-12-02 23:22:08,58.8,55.76996612548828,3.030033874511716,3.030033874511716
2026-12-02 23:22:13,65.2,57.183895111083984,8.016104888916018,8.016104888916018
2026-12-02 23:22:17,57.3,57.75226593017578,-0.4522659301757841,0.4522659301757841
2026-12-02 23:22:22,59.7,57.75368881225586,1.9463111877441435,1.9463111877441435
2026-12-02 23:22:27,65.2,57.303672790527344,7.896327209472659,7.896327209472659
2026-12-02 23:22:32,59.2,56.90679931640625,2.293200683593753,2.293200683593753
2026-12-02 23:22:36,65.1,57.886478424072266,7.213521575927729,7.213521575927729
2026-12-02 23:22:41,62.099999999999994,59.00514221191406,3.094857788085932,3.094857788085932
2026-12-02 23:22:46,61.2,57.71194839477539,3.488051605224612,3.488051605224612
2026-12-02 23:22:50,65.7,57.49024963378906,8.20975036621094,8.20975036621094
2026-12-02 23:22:55,55.7,57.45851135253906,-1.7585113525390597,1.7585113525390597
2026-12-02 23:23:00,57.0,57.28005599975586,-0.2800559997558594,0.2800559997558594
2026-12-02 23:23:04,56.8,57.34185791015625,-0.5418579101562528,0.5418579101562528
2026-12-02 23:23:09,63.3,57.110374450683594,6.189625549316403,6.189625549316403
2026-12-02 23:23:14,62.4,57.164146423339844,5.235853576660155,5.235853576660155
2026-12-02 23:23:19,80.4,56.411155700683594,23.988844299316412,23.988844299316412
2026-12-02 23:23:23,56.2,55.488922119140625,0.7110778808593778,0.7110778808593778
2026-12-02 23:23:28,67.5,56.55644226074219,10.943557739257812,10.943557739257812
2026-12-02 23:23:33,54.0,57.847469329833984,-3.8474693298339844,3.8474693298339844
2026-12-02 23:23:37,59.099999999999994,57.0339469909668,2.0660530090331974,2.0660530090331974
2026-12-02 23:23:42,57.400000000000006,57.09358596801758,0.30641403198242756,0.30641403198242756
2026-12-02 23:23:47,64.1,56.87033462524414,7.229665374755854,7.229665374755854
2026-12-02 23:23:52,66.5,56.865787506103516,9.634212493896484,9.634212493896484
2026-12-02 23:23:56,63.2,58.22698974609375,4.973010253906253,4.973010253906253
2026-12-02 23:24:01,58.0,59.44028091430664,-1.4402809143066406,1.4402809143066406
2026-12-02 23:24:06,62.400000000000006,58.94689178466797,3.453108215332037,3.453108215332037
2026-12-02 23:24:10,59.8,58.44277572631836,1.3572242736816378,1.3572242736816378
2026-12-02 23:24:15,56.5,57.49494171142578,-0.9949417114257812,0.9949417114257812
2026-12-02 23:24:20,62.5,57.63776397705078,4.862236022949219,4.862236022949219
2026-12-02 23:24:24,59.5,57.877113342285156,1.6228866577148438,1.6228866577148438
2026-12-02 23:24:29,55.8,58.496273040771484,-2.696273040771487,2.696273040771487
2026-12-02 23:24:34,57.0,58.36077117919922,-1.3607711791992188,1.3607711791992188
2026-12-02 23:24:39,60.3,57.99352264404297,2.3064773559570284,2.3064773559570284
2026-12-02 23:24:43,59.1,57.37022018432617,1.7297798156738295,1.7297798156738295
2026-12-02 23:24:48,55.900000000000006,56.48786544799805,-0.5878654479980412,0.5878654479980412
2026-12-02 23:24:53,59.3,56.57660675048828,2.723393249511716,2.723393249511716
2026-12-02 23:24:57,65.6,56.660953521728516,8.939046478271479,8.939046478271479
2026-12-02 23:25:02,59.8,57.40324020385742,2.3967597961425753,2.3967597961425753
2026-12-02 23:25:07,55.3,57.607337951660156,-2.307337951660159,2.307337951660159
2026-12-02 23:25:12,56.7,57.144927978515625,-0.44492797851562216,0.44492797851562216
2026-12-02 23:25:16,63.800000000000004,56.23038864135742,7.569611358642582,7.569611358642582
2026-12-02 23:25:21,67.0,56.860931396484375,10.139068603515625,10.139068603515625
2026-12-02 23:25:26,57.0,55.968177795410156,1.0318222045898438,1.0318222045898438
2026-12-02 23:25:30,69.4,56.383663177490234,13.016336822509771,13.016336822509771
2026-12-02 23:25:35,79.1,57.49944305419922,21.600556945800776,21.600556945800776
2026-12-02 23:25:40,64.4,57.83140563964844,6.568594360351568,6.568594360351568
2026-12-02 23:25:44,61.599999999999994,58.80537033081055,2.7946296691894474,2.7946296691894474
2026-12-02 23:25:49,57.8,59.86100769042969,-2.0610076904296903,2.0610076904296903
2026-12-02 23:25:54,60.1,59.98067855834961,0.11932144165039205,0.11932144165039205
2026-12-02 23:25:59,60.099999999999994,59.483421325683594,0.6165786743164006,0.6165786743164006
2026-12-02 23:26:03,66.7,59.13385772705078,7.566142272949222,7.566142272949222
2026-12-02 23:26:08,59.0,59.467769622802734,-0.4677696228027344,0.4677696228027344
2026-12-02 23:26:13,61.0,59.77840042114258,1.2215995788574219,1.2215995788574219
2026-12-02 23:26:17,67.9,59.575477600097656,8.32452239990235,8.32452239990235
2026-12-02 23:26:22,62.900000000000006,59.38337326049805,3.516626739501959,3.516626739501959
2026-12-02 23:26:27,67.1,59.74686813354492,7.353131866455072,7.353131866455072
2026-12-02 23:26:32,64.4,59.869930267333984,4.530069732666021,4.530069732666021
2026-12-02 23:26:36,59.5,60.51187515258789,-1.0118751525878906,1.0118751525878906
2026-12-02 23:26:41,62.900000000000006,59.871517181396484,3.0284828186035213,3.0284828186035213
2026-12-02 23:26:46,59.8,59.10377502441406,0.6962249755859347,0.6962249755859347
2026-12-02 23:26:50,62.3,59.19381332397461,3.106186676025388,3.106186676025388
2026-12-02 23:26:55,53.5,59.101776123046875,-5.601776123046875,5.601776123046875
2026-12-02 23:27:00,60.2,57.75466537475586,2.4453346252441435,2.4453346252441435
2026-12-02 23:27:04,65.9,57.16512680053711,8.734873199462896,8.734873199462896
2026-12-02 23:27:09,64.3,58.806514739990234,5.493485260009763,5.493485260009763
2026-12-02 23:27:14,60.199999999999996,59.28609085083008,0.9139091491699176,0.9139091491699176
2026-12-02 23:27:19,62.0,58.992191314697266,3.0078086853027344,3.0078086853027344
2026-12-02 23:27:23,66.1,57.82786178588867,8.272138214111322,8.272138214111322
2026-12-02 23:27:28,61.3,59.08614730834961,2.213852691650388,2.213852691650388
2026-12-02 23:27:33,63.5,59.422088623046875,4.077911376953125,4.077911376953125
2026-12-02 23:27:37,63.4,58.65156555175781,4.748434448242186,4.748434448242186
2026-12-02 23:27:42,69.2,58.772544860839844,10.427455139160159,10.427455139160159
2026-12-02 23:27:47,61.6,60.91654968261719,0.6834503173828139,0.6834503173828139
2026-12-02 23:27:52,58.1,60.689754486083984,-2.589754486083983,2.589754486083983
2026-12-02 23:27:56,66.6,59.61494445800781,6.985055541992182,6.985055541992182
2026-12-02 23:28:01,78.9,59.134273529052734,19.76572647094727,19.76572647094727
2026-12-02 23:28:06,85.7,59.64139938354492,26.05860061645508,26.05860061645508
2026-12-02 23:28:10,59.7,60.2899055480957,-0.5899055480957003,0.5899055480957003
2026-12-02 23:28:15,64.8,60.93040466308594,3.8695953369140597,3.8695953369140597
2026-12-02 23:28:20,66.7,61.784759521484375,4.915240478515628,4.915240478515628
2026-12-02 23:28:24,71.9,60.69138717651367,11.208612823486334,11.208612823486334
2026-12-02 23:28:29,63.300000000000004,61.796714782714844,1.5032852172851605,1.5032852172851605
2026-12-02 23:28:34,63.0,62.060340881347656,0.9396591186523438,0.9396591186523438
2026-12-02 23:28:39,62.6,61.99788284301758,0.6021171569824233,0.6021171569824233
2026-12-02 23:28:43,53.2,61.30839157104492,-8.108391571044919,8.108391571044919
2026-12-02 23:28:48,56.9,60.24842834472656,-3.348428344726564,3.348428344726564
2026-12-02 23:28:53,61.099999999999994,59.48811721801758,1.6118827819824162,1.6118827819824162
2026-12-02 23:28:57,64.0,58.86934280395508,5.130657196044922,5.130657196044922
2026-12-02 23:29:02,71.4,57.88771438598633,13.512285614013678,13.512285614013678
2026-12-02 23:29:07,66.5,57.823665618896484,8.676334381103516,8.676334381103516
2026-12-02 23:29:12,82.0,58.42308044433594,23.576919555664062,23.576919555664062
2026-12-02 23:29:16,74.2,59.45848846435547,14.741511535644534,14.741511535644534
2026-12-02 23:29:21,74.0,60.17012023925781,13.829879760742188,13.829879760742188
2026-12-02 23:29:26,67.4,61.78736877441406,5.612631225585943,5.612631225585943
2026-12-02 23:29:30,67.0,61.4711799621582,5.528820037841797,5.528820037841797
2026-12-02 23:29:35,55.3,61.69771957397461,-6.397719573974612,6.397719573974612
2026-12-02 23:29:40,76.2,61.226341247558594,14.973658752441409,14.973658752441409
2026-12-02 23:29:44,68.5,60.75651931762695,7.743480682373047,7.743480682373047
2026-12-02 23:29:49,66.80000000000001,60.99397659301758,5.806023406982433,5.806023406982433
2026-12-02 23:29:54,68.4,61.00436782836914,7.395632171630865,7.395632171630865
2026-12-02 23:29:59,61.7,61.226959228515625,0.47304077148437784,0.47304077148437784
2026-12-02 23:30:03,73.5,60.651309967041016,12.848690032958984,12.848690032958984
2026-12-02 23:30:08,68.4,59.6178092956543,8.782190704345709,8.782190704345709
2026-12-02 23:30:13,69.8,59.21384811401367,10.586151885986325,10.586151885986325
2026-12-02 23:30:17,63.2,60.17869186401367,3.021308135986331,3.021308135986331
2026-12-02 23:30:22,64.5,60.0516357421875,4.4483642578125,4.4483642578125
2026-12-02 23:30:27,72.7,59.843345642089844,12.856654357910159,12.856654357910159
2026-12-02 23:30:32,62.900000000000006,60.25136184692383,2.6486381530761776,2.6486381530761776
2026-12-02 23:30:36,67.19999999999999,59.79923629760742,7.400763702392567,7.400763702392567
2026-12-02 23:30:41,73.30000000000001,59.54096984863281,13.759030151367199,13.759030151367199
2026-12-02 23:30:46,57.3,60.43468475341797,-3.1346847534179716,3.1346847534179716
2026-12-02 23:30:50,63.900000000000006,60.223785400390625,3.6762145996093807,3.6762145996093807
2026-12-02 23:30:55,54.900000000000006,59.70647048950195,-4.806470489501947,4.806470489501947
2026-12-02 23:31:00,61.900000000000006,58.78630065917969,3.113699340820318,3.113699340820318
2026-12-02 23:31:04,62.2,58.943687438964844,3.256312561035159,3.256312561035159
2026-12-02 23:31:09,64.8,58.67903518676758,6.120964813232419,6.120964813232419
2026-12-02 23:31:14,72.1,58.724246978759766,13.375753021240229,13.375753021240229
2026-12-02 23:31:19,63.8,58.908790588378906,4.891209411621091,4.891209411621091
2026-12-02 23:31:23,57.0,58.8884391784668,-1.8884391784667969,1.8884391784667969
2026-12-02 23:31:28,60.1,58.850074768066406,1.2499252319335952,1.2499252319335952
2026-12-02 23:31:33,60.3,57.9043083190918,2.3956916809082003,2.3956916809082003
2026-12-02 23:31:37,59.7,57.83169937133789,1.8683006286621122,1.8683006286621122
2026-12-02 23:31:42,55.5,57.525691986083984,-2.0256919860839844,2.0256919860839844
2026-12-02 23:31:47,60.7,57.497711181640625,3.202288818359378,3.202288818359378
2026-12-02 23:31:52,57.800000000000004,56.75063705444336,1.0493629455566449,1.0493629455566449
2026-12-02 23:31:56,61.099999999999994,57.0058708190918,4.094129180908197,4.094129180908197
2026-12-02 23:32:01,63.7,57.04837417602539,6.651625823974612,6.651625823974612
2026-12-02 23:32:06,60.7,57.86735153198242,2.832648468017581,2.832648468017581
2026-12-02 23:32:10,56.9,58.27018356323242,-1.3701835632324233,1.3701835632324233
2026-12-02 23:32:15,75.69999999999999,58.334774017333984,17.365225982666004,17.365225982666004
2026-12-02 23:32:20,59.0,59.30491256713867,-0.3049125671386719,0.3049125671386719
2026-12-02 23:32:24,60.7,58.81254577636719,1.8874542236328153,1.8874542236328153
2026-12-02 23:32:29,53.7,58.531944274902344,-4.831944274902341,4.831944274902341
2026-12-02 23:32:34,62.1,58.27170181274414,3.828298187255861,3.828298187255861
2026-12-02 23:32:39,55.2,59.06813430786133,-3.8681343078613253,3.8681343078613253
2026-12-02 23:32:43,65.9,58.37775802612305,7.522241973876959,7.522241973876959
2026-12-02 23:32:48,57.3,57.9951171875,-0.6951171875000028,0.6951171875000028
2026-12-02 23:32:53,58.2,57.861209869384766,0.3387901306152372,0.3387901306152372
2026-12-02 23:32:57,65.7,58.15810775756836,7.5418922424316435,7.5418922424316435
2026-12-02 23:33:02,64.6,58.464561462402344,6.135438537597651,6.135438537597651
2026-12-02 23:33:07,77.69999999999999,58.46966552734375,19.23033447265624,19.23033447265624
2026-12-02 23:33:12,57.9,57.79182052612305,0.1081794738769517,0.1081794738769517
2026-12-02 23:33:16,62.0,58.3080940246582,3.691905975341797,3.691905975341797
2026-12-02 23:33:21,63.0,59.727699279785156,3.2723007202148438,3.2723007202148438
2026-12-02 23:33:26,63.699999999999996,59.363067626953125,4.336932373046871,4.336932373046871
2026-12-02 23:33:30,69.1,59.04549026489258,10.054509735107416,10.054509735107416
2026-12-02 23:33:35,70.3,58.46892166137695,11.831078338623044,11.831078338623044
2026-12-02 23:33:40,58.5,59.03770065307617,-0.5377006530761719,0.5377006530761719
2026-12-02 23:33:44,62.8,59.2132682800293,3.5867317199707003,3.5867317199707003
2026-12-02 23:33:49,61.7,59.542789459228516,2.157210540771487,2.157210540771487
2026-12-02 23:33:54,61.0,59.49403381347656,1.5059661865234375,1.5059661865234375
2026-12-02 23:33:59,70.30000000000001,60.057613372802734,10.242386627197277,10.242386627197277
2026-12-02 23:34:03,64.8,60.241886138916016,4.5581138610839815,4.5581138610839815
2026-12-02 23:34:08,61.1,60.74287796020508,0.3571220397949233,0.3571220397949233
2026-12-02 23:34:13,61.5,60.41864013671875,1.08135986328125,1.08135986328125
2026-12-02 23:34:17,66.6,60.139556884765625,6.460443115234369,6.460443115234369
2026-12-02 23:34:22,57.4,60.7203369140625,-3.3203369140625014,3.3203369140625014
2026-12-02 23:34:27,61.2,59.17129135131836,2.0287086486816435,2.0287086486816435
2026-12-02 23:34:32,75.7,59.02272415161133,16.677275848388675,16.677275848388675
2026-12-02 23:34:36,66.6,58.0097541809082,8.590245819091791,8.590245819091791
2026-12-02 23:34:41,69.5,57.5198974609375,11.9801025390625,11.9801025390625
2026-12-02 23:34:46,72.9,58.05519485473633,14.844805145263678,14.844805145263678
2026-12-02 23:34:50,57.4,59.630741119384766,-2.230741119384767,2.230741119384767
2026-12-02 23:34:55,54.5,59.31220245361328,-4.812202453613281,4.812202453613281
2026-12-02 23:35:00,63.2,58.73722457885742,4.462775421142581,4.462775421142581
2026-12-02 23:35:04,57.9,57.65206527709961,0.2479347229003892,0.2479347229003892
2026-12-02 23:35:09,57.7,57.03081130981445,0.6691886901855497,0.6691886901855497
2026-12-02 23:35:14,52.6,56.910919189453125,-4.310919189453124,4.310919189453124
2026-12-02 23:35:19,65.1,56.3745231628418,8.725476837158197,8.725476837158197
2026-12-02 23:35:23,62.3,56.552425384521484,5.747574615478513,5.747574615478513
2026-12-02 23:35:28,59.8,56.44502258300781,3.3549774169921847,3.3549774169921847
2026-12-02 23:35:33,54.7,57.007896423339844,-2.307896423339841,2.307896423339841
2026-12-02 23:35:37,55.6,56.26084899902344,-0.6608489990234361,0.6608489990234361
2026-12-02 23:35:42,59.6,55.90446090698242,3.6955390930175795,3.6955390930175795
2026-12-02 23:35:47,64.1,55.3936882019043,8.706311798095697,8.706311798095697
2026-12-02 23:35:52,69.69999999999999,56.0929069519043,13.607093048095692,13.607093048095692
2026-12-02 23:35:56,59.7,57.44406509399414,2.255934906005862,2.255934906005862
2026-12-02 23:36:01,60.8,57.60308074951172,3.1969192504882784,3.1969192504882784
2026-12-02 23:36:06,57.8,57.81192398071289,-0.011923980712893467,0.011923980712893467
2026-12-02 23:36:10,64.5,57.65559387207031,6.8444061279296875,6.8444061279296875
2026-12-02 23:36:15,60.699999999999996,56.27515411376953,4.4248458862304645,4.4248458862304645
2026-12-02 23:36:20,78.5,57.24983596801758,21.250164031982422,21.250164031982422
2026-12-02 23:36:24,71.2,58.0890007019043,13.110999298095706,13.110999298095706
2026-12-02 23:36:29,57.3,58.120216369628906,-0.8202163696289091,0.8202163696289091
2026-12-02 23:36:34,63.6,59.39579391479492,4.2042060852050795,4.2042060852050795
2026-12-02 23:36:39,57.4,58.88799285888672,-1.4879928588867202,1.4879928588867202
2026-12-02 23:36:43,67.4,57.672386169433594,9.727613830566412,9.727613830566412
2026-12-02 23:36:48,63.9,57.726356506347656,6.173643493652342,6.173643493652342
2026-12-02 23:36:53,50.9,58.257965087890625,-7.357965087890626,7.357965087890626
2026-12-02 23:36:57,60.699999999999996,57.399009704589844,3.300990295410152,3.300990295410152
2026-12-02 23:37:02,64.2,57.00026321411133,7.199736785888675,7.199736785888675
2026-12-02 23:37:07,69.3,56.97461700439453,12.325382995605466,12.325382995605466
2026-12-02 23:37:12,64.9,56.07501220703125,8.824987792968756,8.824987792968756
2026-12-02 23:37:16,65.6,57.21338653564453,8.386613464355463,8.386613464355463
2026-12-02 23:37:21,69.0,57.14471435546875,11.85528564453125,11.85528564453125
2026-12-02 23:37:26,51.900000000000006,57.97526550292969,-6.075265502929682,6.075265502929682
2026-12-02 23:37:30,51.6,57.22349548339844,-5.623495483398436,5.623495483398436
2026-12-02 23:37:35,65.1,56.43208694458008,8.667913055419916,8.667913055419916
2026-12-02 23:37:40,60.8,55.43703842163086,5.362961578369138,5.362961578369138
2026-12-02 23:37:44,56.2,56.54238510131836,-0.34238510131835653,0.34238510131835653
2026-12-02 23:37:49,61.5,57.180633544921875,4.319366455078125,4.319366455078125
2026-12-02 23:37:54,55.599999999999994,57.59233856201172,-1.9923385620117244,1.9923385620117244
2026-12-02 23:37:59,59.900000000000006,56.557071685791016,3.34292831420899,3.34292831420899
2026-12-02 23:38:03,56.1,56.29143142700195,-0.1914314270019517,0.1914314270019517
2026-12-02 23:38:08,53.7,55.907901763916016,-2.207901763916013,2.207901763916013
2026-12-02 23:38:13,62.1,55.58803939819336,6.511960601806642,6.511960601806642
2026-12-02 23:38:17,60.5,56.394874572753906,4.105125427246094,4.105125427246094
2026-12-02 23:38:22,56.099999999999994,56.672142028808594,-0.5721420288085994,0.5721420288085994
2026-12-02 23:38:27,55.599999999999994,56.409820556640625,-0.8098205566406307,0.8098205566406307
2026-12-02 23:38:32,57.2,55.162925720214844,2.037074279785159,2.037074279785159
2026-12-02 23:38:36,61.6,54.982208251953125,6.617791748046876,6.617791748046876
2026-12-02 23:38:41,72.5,55.27639389038086,17.22360610961914,17.22360610961914
2026-12-02 23:38:46,68.3,56.133121490478516,12.166878509521482,12.166878509521482
2026-12-02 23:38:50,58.4,57.34950256347656,1.050497436523436,1.050497436523436
2026-12-02 23:38:55,65.3,57.84095001220703,7.459049987792966,7.459049987792966
2026-12-02 23:39:00,73.5,57.57779312133789,15.92220687866211,15.92220687866211
2026-12-02 23:39:04,66.3,57.73575973510742,8.564240264892575,8.564240264892575
2026-12-02 23:39:09,58.7,58.68229293823242,0.017707061767580967,0.017707061767580967
2026-12-02 23:39:14,68.30000000000001,59.43204879760742,8.86795120239259,8.86795120239259
2026-12-02 23:39:19,58.3,59.12215805053711,-0.8221580505371122,0.8221580505371122
2026-12-02 23:39:23,58.6,59.195674896240234,-0.595674896240233,0.595674896240233
2026-12-02 23:39:28,68.2,58.61246109008789,9.587538909912112,9.587538909912112
2026-12-02 23:39:33,71.5,57.6906623840332,13.809337615966797,13.809337615966797
2026-12-02 23:39:37,61.599999999999994,58.806488037109375,2.7935119628906193,2.7935119628906193
2026-12-02 23:39:42,56.3,58.93846893310547,-2.6384689331054716,2.6384689331054716
2026-12-02 23:39:47,56.4,59.226463317871094,-2.826463317871095,2.826463317871095
2026-12-02 23:39:52,62.300000000000004,57.64261245727539,4.657387542724614,4.657387542724614
2026-12-02 23:39:56,57.2,56.660255432128906,0.5397445678710966,0.5397445678710966
2026-12-02 23:40:01,64.7,56.901939392089844,7.798060607910159,7.798060607910159
2026-12-02 23:40:06,58.599999999999994,57.22661209106445,1.3733879089355412,1.3733879089355412
2026-12-02 23:40:10,69.8,56.82649230957031,12.973507690429685,12.973507690429685
2026-12-02 23:40:15,72.7,56.06888961791992,16.63111038208008,16.63111038208008
2026-12-02 23:40:20,57.599999999999994,57.44347381591797,0.15652618408202557,0.15652618408202557
2026-12-02 23:40:24,60.0,58.08299255371094,1.9170074462890625,1.9170074462890625
2026-12-02 23:40:29,61.0,57.21117401123047,3.7888259887695312,3.7888259887695312
2026-12-02 23:40:34,58.8,57.22319412231445,1.576805877685544,1.576805877685544
2026-12-02 23:40:39,58.0,56.59286880493164,1.4071311950683594,1.4071311950683594
2026-12-02 23:40:43,61.0,55.928672790527344,5.071327209472656,5.071327209472656
2026-12-02 23:40:48,56.199999999999996,55.92729568481445,0.2727043151855426,0.2727043151855426
2026-12-02 23:40:53,52.5,55.903350830078125,-3.403350830078125,3.403350830078125
2026-12-02 23:40:57,66.4,55.43400573730469,10.965994262695318,10.965994262695318
2026-12-02 23:41:02,71.4,55.12294387817383,16.277056121826178,16.277056121826178
2026-12-02 23:41:07,68.2,57.27199172973633,10.928008270263675,10.928008270263675
2026-12-02 23:41:12,60.0,56.28145217895508,3.718547821044922,3.718547821044922
2026-12-02 23:41:16,52.4,56.69920349121094,-4.299203491210939,4.299203491210939
2026-12-02 23:41:21,57.099999999999994,55.806514739990234,1.29348526000976,1.29348526000976
2026-12-02 23:41:26,59.2,54.85613250732422,4.343867492675784,4.343867492675784
2026-12-02 23:41:30,59.7,54.95467758178711,4.7453224182128935,4.7453224182128935
2026-12-02 23:41:35,58.2,55.200157165527344,2.999842834472659,2.999842834472659
2026-12-02 23:41:40,58.2,55.43181228637695,2.7681877136230497,2.7681877136230497
2026-12-02 23:41:44,60.1,55.08998489379883,5.010015106201173,5.010015106201173
2026-12-02 23:41:49,60.2,55.441322326660156,4.758677673339847,4.758677673339847
2026-12-02 23:41:54,60.099999999999994,55.650054931640625,4.449945068359369,4.449945068359369
2026-12-02 23:41:59,67.9,55.79829025268555,12.101709747314459,12.101709747314459
2026-12-02 23:42:03,68.5,55.64236831665039,12.85763168334961,12.85763168334961
2026-12-02 23:42:08,60.900000000000006,56.86744689941406,4.032553100585943,4.032553100585943
2026-12-02 23:42:13,54.599999999999994,57.52801513671875,-2.9280151367187557,2.9280151367187557
2026-12-02 23:42:17,48.5,57.42295837402344,-8.922958374023438,8.922958374023438
2026-12-02 23:42:22,57.1,56.032718658447266,1.0672813415527358,1.0672813415527358
2026-12-02 23:42:27,66.8,55.50426483154297,11.295735168457028,11.295735168457028
2026-12-02 23:42:32,69.19999999999999,55.073909759521484,14.126090240478504,14.126090240478504
2026-12-02 23:42:36,56.9,55.64961242675781,1.250387573242186,1.250387573242186
2026-12-02 23:42:41,74.2,56.33639907836914,17.863600921630862,17.863600921630862
2026-12-02 23:42:46,69.7,55.46831512451172,14.231684875488284,14.231684875488284
2026-12-02 23:42:50,61.4,56.96572494506836,4.434275054931639,4.434275054931639
2026-12-02 23:42:55,63.8,58.561973571777344,5.238026428222653,5.238026428222653
2026-12-02 23:43:00,53.1,58.08652114868164,-4.986521148681639,4.986521148681639
2026-12-02 23:43:04,55.099999999999994,57.37938690185547,-2.2793869018554744,2.2793869018554744
2026-12-02 23:43:09,55.0,56.1008186340332,-1.1008186340332031,1.1008186340332031
2026-12-02 23:43:14,57.199999999999996,55.8009033203125,1.3990966796874957,1.3990966796874957
2026-12-02 23:43:19,52.400000000000006,54.8545036315918,-2.454503631591791,2.454503631591791
2026-12-02 23:43:23,62.599999999999994,54.800010681152344,7.799989318847651,7.799989318847651
2026-12-02 23:43:28,55.7,54.95497131347656,0.7450286865234403,0.7450286865234403
2026-12-02 23:43:33,51.8,55.196346282958984,-3.396346282958987,3.396346282958987
2026-12-02 23:43:37,54.5,54.30291748046875,0.19708251953125,0.19708251953125
2026-12-02 23:43:42,59.6,53.458343505859375,6.141656494140626,6.141656494140626
2026-12-02 23:43:47,57.800000000000004,53.13454818725586,4.665451812744145,4.665451812744145
2026-12-02 23:43:52,55.1,53.31116485595703,1.7888351440429702,1.7888351440429702
2026-12-02 23:43:56,55.0,53.862274169921875,1.137725830078125,1.137725830078125
2026-12-02 23:44:01,54.900000000000006,53.849430084228516,1.05056991577149,1.05056991577149
2026-12-02 23:44:06,62.699999999999996,54.049739837646484,8.650260162353511,8.650260162353511
2026-12-02 23:44:10,78.6,54.128936767578125,24.47106323242187,24.47106323242187
2026-12-02 23:44:15,60.3,54.39697265625,5.903027343749997,5.903027343749997
2026-12-02 23:44:20,56.7,56.22962951660156,0.47037048339844034,0.47037048339844034
2026-12-02 23:44:24,67.5,57.05837631225586,10.44162368774414,10.44162368774414
2026-12-02 23:44:29,56.9,57.1352653503418,-0.2352653503417983,0.2352653503417983
2026-12-02 23:44:34,62.0,56.38886260986328,5.611137390136719,5.611137390136719
2026-12-02 23:44:39,58.5,57.468727111816406,1.0312728881835938,1.0312728881835938
2026-12-02 23:44:43,57.699999999999996,57.82414627075195,-0.12414627075195739,0.12414627075195739
2026-12-02 23:44:48,65.1,57.1433219909668,7.956678009033197,7.956678009033197
2026-12-02 23:44:53,60.5,58.0822639465332,2.417736053466797,2.417736053466797
2026-12-02 23:44:57,52.2,58.19009780883789,-5.990097808837888,5.990097808837888
2026-12-02 23:45:02,57.8,57.21177291870117,0.5882270812988253,0.5882270812988253
2026-12-02 23:45:07,58.5,56.252647399902344,2.2473526000976562,2.2473526000976562
2026-12-02 23:45:12,54.0,56.35746765136719,-2.3574676513671875,2.3574676513671875
2026-12-02 23:45:16,57.3,55.96763229370117,1.3323677062988253,1.3323677062988253
2026-12-02 23:45:21,61.4,56.04074478149414,5.359255218505858,5.359255218505858
2026-12-02 23:45:26,55.2,55.87494659423828,-0.6749465942382784,0.6749465942382784
2026-12-02 23:45:30,60.5,55.50310134887695,4.996898651123047,4.996898651123047
2026-12-02 23:45:35,56.2,54.8635139465332,1.3364860534667997,1.3364860534667997
2026-12-02 23:45:40,56.9,54.88396072387695,2.0160392761230455,2.0160392761230455
2026-12-02 23:45:44,56.3,54.733062744140625,1.5669372558593722,1.5669372558593722
2026-12-02 23:45:49,55.099999999999994,55.0676155090332,0.03238449096679119,0.03238449096679119
2026-12-02 23:45:54,64.19999999999999,54.79588317871094,9.404116821289051,9.404116821289051
2026-12-02 23:45:59,68.6,54.55412292480469,14.045877075195307,14.045877075195307
2026-12-02 23:46:03,53.599999999999994,56.29595947265625,-2.6959594726562557,2.6959594726562557
2026-12-02 23:46:08,58.400000000000006,56.478492736816406,1.9215072631835994,1.9215072631835994
2026-12-02 23:46:13,61.1,56.054317474365234,5.045682525634767,5.045682525634767
2026-12-02 23:46:17,53.8,55.71779251098633,-1.917792510986331,1.917792510986331
2026-12-02 23:46:22,59.4,55.806419372558594,3.593580627441405,3.593580627441405
2026-12-02 23:46:27,55.4,55.88330841064453,-0.48330841064453267,0.48330841064453267
2026-12-02 23:46:32,59.3,55.64857864379883,3.651421356201169,3.651421356201169
2026-12-02 23:46:36,58.7,55.71284866333008,2.9871513366699247,2.9871513366699247
2026-12-02 23:46:41,58.8,55.443050384521484,3.356949615478513,3.356949615478513
2026-12-02 23:46:46,55.699999999999996,55.40354537963867,0.29645462036132386,0.29645462036132386
2026-12-02 23:46:50,58.5,55.00521469116211,3.4947853088378906,3.4947853088378906
2026-12-02 23:46:55,65.4,54.975372314453125,10.42462768554688,10.42462768554688
2026-12-02 23:47:00,64.19999999999999,55.13211441040039,9.067885589599598,9.067885589599598
2026-12-02 23:47:04,55.4,56.71196746826172,-1.3119674682617202,1.3119674682617202
2026-12-02 23:47:09,60.800000000000004,56.60704040527344,4.192959594726567,4.192959594726567
2026-12-02 23:47:14,61.3,55.545745849609375,5.754254150390622,5.754254150390622
2026-12-02 23:47:19,60.199999999999996,55.71432876586914,4.485671234130855,4.485671234130855
2026-12-02 23:47:23,55.0,55.95744705200195,-0.9574470520019531,0.9574470520019531
2026-12-02 23:47:28,65.4,55.52417755126953,9.875822448730474,9.875822448730474
2026-12-02 23:47:33,74.9,57.169620513916016,17.73037948608399,17.73037948608399
2026-12-02 23:47:37,56.099999999999994,58.451622009277344,-2.3516220092773494,2.3516220092773494
2026-12-02 23:47:42,63.400000000000006,57.616676330566406,5.783323669433599,5.783323669433599
2026-12-02 23:47:47,61.900000000000006,57.667152404785156,4.232847595214849,4.232847595214849
2026-12-02 23:47:52,62.7,56.28878402709961,6.4112159729003935,6.4112159729003935
2026-12-02 23:47:56,57.900000000000006,56.530059814453125,1.3699401855468807,1.3699401855468807
2026-12-02 23:48:01,59.3,56.92047882080078,2.379521179199216,2.379521179199216
2026-12-02 23:48:06,57.3,57.25509262084961,0.04490737915038778,0.04490737915038778
2026-12-02 23:48:10,55.7,56.7073974609375,-1.0073974609374972,1.0073974609374972
2026-12-02 23:48:15,55.8,56.36644744873047,-0.5664474487304716,0.5664474487304716
2026-12-02 23:48:20,55.7,55.88338088989258,-0.18338088989257528,0.18338088989257528
2026-12-02 23:48:24,60.2,54.94879150390625,5.251208496093753,5.251208496093753
2026-12-02 23:48:29,55.0,54.80683135986328,0.19316864013671875,0.19316864013671875
2026-12-02 23:48:34,58.5,54.89518356323242,3.604816436767578,3.604816436767578
2026-12-02 23:48:39,62.599999999999994,54.44427490234375,8.155725097656244,8.155725097656244
2026-12-02 23:48:43,55.4,55.74302291870117,-0.3430229187011733,0.3430229187011733
2026-12-02 23:48:48,59.0,55.6453971862793,3.354602813720703,3.354602813720703
2026-12-02 23:48:53,57.2,55.67441177368164,1.5255882263183622,1.5255882263183622
2026-12-02 23:48:57,62.099999999999994,54.89786911010742,7.202130889892572,7.202130889892572
2026-12-02 23:49:02,59.1,54.91647720336914,4.183522796630861,4.183522796630861
2026-12-02 23:49:07,52.900000000000006,56.043094635009766,-3.14309463500976,3.14309463500976
2026-12-02 23:49:12,57.400000000000006,55.706787109375,1.6932128906250057,1.6932128906250057
2026-12-02 23:49:16,63.6,55.12734603881836,8.472653961181642,8.472653961181642
2026-12-02 23:49:21,67.5,54.982948303222656,12.517051696777344,12.517051696777344
2026-12-02 23:49:26,51.400000000000006,56.63240432739258,-5.232404327392572,5.232404327392572
2026-12-02 23:49:30,58.099999999999994,55.74916076660156,2.350839233398432,2.350839233398432
2026-12-02 23:49:35,64.2,55.27524948120117,8.924750518798831,8.924750518798831
2026-12-02 23:49:40,59.0,55.59220886230469,3.4077911376953125,3.4077911376953125
2026-12-02 23:49:44,63.5,56.730873107910156,6.769126892089844,6.769126892089844
2026-12-02 23:49:49,65.6,57.480796813964844,8.11920318603515,8.11920318603515
2026-12-02 23:49:54,61.8,57.411582946777344,4.388417053222653,4.388417053222653
2026-12-02 23:49:59,59.7,57.88368225097656,1.8163177490234403,1.8163177490234403
2026-12-02 23:50:03,66.7,58.627742767333984,8.072257232666018,8.072257232666018
2026-12-02 23:50:08,62.900000000000006,58.65681076049805,4.243189239501959,4.243189239501959
2026-12-02 23:50:13,57.9,57.269901275634766,0.630098724365233,0.630098724365233
2026-12-02 23:50:17,56.0,57.55448532104492,-1.5544853210449219,1.5544853210449219
2026-12-02 23:50:22,61.5,57.53192901611328,3.9680709838867188,3.9680709838867188
2026-12-02 23:50:27,62.400000000000006,57.66130828857422,4.738691711425787,4.738691711425787
2026-12-02 23:50:32,68.4,57.13296890258789,11.267031097412115,11.267031097412115
2026-12-02 23:50:36,64.4,57.572349548339844,6.827650451660162,6.827650451660162
2026-12-02 23:50:41,71.5,57.65803146362305,13.841968536376953,13.841968536376953
2026-12-02 23:50:46,65.3,58.26663589477539,7.0333641052246065,7.0333641052246065
2026-12-02 23:50:50,60.8,58.86159133911133,1.938408660888669,1.938408660888669
2026-12-02 23:50:55,56.0,59.7335090637207,-3.733509063720703,3.733509063720703
2026-12-02 23:51:00,61.1,59.04766845703125,2.0523315429687514,2.0523315429687514
2026-12-02 23:51:04,61.1,58.83050537109375,2.2694946289062514,2.2694946289062514
2026-12-02 23:51:09,58.6,58.690364837646484,-0.09036483764648295,0.09036483764648295
2026-12-02 23:51:14,61.9,58.41004180908203,3.4899581909179673,3.4899581909179673
2026-12-02 23:51:19,63.4,57.754905700683594,5.645094299316405,5.645094299316405
2026-12-02 23:51:23,51.3,58.272369384765625,-6.972369384765628,6.972369384765628
2026-12-02 23:51:28,58.0,57.55478286743164,0.4452171325683594,0.4452171325683594
2026-12-02 23:51:33,55.7,56.50700759887695,-0.8070075988769503,0.8070075988769503
2026-12-02 23:51:37,54.4,56.10325622558594,-1.703256225585939,1.703256225585939
2026-12-02 23:51:42,55.900000000000006,55.54345703125,0.3565429687500057,0.3565429687500057
2026-12-02 23:51:47,65.6,55.59076690673828,10.009233093261713,10.009233093261713
2026-12-02 23:51:52,57.8,55.73091125488281,2.0690887451171847,2.0690887451171847
2026-12-02 23:51:56,58.9,55.8144645690918,3.0855354309082017,3.0855354309082017
2026-12-02 23:52:01,62.2,55.763790130615234,6.4362098693847685,6.4362098693847685
2026-12-02 23:52:06,62.6,56.46256637573242,6.1374336242675795,6.1374336242675795
2026-12-02 23:52:10,54.0,57.221839904785156,-3.2218399047851562,3.2218399047851562
2026-12-02 23:52:15,59.300000000000004,56.99710464477539,2.3028953552246136,2.3028953552246136
2026-12-02 23:52:20,53.1,57.42730712890625,-4.327307128906249,4.327307128906249
2026-12-02 23:52:24,58.4,56.51850509643555,1.8814949035644517,1.8814949035644517
2026-12-02 23:52:29,60.9,55.809364318847656,5.090635681152342,5.090635681152342
2026-12-02 23:52:34,57.7,55.649696350097656,2.0503036499023466,2.0503036499023466
2026-12-02 23:52:39,55.0,55.717586517333984,-0.7175865173339844,0.7175865173339844
2026-12-02 23:52:43,66.5,55.140098571777344,11.359901428222656,11.359901428222656
2026-12-02 23:52:48,57.2,56.35231018066406,0.8476898193359403,0.8476898193359403
2026-12-02 23:52:53,66.6,56.2117805480957,10.388219451904291,10.388219451904291
2026-12-02 23:52:57,58.3,56.83952331542969,1.4604766845703097,1.4604766845703097
2026-12-02 23:53:02,57.8,57.061439514160156,0.7385604858398409,0.7385604858398409
2026-12-02 23:53:07,57.1,56.32124328613281,0.7787567138671889,0.7787567138671889
2026-12-02 23:53:12,54.3,55.93914794921875,-1.6391479492187528,1.6391479492187528
2026-12-02 23:53:16,59.7,56.11827850341797,3.581721496582034,3.581721496582034
2026-12-02 23:53:21,60.400000000000006,56.16606140136719,4.233938598632818,4.233938598632818
2026-12-02 23:53:26,58.0,55.92064666748047,2.0793533325195312,2.0793533325195312
2026-12-02 23:53:30,55.0,57.00346374511719,-2.0034637451171875,2.0034637451171875
2026-12-02 23:53:35,59.300000000000004,56.64215087890625,2.6578491210937543,2.6578491210937543
2026-12-02 23:53:40,59.599999999999994,55.955806732177734,3.64419326782226,3.64419326782226
2026-12-02 23:53:44,59.8,55.61735534667969,4.18264465332031,4.18264465332031
2026-12-02 23:53:49,61.8,56.442813873291016,5.3571861267089815,5.3571861267089815
2026-12-02 23:53:54,57.2,56.75908660888672,0.4409133911132841,0.4409133911132841
2026-12-02 23:53:59,60.3,56.39924621582031,3.9007537841796847,3.9007537841796847
2026-12-02 23:54:03,59.2,57.104820251464844,2.095179748535159,2.095179748535159
2026-12-02 23:54:08,53.2,56.48179244995117,-3.281792449951169,3.281792449951169
2026-12-02 23:54:13,56.8,56.114967346191406,0.6850326538085909,0.6850326538085909
2026-12-02 23:54:17,60.6,55.923736572265625,4.676263427734376,4.676263427734376
2026-12-02 23:54:22,62.099999999999994,56.01397705078125,6.086022949218744,6.086022949218744
2026-12-02 23:54:27,60.2,55.32943344116211,4.8705665588378935,4.8705665588378935
2026-12-02 23:54:32,74.1,55.81166458129883,18.288335418701166,18.288335418701166
2026-12-02 23:54:36,56.3,56.928993225097656,-0.6289932250976591,0.6289932250976591
2026-12-02 23:54:41,65.5,57.017250061035156,8.482749938964844,8.482749938964844
2026-12-02 23:54:46,62.699999999999996,56.76326370239258,5.936736297607418,5.936736297607418
2026-12-02 23:54:50,65.0,56.39425277709961,8.60574722290039,8.60574722290039
2026-12-02 23:54:55,59.5,57.20429992675781,2.2957000732421875,2.2957000732421875
2026-12-02 23:55:00,62.8,57.1773796081543,5.6226203918457,5.6226203918457
2026-12-02 23:55:05,52.7,57.57891845703125,-4.878918457031247,4.878918457031247
2026-12-02 23:55:09,59.2,57.14325714111328,2.0567428588867216,2.0567428588867216
2026-12-02 23:55:14,65.1,57.55770492553711,7.542295074462885,7.542295074462885
2026-12-02 23:55:19,66.1,58.350589752197266,7.749410247802729,7.749410247802729
2026-12-02 23:55:23,52.0,58.800010681152344,-6.800010681152344,6.800010681152344
2026-12-02 23:55:28,58.900000000000006,57.522987365722656,1.3770126342773494,1.3770126342773494
2026-12-02 23:55:33,63.6,56.82459259033203,6.77540740966797,6.77540740966797
2026-12-02 23:55:37,55.699999999999996,56.499568939208984,-0.7995689392089886,0.7995689392089886
2026-12-02 23:55:42,59.7,56.51540756225586,3.1845924377441435,3.1845924377441435
2026-12-02 23:55:47,61.5,55.710567474365234,5.789432525634766,5.789432525634766
2026-12-02 23:55:52,53.599999999999994,55.82371139526367,-2.2237113952636776,2.2237113952636776
2026-12-02 23:55:56,50.900000000000006,55.91038131713867,-5.010381317138666,5.010381317138666
2026-12-02 23:56:01,54.2,55.1231575012207,-0.9231575012207003,0.9231575012207003
2026-12-02 23:56:06,67.0,54.032962799072266,12.967037200927734,12.967037200927734
2026-12-02 23:56:10,56.4,54.07099151611328,2.3290084838867173,2.3290084838867173
2026-12-02 23:56:15,60.599999999999994,54.703121185302734,5.89687881469726,5.89687881469726
2026-12-02 23:56:20,58.2,55.790985107421875,2.409014892578128,2.409014892578128
2026-12-02 23:56:25,59.3,56.09532928466797,3.2046707153320284,3.2046707153320284
2026-12-02 23:56:29,63.3,54.86302185058594,8.43697814941406,8.43697814941406
2026-12-02 23:56:34,68.30000000000001,56.08115768432617,12.21884231567384,12.21884231567384
2026-12-02 23:56:39,62.4,56.52604675292969,5.873953247070311,5.873953247070311
2026-12-02 23:56:43,62.9,56.768768310546875,6.131231689453124,6.131231689453124
2026-12-02 23:56:48,59.0,57.04936981201172,1.9506301879882812,1.9506301879882812
2026-12-02 23:56:53,65.9,57.20785140991211,8.692148590087896,8.692148590087896
2026-12-02 23:56:57,64.0,57.048282623291016,6.951717376708984,6.951717376708984
2026-12-02 23:57:02,60.0,58.32637023925781,1.6736297607421875,1.6736297607421875
2026-12-02 23:57:07,59.7,58.91275405883789,0.7872459411621122,0.7872459411621122
2026-12-02 23:57:12,55.099999999999994,58.53327941894531,-3.433279418945318,3.433279418945318
2026-12-02 23:57:16,60.7,57.86640930175781,2.8335906982421903,2.8335906982421903
2026-12-02 23:57:21,58.9,57.880279541015625,1.0197204589843736,1.0197204589843736
2026-12-02 23:57:26,60.5,57.69866943359375,2.80133056640625,2.80133056640625
2026-12-02 23:57:30,65.8,56.3997688293457,9.400231170654294,9.400231170654294
2026-12-02 23:57:35,60.2,57.03703689575195,3.1629631042480497,3.1629631042480497
2026-12-02 23:57:40,58.2,57.73992156982422,0.4600784301757841,0.4600784301757841
2026-12-02 23:57:45,59.099999999999994,58.219539642333984,0.8804603576660099,0.8804603576660099
2026-12-02 23:57:49,58.5,57.84114074707031,0.6588592529296875,0.6588592529296875
2026-12-02 23:57:54,68.2,56.74183654785156,11.45816345214844,11.45816345214844
2026-12-02 23:57:59,61.3,57.375614166259766,3.9243858337402315,3.9243858337402315
2026-12-02 23:58:03,60.5,58.2415771484375,2.2584228515625,2.2584228515625
2026-12-02 23:58:08,55.9,58.10280990600586,-2.202809906005861,2.202809906005861
2026-12-02 23:58:13,55.800000000000004,57.22806167602539,-1.4280616760253864,1.4280616760253864
2026-12-02 23:58:17,59.300000000000004,56.77717590332031,2.5228240966796918,2.5228240966796918
2026-12-02 23:58:22,58.1,56.13213348388672,1.9678665161132827,1.9678665161132827
2026-12-02 23:58:27,55.2,56.69062805175781,-1.4906280517578097,1.4906280517578097
2026-12-02 23:58:32,60.9,56.44016647338867,4.459833526611327,4.459833526611327
2026-12-02 23:58:36,66.1,55.74114990234375,10.358850097656244,10.358850097656244
2026-12-02 23:58:41,60.7,56.915313720703125,3.784686279296878,3.784686279296878
2026-12-02 23:58:46,58.800000000000004,57.57941818237305,1.2205818176269574,1.2205818176269574
2026-12-02 23:58:50,61.5,57.36264419555664,4.137355804443359,4.137355804443359
2026-12-02 23:58:55,59.9,56.7509651184082,3.1490348815917955,3.1490348815917955
2026-12-02 23:59:00,66.6,56.70161437988281,9.898385620117182,9.898385620117182
2026-12-02 23:59:05,59.0,58.37562942504883,0.6243705749511719,0.6243705749511719
2026-12-02 23:59:09,61.5,58.156856536865234,3.3431434631347656,3.3431434631347656
2026-12-02 23:59:14,59.199999999999996,57.86172103881836,1.3382789611816364,1.3382789611816364
2026-12-02 23:59:19,59.800000000000004,57.89856719970703,1.901432800292973,1.901432800292973
2026-12-02 23:59:23,61.6,58.072021484375,3.5279785156250014,3.5279785156250014
2026-12-02 23:59:28,60.3,58.1536750793457,2.146324920654294,2.146324920654294
2026-12-02 23:59:33,55.7,57.22700500488281,-1.5270050048828097,1.5270050048828097
2026-12-02 23:59:37,65.2,57.093814849853516,8.106185150146487,8.106185150146487
2026-12-02 23:59:42,63.2,57.62960433959961,5.5703956604003935,5.5703956604003935
2026-12-02 23:59:47,65.7,57.23451614379883,8.465483856201175,8.465483856201175
2026-12-02 23:59:52,60.5,57.914268493652344,2.5857315063476562,2.5857315063476562
2026-12-02 23:59:56,64.2,58.366764068603516,5.833235931396487,5.833235931396487
