Timestamp,Actual,Predicted,Error,Abs_Error
2026-12-02 21:34:36,60.1,61.050557876450775,-0.9505578764507732,0.9505578764507732
2026-12-02 21:34:41,56.2,55.68252955242124,0.5174704475787664,0.5174704475787664
2026-12-02 21:34:46,54.900000000000006,53.18194830359769,1.7180516964023127,1.7180516964023127
2026-12-02 21:34:51,52.7,53.23350399946788,-0.5335039994678752,0.5335039994678752
2026-12-02 21:34:55,65.8,64.53173548240301,1.2682645175969895,1.2682645175969895
2026-12-02 21:35:00,56.9,58.061807307712144,-1.1618073077121451,1.1618073077121451
2026-12-02 21:35:05,56.3,56.739598337450786,-0.43959833745078924,0.43959833745078924
2026-12-02 21:35:09,54.400000000000006,55.306199987879715,-0.9061999878797096,0.9061999878797096
2026-12-02 21:35:14,56.099999999999994,57.60567460801809,-1.5056746080180972,1.5056746080180972
2026-12-02 21:35:19,54.3,55.43578356454248,-1.1357835645424856,1.1357835645424856
2026-12-02 21:35:24,51.7,53.27059678405407,-1.570596784054068,1.570596784054068
2026-12-02 21:35:28,52.9,52.90495680225969,-0.0049568022596915284,0.0049568022596915284
2026-12-02 21:35:33,60.9,59.06024833589568,1.8397516641043197,1.8397516641043197
2026-12-02 21:35:38,56.3,57.42840811540638,-1.1284081154063799,1.1284081154063799
2026-12-02 21:35:42,50.5,51.62956085871075,-1.1295608587107466,1.1295608587107466
2026-12-02 21:35:47,54.599999999999994,55.176645405539546,-0.5766454055395513,0.5766454055395513
2026-12-02 21:35:52,52.900000000000006,53.26502643358987,-0.3650264335898612,0.3650264335898612
2026-12-02 21:35:56,53.2,53.08520146395316,0.1147985360468411,0.1147985360468411
2026-12-02 21:36:01,53.900000000000006,55.28022923891584,-1.380229238915831,1.380229238915831
2026-12-02 21:36:06,56.0,57.331382170238165,-1.3313821702381645,1.3313821702381645
2026-12-02 21:36:11,54.9,55.6320889240674,-0.7320889240674049,0.7320889240674049
2026-12-02 21:36:15,63.3,62.74844943079738,0.5515505692026181,0.5515505692026181
2026-12-02 21:36:20,54.5,55.97543246117629,-1.4754324611762897,1.4754324611762897
2026-12-02 21:36:25,61.599999999999994,60.83236641666739,0.7676335833326036,0.7676335833326036
2026-12-02 21:36:29,59.3,60.14109510426121,-0.841095104261214,0.841095104261214
2026-12-02 21:36:34,59.0,57.292050861664286,1.7079491383357137,1.7079491383357137
2026-12-02 21:36:39,55.6,55.64196228740902,-0.04196228740902086,0.04196228740902086
2026-12-02 21:36:44,58.199999999999996,56.87325767818617,1.3267423218138248,1.3267423218138248
2026-12-02 21:36:48,55.0,54.93938663572327,0.06061336427673325,0.06061336427673325
2026-12-02 21:36:53,56.7,55.693854715697164,1.0061452843028391,1.0061452843028391
2026-12-02 21:36:58,54.8,55.40191935697184,-0.6019193569718411,0.6019193569718411
2026-12-02 21:37:02,52.4,53.25888023528331,-0.8588802352833085,0.8588802352833085
2026-12-02 21:37:07,53.2,55.228684339025484,-2.0286843390254816,2.0286843390254816
2026-12-02 21:37:12,54.900000000000006,55.41355138560545,-0.5135513856054459,0.5135513856054459
2026-12-02 21:37:16,59.3,59.1829811473144,0.11701885268559664,0.11701885268559664
2026-12-02 21:37:21,59.0,59.75914359293159,-0.7591435929315935,0.7591435929315935
2026-12-02 21:37:26,57.2,57.487935940408626,-0.287935940408623,0.287935940408623
2026-12-02 21:37:31,54.7,55.688242339987816,-0.9882423399878135,0.9882423399878135
2026-12-02 21:37:35,52.8,53.25904936942499,-0.45904936942499575,0.45904936942499575
2026-12-02 21:37:40,48.6,48.86121132883046,-0.2612113288304556,0.2612113288304556
2026-12-02 21:37:45,52.6,52.77654950594566,-0.17654950594565832,0.17654950594565832
2026-12-02 21:37:49,58.3,56.725638304231545,1.5743616957684523,1.5743616957684523
2026-12-02 21:37:54,53.8,53.23060209968619,0.5693979003138097,0.5693979003138097
2026-12-02 21:37:59,65.8,64.76882939199828,1.031170608001716,1.031170608001716
2026-12-02 21:38:04,57.1,59.391390111111996,-2.291390111111994,2.291390111111994
2026-12-02 21:38:08,53.8,53.21543460416973,0.5845653958302677,0.5845653958302677
2026-12-02 21:38:13,59.4,58.49116923904008,0.9088307609599156,0.9088307609599156
2026-12-02 21:38:18,54.1,55.62181374818385,-1.5218137481838454,1.5218137481838454
2026-12-02 21:38:22,58.3,56.4910023924232,1.8089976075767993,1.8089976075767993
2026-12-02 21:38:27,57.2,57.977772065757115,-0.7777720657571123,0.7777720657571123
2026-12-02 21:38:32,60.7,59.00687927889248,1.693120721107526,1.693120721107526
2026-12-02 21:38:36,57.5,57.349346328222545,0.15065367177745514,0.15065367177745514
2026-12-02 21:38:41,55.7,55.47217847534641,0.22782152465359218,0.22782152465359218
2026-12-02 21:38:46,58.3,56.77387909465259,1.5261209053474047,1.5261209053474047
2026-12-02 21:38:51,52.599999999999994,53.48066524090217,-0.8806652409021751,0.8806652409021751
2026-12-02 21:38:55,55.900000000000006,55.233783388217226,0.6662166117827795,0.6662166117827795
2026-12-02 21:39:00,55.7,55.12774735831152,0.5722526416884861,0.5722526416884861
2026-12-02 21:39:05,54.9,54.96923981244657,-0.0692398124465683,0.0692398124465683
2026-12-02 21:39:09,58.8,58.92687942570362,-0.12687942570362054,0.12687942570362054
2026-12-02 21:39:14,55.3,55.47119559286613,-0.17119559286613395,0.17119559286613395
2026-12-02 21:39:19,61.0,60.372879878315935,0.6271201216840652,0.6271201216840652
2026-12-02 21:39:24,63.099999999999994,63.34091882569387,-0.2409188256938748,0.2409188256938748
2026-12-02 21:39:28,61.0,61.778744923686766,-0.7787449236867658,0.7787449236867658
2026-12-02 21:39:33,55.5,55.489193377804305,0.010806622195694615,0.010806622195694615
2026-12-02 21:39:38,51.3,53.31754701531589,-2.017547015315891,2.017547015315891
2026-12-02 21:39:42,53.0,53.075721992446425,-0.07572199244642519,0.07572199244642519
2026-12-02 21:39:47,61.3,59.3439491238363,1.9560508761636939,1.9560508761636939
2026-12-02 21:39:52,59.900000000000006,60.217000466638865,-0.3170004666388593,0.3170004666388593
2026-12-02 21:39:56,50.7,51.72350993822324,-1.0235099382232349,1.0235099382232349
2026-12-02 21:40:01,55.7,54.365442626866596,1.334557373133407,1.334557373133407
2026-12-02 21:40:06,58.4,57.95195938070566,0.44804061929433914,0.44804061929433914
2026-12-02 21:40:11,54.2,53.18342517608191,1.0165748239180914,1.0165748239180914
2026-12-02 21:40:15,64.7,65.2669091854407,-0.5669091854406929,0.5669091854406929
2026-12-02 21:40:20,56.4,58.44935447700688,-2.0493544770068794,2.0493544770068794
2026-12-02 21:40:25,55.300000000000004,55.38084732293146,-0.08084732293145436,0.08084732293145436
2026-12-02 21:40:29,52.8,53.31911214543792,-0.5191121454379228,0.5191121454379228
2026-12-02 21:40:34,55.0,55.18037930932938,-0.18037930932938195,0.18037930932938195
2026-12-02 21:40:39,60.0,59.02164927170648,0.9783507282935204,0.9783507282935204
2026-12-02 21:40:44,53.5,55.684810853591095,-2.1848108535910953,2.1848108535910953
2026-12-02 21:40:48,66.9,65.56220355281063,1.3377964471893762,1.3377964471893762
2026-12-02 21:40:53,65.19999999999999,63.37586310330848,1.8241368966915061,1.8241368966915061
2026-12-02 21:40:58,62.699999999999996,62.30439934660404,0.3956006533959524,0.3956006533959524
2026-12-02 21:41:02,61.099999999999994,61.10944420898643,-0.009444208986437275,0.009444208986437275
2026-12-02 21:41:07,54.2,55.91015030517198,-1.7101503051719789,1.7101503051719789
2026-12-02 21:41:12,53.400000000000006,53.262896612232794,0.13710338776721187,0.13710338776721187
2026-12-02 21:41:16,53.0,53.029940161045374,-0.029940161045374225,0.029940161045374225
2026-12-02 21:41:21,60.099999999999994,58.74917727345836,1.3508227265416366,1.3508227265416366
2026-12-02 21:41:26,52.8,53.51720689778468,-0.7172068977846848,0.7172068977846848
2026-12-02 21:41:31,60.9,60.34458618901141,0.5554138109885898,0.5554138109885898
2026-12-02 21:41:35,55.300000000000004,55.56195679686519,-0.261956796865185,0.261956796865185
2026-12-02 21:41:40,50.6,51.52335721624675,-0.9233572162467496,0.9233572162467496
2026-12-02 21:41:45,58.6,59.067441633974596,-0.4674416339745946,0.4674416339745946
2026-12-02 21:41:49,61.8,61.17240306792916,0.627596932070837,0.627596932070837
2026-12-02 21:41:54,61.599999999999994,62.845397368246786,-1.2453973682467918,1.2453973682467918
2026-12-02 21:41:59,58.0,58.021028025755925,-0.021028025755924773,0.021028025755924773
2026-12-02 21:42:04,59.5,59.020994210081106,0.47900578991889375,0.47900578991889375
2026-12-02 21:42:08,51.599999999999994,51.361686878465335,0.23831312153465944,0.23831312153465944
2026-12-02 21:42:13,57.2,56.6771963030313,0.5228036969687011,0.5228036969687011
2026-12-02 21:42:18,54.3,55.206397075497435,-0.9063970754974378,0.9063970754974378
2026-12-02 21:42:22,58.7,56.71123389724137,1.9887661027586319,1.9887661027586319
2026-12-02 21:42:27,61.7,61.390667860843145,0.309332139156858,0.309332139156858
2026-12-02 21:42:32,57.800000000000004,58.06011040314872,-0.26011040314871536,0.26011040314871536
2026-12-02 21:42:36,52.599999999999994,53.32513164507757,-0.7251316450775747,0.7251316450775747
2026-12-02 21:42:41,59.7,59.825316200082106,-0.12531620008210353,0.12531620008210353
2026-12-02 21:42:46,67.3,65.08329425687837,2.216705743121622,2.216705743121622
2026-12-02 21:42:51,65.9,65.2910212519322,0.6089787480678126,0.6089787480678126
2026-12-02 21:42:55,54.7,53.608701257730296,1.0912987422697071,1.0912987422697071
2026-12-02 21:43:00,58.4,56.53349834212963,1.8665016578703657,1.8665016578703657
2026-12-02 21:43:05,53.6,55.52330424856935,-1.9233042485693517,1.9233042485693517
2026-12-02 21:43:09,60.4,58.831070176952935,1.568929823047064,1.568929823047064
2026-12-02 21:43:14,53.0,53.56550386813043,-0.5655038681304276,0.5655038681304276
2026-12-02 21:43:19,56.9,56.72801703866362,0.1719829613363757,0.1719829613363757
2026-12-02 21:43:24,56.0,56.78879779940911,-0.7887977994091102,0.7887977994091102
2026-12-02 21:43:28,57.7,56.78967461994122,0.9103253800587794,0.9103253800587794
2026-12-02 21:43:33,56.099999999999994,55.04719446960067,1.0528055303993256,1.0528055303993256
2026-12-02 21:43:38,62.0,61.14932412170953,0.8506758782904669,0.8506758782904669
2026-12-02 21:43:42,55.8,55.41574669444182,0.3842533055581754,0.3842533055581754
2026-12-02 21:43:47,54.7,55.30650279212436,-0.6065027921243598,0.6065027921243598
2026-12-02 21:43:52,58.6,57.62901081030547,0.970989189694528,0.970989189694528
2026-12-02 21:43:57,56.599999999999994,55.33479959213123,1.265200407868761,1.265200407868761
2026-12-02 21:44:01,62.599999999999994,63.05710964552914,-0.4571096455291439,0.4571096455291439
2026-12-02 21:44:06,54.8,56.11119402347989,-1.3111940234798922,1.3111940234798922
2026-12-02 21:44:11,53.7,55.21872824851834,-1.518728248518336,1.518728248518336
2026-12-02 21:44:15,55.6,55.33048047301572,0.2695195269842827,0.2695195269842827
2026-12-02 21:44:20,53.7,55.16450747212094,-1.4645074721209355,1.4645074721209355
2026-12-02 21:44:25,56.400000000000006,55.218838155120615,1.1811618448793908,1.1811618448793908
2026-12-02 21:44:29,56.2,55.35649465357529,0.8435053464247133,0.8435053464247133
2026-12-02 21:44:34,58.4,56.82387835302956,1.576121646970435,1.576121646970435
2026-12-02 21:44:39,55.0,55.69498110477409,-0.6949811047740866,0.6949811047740866
2026-12-02 21:44:44,58.3,57.642240700431834,0.6577592995681627,0.6577592995681627
2026-12-02 21:44:48,52.8,53.12252185808927,-0.32252185808927436,0.32252185808927436
2026-12-02 21:44:53,54.0,53.331989101579865,0.6680108984201354,0.6680108984201354
2026-12-02 21:44:58,53.7,52.97123139221356,0.7287686077864421,0.7287686077864421
2026-12-02 21:45:02,58.199999999999996,59.24431390298048,-1.044313902980484,1.044313902980484
2026-12-02 21:45:07,59.7,60.18194605503403,-0.48194605503402954,0.48194605503402954
2026-12-02 21:45:12,55.3,55.4780897091595,-0.17808970915950084,0.17808970915950084
2026-12-02 21:45:17,53.2,53.08178162351569,0.11821837648431455,0.11821837648431455
2026-12-02 21:45:21,53.4,52.76219798110135,0.6378020188986468,0.6378020188986468
2026-12-02 21:45:26,64.30000000000001,62.97120543364968,1.3287945663503322,1.3287945663503322
2026-12-02 21:45:31,55.5,56.46468771849122,-0.9646877184912199,0.9646877184912199
2026-12-02 21:45:35,60.3,59.80387288044746,0.49612711955253985,0.49612711955253985
2026-12-02 21:45:40,55.400000000000006,55.49195623069461,-0.09195623069460623,0.09195623069460623
2026-12-02 21:45:45,56.4,55.595252984180775,0.804747015819224,0.804747015819224
2026-12-02 21:45:49,57.5,56.65601785955806,0.8439821404419376,0.8439821404419376
2026-12-02 21:45:54,56.6,57.30958195297848,-0.7095819529784819,0.7095819529784819
2026-12-02 21:45:59,53.0,53.28108156991193,-0.2810815699119331,0.2810815699119331
2026-12-02 21:46:04,57.4,56.98886498056044,0.41113501943955555,0.41113501943955555
2026-12-02 21:46:08,53.7,55.15312231261145,-1.4531223126114483,1.4531223126114483
2026-12-02 21:46:13,56.800000000000004,55.722740262177055,1.0772597378229491,1.0772597378229491
2026-12-02 21:46:18,61.2,61.749873761999204,-0.5498737619992013,0.5498737619992013
2026-12-02 21:46:22,56.800000000000004,58.04387814371757,-1.2438781437175663,1.2438781437175663
2026-12-02 21:46:27,56.5,57.98651517169686,-1.4865151716968583,1.4865151716968583
2026-12-02 21:46:32,53.1,53.29250078694961,-0.19250078694960848,0.19250078694960848
2026-12-02 21:46:37,57.3,56.57183619294469,0.72816380705531,0.72816380705531
2026-12-02 21:46:41,56.599999999999994,56.838271988022406,-0.23827198802241156,0.23827198802241156
2026-12-02 21:46:46,56.1,55.12116974750006,0.9788302524999395,0.9788302524999395
2026-12-02 21:46:51,51.8,53.47452156387541,-1.674521563875416,1.674521563875416
2026-12-02 21:46:55,52.0,52.74734124140668,-0.74734124140668,0.74734124140668
2026-12-02 21:47:00,56.4,55.289451347632124,1.110548652367875,1.110548652367875
2026-12-02 21:47:05,53.400000000000006,55.33693391887885,-1.936933918878843,1.936933918878843
2026-12-02 21:47:09,59.400000000000006,59.07345257286349,0.32654742713651785,0.32654742713651785
2026-12-02 21:47:14,57.5,58.06217520105311,-0.5621752010531083,0.5621752010531083
2026-12-02 21:47:19,54.7,55.37844971321021,-0.6784497132102061,0.6784497132102061
2026-12-02 21:47:24,63.7,62.856807320364105,0.843192679635898,0.843192679635898
2026-12-02 21:47:28,53.9,55.80323905641495,-1.9032390564149537,1.9032390564149537
2026-12-02 21:47:33,55.1,55.1799078025103,-0.07990780251029861,0.07990780251029861
2026-12-02 21:47:38,62.5,61.40794445858521,1.092055541414787,1.092055541414787
2026-12-02 21:47:42,61.5,62.04252679836474,-0.5425267983647402,0.5425267983647402
2026-12-02 21:47:47,53.2,53.437152015745866,-0.2371520157458633,0.2371520157458633
2026-12-02 21:47:52,56.0,55.2240914275752,0.7759085724247967,0.7759085724247967
2026-12-02 21:47:57,57.0,56.696005065326126,0.30399493467387373,0.30399493467387373
2026-12-02 21:48:01,59.7,59.45020453287557,0.2497954671244358,0.2497954671244358
2026-12-02 21:48:06,53.5,53.33538407445346,0.16461592554654203,0.16461592554654203
2026-12-02 21:48:11,57.099999999999994,57.243059399408445,-0.14305939940845036,0.14305939940845036
2026-12-02 21:48:15,60.8,59.01675189076176,1.7832481092382366,1.7832481092382366
2026-12-02 21:48:20,56.800000000000004,57.60298581026734,-0.8029858102673373,0.8029858102673373
2026-12-02 21:48:25,56.599999999999994,54.764311355654065,1.8356886443459288,1.8356886443459288
2026-12-02 21:48:29,61.4,60.932600882566696,0.46739911743330254,0.46739911743330254
2026-12-02 21:48:34,59.3,57.695428824864884,1.6045711751351135,1.6045711751351135
2026-12-02 21:48:39,53.9,54.76339705659494,-0.8633970565949411,0.8633970565949411
2026-12-02 21:48:44,53.9,53.5063144966126,0.3936855033873954,0.3936855033873954
2026-12-02 21:48:48,57.2,56.539325536525624,0.6606744634743791,0.6606744634743791
2026-12-02 21:48:53,55.099999999999994,55.67270123937845,-0.5727012393784534,0.5727012393784534
2026-12-02 21:48:58,57.5,56.70850084818723,0.7914991518127721,0.7914991518127721
2026-12-02 21:49:02,60.6,61.43368372961754,-0.8336837296175403,0.8336837296175403
2026-12-02 21:49:07,60.3,61.61315558098337,-1.31315558098337,1.31315558098337
2026-12-02 21:49:12,56.3,56.61100202574311,-0.31100202574311453,0.31100202574311453
2026-12-02 21:49:17,56.400000000000006,55.36731199053815,1.0326880094618573,1.0326880094618573
2026-12-02 21:49:21,53.0,53.2409605595386,-0.24096055953859974,0.24096055953859974
2026-12-02 21:49:26,60.699999999999996,59.01028001184157,1.6897199881584228,1.6897199881584228
2026-12-02 21:49:31,57.9,56.88044878933948,1.0195512106605165,1.0195512106605165
2026-12-02 21:49:35,56.900000000000006,58.014008201374175,-1.114008201374169,1.114008201374169
2026-12-02 21:49:40,55.0,55.317536075411766,-0.3175360754117662,0.3175360754117662
2026-12-02 21:49:45,56.099999999999994,54.56608020857085,1.5339197914291418,1.5339197914291418
2026-12-02 21:49:49,56.2,57.999494955350265,-1.7994949553502622,1.7994949553502622
2026-12-02 21:49:54,55.6,56.97846420505967,-1.3784642050596716,1.3784642050596716
2026-12-02 21:49:59,54.8,53.16817779163114,1.6318222083688596,1.6318222083688596
2026-12-02 21:50:04,61.2,58.612358594200984,2.587641405799019,2.587641405799019
2026-12-02 21:50:08,58.800000000000004,57.21908131082493,1.5809186891750713,1.5809186891750713
2026-12-02 21:50:13,55.8,55.49002815808972,0.3099718419102757,0.3099718419102757
2026-12-02 21:50:18,60.599999999999994,59.4046910918737,1.195308908126293,1.195308908126293
2026-12-02 21:50:22,127.7,120.00942434429281,7.6905756557071925,7.6905756557071925
2026-12-02 21:50:27,59.5,65.34836515331722,-5.848365153317218,5.848365153317218
2026-12-02 21:50:32,60.099999999999994,57.8884377349891,2.2115622650108975,2.2115622650108975
2026-12-02 21:50:37,58.7,57.35033166141801,1.349668338581992,1.349668338581992
2026-12-02 21:50:41,60.6,59.49426221717977,1.1057377828202348,1.1057377828202348
2026-12-02 21:50:46,60.5,60.20334462484694,0.2966553751530583,0.2966553751530583
2026-12-02 21:50:51,55.4,56.538090205268695,-1.1380902052686963,1.1380902052686963
2026-12-02 21:50:55,57.0,56.66863298578954,0.331367014210457,0.331367014210457
2026-12-02 21:51:00,58.800000000000004,59.161047185695246,-0.3610471856952415,0.3610471856952415
2026-12-02 21:51:05,59.5,60.398871268624085,-0.8988712686240845,0.8988712686240845
2026-12-02 21:51:09,60.5,59.68206925180225,0.8179307481977531,0.8179307481977531
2026-12-02 21:51:14,55.900000000000006,55.6812769978671,0.2187230021329043,0.2187230021329043
2026-12-02 21:51:19,64.5,63.16733573738668,1.3326642626133207,1.3326642626133207
2026-12-02 21:51:24,58.0,58.01559820959658,-0.015598209596582535,0.015598209596582535
2026-12-02 21:51:28,62.900000000000006,61.31439407926323,1.585605920736775,1.585605920736775
2026-12-02 21:51:33,69.7,68.42793324419165,1.2720667558083534,1.2720667558083534
2026-12-02 21:51:38,57.5,59.75110046527915,-2.2511004652791513,2.2511004652791513
2026-12-02 21:51:42,59.8,58.94946045385416,0.8505395461458392,0.8505395461458392
2026-12-02 21:51:47,59.5,59.05987807019059,0.4401219298094077,0.4401219298094077
2026-12-02 21:51:52,58.2,59.02119157937823,-0.8211915793782296,0.8211915793782296
2026-12-02 21:51:57,55.099999999999994,55.47336125437281,-0.3733612543728171,0.3733612543728171
2026-12-02 21:52:01,51.1,50.861897381396616,0.238102618603385,0.238102618603385
2026-12-02 21:52:06,62.3,60.579849610549196,1.7201503894508008,1.7201503894508008
2026-12-02 21:52:11,60.400000000000006,59.18397477059524,1.2160252294047638,1.2160252294047638
2026-12-02 21:52:15,65.5,65.2652582406101,0.23474175938990527,0.23474175938990527
2026-12-02 21:52:20,57.900000000000006,57.824976150032875,0.07502384996713118,0.07502384996713118
2026-12-02 21:52:25,58.3,57.06762453155655,1.2323754684434505,1.2323754684434505
2026-12-02 21:52:29,56.3,56.92233139461608,-0.6223313946160829,0.6223313946160829
2026-12-02 21:52:34,53.599999999999994,52.88141120260817,0.7185887973918241,0.7185887973918241
2026-12-02 21:52:39,56.6,57.95235435901456,-1.352354359014555,1.352354359014555
2026-12-02 21:52:44,65.7,65.19951716536315,0.5004828346368555,0.5004828346368555
2026-12-02 21:52:48,67.19999999999999,65.24146643033609,1.9585335696638992,1.9585335696638992
2026-12-02 21:52:53,52.300000000000004,52.20464431796525,0.0953556820347572,0.0953556820347572
2026-12-02 21:52:58,58.6,59.138486692993105,-0.5384866929931036,0.5384866929931036
2026-12-02 21:53:02,55.0,54.87936362481968,0.12063637518031811,0.12063637518031811
2026-12-02 21:53:07,55.6,54.921837685455614,0.6781623145443874,0.6781623145443874
2026-12-02 21:53:12,62.2,62.06335355977363,0.13664644022637162,0.13664644022637162
2026-12-02 21:53:17,61.8,61.41836679254393,0.3816332074560691,0.3816332074560691
2026-12-02 21:53:21,54.6,57.361450172436854,-2.7614501724368523,2.7614501724368523
2026-12-02 21:53:26,63.1,62.92076591063587,0.17923408936412955,0.17923408936412955
2026-12-02 21:53:31,58.7,60.685130435527014,-1.9851304355270116,1.9851304355270116
2026-12-02 21:53:35,52.900000000000006,52.76870067363573,0.1312993263642781,0.1312993263642781
2026-12-02 21:53:40,50.9,50.78263677791567,0.11736322208432881,0.11736322208432881
2026-12-02 21:53:45,59.699999999999996,59.313388927356634,0.3866110726433618,0.3866110726433618
2026-12-02 21:53:49,56.3,55.42821820825456,0.871781791745434,0.871781791745434
2026-12-02 21:53:54,61.7,61.073207679140815,0.6267923208591881,0.6267923208591881
2026-12-02 21:53:59,63.599999999999994,61.834630030580406,1.765369969419588,1.765369969419588
2026-12-02 21:54:04,61.0,61.7656686798742,-0.765668679874203,0.765668679874203
2026-12-02 21:54:08,53.9,56.526480161955675,-2.6264801619556764,2.6264801619556764
2026-12-02 21:54:13,53.5,52.721680860475594,0.778319139524406,0.778319139524406
2026-12-02 21:54:18,52.400000000000006,50.58476314323133,1.8152368567686779,1.8152368567686779
2026-12-02 21:54:22,60.1,58.40047203055221,1.699527969447793,1.699527969447793
2026-12-02 21:54:27,62.1,61.11260377572677,0.9873962242732333,0.9873962242732333
2026-12-02 21:54:32,55.6,57.229516573249576,-1.6295165732495747,1.6295165732495747
2026-12-02 21:54:37,49.5,52.0236609264309,-2.5236609264308996,2.5236609264308996
2026-12-02 21:54:41,59.199999999999996,58.83271463714896,0.3672853628510353,0.3672853628510353
2026-12-02 21:54:46,61.9,61.19465534888284,0.7053446511171586,0.7053446511171586
2026-12-02 21:54:51,57.4,57.947376775251705,-0.5473767752517062,0.5473767752517062
2026-12-02 21:54:55,53.0,53.159599912587026,-0.15959991258702644,0.15959991258702644
2026-12-02 21:55:00,55.6,54.444614071473445,1.155385928526556,1.155385928526556
2026-12-02 21:55:05,54.300000000000004,53.131762516743734,1.16823748325627,1.16823748325627
2026-12-02 21:55:09,57.3,56.610293907679385,0.6897060923206126,0.6897060923206126
2026-12-02 21:55:14,52.4,53.1746849195833,-0.7746849195833008,0.7746849195833008
2026-12-02 21:55:19,72.9,68.7229738702801,4.177026129719906,4.177026129719906
2026-12-02 21:55:24,55.6,55.6294911286395,-0.02949112863949921,0.02949112863949921
2026-12-02 21:55:28,58.0,58.44231002165531,-0.4423100216553095,0.4423100216553095
2026-12-02 21:55:33,55.5,55.92945069741443,-0.4294506974144312,0.4294506974144312
2026-12-02 21:55:38,55.4,55.21560646807283,0.18439353192717078,0.18439353192717078
2026-12-02 21:55:42,54.9,55.22555479901452,-0.3255547990145189,0.3255547990145189
2026-12-02 21:55:47,56.0,55.29455654539349,0.7054434546065096,0.7054434546065096
2026-12-02 21:55:52,63.7,62.43444302329227,1.2655569767077353,1.2655569767077353
2026-12-02 21:55:57,55.5,55.89720679594028,-0.39720679594027786,0.39720679594027786
2026-12-02 21:56:01,61.0,59.595458969944545,1.404541030055455,1.404541030055455
2026-12-02 21:56:06,58.3,57.083749485200535,1.2162505147994622,1.2162505147994622
2026-12-02 21:56:11,54.4,54.64714656281643,-0.24714656281643244,0.24714656281643244
2026-12-02 21:56:15,61.0,58.84932079571812,2.1506792042818788,2.1506792042818788
2026-12-02 21:56:20,62.0,61.25903992362944,0.7409600763705626,0.7409600763705626
2026-12-02 21:56:25,59.1,60.345153888643516,-1.2451538886435145,1.2451538886435145
2026-12-02 21:58:19,73.9,69.87691658351494,4.023083416485065,4.023083416485065
2026-12-02 21:58:24,68.8,67.25109251456298,1.548907485437013,1.548907485437013
2026-12-02 21:58:29,67.0,66.4158169389406,0.5841830610594059,0.5841830610594059
2026-12-02 21:58:33,65.9,66.8861795113109,-0.986179511310894,0.986179511310894
2026-12-02 21:58:38,70.2,70.79829155460936,-0.5982915546093608,0.5982915546093608
2026-12-02 21:58:43,58.0,58.09821599180758,-0.09821599180757801,0.09821599180757801
2026-12-02 21:58:47,57.6,57.63600479741267,-0.03600479741266582,0.03600479741266582
2026-12-02 21:58:52,51.099999999999994,50.69557810846085,0.404421891539144,0.404421891539144
2026-12-02 21:58:57,66.0,65.02286461564415,0.9771353843558472,0.9771353843558472
2026-12-02 21:59:02,52.8,53.97481031662464,-1.1748103166246437,1.1748103166246437
2026-12-02 21:59:06,60.7,62.3139276158928,-1.6139276158927984,1.6139276158927984
2026-12-02 21:59:11,66.2,64.85728616165073,1.342713838349269,1.342713838349269
2026-12-02 21:59:16,76.2,71.95077208057648,4.249227919423518,4.249227919423518
2026-12-02 21:59:20,66.0,65.8653551412687,0.13464485873130627,0.13464485873130627
2026-12-02 21:59:25,77.1,73.36502736374752,3.734972636252479,3.734972636252479
2026-12-02 21:59:30,58.400000000000006,59.396484608232434,-0.9964846082324286,0.9964846082324286
2026-12-02 21:59:35,78.0,72.94534742070931,5.054652579290689,5.054652579290689
2026-12-02 21:59:39,69.5,66.76587677460023,2.7341232253997703,2.7341232253997703
2026-12-02 21:59:44,69.0,66.60021867439899,2.399781325601012,2.399781325601012
2026-12-02 21:59:49,63.5,66.3619483753474,-2.8619483753473958,2.8619483753473958
2026-12-02 21:59:53,63.900000000000006,60.873833723412154,3.026166276587851,3.026166276587851
2026-12-02 21:59:58,61.8,62.49237655362562,-0.6923765536256212,0.6923765536256212
2026-12-02 22:00:03,67.4,65.50217029054843,1.897829709451571,1.897829709451571
2026-12-02 22:00:07,51.7,54.47738524009148,-2.7773852400914762,2.7773852400914762
2026-12-02 22:00:12,54.2,53.16831949029361,1.0316805097063906,1.0316805097063906
2026-12-02 22:00:17,62.3,62.78161216544251,-0.4816121654425132,0.4816121654425132
2026-12-02 22:00:22,60.2,59.56336972433148,0.6366302756685229,0.6366302756685229
2026-12-02 22:00:26,57.8,57.1097867116558,0.6902132883441965,0.6902132883441965
2026-12-02 22:00:31,59.599999999999994,59.35272063683227,0.2472793631677277,0.2472793631677277
2026-12-02 22:00:36,58.699999999999996,58.92137240576341,-0.221372405763411,0.221372405763411
2026-12-02 22:00:40,54.8,55.648859207998846,-0.8488592079988493,0.8488592079988493
2026-12-02 22:00:45,54.8,53.28531599223739,1.5146840077626038,1.5146840077626038
2026-12-02 22:00:50,60.5,59.95931395482982,0.5406860451701831,0.5406860451701831
2026-12-02 22:00:55,57.2,56.96371608054579,0.23628391945421612,0.23628391945421612
2026-12-02 22:00:59,54.7,55.565998601836384,-0.865998601836381,0.865998601836381
2026-12-02 22:01:04,53.2,52.78939531719116,0.4106046828088452,0.4106046828088452
2026-12-02 22:01:09,66.2,64.1126590058356,2.087340994164407,2.087340994164407
2026-12-02 22:01:13,54.4,56.130254262977964,-1.7302542629779651,1.7302542629779651
2026-12-02 22:01:18,65.0,65.367891622122,-0.3678916221220021,0.3678916221220021
2026-12-02 22:01:23,63.5,62.36586989282158,1.1341301071784216,1.1341301071784216
2026-12-02 22:01:27,56.0,54.7229159799188,1.2770840200811975,1.2770840200811975
2026-12-02 22:01:32,58.9,59.393894000374104,-0.49389400037410525,0.49389400037410525
2026-12-02 22:01:37,62.900000000000006,61.90949019680096,0.9905098031990462,0.9905098031990462
2026-12-02 22:01:42,62.0,62.34086260919973,-0.340862609199732,0.340862609199732
2026-12-02 22:01:46,63.4,64.17349808980904,-0.7734980898090456,0.7734980898090456
2026-12-02 22:01:51,56.8,54.91624862222671,1.8837513777732866,1.8837513777732866
2026-12-02 22:01:56,69.4,68.11714881013361,1.282851189866392,1.282851189866392
2026-12-02 22:02:00,53.3,54.81419104136377,-1.5141910413637731,1.5141910413637731
2026-12-02 22:02:05,57.099999999999994,53.902855937817655,3.197144062182339,3.197144062182339
2026-12-02 22:02:10,53.900000000000006,53.50747244143942,0.3925275585605874,0.3925275585605874
2026-12-02 22:02:15,52.199999999999996,50.293632132700175,1.9063678672998208,1.9063678672998208
2026-12-02 22:02:19,56.9,56.29084521195895,0.609154788041046,0.609154788041046
2026-12-02 22:02:24,56.4,56.12224345712843,0.2777565428715718,0.2777565428715718
2026-12-02 22:02:29,58.6,58.97347265809546,-0.3734726580954586,0.3734726580954586
2026-12-02 22:02:33,55.6,57.082391444686316,-1.4823914446863142,1.4823914446863142
2026-12-02 22:02:38,56.400000000000006,57.984291546590235,-1.5842915465902294,1.5842915465902294
2026-12-02 22:02:43,65.4,64.41581131848652,0.984188681513487,0.984188681513487
2026-12-02 22:02:47,58.5,57.00016499355867,1.4998350064413302,1.4998350064413302
2026-12-02 22:02:52,53.599999999999994,54.95394950684869,-1.3539495068486929,1.3539495068486929
2026-12-02 22:02:57,61.5,61.25349041712339,0.2465095828766124,0.2465095828766124
2026-12-02 22:03:02,64.3,63.93554479299327,0.36445520700672773,0.36445520700672773
2026-12-02 22:03:06,60.3,59.402991810712464,0.8970081892875328,0.8970081892875328
2026-12-02 22:03:11,60.5,61.28094683278438,-0.7809468327843803,0.7809468327843803
2026-12-02 22:03:16,57.8,57.92218543713206,-0.12218543713206031,0.12218543713206031
2026-12-02 22:03:20,57.800000000000004,58.97600086846105,-1.1760008684610455,1.1760008684610455
2026-12-02 22:03:25,56.1,57.582143792173156,-1.4821437921731544,1.4821437921731544
2026-12-02 22:03:30,61.8,61.08548489542689,0.7145151045731097,0.7145151045731097
2026-12-02 22:03:35,141.7,132.08654195484982,9.613458045150168,9.613458045150168
2026-12-02 22:03:39,60.800000000000004,65.1039729725986,-4.303972972598594,4.303972972598594
2026-12-02 22:03:44,63.2,61.273286719185755,1.9267132808142478,1.9267132808142478
2026-12-02 22:03:49,57.4,57.05515473651816,0.34484526348183664,0.34484526348183664
2026-12-02 22:03:53,57.099999999999994,56.27540965192983,0.8245903480701671,0.8245903480701671
2026-12-02 22:03:58,65.2,61.973043517412535,3.226956482587468,3.226956482587468
2026-12-02 22:04:03,63.5,61.157267615874204,2.342732384125796,2.342732384125796
2026-12-02 22:04:07,67.1,65.16758601728996,1.932413982710031,1.932413982710031
2026-12-02 22:04:12,60.800000000000004,61.22987706070559,-0.42987706070558573,0.42987706070558573
2026-12-02 22:04:17,62.7,61.29325922534415,1.4067407746558516,1.4067407746558516
2026-12-02 22:04:22,58.2,58.03829762463162,0.16170237536838528,0.16170237536838528
2026-12-02 22:04:26,56.0,57.34636760659697,-1.3463676065969707,1.3463676065969707
2026-12-02 22:04:31,59.0,58.62437080440377,0.37562919559623253,0.37562919559623253
2026-12-02 22:04:36,66.5,64.74345053219001,1.7565494678099896,1.7565494678099896
2026-12-02 22:04:40,71.9,72.24836746767608,-0.34836746767606996,0.34836746767606996
2026-12-02 22:04:45,63.5,63.802898224438536,-0.3028982244385361,0.3028982244385361
2026-12-02 22:04:50,69.1,67.62126003858167,1.4787399614183272,1.4787399614183272
2026-12-02 22:04:55,60.5,59.4816172442396,1.018382755760399,1.018382755760399
2026-12-02 22:04:59,61.3,62.01279863651054,-0.7127986365105414,0.7127986365105414
2026-12-02 22:05:04,65.3,63.04900722271629,2.250992777283706,2.250992777283706
2026-12-02 22:05:09,66.0,66.53884686524742,-0.5388468652474216,0.5388468652474216
2026-12-02 22:05:13,56.800000000000004,55.818306715843086,0.9816932841569184,0.9816932841569184
2026-12-02 22:05:18,67.2,64.58985580987394,2.6101441901260642,2.6101441901260642
2026-12-02 22:05:23,71.4,68.52024775099292,2.8797522490070833,2.8797522490070833
2026-12-02 22:05:27,69.9,68.52691700316122,1.3730829968387894,1.3730829968387894
2026-12-02 22:05:32,71.9,69.27068422092832,2.629315779071689,2.629315779071689
2026-12-02 22:05:37,63.099999999999994,62.06735322571025,1.032646774289745,1.032646774289745
2026-12-02 22:05:42,56.4,55.87937289267151,0.5206271073284867,0.5206271073284867
2026-12-02 22:05:46,63.5,62.51437129897664,0.9856287010233586,0.9856287010233586
2026-12-02 22:05:51,62.8,61.05408771798071,1.7459122820192903,1.7459122820192903
2026-12-02 22:05:56,53.0,53.861042459214225,-0.8610424592142252,0.8610424592142252
2026-12-02 22:06:00,58.5,58.864232372618105,-0.3642323726181047,0.3642323726181047
2026-12-02 22:06:05,60.5,60.13725890870824,0.3627410912917597,0.3627410912917597
2026-12-02 22:06:10,59.3,58.904289445146794,0.3957105548532027,0.3957105548532027
2026-12-02 22:06:15,62.1,60.9207422471739,1.1792577528261035,1.1792577528261035
2026-12-02 22:06:19,53.400000000000006,54.98889565185443,-1.588895651854422,1.588895651854422
2026-12-02 22:06:24,67.3,64.73879092419155,2.561209075808449,2.561209075808449
2026-12-02 22:06:29,56.099999999999994,56.92952311490209,-0.829523114902095,0.829523114902095
2026-12-02 22:06:33,57.7,56.41042000253435,1.2895799974656512,1.2895799974656512
2026-12-02 22:06:38,57.6,56.89965553093264,0.7003444690673604,0.7003444690673604
2026-12-02 22:06:43,65.7,62.98769996923703,2.712300030762975,2.712300030762975
2026-12-02 22:06:47,70.19999999999999,69.80897836764964,0.3910216323503448,0.3910216323503448
2026-12-02 22:06:52,62.900000000000006,61.84840075838558,1.0515992416144258,1.0515992416144258
2026-12-02 22:06:57,77.4,73.05304184502054,4.346958154979461,4.346958154979461
2026-12-02 22:07:02,57.3,58.83838959342241,-1.5383895934224157,1.5383895934224157
2026-12-02 22:07:06,65.8,64.33678976961188,1.463210230388114,1.463210230388114
2026-12-02 22:07:11,68.2,67.76150022790488,0.4384997720951276,0.4384997720951276
2026-12-02 22:07:16,58.3,56.99729213780909,1.302707862190907,1.302707862190907
2026-12-02 22:07:20,56.1,55.80835019957948,0.29164980042052235,0.29164980042052235
2026-12-02 22:07:25,59.0,57.10158553181306,1.8984144681869424,1.8984144681869424
2026-12-02 22:07:30,50.8,51.40394297051334,-0.6039429705133443,0.6039429705133443
2026-12-02 22:07:35,58.1,56.75995860923199,1.3400413907680147,1.3400413907680147
2026-12-02 22:07:39,53.9,53.34952558435181,0.5504744156481891,0.5504744156481891
2026-12-02 22:07:44,50.8,50.385755196607924,0.4142448033920729,0.4142448033920729
2026-12-02 22:07:49,59.8,58.552184730292986,1.2478152697070115,1.2478152697070115
2026-12-02 22:07:53,58.1,58.376142373678455,-0.2761423736784536,0.2761423736784536
2026-12-02 22:07:58,56.5,57.64515141188962,-1.1451514118896213,1.1451514118896213
2026-12-02 22:08:03,75.9,73.34150927054888,2.5584907294511225,2.5584907294511225
2026-12-02 22:08:07,63.099999999999994,64.59227851170094,-1.4922785117009454,1.4922785117009454
2026-12-02 22:08:12,59.7,58.743067064936824,0.956932935063179,0.956932935063179
2026-12-02 22:08:17,49.0,49.448348835977185,-0.44834883597718544,0.44834883597718544
2026-12-02 22:08:22,55.599999999999994,53.95298931137468,1.6470106886253149,1.6470106886253149
2026-12-02 22:08:26,54.6,54.45574580150003,0.14425419849997212,0.14425419849997212
2026-12-02 22:08:31,58.3,56.554718843569376,1.7452811564306216,1.7452811564306216
2026-12-02 22:08:36,57.3,57.47501878132807,-0.17501878132807036,0.17501878132807036
2026-12-02 22:08:40,57.1,57.058162599361296,0.041837400638705446,0.041837400638705446
2026-12-02 22:08:45,55.6,55.75089572780248,-0.15089572780247806,0.15089572780247806
2026-12-02 22:08:50,58.0,56.759416518831905,1.2405834811680947,1.2405834811680947
2026-12-02 22:08:55,63.900000000000006,63.15982834600116,0.7401716539988428,0.7401716539988428
2026-12-02 22:08:59,56.099999999999994,58.75878175074481,-2.658781750744815,2.658781750744815
2026-12-02 22:09:04,61.5,61.36596731766662,0.13403268233337684,0.13403268233337684
2026-12-02 22:09:09,47.5,49.81354763103329,-2.3135476310332876,2.3135476310332876
2026-12-02 22:09:13,56.2,53.98025676316397,2.219743236836031,2.219743236836031
2026-12-02 22:09:18,61.3,58.618647885907755,2.681352114092242,2.681352114092242
2026-12-02 22:09:23,67.5,66.28355164333952,1.2164483566604787,1.2164483566604787
2026-12-02 22:09:27,51.900000000000006,53.52596663549251,-1.625966635492503,1.625966635492503
2026-12-02 22:09:32,57.9,56.48001697411424,1.419983025885756,1.419983025885756
2026-12-02 22:09:37,50.1,51.59230332100536,-1.492303321005359,1.492303321005359
2026-12-02 22:09:42,53.099999999999994,52.32323286937323,0.7767671306267658,0.7767671306267658
2026-12-02 22:09:46,59.3,60.160983703883275,-0.8609837038832779,0.8609837038832779
2026-12-02 22:09:51,52.199999999999996,54.24438910816795,-2.0443891081679553,2.0443891081679553
2026-12-02 22:09:56,53.0,52.57943305099415,0.42056694900585256,0.42056694900585256
2026-12-02 22:10:00,52.7,52.563088623882884,0.13691137611711923,0.13691137611711923
2026-12-02 22:10:05,59.7,58.93952782764324,0.7604721723567636,0.7604721723567636
2026-12-02 22:10:10,61.8,61.24870140030055,0.5512985996994502,0.5512985996994502
2026-12-02 22:10:15,54.599999999999994,55.35736178147891,-0.7573617814789131,0.7573617814789131
2026-12-02 22:10:19,56.5,56.66422719613748,-0.1642271961374817,0.1642271961374817
2026-12-02 22:10:24,56.900000000000006,58.3682118215611,-1.4682118215610913,1.4682118215610913
2026-12-02 22:10:29,60.9,59.71349568085908,1.1865043191409157,1.1865043191409157
2026-12-02 22:10:33,66.6,65.32550183279847,1.2744981672015285,1.2744981672015285
2026-12-02 22:10:38,66.80000000000001,65.40908479099946,1.3909152090005534,1.3909152090005534
2026-12-02 22:10:43,64.0,63.502723069942974,0.49727693005702633,0.49727693005702633
2026-12-02 22:10:47,53.6,54.58956077228373,-0.9895607722837312,0.9895607722837312
2026-12-02 22:10:52,48.6,48.66972511888044,-0.06972511888044153,0.06972511888044153
2026-12-02 22:10:57,52.1,52.21726801726546,-0.11726801726545943,0.11726801726545943
2026-12-02 22:11:02,58.1,57.526298895406754,0.5737011045932476,0.5737011045932476
2026-12-02 22:11:06,52.5,52.726631691633955,-0.2266316916339548,0.2266316916339548
2026-12-02 22:11:11,52.0,52.55764124058773,-0.5576412405877278,0.5576412405877278
2026-12-02 22:11:16,53.8,52.57470185612455,1.2252981438754489,1.2252981438754489
2026-12-02 22:11:20,68.19999999999999,65.878092607365,2.3219073926349836,2.3219073926349836
2026-12-02 22:11:25,56.3,58.868318870412466,-2.568318870412469,2.568318870412469
2026-12-02 22:11:30,59.4,59.13972694033955,0.2602730596604488,0.2602730596604488
2026-12-02 22:11:35,61.3,59.11131521000307,2.188684789996927,2.188684789996927
2026-12-02 22:11:39,47.3,49.45997910906106,-2.1599791090610623,2.1599791090610623
2026-12-02 22:11:44,60.1,58.40751792553431,1.692482074465694,1.692482074465694
2026-12-02 22:11:49,61.2,60.864875755790386,0.3351242442096165,0.3351242442096165
2026-12-02 22:11:53,59.2,60.18454787613978,-0.9845478761397786,0.9845478761397786
2026-12-02 22:11:58,56.2,55.17766633593646,1.0223336640635452,1.0223336640635452
2026-12-02 22:12:03,56.5,56.777677276770945,-0.27767727677094456,0.27767727677094456
2026-12-02 22:12:08,57.6,58.365298095259604,-0.7652980952596025,0.7652980952596025
2026-12-02 22:12:12,58.2,58.94246260970505,-0.7424626097050506,0.7424626097050506
2026-12-02 22:12:17,56.3,55.623140398612485,0.6768596013875126,0.6768596013875126
2026-12-02 22:12:22,49.900000000000006,51.18389442364929,-1.2838944236492864,1.2838944236492864
2026-12-02 22:12:26,54.1,52.93811579447722,1.1618842055227816,1.1618842055227816
2026-12-02 22:12:31,52.4,52.35507011332659,0.04492988667340825,0.04492988667340825
2026-12-02 22:12:36,53.400000000000006,55.21768695067555,-1.8176869506755438,1.8176869506755438
2026-12-02 22:12:40,60.0,59.00766533626291,0.9923346637370898,0.9923346637370898
2026-12-02 22:12:45,61.8,61.396559196007516,0.4034408039924813,0.4034408039924813
2026-12-02 22:12:50,57.900000000000006,60.875241495083074,-2.9752414950830683,2.9752414950830683
2026-12-02 22:12:55,51.6,53.066565559141395,-1.4665655591413937,1.4665655591413937
2026-12-02 22:12:59,62.3,61.99914107656915,0.3008589234308445,0.3008589234308445
2026-12-02 22:13:04,58.900000000000006,57.30407849698555,1.5959215030144591,1.5959215030144591
2026-12-02 22:13:09,56.699999999999996,57.43595937675579,-0.7359593767557939,0.7359593767557939
2026-12-02 22:13:13,65.19999999999999,62.900358479469055,2.2996415205309333,2.2996415205309333
2026-12-02 22:13:18,57.5,57.979477382278226,-0.4794773822782261,0.4794773822782261
2026-12-02 22:13:23,61.900000000000006,61.029334602656775,0.870665397343231,0.870665397343231
2026-12-02 22:13:28,55.099999999999994,56.10931718200206,-1.0093171820020643,1.0093171820020643
2026-12-02 22:13:32,63.6,62.8803471651395,0.7196528348605042,0.7196528348605042
2026-12-02 22:13:37,51.5,51.98119373212207,-0.4811937321220725,0.4811937321220725
2026-12-02 22:13:42,64.9,64.75336389191266,0.14663610808734973,0.14663610808734973
2026-12-02 22:13:46,56.8,58.847513814374366,-2.047513814374369,2.047513814374369
2026-12-02 22:13:51,51.7,52.91725080428538,-1.2172508042853778,1.2172508042853778
2026-12-02 22:13:56,60.2,58.45762383039796,1.7423761696020463,1.7423761696020463
2026-12-02 22:14:00,60.4,58.85541664722085,1.5445833527791493,1.5445833527791493
2026-12-02 22:14:05,65.2,63.640034408141574,1.559965591858429,1.559965591858429
2026-12-02 22:14:10,52.0,51.64507832628929,0.35492167371071304,0.35492167371071304
2026-12-02 22:14:15,56.2,54.222631538641544,1.9773684613584592,1.9773684613584592
2026-12-02 22:14:19,56.3,57.89933624208081,-1.5993362420808097,1.5993362420808097
2026-12-02 22:14:24,50.4,51.147610713010934,-0.7476107130109355,0.7476107130109355
2026-12-02 22:14:29,52.9,52.1379653326709,0.7620346673290967,0.7620346673290967
2026-12-02 22:14:33,61.099999999999994,61.38572164215022,-0.28572164215022866,0.28572164215022866
2026-12-02 22:14:38,67.6,64.67733395549504,2.9226660445049504,2.9226660445049504
2026-12-02 22:14:43,52.7,53.789529383859595,-1.0895293838595919,1.0895293838595919
2026-12-02 22:14:48,56.2,54.74524816632158,1.4547518336784222,1.4547518336784222
2026-12-02 22:14:52,51.7,50.76575483679132,0.9342451632086863,0.9342451632086863
2026-12-02 22:14:57,53.5,53.12963193312613,0.3703680668738727,0.3703680668738727
2026-12-02 22:15:02,60.3,58.480600881960086,1.819399118039911,1.819399118039911
2026-12-02 22:15:06,56.3,55.054613710643984,1.2453862893560128,1.2453862893560128
2026-12-02 22:15:11,52.599999999999994,53.198486845536365,-0.598486845536371,0.598486845536371
2026-12-02 22:15:16,54.2,52.40572760862047,1.7942723913795362,1.7942723913795362
2026-12-02 22:15:20,55.4,54.58112385103047,0.8188761489695295,0.8188761489695295
2026-12-02 22:15:25,52.699999999999996,50.75488291306909,1.9451170869309067,1.9451170869309067
2026-12-02 22:15:30,47.3,48.93037391498065,-1.6303739149806518,1.6303739149806518
2026-12-02 22:15:35,58.7,60.1089240308293,-1.4089240308292972,1.4089240308292972
2026-12-02 22:15:39,56.900000000000006,57.15040419156948,-0.2504041915694728,0.2504041915694728
2026-12-02 22:15:44,56.4,54.83673924360062,1.5632607563993801,1.5632607563993801
2026-12-02 22:15:49,59.8,58.93532072210365,0.8646792778963501,0.8646792778963501
2026-12-02 22:15:53,64.5,63.73034505389907,0.7696549461009283,0.7696549461009283
2026-12-02 22:15:58,55.2,57.35694076938958,-2.1569407693895783,2.1569407693895783
2026-12-02 22:16:03,53.9,52.55647516876634,1.3435248312336583,1.3435248312336583
2026-12-02 22:16:08,58.599999999999994,56.34700588910731,2.2529941108926863,2.2529941108926863
2026-12-02 22:16:12,49.2,49.29313950936463,-0.0931395093646259,0.0931395093646259
2026-12-02 22:16:17,57.599999999999994,56.46873533502433,1.1312646649756672,1.1312646649756672
2026-12-02 22:16:22,58.7,56.68914295023607,2.010857049763935,2.010857049763935
2026-12-02 22:16:26,56.9,56.79643036324066,0.10356963675933883,0.10356963675933883
2026-12-02 22:16:31,57.4,57.47579280255303,-0.07579280255303189,0.07579280255303189
2026-12-02 22:16:36,58.8,59.055241102915495,-0.2552411029154982,0.2552411029154982
2026-12-02 22:16:40,50.5,51.57960279429849,-1.0796027942984878,1.0796027942984878
2026-12-02 22:16:45,58.400000000000006,56.99753121034892,1.4024687896510883,1.4024687896510883
2026-12-02 22:16:50,53.3,53.824374409950124,-0.5243744099501271,0.5243744099501271
2026-12-02 22:16:55,57.7,56.427276769164834,1.2727232308351688,1.2727232308351688
2026-12-02 22:16:59,67.0,65.93748389144658,1.0625161085534245,1.0625161085534245
2026-12-02 22:17:04,57.0,58.35553298213888,-1.3555329821388824,1.3555329821388824
2026-12-02 22:17:09,55.5,54.51446728074725,0.9855327192527525,0.9855327192527525
2026-12-02 22:17:13,52.6,52.81938975617717,-0.21938975617717205,0.21938975617717205
2026-12-02 22:17:18,62.9,61.347335232967865,1.5526647670321339,1.5526647670321339
2026-12-02 22:17:23,56.599999999999994,54.861256493600095,1.7387435063998993,1.7387435063998993
2026-12-02 22:17:28,56.1,57.92437329300869,-1.8243732930086907,1.8243732930086907
2026-12-02 22:17:32,57.2,56.9307063072589,0.26929369274110115,0.26929369274110115
2026-12-02 22:17:37,68.5,66.52934068497098,1.9706593150290246,1.9706593150290246
2026-12-02 22:17:42,63.0,63.50674216713982,-0.5067421671398193,0.5067421671398193
2026-12-02 22:17:46,65.69999999999999,65.84789370247817,-0.14789370247818567,0.14789370247818567
2026-12-02 22:17:51,51.5,53.09223787213333,-1.5922378721333317,1.5922378721333317
2026-12-02 22:17:56,55.2,55.52558972134539,-0.3255897213453878,0.3255897213453878
2026-12-02 22:18:00,62.1,60.892414351675264,1.2075856483247378,1.2075856483247378
2026-12-02 22:18:05,56.6,55.030675628501996,1.5693243714980056,1.5693243714980056
2026-12-02 22:18:10,62.2,62.46930392717751,-0.2693039271775106,0.2693039271775106
2026-12-02 22:18:15,61.9,61.51781972599116,0.3821802740088387,0.3821802740088387
2026-12-02 22:18:19,55.4,55.95597791768183,-0.5559779176818296,0.5559779176818296
2026-12-02 22:18:24,53.0,52.3983117216986,0.6016882783014026,0.6016882783014026
2026-12-02 22:18:29,58.7,59.35687463088681,-0.6568746308868043,0.6568746308868043
2026-12-02 22:18:33,51.6,51.325913534154964,0.2740864658450377,0.2740864658450377
2026-12-02 22:18:38,54.900000000000006,54.178218072616936,0.7217819273830699,0.7217819273830699
2026-12-02 22:18:43,54.5,55.57867131981541,-1.0786713198154132,1.0786713198154132
2026-12-02 22:18:48,56.9,56.42979416503202,0.4702058349679774,0.4702058349679774
2026-12-02 22:18:52,58.800000000000004,59.16899537708739,-0.36899537708738706,0.36899537708738706
2026-12-02 22:18:57,56.2,58.0174599694602,-1.8174599694601952,1.8174599694601952
2026-12-02 22:19:02,56.599999999999994,55.71776221987605,0.882237780123944,0.882237780123944
2026-12-02 22:19:06,61.3,60.88796467545677,0.41203532454322556,0.41203532454322556
2026-12-02 22:19:11,58.6,58.357921841222755,0.2420781587772467,0.2420781587772467
2026-12-02 22:19:16,57.7,57.056459350470945,0.6435406495290579,0.6435406495290579
2026-12-02 22:19:20,61.3,61.085101479746136,0.21489852025386114,0.21489852025386114
2026-12-02 22:19:25,59.0,60.812483026101,-1.812483026100999,1.812483026100999
2026-12-02 22:19:30,51.6,51.38495327282284,0.21504672717716034,0.21504672717716034
2026-12-02 22:19:35,57.0,56.217668742332975,0.7823312576670247,0.7823312576670247
2026-12-02 22:19:39,63.5,61.09783550723771,2.4021644927622887,2.4021644927622887
2026-12-02 22:19:44,54.7,52.73358345682214,1.9664165431778642,1.9664165431778642
2026-12-02 22:19:49,53.900000000000006,52.739870733894094,1.160129266105912,1.160129266105912
2026-12-02 22:19:53,52.300000000000004,52.46926081320865,-0.16926081320864483,0.16926081320864483
2026-12-02 22:19:58,59.0,58.71991679313078,0.2800832068692216,0.2800832068692216
2026-12-02 22:20:03,59.0,59.22124211367891,-0.22124211367891178,0.22124211367891178
2026-12-02 22:20:08,55.3,55.22055276954671,0.07944723045329027,0.07944723045329027
2026-12-02 22:20:12,51.2,50.45092011758214,0.7490798824178597,0.7490798824178597
2026-12-02 22:20:17,56.3,54.22869489185729,2.0713051081427096,2.0713051081427096
2026-12-02 22:20:22,53.2,53.44951431958218,-0.2495143195821754,0.2495143195821754
2026-12-02 22:20:26,59.4,57.14526218241448,2.2547378175855215,2.2547378175855215
2026-12-02 22:20:31,56.4,58.332371650850114,-1.932371650850115,1.932371650850115
2026-12-02 22:20:36,57.800000000000004,57.661241468983356,0.1387585310166486,0.1387585310166486
2026-12-02 22:20:40,55.599999999999994,55.122214210232656,0.47778578976733854,0.47778578976733854
2026-12-02 22:20:45,53.9,52.53403822477694,1.365961775223056,1.365961775223056
2026-12-02 22:20:50,60.3,58.74965169337597,1.5503483066240307,1.5503483066240307
2026-12-02 22:20:55,51.599999999999994,50.8883346177871,0.7116653822128924,0.7116653822128924
2026-12-02 22:20:59,51.1,50.09997178415159,1.0000282158484097,1.0000282158484097
2026-12-02 22:21:04,48.0,48.539992465772514,-0.5399924657725137,0.5399924657725137
2026-12-02 22:21:09,50.599999999999994,50.59992755525025,7.244474974754667e-05,7.244474974754667e-05
2026-12-02 22:21:13,56.900000000000006,54.699279470716974,2.200720529283032,2.200720529283032
2026-12-02 22:21:18,53.4,54.66085183836828,-1.260851838368282,1.260851838368282
2026-12-02 22:21:23,50.8,51.21460427372983,-0.4146042737298359,0.4146042737298359
2026-12-02 22:21:28,53.1,52.14274988325592,0.9572501167440848,0.9572501167440848
2026-12-02 22:21:32,56.599999999999994,54.47621404955133,2.1237859504486636,2.1237859504486636
2026-12-02 22:21:37,51.5,51.19976483429744,0.3002351657025599,0.3002351657025599
2026-12-02 22:21:42,59.1,59.759748921781146,-0.6597489217811443,0.6597489217811443
2026-12-02 22:21:46,49.0,49.64865642617998,-0.6486564261799828,0.6486564261799828
2026-12-02 22:21:51,55.6,54.072540205555796,1.527459794444205,1.527459794444205
2026-12-02 22:21:56,56.0,54.50801920878466,1.4919807912153402,1.4919807912153402
2026-12-02 22:22:00,54.2,52.5035995004287,1.696400499571304,1.696400499571304
2026-12-02 22:22:05,66.0,65.98624539480203,0.013754605197974001,0.013754605197974001
2026-12-02 22:22:10,65.3,66.14467836192878,-0.8446783619287856,0.8446783619287856
2026-12-02 22:22:15,57.0,57.30470687295769,-0.30470687295768784,0.30470687295768784
2026-12-02 22:22:19,66.0,64.85629138385782,1.1437086161421774,1.1437086161421774
2026-12-02 22:22:24,53.9,57.276047691957956,-3.3760476919579574,3.3760476919579574
2026-12-02 22:22:29,54.3,54.92614755720949,-0.6261475572094923,0.6261475572094923
2026-12-02 22:22:33,51.6,52.48557865124282,-0.8855786512428168,0.8855786512428168
2026-12-02 22:22:38,46.4,48.6143470171092,-2.214347017109205,2.214347017109205
2026-12-02 22:22:43,56.0,57.03194345187376,-1.031943451873758,1.031943451873758
2026-12-02 22:22:48,52.199999999999996,52.588791459696125,-0.3887914596961295,0.3887914596961295
2026-12-02 22:22:52,55.8,55.07693859406383,0.7230614059361642,0.7230614059361642
2026-12-02 22:22:57,55.5,57.640545444362424,-2.1405454443624237,2.1405454443624237
2026-12-02 22:23:02,48.8,49.09164111086012,-0.29164111086011957,0.29164111086011957
2026-12-02 22:23:06,56.1,56.24631171917787,-0.14631171917786645,0.14631171917786645
2026-12-02 22:23:11,60.9,59.14137844777189,1.7586215522281066,1.7586215522281066
2026-12-02 22:23:16,56.2,55.138755718083246,1.061244281916757,1.061244281916757
2026-12-02 22:23:20,55.699999999999996,55.61571364860236,0.08428635139763685,0.08428635139763685
2026-12-02 22:23:25,59.300000000000004,58.880114016484264,0.4198859835157407,0.4198859835157407
2026-12-02 22:23:30,57.400000000000006,58.3540105919039,-0.954010591903895,0.954010591903895
2026-12-02 22:23:35,56.8,54.67556810765171,2.1244318923482837,2.1244318923482837
2026-12-02 22:23:39,62.8,61.43799564201318,1.3620043579868195,1.3620043579868195
2026-12-02 22:23:44,56.7,57.27763297612053,-0.5776329761205261,0.5776329761205261
2026-12-02 22:23:49,60.5,60.84161898966629,-0.3416189896662871,0.3416189896662871
2026-12-02 22:23:53,57.0,58.029306244955364,-1.0293062449553645,1.0293062449553645
2026-12-02 22:23:58,52.1,52.55752294165792,-0.4575229416579205,0.4575229416579205
2026-12-02 22:24:03,56.0,54.26097703793136,1.7390229620686384,1.7390229620686384
2026-12-02 22:24:08,55.300000000000004,55.6112666715605,-0.3112666715604959,0.3112666715604959
2026-12-02 22:24:12,59.6,59.46257271072385,0.13742728927615389,0.13742728927615389
2026-12-02 22:24:17,50.3,52.02058916645806,-1.720589166458062,1.720589166458062
2026-12-02 22:24:22,59.2,58.31441435865675,0.8855856413432548,0.8855856413432548
2026-12-02 22:24:26,54.1,55.22263007895236,-1.122630078952362,1.122630078952362
2026-12-02 22:24:31,50.8,50.82041469104895,-0.020414691048955547,0.020414691048955547
2026-12-02 22:24:36,63.400000000000006,60.27047834643136,3.129521653568645,3.129521653568645
2026-12-02 22:24:40,48.5,49.365612662189356,-0.8656126621893563,0.8656126621893563
2026-12-02 22:24:45,54.400000000000006,54.29744145957589,0.10255854042411272,0.10255854042411272
2026-12-02 22:24:50,52.7,53.23738436420855,-0.537384364208549,0.537384364208549
2026-12-02 22:24:55,50.1,50.84605382005147,-0.7460538200514719,0.7460538200514719
2026-12-02 22:24:59,79.5,76.44101187304575,3.0589881269542474,3.0589881269542474
2026-12-02 22:25:04,60.5,61.596295161809046,-1.0962951618090457,1.0962951618090457
2026-12-02 22:25:09,51.900000000000006,53.50297322487909,-1.6029732248790864,1.6029732248790864
2026-12-02 22:25:13,48.6,48.98403192398303,-0.38403192398303077,0.38403192398303077
2026-12-02 22:25:18,54.1,53.86854346503167,0.23145653496833063,0.23145653496833063
2026-12-02 22:25:23,55.7,54.33795317987751,1.3620468201224938,1.3620468201224938
2026-12-02 22:25:28,51.099999999999994,53.41878954130513,-2.3187895413051365,2.3187895413051365
2026-12-02 22:25:32,65.1,62.91029834296922,2.189701657030774,2.189701657030774
2026-12-02 22:25:37,53.7,53.844681818430786,-0.14468181843078298,0.14468181843078298
2026-12-02 22:25:42,54.5,54.409583191581056,0.09041680841894362,0.09041680841894362
2026-12-02 22:25:46,59.099999999999994,58.60345588349854,0.4965441165014539,0.4965441165014539
2026-12-02 22:25:51,58.6,58.33357694068687,0.2664230593131336,0.2664230593131336
2026-12-02 22:25:56,54.4,52.66555173091977,1.7344482690802252,1.7344482690802252
2026-12-02 22:26:00,56.6,55.561285710225356,1.0387142897746457,1.0387142897746457
2026-12-02 22:26:05,55.099999999999994,54.40876473192104,0.6912352680789553,0.6912352680789553
2026-12-02 22:26:10,59.4,56.594977921690045,2.8050220783099533,2.8050220783099533
2026-12-02 22:26:15,56.3,57.368217926719396,-1.0682179267193987,1.0682179267193987
2026-12-02 22:26:19,58.800000000000004,58.98162017682624,-0.181620176826236,0.181620176826236
2026-12-02 22:26:24,69.7,67.50966061370323,2.1903393862967704,2.1903393862967704
2026-12-02 22:26:29,57.400000000000006,57.97925965071819,-0.5792596507181855,0.5792596507181855
2026-12-02 22:26:33,58.800000000000004,58.78224214290177,0.017757857098231966,0.017757857098231966
2026-12-02 22:26:38,65.1,63.413848654411915,1.6861513455880797,1.6861513455880797
2026-12-02 22:26:43,59.900000000000006,59.37147393361383,0.5285260663861777,0.5285260663861777
2026-12-02 22:26:48,59.2,59.20876743716843,-0.008767437168430092,0.008767437168430092
2026-12-02 22:26:52,55.4,56.53194630854102,-1.1319463085410248,1.1319463085410248
2026-12-02 22:26:57,57.5,56.9619942202343,0.5380057797656974,0.5380057797656974
2026-12-02 22:27:02,55.1,54.719030232454934,0.38096976754506784,0.38096976754506784
2026-12-02 22:27:06,71.9,69.98258066307916,1.9174193369208439,1.9174193369208439
2026-12-02 22:27:11,56.699999999999996,58.354374646566775,-1.6543746465667795,1.6543746465667795
2026-12-02 22:27:16,59.8,58.55112119968065,1.2488788003193463,1.2488788003193463
2026-12-02 22:27:20,60.6,60.88730805631591,-0.28730805631590783,0.28730805631590783
2026-12-02 22:27:25,64.2,63.489663711294526,0.7103362887054772,0.7103362887054772
2026-12-02 22:27:30,60.699999999999996,59.62616497652451,1.073835023475489,1.073835023475489
2026-12-02 22:27:35,62.599999999999994,61.578666127523604,1.02133387247639,1.02133387247639
2026-12-02 22:27:39,55.9,55.23940943183893,0.6605905681610693,0.6605905681610693
2026-12-02 22:27:44,63.699999999999996,61.07240516591314,2.6275948340868567,2.6275948340868567
2026-12-02 22:27:49,56.400000000000006,57.40010500527799,-1.0001050052779874,1.0001050052779874
2026-12-02 22:27:53,61.900000000000006,61.006876481909096,0.8931235180909098,0.8931235180909098
2026-12-02 22:27:58,52.800000000000004,52.80921500550771,-0.009215005507705598,0.009215005507705598
2026-12-02 22:28:03,72.6,67.16631407959991,5.43368592040008,5.43368592040008
2026-12-02 22:28:08,64.8,63.3889343093239,1.4110656906760966,1.4110656906760966
2026-12-02 22:28:12,62.099999999999994,61.15957749371434,0.9404225062856568,0.9404225062856568
2026-12-02 22:28:17,59.699999999999996,59.00227457856145,0.6977254214385482,0.6977254214385482
2026-12-02 22:28:22,56.900000000000006,57.275419735496406,-0.3754197354964006,0.3754197354964006
2026-12-02 22:28:26,59.3,59.05463693239005,0.24536306760994364,0.24536306760994364
2026-12-02 22:28:31,61.8,61.38230899110045,0.4176910088995456,0.4176910088995456
2026-12-02 22:28:36,66.3,65.87453169415878,0.4254683058412212,0.4254683058412212
2026-12-02 22:28:40,60.9,61.99697240443441,-1.0969724044344105,1.0969724044344105
2026-12-02 22:28:45,65.6,65.84585239543628,-0.24585239543628745,0.24585239543628745
2026-12-02 22:28:50,79.0,74.49862892406246,4.501371075937541,4.501371075937541
2026-12-02 22:28:55,57.7,61.65738006720365,-3.957380067203644,3.957380067203644
2026-12-02 22:28:59,63.0,60.71681538268516,2.283184617314838,2.283184617314838
2026-12-02 22:29:04,63.400000000000006,63.029526926249595,0.3704730737504107,0.3704730737504107
2026-12-02 22:29:09,52.8,54.048529874256296,-1.248529874256299,1.248529874256299
2026-12-02 22:29:13,60.1,58.37390349766368,1.7260965023363184,1.7260965023363184
2026-12-02 22:29:18,57.3,57.953344483379276,-0.6533444833792785,0.6533444833792785
2026-12-02 22:29:23,69.8,68.84419566058467,0.9558043394153231,0.9558043394153231
2026-12-02 22:29:28,61.8,61.82687328722945,-0.026873287229456366,0.026873287229456366
2026-12-02 22:29:32,60.8,60.97933262005364,-0.1793326200536427,0.1793326200536427
2026-12-02 22:29:37,64.30000000000001,62.82316499362973,1.4768350063702798,1.4768350063702798
2026-12-02 22:29:42,65.4,63.69092475704262,1.7090752429573826,1.7090752429573826
2026-12-02 22:29:46,69.80000000000001,68.9995197603826,0.8004802396174142,0.8004802396174142
2026-12-02 22:29:51,60.4,62.53431625663793,-2.1343162566379306,2.1343162566379306
2026-12-02 22:29:56,68.3,65.46095312414693,2.8390468758530716,2.8390468758530716
2026-12-02 22:30:00,66.4,64.89917145559401,1.5008285444059908,1.5008285444059908
2026-12-02 22:30:05,69.8,68.71832347455361,1.0816765254463832,1.0816765254463832
2026-12-02 22:30:10,56.1,59.37636259947502,-3.2763625994750214,3.2763625994750214
2026-12-02 22:30:15,64.8,64.67864004412121,0.12135995587878767,0.12135995587878767
2026-12-02 22:30:19,61.7,61.33856044583575,0.36143955416424944,0.36143955416424944
2026-12-02 22:30:24,63.3,61.16280973461079,2.137190265389208,2.137190265389208
2026-12-02 22:30:29,65.69999999999999,63.02190816067354,2.6780918393264486,2.6780918393264486
2026-12-02 22:30:33,75.4,73.65701305526169,1.7429869447383197,1.7429869447383197
2026-12-02 22:30:38,63.5,63.35924262304561,0.14075737695439017,0.14075737695439017
2026-12-02 22:30:43,59.400000000000006,59.25556349331985,0.14443650668015806,0.14443650668015806
2026-12-02 22:30:48,65.4,63.97743798415238,1.4225620158476247,1.4225620158476247
2026-12-02 22:30:52,58.400000000000006,58.41585970537771,-0.0158597053777072,0.0158597053777072
2026-12-02 22:30:57,62.6,61.51385608552908,1.0861439144709237,1.0861439144709237
2026-12-02 22:31:02,54.7,54.90303526687284,-0.20303526687283835,0.20303526687283835
2026-12-02 22:31:06,56.6,56.636391371951795,-0.03639137195179387,0.03639137195179387
2026-12-02 22:31:11,61.099999999999994,59.59661638036622,1.503383619633773,1.503383619633773
2026-12-02 22:31:16,57.7,56.94597526484079,0.7540247351592129,0.7540247351592129
2026-12-02 22:31:20,55.0,55.62608466054054,-0.6260846605405419,0.6260846605405419
2026-12-02 22:31:25,53.5,53.246082879132295,0.2539171208677047,0.2539171208677047
2026-12-02 22:31:30,57.7,57.2309405944083,0.46905940559170034,0.46905940559170034
2026-12-02 22:31:35,62.099999999999994,60.94833381672345,1.1516661832765465,1.1516661832765465
2026-12-02 22:31:39,57.2,58.361771747211776,-1.1617717472117732,1.1617717472117732
2026-12-02 22:31:44,52.3,53.25581746658173,-0.9558174665817347,0.9558174665817347
2026-12-02 22:31:49,58.5,59.01898392925447,-0.5189839292544676,0.5189839292544676
2026-12-02 22:31:53,54.400000000000006,55.39653964039438,-0.9965396403943743,0.9965396403943743
2026-12-02 22:31:58,48.3,48.94874015825212,-0.6487401582521244,0.6487401582521244
2026-12-02 22:32:03,54.400000000000006,54.04583571044661,0.3541642895533954,0.3541642895533954
2026-12-02 22:32:08,54.5,54.47210909345905,0.027890906540946503,0.027890906540946503
2026-12-02 22:32:12,55.400000000000006,57.97123835793227,-2.571238357932266,2.571238357932266
2026-12-02 22:32:17,57.099999999999994,57.715662354524596,-0.615662354524602,0.615662354524602
2026-12-02 22:32:22,55.0,55.101375595060865,-0.10137559506086546,0.10137559506086546
2026-12-02 22:32:26,51.8,50.968132845205986,0.8318671547940113,0.8318671547940113
2026-12-02 22:32:31,54.8,54.647130730023605,0.15286926997639227,0.15286926997639227
2026-12-02 22:32:36,57.2,56.62783336110644,0.5721666388935631,0.5721666388935631
2026-12-02 22:32:41,56.599999999999994,55.678026084266946,0.921973915733048,0.921973915733048
2026-12-02 22:32:45,54.8,53.22793498993589,1.572065010064108,1.572065010064108
2026-12-02 22:32:50,63.9,63.82736589975482,0.0726341002451818,0.0726341002451818
2026-12-02 22:32:55,53.6,54.189590091533184,-0.5895900915331822,0.5895900915331822
2026-12-02 22:32:59,58.0,58.80963549585136,-0.8096354958513601,0.8096354958513601
2026-12-02 22:33:04,56.5,55.54842265845313,0.9515773415468729,0.9515773415468729
2026-12-02 22:33:09,55.0,54.330974940778695,0.6690250592213047,0.6690250592213047
2026-12-02 22:33:13,51.6,53.40995993393311,-1.8099599339331078,1.8099599339331078
2026-12-02 22:33:18,56.400000000000006,57.16648655007501,-0.7664865500750011,0.7664865500750011
2026-12-02 22:33:23,54.0,55.11136580508389,-1.1113658050838922,1.1113658050838922
2026-12-02 22:33:28,58.6,59.57047459034882,-0.9704745903488217,0.9704745903488217
2026-12-02 22:33:32,60.2,59.05945535191691,1.1405446480830932,1.1405446480830932
2026-12-02 22:33:37,57.800000000000004,57.001679113182654,0.7983208868173506,0.7983208868173506
2026-12-02 22:33:42,60.099999999999994,59.70531493406901,0.39468506593098596,0.39468506593098596
2026-12-02 22:33:46,54.099999999999994,55.63808018220387,-1.5380801822038777,1.5380801822038777
2026-12-02 22:33:51,50.4,51.20350633365394,-0.8035063336539423,0.8035063336539423
2026-12-02 22:33:56,54.9,54.31291282987517,0.5870871701248319,0.5870871701248319
2026-12-02 22:34:01,58.400000000000006,56.553268785902205,1.846731214097801,1.846731214097801
2026-12-02 22:34:05,61.3,61.0954425485371,0.20455745146289672,0.20455745146289672
2026-12-02 22:34:10,57.0,56.17835551952249,0.8216444804775094,0.8216444804775094
2026-12-02 22:34:15,55.099999999999994,54.588515394353884,0.5114846056461104,0.5114846056461104
2026-12-02 22:34:19,62.1,61.42019351929185,0.6798064807081516,0.6798064807081516
2026-12-02 22:34:24,57.6,58.42800701486061,-0.82800701486061,0.82800701486061
2026-12-02 22:34:29,54.099999999999994,52.76694953338846,1.3330504666115317,1.3330504666115317
2026-12-02 22:34:33,58.7,58.639557068023095,0.0604429319769082,0.0604429319769082
2026-12-02 22:34:38,54.099999999999994,56.12540028356131,-2.025400283561318,2.025400283561318
2026-12-02 22:34:43,56.3,56.47232090458499,-0.17232090458499272,0.17232090458499272
2026-12-02 22:34:48,54.1,54.777364345802255,-0.6773643458022534,0.6773643458022534
2026-12-02 22:34:52,56.599999999999994,57.981165607884904,-1.3811656078849097,1.3811656078849097
2026-12-02 22:34:57,61.5,61.71605950522534,-0.21605950522533846,0.21605950522533846
2026-12-02 22:35:02,60.3,61.25268167443115,-0.9526816744311546,0.9526816744311546
2026-12-02 22:35:06,59.5,59.37771021382913,0.12228978617086739,0.12228978617086739
2026-12-02 22:35:11,61.1,61.183571580521516,-0.08357158052151448,0.08357158052151448
2026-12-02 22:35:16,53.4,55.09391852950654,-1.69391852950654,1.69391852950654
2026-12-02 22:35:21,56.0,55.591190229622214,0.4088097703777862,0.4088097703777862
2026-12-02 22:35:25,58.2,59.54422117986912,-1.3442211798691162,1.3442211798691162
2026-12-02 22:35:30,57.6,57.76812773991334,-0.16812773991333785,0.16812773991333785
2026-12-02 22:35:35,54.099999999999994,52.46771892282341,1.6322810771765859,1.6322810771765859
2026-12-02 22:35:39,57.0,56.358244105698695,0.6417558943013049,0.6417558943013049
2026-12-02 22:35:44,57.099999999999994,55.60181287098368,1.4981871290163156,1.4981871290163156
2026-12-02 22:35:49,55.699999999999996,55.10136435749422,0.5986356425057764,0.5986356425057764
2026-12-02 22:35:53,57.900000000000006,57.692686728456856,0.20731327154314982,0.20731327154314982
2026-12-02 22:35:58,55.8,56.77037548181336,-0.9703754818133632,0.9703754818133632
2026-12-02 22:36:03,55.5,54.80966340836225,0.6903365916377524,0.6903365916377524
2026-12-02 22:36:08,59.5,59.725315768798154,-0.22531576879815418,0.22531576879815418
2026-12-02 22:36:12,62.4,63.52744250618398,-1.1274425061839821,1.1274425061839821
2026-12-02 22:36:17,56.8,56.06855265016898,0.731447349831015,0.731447349831015
2026-12-02 22:36:22,64.8,63.01951294393617,1.7804870560638264,1.7804870560638264
2026-12-02 22:36:26,56.8,57.295580122296954,-0.4955801222969569,0.4955801222969569
2026-12-02 22:36:31,62.400000000000006,61.36080945371435,1.0391905462856528,1.0391905462856528
2026-12-02 22:36:36,51.0,52.29471692646448,-1.2947169264644813,1.2947169264644813
2026-12-02 22:36:41,56.400000000000006,56.89203996229994,-0.4920399622999341,0.4920399622999341
2026-12-02 22:36:45,54.400000000000006,52.41577093543049,1.9842290645695186,1.9842290645695186
2026-12-02 22:36:50,52.2,50.79844380828646,1.4015561917135457,1.4015561917135457
2026-12-02 22:36:55,57.6,56.68911742986581,0.9108825701341914,0.9108825701341914
2026-12-02 22:36:59,65.9,62.77243179817302,3.127568201826989,3.127568201826989
2026-12-02 22:37:04,57.1,57.86967880984364,-0.76967880984364,0.76967880984364
2026-12-02 22:37:09,58.3,59.5913815037726,-1.2913815037726053,1.2913815037726053
2026-12-02 22:37:13,52.4,53.464577673046485,-1.064577673046486,1.064577673046486
2026-12-02 22:37:18,56.9,54.628233350499194,2.2717666495008046,2.2717666495008046
2026-12-02 22:37:23,62.2,61.09839907655988,1.1016009234401238,1.1016009234401238
2026-12-02 22:37:28,72.4,68.60027045530295,3.7997295446970583,3.7997295446970583
2026-12-02 22:37:32,59.7,61.093008165698315,-1.393008165698312,1.393008165698312
2026-12-02 22:37:37,59.5,56.972595082420696,2.527404917579304,2.527404917579304
2026-12-02 22:37:42,56.900000000000006,57.43822548090841,-0.5382254809084017,0.5382254809084017
2026-12-02 22:37:46,61.6,60.57168850989841,1.0283114901015935,1.0283114901015935
2026-12-02 22:37:51,56.1,54.895812725905714,1.2041872740942878,1.2041872740942878
2026-12-02 22:37:56,59.0,58.77194603162628,0.22805396837372172,0.22805396837372172
2026-12-02 22:38:01,56.8,58.36522824997022,-1.5652282499702252,1.5652282499702252
2026-12-02 22:38:05,54.599999999999994,55.06039164380633,-0.46039164380633224,0.46039164380633224
2026-12-02 22:38:10,60.8,58.9291449674455,1.8708550325544948,1.8708550325544948
2026-12-02 22:38:15,51.2,51.53741154770918,-0.3374115477091806,0.3374115477091806
2026-12-02 22:38:19,57.3,56.40768518229076,0.8923148177092344,0.8923148177092344
2026-12-02 22:38:24,56.199999999999996,55.59288507049695,0.607114929503048,0.607114929503048
2026-12-02 22:38:29,52.1,50.891998714389494,1.2080012856105071,1.2080012856105071
2026-12-02 22:38:33,55.4,56.95186772479355,-1.5518677247935528,1.5518677247935528
2026-12-02 22:38:38,53.0,52.45877007854523,0.5412299214547716,0.5412299214547716
2026-12-02 22:38:43,59.3,58.853059850898475,0.4469401491015219,0.4469401491015219
2026-12-02 22:38:48,53.5,52.78631152293918,0.7136884770608205,0.7136884770608205
2026-12-02 22:38:52,48.2,48.942898587159476,-0.7428985871594733,0.7428985871594733
2026-12-02 22:38:57,59.2,58.508251447534384,0.6917485524656186,0.6917485524656186
2026-12-02 22:39:02,57.599999999999994,57.67687250854289,-0.07687250854289829,0.07687250854289829
2026-12-02 22:39:06,56.5,56.53343926693823,-0.03343926693823107,0.03343926693823107
2026-12-02 22:39:11,62.099999999999994,62.04608404105646,0.05391595894353429,0.05391595894353429
2026-12-02 22:39:16,54.900000000000006,55.694413670191075,-0.7944136701910693,0.7944136701910693
2026-12-02 22:39:21,54.3,54.75429741844396,-0.4542974184439643,0.4542974184439643
2026-12-02 22:39:25,54.8,55.699233519998295,-0.8992335199982975,0.8992335199982975
2026-12-02 22:39:30,62.0,60.57488031239207,1.425119687607932,1.425119687607932
2026-12-02 22:39:35,65.19999999999999,63.37237644646508,1.827623553534906,1.827623553534906
2026-12-02 22:39:39,59.9,61.033567121376585,-1.1335671213765863,1.1335671213765863
2026-12-02 22:39:44,57.4,56.56827649494582,0.8317235050541782,0.8317235050541782
2026-12-02 22:39:49,57.6,58.00954225028638,-0.40954225028637836,0.40954225028637836
2026-12-02 22:39:53,56.2,54.57091118373094,1.6290888162690607,1.6290888162690607
2026-12-02 22:39:58,55.4,55.486728261106165,-0.08672826110616683,0.08672826110616683
2026-12-02 22:40:03,57.599999999999994,56.967592251867956,0.6324077481320387,0.6324077481320387
2026-12-02 22:40:08,50.9,51.46433117565393,-0.5643311756539333,0.5643311756539333
2026-12-02 22:40:12,53.599999999999994,52.07908488282379,1.5209151171762016,1.5209151171762016
2026-12-02 22:40:17,56.7,56.33650089269364,0.36349910730636026,0.36349910730636026
2026-12-02 22:40:22,54.5,52.71648585734246,1.7835141426575376,1.7835141426575376
2026-12-02 22:40:26,55.300000000000004,54.43824030483467,0.8617596951653326,0.8617596951653326
2026-12-02 22:40:31,57.6,56.932533242239046,0.6674667577609554,0.6674667577609554
2026-12-02 22:40:36,56.4,57.395344234830304,-0.9953442348303057,0.9953442348303057
2026-12-02 22:40:41,61.4,61.12516053075366,0.27483946924633784,0.27483946924633784
2026-12-02 22:40:45,59.6,59.2054769277305,0.3945230722695001,0.3945230722695001
2026-12-02 22:40:50,53.3,56.11808377856422,-2.8180837785642225,2.8180837785642225
2026-12-02 22:40:55,52.2,52.3581235150912,-0.15812351509119793,0.15812351509119793
2026-12-02 22:40:59,55.300000000000004,54.47746481065113,0.8225351893488764,0.8225351893488764
2026-12-02 22:41:04,60.6,58.82018121569409,1.7798187843059097,1.7798187843059097
2026-12-02 22:41:09,53.0,53.84072530496707,-0.8407253049670729,0.8407253049670729
2026-12-02 22:41:13,58.900000000000006,58.792341760994915,0.1076582390050902,0.1076582390050902
2026-12-02 22:41:18,66.5,65.73074953083906,0.7692504691609372,0.7692504691609372
2026-12-02 22:41:23,62.9,61.50319476188979,1.3968052381102112,1.3968052381102112
2026-12-02 22:41:28,62.0,61.04919568078932,0.9508043192106825,0.9508043192106825
2026-12-02 22:41:32,57.5,57.81289143601612,-0.31289143601612324,0.31289143601612324
2026-12-02 22:41:37,57.099999999999994,56.72104032071601,0.3789596792839873,0.3789596792839873
2026-12-02 22:41:42,58.2,58.966088100413636,-0.7660881004136328,0.7660881004136328
2026-12-02 22:41:46,62.0,61.318184342201576,0.681815657798424,0.681815657798424
2026-12-02 22:41:51,56.599999999999994,57.54533903839571,-0.9453390383957156,0.9453390383957156
2026-12-02 22:41:56,58.599999999999994,57.3883799297049,1.2116200702950977,1.2116200702950977
2026-12-02 22:42:01,60.599999999999994,59.256377674994646,1.3436223250053487,1.3436223250053487
2026-12-02 22:42:05,62.4,61.60929956267298,0.7907004373270183,0.7907004373270183
2026-12-02 22:42:10,62.599999999999994,61.703280897601324,0.89671910239867,0.89671910239867
2026-12-02 22:42:15,55.7,55.42306864126343,0.2769313587365758,0.2769313587365758
2026-12-02 22:42:19,59.8,58.812771788720354,0.9872282112796427,0.9872282112796427
2026-12-02 22:42:24,62.8,61.447094603566015,1.3529053964339823,1.3529053964339823
2026-12-02 22:42:29,66.3,64.96080709060719,1.339192909392807,1.339192909392807
2026-12-02 22:42:33,65.0,63.92741523131535,1.0725847686846492,1.0725847686846492
2026-12-02 22:42:38,55.3,57.12677016766786,-1.8267701676678598,1.8267701676678598
2026-12-02 22:42:43,47.3,48.23621498420533,-0.9362149842053356,0.9362149842053356
2026-12-02 22:42:48,66.3,65.28891888858823,1.0110811114117695,1.0110811114117695
2026-12-02 22:42:52,59.400000000000006,59.86543350770516,-0.465433507705157,0.465433507705157
2026-12-02 22:42:57,59.8,58.57828297136578,1.2217170286342167,1.2217170286342167
2026-12-02 22:43:02,58.0,57.140184129113564,0.8598158708864361,0.8598158708864361
2026-12-02 22:43:06,61.3,61.271116531352135,0.028883468647862287,0.028883468647862287
2026-12-02 22:43:11,56.3,55.29815504067449,1.0018449593255099,1.0018449593255099
2026-12-02 22:43:16,69.3,68.25586756342204,1.0441324365779536,1.0441324365779536
2026-12-02 22:43:21,70.4,67.36228863858311,3.0377113614168962,3.0377113614168962
2026-12-02 22:43:25,55.099999999999994,55.532128427479265,-0.43212842747927027,0.43212842747927027
2026-12-02 22:43:30,53.599999999999994,52.87265692824647,0.7273430717535234,0.7273430717535234
2026-12-02 22:43:35,64.7,62.93463352727818,1.7653664727218228,1.7653664727218228
2026-12-02 22:43:39,61.3,61.15416091200833,0.14583908799166778,0.14583908799166778
2026-12-02 22:43:44,63.6,63.03357869193992,0.5664213080600788,0.5664213080600788
2026-12-02 22:43:49,59.0,56.88517593520126,2.1148240647987393,2.1148240647987393
2026-12-02 22:43:53,60.0,59.090538037096366,0.9094619629036345,0.9094619629036345
2026-12-02 22:43:58,56.5,57.18622015776256,-0.6862201577625626,0.6862201577625626
2026-12-02 22:44:03,59.2,58.356856099691804,0.8431439003081991,0.8431439003081991
2026-12-02 22:44:08,61.3,60.74529468765442,0.5547053123455754,0.5547053123455754
2026-12-02 22:44:12,59.099999999999994,59.31052628438245,-0.21052628438245335,0.21052628438245335
2026-12-02 22:44:17,57.199999999999996,57.17513887448422,0.024861125515776905,0.024861125515776905
2026-12-02 22:44:22,59.1,59.07634391606667,0.023656083933332184,0.023656083933332184
2026-12-02 22:44:26,56.3,56.97710841566068,-0.6771084156606832,0.6771084156606832
2026-12-02 22:44:31,56.0,54.70099892739558,1.299001072604419,1.299001072604419
2026-12-02 22:44:36,65.1,63.64807464199337,1.4519253580066263,1.4519253580066263
2026-12-02 22:44:41,55.9,55.823324742346884,0.07667525765311467,0.07667525765311467
2026-12-02 22:44:45,60.599999999999994,59.04927389004963,1.5507261099503609,1.5507261099503609
2026-12-02 22:44:50,61.4,61.07842711870142,0.32157288129857875,0.32157288129857875
2026-12-02 22:44:55,55.2,55.01798283413952,0.18201716586048633,0.18201716586048633
2026-12-02 22:44:59,58.9,58.67951174258362,0.22048825741637756,0.22048825741637756
2026-12-02 22:45:04,51.0,51.4886918599931,-0.4886918599930965,0.4886918599930965
2026-12-02 22:45:09,53.599999999999994,54.549586833312425,-0.9495868333124307,0.9495868333124307
2026-12-02 22:45:13,61.3,58.73009309445481,2.5699069055451886,2.5699069055451886
2026-12-02 22:45:18,55.099999999999994,54.87106005961817,0.22893994038182086,0.22893994038182086
2026-12-02 22:45:23,59.8,59.54019952605819,0.2598004739418087,0.2598004739418087
2026-12-02 22:45:28,61.5,61.165792825320196,0.3342071746798041,0.3342071746798041
2026-12-02 22:45:32,64.9,63.79625530743143,1.1037446925685757,1.1037446925685757
2026-12-02 22:45:37,72.0,68.25811117224234,3.7418888277576627,3.7418888277576627
2026-12-02 22:45:42,57.5,57.78632530982991,-0.28632530982991256,0.28632530982991256
2026-12-02 22:45:46,63.5,62.588016073540885,0.911983926459115,0.911983926459115
2026-12-02 22:45:51,57.1,57.69329867790782,-0.5932986779078178,0.5932986779078178
2026-12-02 22:45:56,66.9,64.3922773000913,2.5077226999087117,2.5077226999087117
2026-12-02 22:46:01,62.800000000000004,61.5440788915001,1.255921108499905,1.255921108499905
2026-12-02 22:46:05,61.300000000000004,61.18616011960526,0.11383988039474247,0.11383988039474247
2026-12-02 22:46:10,64.4,63.396990125131694,1.0030098748683116,1.0030098748683116
2026-12-02 22:46:15,58.599999999999994,59.766824466450565,-1.1668244664505707,1.1668244664505707
2026-12-02 22:46:19,65.6,63.70920752710281,1.890792472897182,1.890792472897182
2026-12-02 22:46:24,59.900000000000006,60.1458741821279,-0.24587418212789203,0.24587418212789203
2026-12-02 22:46:29,57.1,58.33995954476913,-1.2399595447691283,1.2399595447691283
2026-12-02 22:46:33,61.7,60.73180475982045,0.9681952401795542,0.9681952401795542
2026-12-02 22:46:38,59.5,57.00188457446346,2.4981154255365396,2.4981154255365396
2026-12-02 22:46:43,62.5,63.18912448919323,-0.6891244891932331,0.6891244891932331
2026-12-02 22:46:48,55.4,55.37742046855376,0.022579531446240253,0.022579531446240253
2026-12-02 22:46:52,60.0,59.60660613048298,0.3933938695170198,0.3933938695170198
2026-12-02 22:46:57,61.2,61.051631212780954,0.14836878721904867,0.14836878721904867
2026-12-02 22:47:02,63.1,63.33516348729346,-0.23516348729345538,0.23516348729345538
2026-12-02 22:47:06,57.7,57.53531980161039,0.16468019838961112,0.16468019838961112
2026-12-02 22:47:11,58.5,58.783547086892085,-0.2835470868920851,0.2835470868920851
2026-12-02 22:47:16,58.1,57.02851390026305,1.0714860997369513,1.0714860997369513
2026-12-02 22:47:21,57.2,57.33391265199196,-0.133912651991956,0.133912651991956
2026-12-02 22:47:25,56.8,57.025613295736534,-0.22561329573653666,0.22561329573653666
2026-12-02 22:47:30,58.7,57.07858108100878,1.6214189189912247,1.6214189189912247
2026-12-02 22:47:35,57.400000000000006,57.10837220021187,0.291627799788138,0.291627799788138
2026-12-02 22:47:39,59.2,59.02509026887246,0.17490973112754205,0.17490973112754205
2026-12-02 22:47:44,66.8,65.74097918608872,1.0590208139112747,1.0590208139112747
2026-12-02 22:47:49,65.19999999999999,63.66531031144694,1.5346896885530512,1.5346896885530512
2026-12-02 22:47:53,54.900000000000006,56.85305089493674,-1.9530508949367373,1.9530508949367373
2026-12-02 22:47:58,59.0,59.22055378447243,-0.22055378447242902,0.22055378447242902
2026-12-02 22:48:03,56.4,57.80730621223925,-1.4073062122392486,1.4073062122392486
2026-12-02 22:48:08,65.2,62.650549069156824,2.5494509308431788,2.5494509308431788
2026-12-02 22:48:12,66.0,65.15121641455318,0.8487835854468244,0.8487835854468244
2026-12-02 22:48:17,53.3,54.1684981161794,-0.8684981161794028,0.8684981161794028
2026-12-02 22:48:22,65.9,64.37425842762406,1.5257415723759493,1.5257415723759493
2026-12-02 22:48:26,62.400000000000006,61.20739376217989,1.1926062378201152,1.1926062378201152
2026-12-02 22:48:31,63.300000000000004,61.35111568660874,1.948884313391261,1.948884313391261
2026-12-02 22:48:36,56.699999999999996,57.373697896919246,-0.6736978969192506,0.6736978969192506
2026-12-02 22:48:41,59.4,57.26668704299402,2.133312957005977,2.133312957005977
2026-12-02 22:48:45,68.6,67.81495466008153,0.7850453399184687,0.7850453399184687
2026-12-02 22:48:50,69.5,67.49178724267873,2.0082127573212745,2.0082127573212745
2026-12-02 22:48:55,63.4,63.94092000964849,-0.5409200096484881,0.5409200096484881
2026-12-02 22:48:59,73.9,70.20758196847424,3.6924180315257615,3.6924180315257615
2026-12-02 22:49:04,56.7,56.77903508673043,-0.07903508673042836,0.07903508673042836
2026-12-02 22:49:09,58.599999999999994,56.61980120312989,1.9801987968701056,1.9801987968701056
2026-12-02 22:49:13,65.1,65.60240698948103,-0.502406989481031,0.502406989481031
2026-12-02 22:49:18,69.2,67.16628528731174,2.0337147126882655,2.0337147126882655
2026-12-02 22:49:23,63.7,65.37378888001962,-1.6737888800196146,1.6737888800196146
2026-12-02 22:49:28,57.4,56.80152838421555,0.5984716157844474,0.5984716157844474
2026-12-02 22:49:32,61.7,60.717863469192594,0.9821365308074093,0.9821365308074093
2026-12-02 22:49:37,55.0,53.39639396314753,1.6036060368524687,1.6036060368524687
2026-12-02 22:49:42,68.7,66.01665197509251,2.683348024907488,2.683348024907488
2026-12-02 22:49:46,63.5,61.50556463097035,1.9944353690296523,1.9944353690296523
2026-12-02 22:49:51,71.6,69.08874173958483,2.511258260415161,2.511258260415161
2026-12-02 22:49:56,58.300000000000004,60.29326068349115,-1.993260683491144,1.993260683491144
2026-12-02 22:50:01,63.5,61.043673827425536,2.456326172574464,2.456326172574464
2026-12-02 22:50:05,52.400000000000006,53.95948829912936,-1.559488299129356,1.559488299129356
2026-12-02 22:50:10,66.4,63.67651526848457,2.723484731515434,2.723484731515434
2026-12-02 22:50:15,60.5,60.01245653189348,0.48754346810652294,0.48754346810652294
2026-12-02 22:50:19,62.1,61.153278359392914,0.9467216406070875,0.9467216406070875
2026-12-02 22:50:24,64.8,63.55193334454978,1.2480666554502164,1.2480666554502164
2026-12-02 22:50:29,57.0,55.72918023123619,1.2708197687638076,1.2708197687638076
2026-12-02 22:50:34,65.3,64.30001019773948,0.9999898022605151,0.9999898022605151
2026-12-02 22:50:38,62.6,64.82721224588897,-2.227212245888971,2.227212245888971
2026-12-02 22:50:43,58.2,57.19489377334935,1.0051062266506534,1.0051062266506534
2026-12-02 22:50:48,66.19999999999999,64.48378894563083,1.716211054369154,1.716211054369154
2026-12-02 22:50:52,60.3,59.292524214665704,1.007475785334293,1.007475785334293
2026-12-02 22:50:57,58.400000000000006,56.89270415588103,1.5072958441189783,1.5072958441189783
2026-12-02 22:51:02,55.900000000000006,55.9747269820315,-0.07472698203149264,0.07472698203149264
2026-12-02 22:51:06,60.2,58.87202551340757,1.3279744865924314,1.3279744865924314
2026-12-02 22:51:11,59.2,59.56055086797937,-0.3605508679793701,0.3605508679793701
2026-12-02 22:51:16,51.9,52.68212025475459,-0.782120254754588,0.782120254754588
2026-12-02 22:51:21,50.6,51.18294533542773,-0.5829453354277305,0.5829453354277305
2026-12-02 22:51:25,61.0,59.645797176051744,1.3542028239482562,1.3542028239482562
2026-12-02 22:51:30,57.400000000000006,57.13679390476866,0.26320609523134664,0.26320609523134664
2026-12-02 22:51:35,59.300000000000004,59.02019829273525,0.2798017072647525,0.2798017072647525
2026-12-02 22:51:39,58.3,58.65114305286208,-0.3511430528620849,0.3511430528620849
2026-12-02 22:51:44,56.4,55.105568275713004,1.2944317242869943,1.2944317242869943
2026-12-02 22:51:49,58.7,60.0986917028716,-1.398691702871595,1.398691702871595
2026-12-02 22:51:54,59.8,59.15709183051463,0.6429081694853664,0.6429081694853664
2026-12-02 22:51:58,64.80000000000001,64.59798969589066,0.2020103041093506,0.2020103041093506
2026-12-02 22:52:03,52.699999999999996,50.98569660289581,1.7143033971041888,1.7143033971041888
2026-12-02 22:52:08,65.9,61.94190501479235,3.9580949852076586,3.9580949852076586
2026-12-02 22:52:12,59.1,60.525270751686314,-1.4252707516863126,1.4252707516863126
2026-12-02 22:52:17,61.0,58.670813937451015,2.3291860625489846,2.3291860625489846
2026-12-02 22:52:22,56.8,57.07640769559007,-0.2764076955900734,0.2764076955900734
2026-12-02 22:52:26,65.2,63.56396441241344,1.6360355875865622,1.6360355875865622
2026-12-02 22:52:31,65.1,63.412547830107805,1.6874521698921896,1.6874521698921896
2026-12-02 22:52:36,54.4,55.32275119071895,-0.9227511907189481,0.9227511907189481
2026-12-02 22:52:41,61.0,60.846077373912316,0.15392262608768448,0.15392262608768448
2026-12-02 22:52:45,53.5,53.47011396629215,0.029886033707846593,0.029886033707846593
2026-12-02 22:52:50,53.7,54.9588592272895,-1.2588592272894985,1.2588592272894985
2026-12-02 22:52:55,62.9,60.89782608457733,2.0021739154226665,2.0021739154226665
2026-12-02 22:52:59,65.2,65.12738998623904,0.07261001376096488,0.07261001376096488
2026-12-02 22:53:04,59.0,57.764076403459256,1.2359235965407436,1.2359235965407436
2026-12-02 22:53:09,65.3,62.59888643680246,2.701113563197538,2.701113563197538
2026-12-02 22:53:14,63.900000000000006,63.451022789721044,0.44897721027896154,0.44897721027896154
2026-12-02 22:53:18,59.5,61.298605838405116,-1.7986058384051162,1.7986058384051162
2026-12-02 22:53:23,61.8,61.02382141168092,0.7761785883190768,0.7761785883190768
2026-12-02 22:53:28,56.2,55.02601602344009,1.17398397655991,1.17398397655991
2026-12-02 22:53:32,63.2,62.48250478727478,0.7174952127252254,0.7174952127252254
2026-12-02 22:53:37,65.6,64.81160841109984,0.7883915889001543,0.7883915889001543
2026-12-02 22:53:42,62.0,63.56806072065181,-1.5680607206518076,1.5680607206518076
2026-12-02 22:53:46,60.3,58.962041509351266,1.337958490648731,1.337958490648731
2026-12-02 22:53:51,52.0,50.51517521822825,1.4848247817717493,1.4848247817717493
2026-12-02 22:53:56,52.1,52.90111646647352,-0.8011164664735162,0.8011164664735162
2026-12-02 22:54:01,52.3,50.177503808147364,2.1224961918526333,2.1224961918526333
2026-12-02 22:54:05,55.7,54.136736832202786,1.563263167797217,1.563263167797217
2026-12-02 22:54:10,59.2,59.01248061112912,0.18751938887088215,0.18751938887088215
2026-12-02 22:54:15,58.6,57.752533320775385,0.8474666792246168,0.8474666792246168
2026-12-02 22:54:19,60.9,61.04702800448008,-0.14702800448008446,0.14702800448008446
2026-12-02 22:54:24,64.2,64.7274367894438,-0.5274367894437972,0.5274367894437972
2026-12-02 22:54:29,55.4,55.432594395169716,-0.03259439516971696,0.03259439516971696
2026-12-02 22:54:34,57.9,56.28524299546117,1.6147570045388306,1.6147570045388306
2026-12-02 22:54:38,61.6,60.90296429763939,0.6970357023606084,0.6970357023606084
2026-12-02 22:54:43,63.8,63.65582535526269,0.1441746447373049,0.1441746447373049
2026-12-02 22:54:48,60.099999999999994,59.47451497376359,0.6254850262364045,0.6254850262364045
2026-12-02 22:54:52,55.5,54.84370732907186,0.6562926709281385,0.6562926709281385
2026-12-02 22:54:57,60.8,59.04273284967916,1.7572671503208355,1.7572671503208355
2026-12-02 22:55:02,56.3,57.727017248104914,-1.4270172481049173,1.4270172481049173
2026-12-02 22:55:06,51.6,51.51626163803088,0.0837383619691181,0.0837383619691181
2026-12-02 22:55:11,64.5,62.48464412914076,2.0153558708592385,2.0153558708592385
2026-12-02 22:55:16,66.5,65.50361577638064,0.9963842236193585,0.9963842236193585
2026-12-02 22:55:21,68.3,65.93273137335547,2.367268626644531,2.367268626644531
2026-12-02 22:55:25,54.5,53.075880689676794,1.4241193103232064,1.4241193103232064
2026-12-02 22:55:30,53.7,52.311862591480335,1.3881374085196683,1.3881374085196683
2026-12-02 22:55:35,58.6,58.38069710792973,0.21930289207027442,0.21930289207027442
2026-12-02 22:55:39,71.6,69.91259222166751,1.687407778332485,1.687407778332485
2026-12-02 22:55:44,61.5,62.22021067776934,-0.7202106777693373,0.7202106777693373
2026-12-02 22:55:49,59.400000000000006,60.71875671082466,-1.3187567108246512,1.3187567108246512
2026-12-02 22:55:54,58.9,58.694289206241194,0.2057107937588043,0.2057107937588043
2026-12-02 22:55:58,55.800000000000004,56.718810498048484,-0.9188104980484795,0.9188104980484795
2026-12-02 22:56:03,56.5,55.8873341687933,0.6126658312066979,0.6126658312066979
2026-12-02 22:56:08,60.1,59.89212464591984,0.20787535408015856,0.20787535408015856
2026-12-02 22:56:12,66.2,64.59869133329596,1.6013086667040426,1.6013086667040426
2026-12-02 22:56:17,63.900000000000006,64.8006967562892,-0.900696756289193,0.900696756289193
2026-12-02 22:56:22,63.4,62.90770579659393,0.4922942034060682,0.4922942034060682
2026-12-02 22:56:26,69.0,66.63544395399305,2.3645560460069532,2.3645560460069532
2026-12-02 22:56:31,67.1,66.93896520777972,0.16103479222027772,0.16103479222027772
2026-12-02 22:56:36,65.9,65.255801149075,0.6441988509250081,0.6441988509250081
2026-12-02 22:56:41,54.9,55.44596916122881,-0.5459691612288111,0.5459691612288111
2026-12-02 22:56:45,59.3,58.53819017956779,0.7618098204322052,0.7618098204322052
2026-12-02 22:56:50,60.7,61.26608708613664,-0.5660870861366405,0.5660870861366405
2026-12-02 22:56:55,56.0,57.34532022048393,-1.3453202204839272,1.3453202204839272
2026-12-02 22:56:59,63.599999999999994,63.15392107070581,0.44607892929418114,0.44607892929418114
2026-12-02 22:57:04,70.1,68.90303985210093,1.1969601478990626,1.1969601478990626
2026-12-02 22:57:09,56.7,57.65548212110081,-0.9554821211008075,0.9554821211008075
2026-12-02 22:57:14,59.400000000000006,58.913246370463526,0.48675362953648005,0.48675362953648005
2026-12-02 23:06:55,56.4,56.60481375046253,-0.20481375046253447,0.20481375046253447
2026-12-02 23:07:00,55.400000000000006,55.351207119518165,0.04879288048184094,0.04879288048184094
2026-12-02 23:07:04,62.8,61.77741740974443,1.022582590255567,1.022582590255567
2026-12-02 23:07:09,62.4,60.79424007447578,1.605759925524218,1.605759925524218
2026-12-02 23:07:14,70.69999999999999,68.68580456214764,2.014195437852351,2.014195437852351
2026-12-02 23:07:18,54.8,55.448869923916114,-0.6488699239161164,0.6488699239161164
2026-12-02 23:07:23,62.7,61.6829576932683,1.0170423067317031,1.0170423067317031
2026-12-02 23:07:28,60.9,62.305499072888466,-1.4054990728884675,1.4054990728884675
2026-12-02 23:07:33,61.3,58.969125690100846,2.3308743098991513,2.3308743098991513
2026-12-02 23:07:37,54.2,55.29249590459004,-1.092495904590038,1.092495904590038
2026-12-02 23:07:42,57.6,57.58612490720783,0.013875092792169141,0.013875092792169141
2026-12-02 23:07:47,53.8,54.84110298159703,-1.0411029815970352,1.0411029815970352
2026-12-02 23:07:51,64.6,64.63219924640664,-0.032199246406648285,0.032199246406648285
2026-12-02 23:07:56,62.5,62.162208279448045,0.33779172055195517,0.33779172055195517
2026-12-02 23:08:01,55.6,57.10950111025683,-1.5095011102568279,1.5095011102568279
2026-12-02 23:08:06,55.5,57.60918082279572,-2.1091808227957216,2.1091808227957216
2026-12-02 23:08:10,55.900000000000006,55.12055259810674,0.7794474018932647,0.7794474018932647
2026-12-02 23:08:15,59.099999999999994,58.303710814301375,0.796289185698619,0.796289185698619
2026-12-02 23:08:20,76.6,72.17572613333344,4.424273866666553,4.424273866666553
2026-12-02 23:08:24,51.099999999999994,54.14656812321439,-3.046568123214392,3.046568123214392
2026-12-02 23:08:29,60.7,60.09063373447283,0.6093662655271714,0.6093662655271714
2026-12-02 23:08:34,55.2,55.64772559711219,-0.4477255971121892,0.4477255971121892
2026-12-02 23:08:39,55.5,54.18530539711806,1.3146946028819428,1.3146946028819428
2026-12-02 23:08:43,57.5,57.9587438464706,-0.45874384647059685,0.45874384647059685
2026-12-02 23:08:48,54.6,54.56307602899455,0.036923971005450085,0.036923971005450085
2026-12-02 23:08:53,53.4,52.94624118186132,0.4537588181386809,0.4537588181386809
2026-12-02 23:08:57,60.5,58.48606986395191,2.0139301360480886,2.0139301360480886
2026-12-02 23:09:02,61.1,60.032102793647226,1.0678972063527752,1.0678972063527752
2026-12-02 23:09:07,55.599999999999994,57.968634968386546,-2.3686349683865515,2.3686349683865515
2026-12-02 23:09:11,51.400000000000006,50.74446234915748,0.6555376508425255,0.6555376508425255
2026-12-02 23:09:16,55.099999999999994,55.086571044177624,0.013428955822369915,0.013428955822369915
2026-12-02 23:09:21,56.900000000000006,54.631479284608524,2.2685207153914817,2.2685207153914817
2026-12-02 23:09:26,58.8,58.62878911718628,0.17121088281371755,0.17121088281371755
2026-12-02 23:09:30,58.0,57.396810666262716,0.6031893337372836,0.6031893337372836
2026-12-02 23:09:35,53.2,52.912725443085925,0.28727455691407755,0.28727455691407755
2026-12-02 23:09:40,51.599999999999994,52.6369764317505,-1.036976431750503,1.036976431750503
2026-12-02 23:09:44,67.4,64.54827974909406,2.8517202509059416,2.8517202509059416
2026-12-02 23:09:49,60.8,61.30571133780224,-0.5057113378022393,0.5057113378022393
2026-12-02 23:09:54,54.6,56.53398711971103,-1.933987119711027,1.933987119711027
2026-12-02 23:09:59,54.0,55.36044108695633,-1.3604410869563281,1.3604410869563281
2026-12-02 23:10:03,51.9,52.83839698409986,-0.9383969840998603,0.9383969840998603
2026-12-02 23:10:08,60.3,58.54939849465286,1.7506015053471344,1.7506015053471344
2026-12-02 23:10:13,57.5,57.044845849864885,0.4551541501351153,0.4551541501351153
2026-12-02 23:10:17,62.5,61.06278510911939,1.437214890880611,1.437214890880611
2026-12-02 23:10:22,53.400000000000006,52.898734636644576,0.5012653633554294,0.5012653633554294
2026-12-02 23:10:27,59.0,58.87100866559478,0.12899133440522093,0.12899133440522093
2026-12-02 23:10:31,53.800000000000004,52.59076412643171,1.2092358735682964,1.2092358735682964
2026-12-02 23:10:36,64.2,62.97061647649714,1.229383523502861,1.229383523502861
2026-12-02 23:10:41,57.7,58.11057888499478,-0.4105788849947771,0.4105788849947771
2026-12-02 23:10:46,57.6,57.91710958226185,-0.3171095822618497,0.3171095822618497
2026-12-02 23:10:50,58.7,59.18361824252519,-0.48361824252518915,0.48361824252518915
2026-12-02 23:10:55,55.8,54.83524685041522,0.9647531495847801,0.9647531495847801
2026-12-02 23:11:00,56.699999999999996,55.30592774194413,1.3940722580558642,1.3940722580558642
2026-12-02 23:11:04,52.9,52.707018850882164,0.19298114911783415,0.19298114911783415
2026-12-02 23:11:09,51.0,51.53803739162612,-0.5380373916261192,0.5380373916261192
2026-12-02 23:11:14,65.1,65.45588528654848,-0.35588528654848517,0.35588528654848517
2026-12-02 23:11:19,58.0,58.61725258477274,-0.6172525847727428,0.6172525847727428
2026-12-02 23:11:23,56.1,54.567269462371485,1.5327305376285167,1.5327305376285167
2026-12-02 23:11:28,59.5,58.35495194798227,1.145048052017728,1.145048052017728
2026-12-02 23:11:33,52.2,52.8099927016343,-0.6099927016342974,0.6099927016342974
2026-12-02 23:11:37,52.400000000000006,50.47123039647424,1.9287696035257653,1.9287696035257653
2026-12-02 23:11:42,49.7,50.228887768544624,-0.5288877685446209,0.5288877685446209
2026-12-02 23:11:47,58.8,56.40685702715269,2.3931429728473077,2.3931429728473077
2026-12-02 23:11:51,54.4,55.39371885588367,-0.9937188558836709,0.9937188558836709
2026-12-02 23:11:56,56.3,56.60773511367129,-0.307735113671292,0.307735113671292
2026-12-02 23:12:01,75.9,71.71274030914714,4.187259690852869,4.187259690852869
2026-12-02 23:12:06,49.2,51.357989188257356,-2.1579891882573534,2.1579891882573534
2026-12-02 23:12:10,53.3,51.69295590286148,1.6070440971385196,1.6070440971385196
2026-12-02 23:12:15,56.3,54.60410844161773,1.6958915583822645,1.6958915583822645
2026-12-02 23:12:20,53.2,52.85851615816671,0.34148384183329483,0.34148384183329483
2026-12-02 23:12:24,57.3,56.55013755761206,0.7498624423879363,0.7498624423879363
2026-12-02 23:12:29,57.0,57.1979339558601,-0.1979339558601012,0.1979339558601012
2026-12-02 23:12:34,51.4,52.825323479200996,-1.4253234792009977,1.4253234792009977
2026-12-02 23:12:39,63.2,63.077714563861925,0.1222854361380783,0.1222854361380783
2026-12-02 23:12:43,59.9,59.79139075738892,0.10860924261108096,0.10860924261108096
2026-12-02 23:12:48,64.9,62.83145468772448,2.068545312275525,2.068545312275525
2026-12-02 23:12:53,58.300000000000004,57.80385672699674,0.49614327300326266,0.49614327300326266
2026-12-02 23:12:57,52.7,53.256946337605626,-0.5569463376056234,0.5569463376056234
2026-12-02 23:13:02,69.6,68.27479792136434,1.3252020786356553,1.3252020786356553
2026-12-02 23:13:07,51.0,51.75606780784315,-0.7560678078431522,0.7560678078431522
2026-12-02 23:13:11,67.4,66.61215460945,0.7878453905500038,0.7878453905500038
2026-12-02 23:13:16,62.2,63.10491281790945,-0.9049128179094481,0.9049128179094481
2026-12-02 23:13:21,58.2,57.041526759871736,1.1584732401282665,1.1584732401282665
2026-12-02 23:13:26,59.6,58.44828706305182,1.1517129369481793,1.1517129369481793
2026-12-02 23:13:30,49.099999999999994,49.24776181318376,-0.14776181318376302,0.14776181318376302
2026-12-02 23:13:35,52.7,51.77867555247248,0.9213244475275246,0.9213244475275246
2026-12-02 23:13:40,55.199999999999996,54.820625911035904,0.3793740889640915,0.3793740889640915
2026-12-02 23:13:44,55.6,54.65555886087121,0.9444411391287915,0.9444411391287915
2026-12-02 23:13:49,52.0,53.19994303981591,-1.1999430398159134,1.1999430398159134
2026-12-02 23:13:54,53.8,55.22287309556713,-1.4228730955671338,1.4228730955671338
2026-12-02 23:13:59,50.5,50.35288698648233,0.14711301351766792,0.14711301351766792
2026-12-02 23:14:03,58.099999999999994,57.65256066171802,0.44743933828197413,0.44743933828197413
2026-12-02 23:14:08,60.0,58.78015393016073,1.2198460698392708,1.2198460698392708
2026-12-02 23:14:13,55.9,55.32718699678896,0.5728130032110386,0.5728130032110386
2026-12-02 23:14:17,60.7,60.57706315464638,0.12293684535362104,0.12293684535362104
2026-12-02 23:14:22,62.3,61.16241647043573,1.1375835295642673,1.1375835295642673
2026-12-02 23:14:27,67.5,65.99500439743343,1.5049956025665665,1.5049956025665665
2026-12-02 23:14:31,52.800000000000004,54.84694596225236,-2.0469459622523587,2.0469459622523587
2026-12-02 23:14:36,53.0,52.18873426732979,0.8112657326702077,0.8112657326702077
2026-12-02 23:14:41,67.2,64.08302547635087,3.1169745236491337,3.1169745236491337
2026-12-02 23:14:46,54.800000000000004,55.18146175125671,-0.3814617512567082,0.3814617512567082
2026-12-02 23:14:50,56.2,55.252057082831186,0.9479429171688167,0.9479429171688167
2026-12-02 23:14:55,61.5,61.30608246576141,0.1939175342385866,0.1939175342385866
2026-12-02 23:15:00,50.4,51.495585270874386,-1.0955852708743876,1.0955852708743876
2026-12-02 23:15:04,57.2,56.187436194506,1.012563805494004,1.012563805494004
2026-12-02 23:15:09,52.9,52.85303852357206,0.046961476427938464,0.046961476427938464
2026-12-02 23:15:14,58.2,56.675472045384986,1.5245279546150172,1.5245279546150172
2026-12-02 23:15:19,57.8,57.890585523249705,-0.09058552324970748,0.09058552324970748
2026-12-02 23:15:23,59.7,58.71806692783351,0.9819330721664912,0.9819330721664912
2026-12-02 23:15:28,57.1,58.31338873653465,-1.2133887365346467,1.2133887365346467
2026-12-02 23:15:33,65.0,64.02273098906008,0.9772690109399207,0.9772690109399207
2026-12-02 23:15:37,72.5,70.24157619983762,2.258423800162376,2.258423800162376
2026-12-02 23:15:42,58.8,60.450878291729936,-1.6508782917299385,1.6508782917299385
2026-12-02 23:15:47,64.6,62.6776676134377,1.9223323865622959,1.9223323865622959
2026-12-02 23:15:51,56.5,56.41806598651757,0.08193401348243157,0.08193401348243157
2026-12-02 23:15:56,72.4,69.69768657207993,2.7023134279200747,2.7023134279200747
2026-12-02 23:16:01,64.8,65.84730269247044,-1.0473026924704385,1.0473026924704385
2026-12-02 23:16:06,59.6,59.13615547384418,0.4638445261558246,0.4638445261558246
2026-12-02 23:16:10,61.7,58.97241033527437,2.7275896647256346,2.7275896647256346
2026-12-02 23:16:15,61.800000000000004,61.565391528532786,0.23460847146721875,0.23460847146721875
2026-12-02 23:16:20,59.400000000000006,60.152087317683694,-0.7520873176836886,0.7520873176836886
2026-12-02 23:16:24,71.9,68.41962767779881,3.480372322201191,3.480372322201191
2026-12-02 23:16:29,59.199999999999996,62.13506664697469,-2.935066646974697,2.935066646974697
2026-12-02 23:16:34,55.7,55.94021031789959,-0.2402103178995887,0.2402103178995887
2026-12-02 23:16:39,61.699999999999996,60.45287776951766,1.2471222304823328,1.2471222304823328
2026-12-02 23:16:43,61.7,61.37905607163475,0.3209439283652529,0.3209439283652529
2026-12-02 23:16:48,67.69999999999999,66.54026768719889,1.159732312801097,1.159732312801097
2026-12-02 23:16:53,64.4,64.98396261468118,-0.5839626146811696,0.5839626146811696
2026-12-02 23:16:57,55.099999999999994,55.88964974184297,-0.7896497418429789,0.7896497418429789
2026-12-02 23:17:02,54.900000000000006,54.89325304941345,0.006746950586553169,0.006746950586553169
2026-12-02 23:17:07,65.9,65.46140470030267,0.4385952996973401,0.4385952996973401
2026-12-02 23:17:11,59.5,57.70926680343953,1.790733196560467,1.790733196560467
2026-12-02 23:17:16,70.69999999999999,68.81755774405943,1.8824422559405605,1.8824422559405605
2026-12-02 23:17:21,70.7,68.49020661701681,2.209793382983193,2.209793382983193
2026-12-02 23:17:26,71.1,69.11547082097162,1.984529179028371,1.984529179028371
2026-12-02 23:17:30,64.69999999999999,63.7690334056085,0.9309665943914851,0.9309665943914851
2026-12-02 23:17:35,72.3,68.47445299329347,3.825547006706529,3.825547006706529
2026-12-02 23:17:40,73.5,70.54156891783744,2.958431082162562,2.958431082162562
2026-12-02 23:17:44,61.2,63.5442653921547,-2.3442653921546963,2.3442653921546963
2026-12-02 23:17:49,68.1,66.61401376908101,1.4859862309189822,1.4859862309189822
2026-12-02 23:17:54,69.8,67.58255919991234,2.217440800087658,2.217440800087658
2026-12-02 23:17:59,70.6,68.646385577974,1.9536144220259928,1.9536144220259928
2026-12-02 23:18:03,78.4,73.73656579157812,4.66343420842189,4.66343420842189
2026-12-02 23:18:08,63.3,63.36806528847526,-0.06806528847526039,0.06806528847526039
2026-12-02 23:18:13,55.2,56.1477760806863,-0.947776080686296,0.947776080686296
2026-12-02 23:18:17,66.9,65.92619936314391,0.9738006368560974,0.9738006368560974
2026-12-02 23:18:22,56.5,57.732938413643176,-1.2329384136431756,1.2329384136431756
2026-12-02 23:18:27,61.2,58.85268278131015,2.3473172186898523,2.3473172186898523
2026-12-02 23:18:32,66.0,63.38297494362986,2.6170250563701387,2.6170250563701387
2026-12-02 23:18:36,74.9,70.25213386144661,4.647866138553397,4.647866138553397
2026-12-02 23:18:41,63.5,63.9061345659443,-0.4061345659442992,0.4061345659442992
2026-12-02 23:18:46,63.9,63.32031630126558,0.5796836987344207,0.5796836987344207
2026-12-02 23:18:50,63.4,63.36970024264643,0.030299757353567713,0.030299757353567713
2026-12-02 23:18:55,75.19999999999999,71.69829743472648,3.5017025652735043,3.5017025652735043
2026-12-02 23:19:00,76.6,72.77444188296438,3.8255581170356123,3.8255581170356123
2026-12-02 23:19:04,72.1,70.38986852372942,1.7101314762705755,1.7101314762705755
2026-12-02 23:19:09,62.8,61.84625412822478,0.9537458717752187,0.9537458717752187
2026-12-02 23:19:14,71.8,70.46565739924829,1.334342600751711,1.334342600751711
2026-12-02 23:19:19,67.69999999999999,65.55548251744798,2.144517482552004,2.144517482552004
2026-12-02 23:19:23,55.5,55.52386091156781,-0.023860911567808785,0.023860911567808785
2026-12-02 23:19:28,57.5,56.700146150061165,0.7998538499388346,0.7998538499388346
2026-12-02 23:19:33,57.7,57.33870461229708,0.36129538770292413,0.36129538770292413
2026-12-02 23:19:37,55.5,55.35156353335188,0.14843646664812127,0.14843646664812127
2026-12-02 23:19:42,62.099999999999994,61.378179518760355,0.7218204812396394,0.7218204812396394
2026-12-02 23:19:47,57.4,58.134710512302554,-0.7347105123025557,0.7347105123025557
2026-12-02 23:19:51,51.5,50.90510989615169,0.5948901038483072,0.5948901038483072
2026-12-02 23:19:56,58.400000000000006,56.79721117273366,1.6027888272663446,1.6027888272663446
2026-12-02 23:20:01,61.2,59.96999974696651,1.230000253033495,1.230000253033495
2026-12-02 23:20:06,55.900000000000006,54.943168589940974,0.9568314100590314,0.9568314100590314
2026-12-02 23:20:10,52.599999999999994,52.366157808913684,0.23384219108631044,0.23384219108631044
2026-12-02 23:20:15,74.8,71.6991080340194,3.100891965980594,3.100891965980594
2026-12-02 23:20:20,60.5,62.74648986731823,-2.246489867318232,2.246489867318232
2026-12-02 23:20:24,61.099999999999994,58.97553799673545,2.124462003264547,2.124462003264547
2026-12-02 23:20:29,54.3,55.69189407025758,-1.3918940702575853,1.3918940702575853
2026-12-02 23:20:34,55.5,54.75803493254507,0.7419650674549274,0.7419650674549274
2026-12-02 23:20:39,59.400000000000006,57.34290240017231,2.057097599827692,2.057097599827692
2026-12-02 23:20:43,59.4,58.858265177901025,0.5417348220989737,0.5417348220989737
2026-12-02 23:20:48,63.199999999999996,63.35944735702061,-0.15944735702061763,0.15944735702061763
2026-12-02 23:20:53,59.400000000000006,60.07798930451002,-0.6779893045100138,0.6779893045100138
2026-12-02 23:20:57,58.9,59.11351415401432,-0.2135141540143195,0.2135141540143195
2026-12-02 23:21:02,57.6,57.55835472458995,0.041645275410054694,0.041645275410054694
2026-12-02 23:21:07,59.800000000000004,59.10822790027802,0.6917720997219874,0.6917720997219874
2026-12-02 23:21:12,61.2,59.543619748417164,1.6563802515828385,1.6563802515828385
2026-12-02 23:21:16,65.5,63.03999511112522,2.460004888874778,2.460004888874778
2026-12-02 23:21:21,57.8,57.449134348786714,0.35086565121328306,0.35086565121328306
2026-12-02 23:21:26,59.2,59.061642634910825,0.13835736508917762,0.13835736508917762
2026-12-02 23:21:30,60.3,59.71815957994437,0.5818404200556273,0.5818404200556273
2026-12-02 23:21:35,56.7,56.537100250451864,0.16289974954813857,0.16289974954813857
2026-12-02 23:21:40,58.5,58.82669133133255,-0.32669133133254746,0.32669133133254746
2026-12-02 23:21:44,62.5,61.39564398722618,1.1043560127738203,1.1043560127738203
2026-12-02 23:21:49,66.5,64.71346042406093,1.7865395759390736,1.7865395759390736
2026-12-02 23:21:54,61.1,61.22780368792162,-0.12780368792162022,0.12780368792162022
2026-12-02 23:21:59,66.2,65.7923508090949,0.4076491909051043,0.4076491909051043
2026-12-02 23:22:03,65.2,65.81491760466992,-0.6149176046699125,0.6149176046699125
2026-12-02 23:22:08,58.8,61.925095121920705,-3.125095121920708,3.125095121920708
2026-12-02 23:22:13,65.2,64.4460146987113,0.7539853012887079,0.7539853012887079
2026-12-02 23:22:17,57.3,58.06752254418211,-0.7675225441821141,0.7675225441821141
2026-12-02 23:22:22,59.7,58.58162552557104,1.1183744744289612,1.1183744744289612
2026-12-02 23:22:27,65.2,65.25526415310523,-0.055264153105227365,0.055264153105227365
2026-12-02 23:22:32,59.2,61.69191553244266,-2.491915532442654,2.491915532442654
2026-12-02 23:22:36,65.1,64.09628326379172,1.0037167362082755,1.0037167362082755
2026-12-02 23:22:41,62.099999999999994,61.61773015611161,0.4822698438883819,0.4822698438883819
2026-12-02 23:22:46,61.2,60.92569420772129,0.2743057922787102,0.2743057922787102
2026-12-02 23:22:50,65.7,65.0959206741564,0.6040793258435997,0.6040793258435997
2026-12-02 23:22:55,55.7,57.04221723560276,-1.3422172356027602,1.3422172356027602
2026-12-02 23:23:00,57.0,57.34812505963394,-0.3481250596339365,0.3481250596339365
2026-12-02 23:23:04,56.8,57.33462813541941,-0.5346281354194105,0.5346281354194105
2026-12-02 23:23:09,63.3,62.58124022830938,0.718759771690614,0.718759771690614
2026-12-02 23:23:14,62.4,61.47050836825837,0.9294916317416266,0.9294916317416266
2026-12-02 23:23:19,80.4,75.82354521753389,4.576454782466115,4.576454782466115
2026-12-02 23:23:23,56.2,61.628285432137275,-5.428285432137272,5.428285432137272
2026-12-02 23:23:28,67.5,65.80374665946886,1.6962533405311433,1.6962533405311433
2026-12-02 23:23:33,54.0,54.05330512754091,-0.053305127540909325,0.053305127540909325
2026-12-02 23:23:37,59.099999999999994,58.28192584899251,0.8180741510074867,0.8180741510074867
2026-12-02 23:23:42,57.400000000000006,57.7278628277563,-0.3278628277562916,0.3278628277562916
2026-12-02 23:23:47,64.1,62.304275405803125,1.7957245941968694,1.7957245941968694
2026-12-02 23:23:52,66.5,66.22320725234245,0.27679274765755224,0.27679274765755224
2026-12-02 23:23:56,63.2,62.1248914258781,1.0751085741219057,1.0751085741219057
2026-12-02 23:24:01,58.0,56.834420057949735,1.1655799420502646,1.1655799420502646
2026-12-02 23:24:06,62.400000000000006,60.731604291435744,1.6683957085642618,1.6683957085642618
2026-12-02 23:24:10,59.8,58.74806200607123,1.0519379939287674,1.0519379939287674
2026-12-02 23:24:15,56.5,58.246088474799045,-1.7460884747990448,1.7460884747990448
2026-12-02 23:24:20,62.5,60.590705586571,1.9092944134290022,1.9092944134290022
2026-12-02 23:24:24,59.5,60.57866006955463,-1.0786600695546298,1.0786600695546298
2026-12-02 23:24:29,55.8,57.44971698341885,-1.6497169834188554,1.6497169834188554
2026-12-02 23:24:34,57.0,57.376048614316936,-0.3760486143169359,0.3760486143169359
2026-12-02 23:24:39,60.3,59.232648753474116,1.067351246525881,1.067351246525881
2026-12-02 23:24:43,59.1,58.9537885137727,0.14621148622730118,0.14621148622730118
2026-12-02 23:24:48,55.900000000000006,55.72218819644274,0.1778118035572689,0.1778118035572689
2026-12-02 23:24:53,59.3,57.32749057460705,1.9725094253929498,1.9725094253929498
2026-12-02 23:24:57,65.6,63.56495330558039,2.0350466944196057,2.0350466944196057
2026-12-02 23:25:02,59.8,60.27497624748922,-0.4749762474892236,0.4749762474892236
2026-12-02 23:25:07,55.3,55.35735906868381,-0.057359068683815906,0.057359068683815906
2026-12-02 23:25:12,56.7,54.95450252446313,1.7454974755368724,1.7454974755368724
2026-12-02 23:25:16,63.800000000000004,63.36490239455359,0.4350976054464155,0.4350976054464155
2026-12-02 23:25:21,67.0,65.99183746249089,1.008162537509108,1.008162537509108
2026-12-02 23:25:26,57.0,57.37007381297008,-0.3700738129700767,0.3700738129700767
2026-12-02 23:25:30,69.4,65.64428855446013,3.7557114455398732,3.7557114455398732
2026-12-02 23:25:35,79.1,73.3949762978847,5.705023702115298,5.705023702115298
2026-12-02 23:25:40,64.4,65.69054046220563,-1.2905404622056267,1.2905404622056267
2026-12-02 23:25:44,61.599999999999994,62.592625885897554,-0.9926258858975601,0.9926258858975601
2026-12-02 23:25:49,57.8,60.0351458624297,-2.235145862429704,2.235145862429704
2026-12-02 23:25:54,60.1,58.8924672369836,1.2075327630164026,1.2075327630164026
2026-12-02 23:25:59,60.099999999999994,59.59875308953715,0.5012469104628465,0.5012469104628465
2026-12-02 23:26:03,66.7,65.08021895604116,1.619781043958838,1.619781043958838
2026-12-02 23:26:08,59.0,58.68413498204984,0.3158650179501592,0.3158650179501592
2026-12-02 23:26:13,61.0,60.72583641890289,0.27416358109711325,0.27416358109711325
2026-12-02 23:26:17,67.9,66.72021135308368,1.1797886469163217,1.1797886469163217
2026-12-02 23:26:22,62.900000000000006,64.30965428963039,-1.4096542896303816,1.4096542896303816
2026-12-02 23:26:27,67.1,64.85676321284082,2.2432367871591765,2.2432367871591765
2026-12-02 23:26:32,64.4,64.92852072285652,-0.5285207228565127,0.5285207228565127
2026-12-02 23:26:36,59.5,59.047156356122535,0.4528436438774648,0.4528436438774648
2026-12-02 23:26:41,62.900000000000006,61.10523330632648,1.7947666936735232,1.7947666936735232
2026-12-02 23:26:46,59.8,60.64759117684069,-0.8475911768406945,0.8475911768406945
2026-12-02 23:26:50,62.3,61.01239261803432,1.2876073819656781,1.2876073819656781
2026-12-02 23:26:55,53.5,52.87944867554584,0.6205513244541621,0.6205513244541621
2026-12-02 23:27:00,60.2,58.51318553050676,1.6868144694932425,1.6868144694932425
2026-12-02 23:27:04,65.9,66.19755538356512,-0.29755538356511124,0.29755538356511124
2026-12-02 23:27:09,64.3,63.6595195091404,0.6404804908595949,0.6404804908595949
2026-12-02 23:27:14,60.199999999999996,59.94405288198618,0.25594711801381465,0.25594711801381465
2026-12-02 23:27:19,62.0,60.939332292259834,1.0606677077401656,1.0606677077401656
2026-12-02 23:27:23,66.1,66.08774718644293,0.012252813557068976,0.012252813557068976
2026-12-02 23:27:28,61.3,61.44970954104946,-0.14970954104946088,0.14970954104946088
2026-12-02 23:27:33,63.5,61.11695900039469,2.3830409996053135,2.3830409996053135
2026-12-02 23:27:37,63.4,63.226173449328925,0.17382655067107322,0.17382655067107322
2026-12-02 23:27:42,69.2,67.8183906749274,1.3816093250726027,1.3816093250726027
2026-12-02 23:27:47,61.6,61.38393095284547,0.21606904715453368,0.21606904715453368
2026-12-02 23:27:52,58.1,58.677586112515115,-0.5775861125151138,0.5775861125151138
2026-12-02 23:27:56,66.6,64.20176963000485,2.3982303699951473,2.3982303699951473
2026-12-02 23:28:01,78.9,74.77710719076195,4.122892809238053,4.122892809238053
2026-12-02 23:28:06,85.7,78.62586795625367,7.0741320437463315,7.0741320437463315
2026-12-02 23:28:10,59.7,63.22244077632408,-3.522440776324075,3.522440776324075
2026-12-02 23:28:15,64.8,62.18787766840502,2.612122331594975,2.612122331594975
2026-12-02 23:28:20,66.7,65.06766937718099,1.632330622819012,1.632330622819012
2026-12-02 23:28:24,71.9,68.7814883921452,3.118511607854799,3.118511607854799
2026-12-02 23:28:29,63.300000000000004,64.2969401320692,-0.9969401320691915,0.9969401320691915
2026-12-02 23:28:34,63.0,61.37181076553371,1.6281892344662907,1.6281892344662907
2026-12-02 23:28:39,62.6,61.35962324092145,1.2403767590785506,1.2403767590785506
2026-12-02 23:28:43,53.2,55.77131452909168,-2.57131452909168,2.57131452909168
2026-12-02 23:28:48,56.9,57.309657671969035,-0.40965767196903613,0.40965767196903613
2026-12-02 23:28:53,61.099999999999994,60.81475880788626,0.28524119211373744,0.28524119211373744
2026-12-02 23:28:57,64.0,63.43533804330067,0.5646619566993323,0.5646619566993323
2026-12-02 23:29:02,71.4,69.38961239322077,2.010387606779233,2.010387606779233
2026-12-02 23:29:07,66.5,65.91633975156898,0.5836602484310163,0.5836602484310163
2026-12-02 23:29:12,82.0,76.7235456687557,5.276454331244295,5.276454331244295
2026-12-02 23:29:16,74.2,70.84594889830774,3.3540511016922636,3.3540511016922636
2026-12-02 23:29:21,74.0,70.35038773703883,3.6496122629611705,3.6496122629611705
2026-12-02 23:29:26,67.4,67.48676627042975,-0.08676627042974872,0.08676627042974872
2026-12-02 23:29:30,67.0,66.82153194065732,0.17846805934267707,0.17846805934267707
2026-12-02 23:29:35,55.3,57.03689407877635,-1.736894078776352,1.736894078776352
2026-12-02 23:29:40,76.2,71.6103042100889,4.589695789911104,4.589695789911104
2026-12-02 23:29:44,68.5,67.57804629482213,0.9219537051778701,0.9219537051778701
2026-12-02 23:29:49,66.80000000000001,65.29985984276593,1.5001401572340853,1.5001401572340853
2026-12-02 23:29:54,68.4,66.37112889899122,2.0288711010087894,2.0288711010087894
2026-12-02 23:29:59,61.7,61.6042947951907,0.09570520480930611,0.09570520480930611
2026-12-02 23:30:03,73.5,70.73948655768972,2.760513442310284,2.760513442310284
2026-12-02 23:30:08,68.4,67.5570365305981,0.8429634694019086,0.8429634694019086
2026-12-02 23:30:13,69.8,68.57996563555675,1.2200343644432508,1.2200343644432508
2026-12-02 23:30:17,63.2,63.81290475832925,-0.6129047583292504,0.6129047583292504
2026-12-02 23:30:22,64.5,63.3248554072307,1.1751445927692998,1.1751445927692998
2026-12-02 23:30:27,72.7,68.59013117248989,4.1098688275101125,4.1098688275101125
2026-12-02 23:30:32,62.900000000000006,62.44369477238682,0.4563052276131856,0.4563052276131856
2026-12-02 23:30:36,67.19999999999999,65.48634620930908,1.7136537906909126,1.7136537906909126
2026-12-02 23:30:41,73.30000000000001,70.19586672471226,3.104133275287751,3.104133275287751
2026-12-02 23:30:46,57.3,59.0557737680052,-1.7557737680052057,1.7557737680052057
2026-12-02 23:30:50,63.900000000000006,62.94547575119286,0.9545242488071466,0.9545242488071466
2026-12-02 23:30:55,54.900000000000006,56.46854457672265,-1.568544576722644,1.568544576722644
2026-12-02 23:31:00,61.900000000000006,61.25840223127951,0.6415977687204943,0.6415977687204943
2026-12-02 23:31:04,62.2,60.83432810636556,1.3656718936344419,1.3656718936344419
2026-12-02 23:31:09,64.8,64.55037333817874,0.24962666182125304,0.24962666182125304
2026-12-02 23:31:14,72.1,68.56828131395042,3.5317186860495724,3.5317186860495724
2026-12-02 23:31:19,63.8,63.90679912426682,-0.10679912426682137,0.10679912426682137
2026-12-02 23:31:23,57.0,56.4722259345151,0.5277740654848984,0.5277740654848984
2026-12-02 23:31:28,60.1,58.61604542733398,1.483954572666022,1.483954572666022
2026-12-02 23:31:33,60.3,60.137338314008865,0.1626616859911323,0.1626616859911323
2026-12-02 23:31:37,59.7,58.80758450143869,0.8924154985613129,0.8924154985613129
2026-12-02 23:31:42,55.5,56.33767557615389,-0.8376755761538917,0.8376755761538917
2026-12-02 23:31:47,60.7,60.93008484834437,-0.2300848483443687,0.2300848483443687
2026-12-02 23:31:52,57.800000000000004,58.54719096280107,-0.7471909628010636,0.7471909628010636
2026-12-02 23:31:56,61.099999999999994,58.95273892082516,2.1472610791748323,2.1472610791748323
2026-12-02 23:32:01,63.7,63.991031777321936,-0.2910317773219333,0.2910317773219333
2026-12-02 23:32:06,60.7,62.214962286791696,-1.5149622867916932,1.5149622867916932
2026-12-02 23:32:10,56.9,58.26610560440746,-1.3661056044074584,1.3661056044074584
2026-12-02 23:32:15,75.69999999999999,72.07708532293374,3.622914677066248,3.622914677066248
2026-12-02 23:32:20,59.0,58.966088007085894,0.03391199291410629,0.03391199291410629
2026-12-02 23:32:24,60.7,60.604280940246426,0.09571905975357708,0.09571905975357708
2026-12-02 23:32:29,53.7,56.494613912054156,-2.794613912054153,2.794613912054153
2026-12-02 23:32:34,62.1,61.71367152861268,0.38632847138732274,0.38632847138732274
2026-12-02 23:32:39,55.2,55.63320791002019,-0.43320791002018666,0.43320791002018666
2026-12-02 23:32:43,65.9,64.31075241749619,1.5892475825038161,1.5892475825038161
2026-12-02 23:32:48,57.3,58.97021605459489,-1.6702160545948956,1.6702160545948956
2026-12-02 23:32:53,58.2,59.64593885297802,-1.445938852978017,1.445938852978017
2026-12-02 23:32:57,65.7,64.7397388727262,0.960261127273796,0.960261127273796
2026-12-02 23:33:02,64.6,63.23633699534116,1.3636630046588323,1.3636630046588323
2026-12-02 23:33:07,77.69999999999999,73.91665869460901,3.7833413053909766,3.7833413053909766
2026-12-02 23:33:12,57.9,60.76180689481764,-2.86180689481764,2.86180689481764
2026-12-02 23:33:16,62.0,62.019146425370764,-0.01914642537076361,0.01914642537076361
2026-12-02 23:33:21,63.0,60.27893295025551,2.721067049744491,2.721067049744491
2026-12-02 23:33:26,63.699999999999996,62.421239940888384,1.2787600591116117,1.2787600591116117
2026-12-02 23:33:30,69.1,67.0869617610373,2.013038238962693,2.013038238962693
2026-12-02 23:33:35,70.3,68.53460403835096,1.765395961649034,1.765395961649034
2026-12-02 23:33:40,58.5,60.589962577274086,-2.089962577274086,2.089962577274086
2026-12-02 23:33:44,62.8,62.872507269968395,-0.07250726996839774,0.07250726996839774
2026-12-02 23:33:49,61.7,61.93305736432018,-0.23305736432017454,0.23305736432017454
2026-12-02 23:33:54,61.0,62.58468385309587,-1.5846838530958678,1.5846838530958678
2026-12-02 23:33:59,70.30000000000001,68.15075969576144,2.1492403042385746,2.1492403042385746
2026-12-02 23:34:03,64.8,66.40684566041598,-1.6068456604159849,1.6068456604159849
2026-12-02 23:34:08,61.1,59.51366970550932,1.5863302944906792,1.5863302944906792
2026-12-02 23:34:13,61.5,61.32633108883772,0.1736689111622809,0.1736689111622809
2026-12-02 23:34:17,66.6,65.03794467644101,1.5620553235589796,1.5620553235589796
2026-12-02 23:34:22,57.4,57.54484500721591,-0.1448450072159133,0.1448450072159133
2026-12-02 23:34:27,61.2,60.04033570323765,1.159664296762351,1.159664296762351
2026-12-02 23:34:32,75.7,72.13567582210621,3.564324177893795,3.564324177893795
2026-12-02 23:34:36,66.6,65.87425863850034,0.725741361499658,0.725741361499658
2026-12-02 23:34:41,69.5,66.94300395737456,2.5569960426254426,2.5569960426254426
2026-12-02 23:34:46,72.9,69.87508994100818,3.0249100589918214,3.0249100589918214
2026-12-02 23:34:50,57.4,58.93790626913783,-1.537906269137828,1.537906269137828
2026-12-02 23:34:55,54.5,55.191488818750045,-0.6914888187500452,0.6914888187500452
2026-12-02 23:35:00,63.2,60.718660374710446,2.481339625289557,2.481339625289557
2026-12-02 23:35:04,57.9,57.680855616691545,0.21914438330845343,0.21914438330845343
2026-12-02 23:35:09,57.7,57.04538448387188,0.6546155161281249,0.6546155161281249
2026-12-02 23:35:14,52.6,53.017207054054296,-0.4172070540542947,0.4172070540542947
2026-12-02 23:35:19,65.1,62.35755598714539,2.7424440128546053,2.7424440128546053
2026-12-02 23:35:23,62.3,61.20945444811824,1.0905455518817604,1.0905455518817604
2026-12-02 23:35:28,59.8,60.588582122962755,-0.7885821229627581,0.7885821229627581
2026-12-02 23:35:33,54.7,55.33836774294194,-0.6383677429419379,0.6383677429419379
2026-12-02 23:35:37,55.6,55.699449205378514,-0.09944920537851232,0.09944920537851232
2026-12-02 23:35:42,59.6,58.75052811696326,0.8494718830367418,0.8494718830367418
2026-12-02 23:35:47,64.1,62.93465441059875,1.165345589401241,1.165345589401241
2026-12-02 23:35:52,69.69999999999999,66.8559980537547,2.8440019462452852,2.8440019462452852
2026-12-02 23:35:56,59.7,58.168999218000465,1.5310007819995377,1.5310007819995377
2026-12-02 23:36:01,60.8,59.51967493190871,1.2803250680912868,1.2803250680912868
2026-12-02 23:36:06,57.8,57.77283974804305,0.02716025195694982,0.02716025195694982
2026-12-02 23:36:10,64.5,63.65140960364859,0.8485903963514119,0.8485903963514119
2026-12-02 23:36:15,60.699999999999996,61.04611585203488,-0.3461158520348846,0.3461158520348846
2026-12-02 23:36:20,78.5,73.19893401133527,5.301065988664732,5.301065988664732
2026-12-02 23:36:24,71.2,69.11452105212953,2.0854789478704703,2.0854789478704703
2026-12-02 23:36:29,57.3,59.517497166707116,-2.217497166707119,2.217497166707119
2026-12-02 23:36:34,63.6,60.559180566189156,3.040819433810846,3.040819433810846
2026-12-02 23:36:39,57.4,57.43558376077691,-0.035583760776908946,0.035583760776908946
2026-12-02 23:36:43,67.4,65.87994876976579,1.5200512302342162,1.5200512302342162
2026-12-02 23:36:48,63.9,63.86706662381398,0.03293337618601555,0.03293337618601555
2026-12-02 23:36:53,50.9,51.52961042657305,-0.629610426573052,0.629610426573052
2026-12-02 23:36:57,60.699999999999996,58.309209390330565,2.3907906096694305,2.3907906096694305
2026-12-02 23:37:02,64.2,62.74531399754601,1.4546860024539896,1.4546860024539896
2026-12-02 23:37:07,69.3,67.69309295239816,1.6069070476018368,1.6069070476018368
2026-12-02 23:37:12,64.9,64.80709351754545,0.09290648245455202,0.09290648245455202
2026-12-02 23:37:16,65.6,63.19152719668436,2.4084728033156324,2.4084728033156324
2026-12-02 23:37:21,69.0,66.35967205875524,2.640327941244763,2.640327941244763
2026-12-02 23:37:26,51.900000000000006,52.251812191966174,-0.3518121919661681,0.3518121919661681
2026-12-02 23:37:30,51.6,52.378061150346014,-0.7780611503460122,0.7780611503460122
2026-12-02 23:37:35,65.1,65.03625820715469,0.06374179284530612,0.06374179284530612
2026-12-02 23:37:40,60.8,62.67246314331515,-1.8724631433151515,1.8724631433151515
2026-12-02 23:37:44,56.2,58.07982415510537,-1.8798241551053678,1.8798241551053678
2026-12-02 23:37:49,61.5,61.55418993247171,-0.05418993247170789,0.05418993247170789
2026-12-02 23:37:54,55.599999999999994,55.02526942711353,0.574730572886466,0.574730572886466
2026-12-02 23:37:59,59.900000000000006,59.48547784652278,0.414522153477229,0.414522153477229
2026-12-02 23:38:03,56.1,55.262655462985414,0.8373445370145873,0.8373445370145873
2026-12-02 23:38:08,53.7,55.77516858795116,-2.075168587951154,2.075168587951154
2026-12-02 23:38:13,62.1,61.972749628106214,0.12725037189378696,0.12725037189378696
2026-12-02 23:38:17,60.5,59.18648043158313,1.3135195684168721,1.3135195684168721
2026-12-02 23:38:22,56.099999999999994,55.30809454819493,0.7919054518050643,0.7919054518050643
2026-12-02 23:38:27,55.599999999999994,54.8042075038494,0.7957924961505967,0.7957924961505967
2026-12-02 23:38:32,57.2,55.17541428176555,2.024585718234455,2.024585718234455
2026-12-02 23:38:36,61.6,60.62756519908318,0.9724348009168224,0.9724348009168224
2026-12-02 23:38:41,72.5,70.31240745293687,2.187592547063133,2.187592547063133
2026-12-02 23:38:46,68.3,67.59590336905796,0.7040966309420327,0.7040966309420327
2026-12-02 23:38:50,58.4,58.50927575211558,-0.10927575211557894,0.10927575211557894
2026-12-02 23:38:55,65.3,63.01433672757467,2.2856632724253245,2.2856632724253245
2026-12-02 23:39:00,73.5,70.21498397976218,3.285016020237819,3.285016020237819
2026-12-02 23:39:04,66.3,66.53892444991224,-0.23892444991224693,0.23892444991224693
2026-12-02 23:39:09,58.7,61.07884512007897,-2.3788451200789638,2.3788451200789638
2026-12-02 23:39:14,68.30000000000001,65.38088311202407,2.919116887975946,2.919116887975946
2026-12-02 23:39:19,58.3,59.05353165293956,-0.7535316529395644,0.7535316529395644
2026-12-02 23:39:23,58.6,56.564549868675016,2.0354501313249855,2.0354501313249855
2026-12-02 23:39:28,68.2,67.0677955580843,1.1322044419157038,1.1322044419157038
2026-12-02 23:39:33,71.5,68.4165943343564,3.083405665643596,3.083405665643596
2026-12-02 23:39:37,61.599999999999994,61.62300723044534,-0.023007230445344362,0.023007230445344362
2026-12-02 23:39:42,56.3,58.49742041302937,-2.19742041302937,2.19742041302937
2026-12-02 23:39:47,56.4,54.70210311362658,1.697896886373421,1.697896886373421
2026-12-02 23:39:52,62.300000000000004,60.7247913887982,1.575208611201802,1.575208611201802
2026-12-02 23:39:56,57.2,58.52610398132153,-1.3261039813215305,1.3261039813215305
2026-12-02 23:40:01,64.7,62.349670712882606,2.350329287117397,2.350329287117397
2026-12-02 23:40:06,58.599999999999994,59.48332820595175,-0.8833282059517558,0.8833282059517558
2026-12-02 23:40:10,69.8,67.76998531747137,2.0300146825286305,2.0300146825286305
2026-12-02 23:40:15,72.7,70.24861440551102,2.4513855944889826,2.4513855944889826
2026-12-02 23:40:20,57.599999999999994,59.48090864150537,-1.8809086415053784,1.8809086415053784
2026-12-02 23:40:24,60.0,59.098180722748694,0.9018192772513061,0.9018192772513061
2026-12-02 23:40:29,61.0,61.48933699077494,-0.4893369907749374,0.4893369907749374
2026-12-02 23:40:34,58.8,56.899362413062654,1.9006375869373429,1.9006375869373429
2026-12-02 23:40:39,58.0,56.75331122679123,1.246688773208767,1.246688773208767
2026-12-02 23:40:43,61.0,58.97215235066686,2.0278476493331397,2.0278476493331397
2026-12-02 23:40:48,56.199999999999996,55.61833736300769,0.5816626369923057,0.5816626369923057
2026-12-02 23:40:53,52.5,52.631884686797726,-0.1318846867977257,0.1318846867977257
2026-12-02 23:40:57,66.4,63.09867601770132,3.3013239822986833,3.3013239822986833
2026-12-02 23:41:02,71.4,69.19994878488946,2.2000512151105482,2.2000512151105482
2026-12-02 23:41:07,68.2,65.87899221772466,2.3210077822753448,2.3210077822753448
2026-12-02 23:41:12,60.0,60.099132301833464,-0.099132301833464,0.099132301833464
2026-12-02 23:41:16,52.4,51.12349102694048,1.2765089730595207,1.2765089730595207
2026-12-02 23:41:21,57.099999999999994,54.207668615282756,2.892331384717238,2.892331384717238
2026-12-02 23:41:26,59.2,58.26883395224165,0.931166047758353,0.931166047758353
2026-12-02 23:41:30,59.7,59.08113205079989,0.6188679492001157,0.6188679492001157
2026-12-02 23:41:35,58.2,59.216694101632044,-1.0166941016320408,1.0166941016320408
2026-12-02 23:41:40,58.2,57.3460366963261,0.8539633036739005,0.8539633036739005
2026-12-02 23:41:44,60.1,59.37277956080168,0.7272204391983195,0.7272204391983195
2026-12-02 23:41:49,60.2,61.74924430625491,-1.5492443062549057,1.5492443062549057
2026-12-02 23:41:54,60.099999999999994,59.417344848050405,0.6826551519495894,0.6826551519495894
2026-12-02 23:41:59,67.9,65.54192343001587,2.358076569984135,2.358076569984135
2026-12-02 23:42:03,68.5,66.91561367258376,1.5843863274162402,1.5843863274162402
2026-12-02 23:42:08,60.900000000000006,60.4044950489302,0.49550495106980463,0.49550495106980463
2026-12-02 23:42:13,54.599999999999994,55.56657331623431,-0.9665733162343173,0.9665733162343173
2026-12-02 23:42:17,48.5,48.74170911772029,-0.24170911772029058,0.24170911772029058
2026-12-02 23:42:22,57.1,54.57591951197291,2.5240804880270886,2.5240804880270886
2026-12-02 23:42:27,66.8,65.23247154450816,1.5675284554918392,1.5675284554918392
2026-12-02 23:42:32,69.19999999999999,69.26849274841905,-0.06849274841906094,0.06849274841906094
2026-12-02 23:42:36,56.9,57.604486432148036,-0.7044864321480375,0.7044864321480375
2026-12-02 23:42:41,74.2,71.43340403817709,2.7665959618229152,2.7665959618229152
2026-12-02 23:42:46,69.7,67.87685285961197,1.8231471403880306,1.8231471403880306
2026-12-02 23:42:50,61.4,62.59081031311303,-1.1908103131130332,1.1908103131130332
2026-12-02 23:42:55,63.8,62.89538119765195,0.9046188023480468,0.9046188023480468
2026-12-02 23:43:00,53.1,54.29700665554642,-1.1970066555464172,1.1970066555464172
2026-12-02 23:43:04,55.099999999999994,52.09783836968977,3.0021616303102263,3.0021616303102263
2026-12-02 23:43:09,55.0,55.653908253614425,-0.653908253614425,0.653908253614425
2026-12-02 23:43:14,57.199999999999996,56.8615406144485,0.338459385551495,0.338459385551495
2026-12-02 23:43:19,52.400000000000006,53.2809778286101,-0.8809778286100922,0.8809778286100922
2026-12-02 23:43:23,62.599999999999994,60.12973694737151,2.470263052628482,2.470263052628482
2026-12-02 23:43:28,55.7,55.599743978939195,0.10025602106080811,0.10025602106080811
2026-12-02 23:43:33,51.8,51.13445308898924,0.6655469110107575,0.6655469110107575
2026-12-02 23:43:37,54.5,52.78656037542201,1.7134396245779868,1.7134396245779868
2026-12-02 23:43:42,59.6,56.43785778792545,3.1621422120745493,3.1621422120745493
2026-12-02 23:43:47,57.800000000000004,57.23189114877455,0.5681088512254533,0.5681088512254533
2026-12-02 23:43:52,55.1,55.33541868603913,-0.2354186860391252,0.2354186860391252
2026-12-02 23:43:56,55.0,55.02957505063083,-0.029575050630832322,0.029575050630832322
2026-12-02 23:44:01,54.900000000000006,55.070446933817,-0.17044693381699716,0.17044693381699716
2026-12-02 23:44:06,62.699999999999996,61.08672955329166,1.6132704467083343,1.6132704467083343
2026-12-02 23:44:10,78.6,74.01953646190866,4.580463538091337,4.580463538091337
2026-12-02 23:44:15,60.3,62.460235184768926,-2.160235184768929,2.160235184768929
2026-12-02 23:44:20,56.7,57.581426720987025,-0.8814267209870223,0.8814267209870223
2026-12-02 23:44:24,67.5,64.06953781439897,3.43046218560103,3.43046218560103
2026-12-02 23:44:29,56.9,55.200251723807426,1.6997482761925724,1.6997482761925724
2026-12-02 23:44:34,62.0,62.03525633973591,-0.03525633973590914,0.03525633973590914
2026-12-02 23:44:39,58.5,59.75252344736384,-1.252523447363842,1.252523447363842
2026-12-02 23:44:43,57.699999999999996,56.48790663080868,1.2120933691913152,1.2120933691913152
2026-12-02 23:44:48,65.1,63.67768828416667,1.4223117158333238,1.4223117158333238
2026-12-02 23:44:53,60.5,59.542451277133225,0.9575487228667754,0.9575487228667754
2026-12-02 23:44:57,52.2,51.40399250827796,0.7960074917220439,0.7960074917220439
2026-12-02 23:45:02,57.8,58.274393544972945,-0.4743935449729477,0.4743935449729477
2026-12-02 23:45:07,58.5,59.480686377526375,-0.980686377526375,0.980686377526375
2026-12-02 23:45:12,54.0,53.02947539378257,0.9705246062174311,0.9705246062174311
2026-12-02 23:45:16,57.3,56.74788584610048,0.5521141538995167,0.5521141538995167
2026-12-02 23:45:21,61.4,59.213766349967706,2.1862336500322925,2.1862336500322925
2026-12-02 23:45:26,55.2,55.43345611528388,-0.23345611528387877,0.23345611528387877
2026-12-02 23:45:30,60.5,59.29946059153329,1.2005394084667103,1.2005394084667103
2026-12-02 23:45:35,56.2,55.838370042486986,0.3616299575130171,0.3616299575130171
2026-12-02 23:45:40,56.9,54.98655579943662,1.9134442005633758,1.9134442005633758
2026-12-02 23:45:44,56.3,57.20467094157007,-0.9046709415700747,0.9046709415700747
2026-12-02 23:45:49,55.099999999999994,55.066200333433414,0.033799666566579845,0.033799666566579845
2026-12-02 23:45:54,64.19999999999999,63.07487779426806,1.1251222057319268,1.1251222057319268
2026-12-02 23:45:59,68.6,66.98828602793486,1.6117139720651323,1.6117139720651323
2026-12-02 23:46:03,53.599999999999994,56.44946675179215,-2.849466751792157,2.849466751792157
2026-12-02 23:46:08,58.400000000000006,56.52410368660473,1.8758963133952733,1.8758963133952733
2026-12-02 23:46:13,61.1,60.78181305488284,0.31818694511716217,0.31818694511716217
2026-12-02 23:46:17,53.8,53.69314663196653,0.10685336803346956,0.10685336803346956
2026-12-02 23:46:22,59.4,58.51889687505167,0.8811031249483321,0.8811031249483321
2026-12-02 23:46:27,55.4,55.398392360429604,0.001607639570394781,0.001607639570394781
2026-12-02 23:46:32,59.3,57.19528018553339,2.1047198144666055,2.1047198144666055
2026-12-02 23:46:36,58.7,56.742425835738004,1.9575741642619988,1.9575741642619988
2026-12-02 23:46:41,58.8,57.33798950998961,1.4620104900103854,1.4620104900103854
2026-12-02 23:46:46,55.699999999999996,57.40615158822468,-1.7061515882246852,1.7061515882246852
2026-12-02 23:46:50,58.5,57.44801647498833,1.0519835250116714,1.0519835250116714
2026-12-02 23:46:55,65.4,63.326434973849906,2.0735650261500993,2.0735650261500993
2026-12-02 23:47:00,64.19999999999999,64.84776529261947,-0.6477652926194821,0.6477652926194821
2026-12-02 23:47:04,55.4,55.729088330115076,-0.3290883301150771,0.3290883301150771
2026-12-02 23:47:09,60.800000000000004,59.17868556171105,1.6213144382889553,1.6213144382889553
2026-12-02 23:47:14,61.3,60.842687559858305,0.4573124401416919,0.4573124401416919
2026-12-02 23:47:19,60.199999999999996,59.4920700306957,0.7079299693042955,0.7079299693042955
2026-12-02 23:47:23,55.0,52.905451144743424,2.0945488552565763,2.0945488552565763
2026-12-02 23:47:28,65.4,66.02706070185617,-0.6270607018561662,0.6270607018561662
2026-12-02 23:47:33,74.9,70.30539193521152,4.594608064788488,4.594608064788488
2026-12-02 23:47:37,56.099999999999994,55.458344184851676,0.6416558151483187,0.6416558151483187
2026-12-02 23:47:42,63.400000000000006,62.13080666089743,1.2691933391025785,1.2691933391025785
2026-12-02 23:47:47,61.900000000000006,61.16753872766856,0.7324612723314488,0.7324612723314488
2026-12-02 23:47:52,62.7,61.042619582002885,1.6573804179971177,1.6573804179971177
2026-12-02 23:47:56,57.900000000000006,59.2598175972291,-1.359817597229096,1.359817597229096
2026-12-02 23:48:01,59.3,58.07990679786883,1.2200932021311672,1.2200932021311672
2026-12-02 23:48:06,57.3,56.80982475551455,0.49017524448544947,0.49017524448544947
2026-12-02 23:48:10,55.7,55.36500800401647,0.33499199598353613,0.33499199598353613
2026-12-02 23:48:15,55.8,55.58652926968643,0.213470730313567,0.213470730313567
2026-12-02 23:48:20,55.7,54.91042105464161,0.789578945358393,0.789578945358393
2026-12-02 23:48:24,60.2,58.71641892241287,1.4835810775871323,1.4835810775871323
2026-12-02 23:48:29,55.0,55.57653182854099,-0.5765318285409933,0.5765318285409933
2026-12-02 23:48:34,58.5,57.09548788716268,1.4045121128373168,1.4045121128373168
2026-12-02 23:48:39,62.599999999999994,64.00379226013108,-1.403792260131084,1.403792260131084
2026-12-02 23:48:43,55.4,55.66175968001715,-0.2617596800171498,0.2617596800171498
2026-12-02 23:48:48,59.0,58.98198685425274,0.018013145747261206,0.018013145747261206
2026-12-02 23:48:53,57.2,55.069121626376536,2.1308783736234673,2.1308783736234673
2026-12-02 23:48:57,62.099999999999994,60.7390328718946,1.3609671281053934,1.3609671281053934
2026-12-02 23:49:02,59.1,60.36577108173954,-1.265771081739537,1.265771081739537
2026-12-02 23:49:07,52.900000000000006,52.8210523367315,0.078947663268508,0.078947663268508
2026-12-02 23:49:12,57.400000000000006,56.36283160189018,1.0371683981098272,1.0371683981098272
2026-12-02 23:49:16,63.6,60.84711368041651,2.7528863195834887,2.7528863195834887
2026-12-02 23:49:21,67.5,65.40331494825487,2.0966850517451263,2.0966850517451263
2026-12-02 23:49:26,51.400000000000006,51.564335475723055,-0.16433547572304974,0.16433547572304974
2026-12-02 23:49:30,58.099999999999994,56.21077694629679,1.8892230537032049,1.8892230537032049
2026-12-02 23:49:35,64.2,62.44873315320544,1.7512668467945645,1.7512668467945645
2026-12-02 23:49:40,59.0,60.37384042483463,-1.3738404248346328,1.3738404248346328
2026-12-02 23:49:44,63.5,63.22395221250577,0.2760477874942282,0.2760477874942282
2026-12-02 23:49:49,65.6,63.06585663922344,2.5341433607765538,2.5341433607765538
2026-12-02 23:49:54,61.8,62.07869620343261,-0.2786962034326095,0.2786962034326095
2026-12-02 23:49:59,59.7,60.33716023545017,-0.6371602354501675,0.6371602354501675
2026-12-02 23:50:03,66.7,64.7086851648845,1.991314835115503,1.991314835115503
2026-12-02 23:50:08,62.900000000000006,61.548312935392005,1.3516870646080008,1.3516870646080008
2026-12-02 23:50:13,57.9,58.00297851143323,-0.10297851143322845,0.10297851143322845
2026-12-02 23:50:17,56.0,57.08325958307943,-1.0832595830794318,1.0832595830794318
2026-12-02 23:50:22,61.5,60.80433968542123,0.6956603145787668,0.6956603145787668
2026-12-02 23:50:27,62.400000000000006,61.12002575319495,1.279974246805054,1.279974246805054
2026-12-02 23:50:32,68.4,66.46024281931437,1.939757180685632,1.939757180685632
2026-12-02 23:50:36,64.4,63.708847418045806,0.6911525819541993,0.6911525819541993
2026-12-02 23:50:41,71.5,68.51875827573674,2.9812417242632563,2.9812417242632563
2026-12-02 23:50:46,65.3,66.27803270769795,-0.9780327076979489,0.9780327076979489
2026-12-02 23:50:50,60.8,60.55532003772993,0.2446799622700695,0.2446799622700695
2026-12-02 23:50:55,56.0,55.151868092614656,0.8481319073853442,0.8481319073853442
2026-12-02 23:51:00,61.1,61.4817448900162,-0.3817448900162006,0.3817448900162006
2026-12-02 23:51:04,61.1,59.59236073564147,1.5076392643585308,1.5076392643585308
2026-12-02 23:51:09,58.6,57.65347992187192,0.9465200781280814,0.9465200781280814
2026-12-02 23:51:14,61.9,58.801904239141216,3.098095760858783,3.098095760858783
2026-12-02 23:51:19,63.4,62.386427252806065,1.0135727471939333,1.0135727471939333
2026-12-02 23:51:23,51.3,53.09506580520045,-1.7950658052004513,1.7950658052004513
2026-12-02 23:51:28,58.0,56.4534313305157,1.5465686694843015,1.5465686694843015
2026-12-02 23:51:33,55.7,56.05152550475381,-0.35152550475380906,0.35152550475380906
2026-12-02 23:51:37,54.4,55.21165010480421,-0.8116501048042082,0.8116501048042082
2026-12-02 23:51:42,55.900000000000006,56.96964273664144,-1.069642736641434,1.069642736641434
2026-12-02 23:51:47,65.6,62.66040002240846,2.9395999775915342,2.9395999775915342
2026-12-02 23:51:52,57.8,57.967817367249296,-0.16781736724929885,0.16781736724929885
2026-12-02 23:51:56,58.9,58.9048912514676,-0.004891251467604718,0.004891251467604718
2026-12-02 23:52:01,62.2,61.59289427309113,0.6071057269088698,0.6071057269088698
2026-12-02 23:52:06,62.6,64.24039755820272,-1.6403975582027144,1.6403975582027144
2026-12-02 23:52:10,54.0,55.78218987256737,-1.782189872567372,1.782189872567372
2026-12-02 23:52:15,59.300000000000004,59.882719121300475,-0.582719121300471,0.582719121300471
2026-12-02 23:52:20,53.1,52.80629050852618,0.29370949147381964,0.29370949147381964
2026-12-02 23:52:24,58.4,56.45686905394839,1.9431309460516104,1.9431309460516104
2026-12-02 23:52:29,60.9,58.705083799463075,2.194916200536923,2.194916200536923
2026-12-02 23:52:34,57.7,57.580024720818145,0.11997527918185824,0.11997527918185824
2026-12-02 23:52:39,55.0,55.10937078746455,-0.10937078746454887,0.10937078746454887
2026-12-02 23:52:43,66.5,64.91820322093345,1.5817967790665506,1.5817967790665506
2026-12-02 23:52:48,57.2,57.84620851821677,-0.646208518216767,0.646208518216767
2026-12-02 23:52:53,66.6,64.75713586074335,1.8428641392566476,1.8428641392566476
2026-12-02 23:52:57,58.3,58.49936767223225,-0.19936767223225615,0.19936767223225615
2026-12-02 23:53:02,57.8,56.54434525276456,1.2556547472354396,1.2556547472354396
2026-12-02 23:53:07,57.1,57.136888264690846,-0.03688826469084461,0.03688826469084461
2026-12-02 23:53:12,54.3,56.025774800169444,-1.7257748001694466,1.7257748001694466
2026-12-02 23:53:16,59.7,58.77334841007479,0.9266515899252141,0.9266515899252141
2026-12-02 23:53:21,60.400000000000006,58.91684159635791,1.4831584036420935,1.4831584036420935
2026-12-02 23:53:26,58.0,60.21684116191183,-2.2168411619118302,2.2168411619118302
2026-12-02 23:53:30,55.0,55.6691457988131,-0.6691457988130978,0.6691457988130978
2026-12-02 23:53:35,59.300000000000004,58.7581658455793,0.5418341544207053,0.5418341544207053
2026-12-02 23:53:40,59.599999999999994,59.13301562778551,0.4669843722144833,0.4669843722144833
2026-12-02 23:53:44,59.8,60.19335911237481,-0.39335911237481014,0.39335911237481014
2026-12-02 23:53:49,61.8,59.13975985147865,2.6602401485213463,2.6602401485213463
2026-12-02 23:53:54,57.2,57.224550708422285,-0.02455070842228224,0.02455070842228224
2026-12-02 23:53:59,60.3,60.17981316032559,0.12018683967441035,0.12018683967441035
2026-12-02 23:54:03,59.2,58.897538843308574,0.3024611566914288,0.3024611566914288
2026-12-02 23:54:08,53.2,55.480927145539624,-2.2809271455396214,2.2809271455396214
2026-12-02 23:54:13,56.8,57.28219945307813,-0.48219945307813106,0.48219945307813106
2026-12-02 23:54:17,60.6,58.93161152423235,1.6683884757676495,1.6683884757676495
2026-12-02 23:54:22,62.099999999999994,61.538050784031526,0.5619492159684683,0.5619492159684683
2026-12-02 23:54:27,60.2,60.040425409561166,0.1595745904388366,0.1595745904388366
2026-12-02 23:54:32,74.1,69.60732835334473,4.492671646655268,4.492671646655268
2026-12-02 23:54:36,56.3,57.1843201871134,-0.8843201871134028,0.8843201871134028
2026-12-02 23:54:41,65.5,62.75351630325408,2.746483696745919,2.746483696745919
2026-12-02 23:54:46,62.699999999999996,61.144219295027746,1.5557807049722499,1.5557807049722499
2026-12-02 23:54:50,65.0,63.01465578816227,1.9853442118377274,1.9853442118377274
2026-12-02 23:54:55,59.5,59.441571396828756,0.058428603171243765,0.058428603171243765
2026-12-02 23:55:00,62.8,62.96888754316393,-0.16888754316393317,0.16888754316393317
2026-12-02 23:55:05,52.7,53.660929916529724,-0.9609299165297216,0.9609299165297216
2026-12-02 23:55:09,59.2,59.36024501139858,-0.1602450113985796,0.1602450113985796
2026-12-02 23:55:14,65.1,65.75290459912483,-0.6529045991248381,0.6529045991248381
2026-12-02 23:55:19,66.1,65.1563029500342,0.9436970499657917,0.9436970499657917
2026-12-02 23:55:23,52.0,51.49972911525654,0.5002708847434576,0.5002708847434576
2026-12-02 23:55:28,58.900000000000006,58.34521727951973,0.5547827204802758,0.5547827204802758
2026-12-02 23:55:33,63.6,63.02185211100976,0.5781478889902445,0.5781478889902445
2026-12-02 23:55:37,55.699999999999996,56.18896010027357,-0.48896010027357306,0.48896010027357306
2026-12-02 23:55:42,59.7,59.086111741291994,0.613888258708009,0.613888258708009
2026-12-02 23:55:47,61.5,61.02616632663069,0.47383367336931315,0.47383367336931315
2026-12-02 23:55:52,53.599999999999994,53.526960726216785,0.07303927378320907,0.07303927378320907
2026-12-02 23:55:56,50.900000000000006,50.89081303129764,0.009186968702366016,0.009186968702366016
2026-12-02 23:56:01,54.2,52.310351737038005,1.8896482629619982,1.8896482629619982
2026-12-02 23:56:06,67.0,64.27684740428298,2.723152595717025,2.723152595717025
2026-12-02 23:56:10,56.4,58.16001122234188,-1.7600112223418805,1.7600112223418805
2026-12-02 23:56:15,60.599999999999994,59.981816814445445,0.6181831855545497,0.6181831855545497
2026-12-02 23:56:20,58.2,58.03700821732295,0.16299178267705372,0.16299178267705372
2026-12-02 23:56:25,59.3,57.13828793305129,2.1617120669487093,2.1617120669487093
2026-12-02 23:56:29,63.3,63.73886545917904,-0.4388654591790413,0.4388654591790413
2026-12-02 23:56:34,68.30000000000001,66.37575413713016,1.9242458628698529,1.9242458628698529
2026-12-02 23:56:39,62.4,61.76209395486518,0.6379060451348195,0.6379060451348195
2026-12-02 23:56:43,62.9,60.87452508266294,2.025474917337057,2.025474917337057
2026-12-02 23:56:48,59.0,59.5637101821234,-0.5637101821234012,0.5637101821234012
2026-12-02 23:56:53,65.9,65.40791496339139,0.49208503660861425,0.49208503660861425
2026-12-02 23:56:57,64.0,65.0236817358485,-1.0236817358484984,1.0236817358484984
2026-12-02 23:57:02,60.0,60.29674766006261,-0.2967476600626071,0.2967476600626071
2026-12-02 23:57:07,59.7,59.1300953446813,0.5699046553187017,0.5699046553187017
2026-12-02 23:57:12,55.099999999999994,55.33561106283382,-0.2356110628338257,0.2356110628338257
2026-12-02 23:57:16,60.7,61.554149951006444,-0.8541499510064412,0.8541499510064412
2026-12-02 23:57:21,58.9,57.746366704762636,1.1536332952373627,1.1536332952373627
2026-12-02 23:57:26,60.5,59.42421018009787,1.075789819902127,1.075789819902127
2026-12-02 23:57:30,65.8,64.7127399991831,1.0872600008168973,1.0872600008168973
2026-12-02 23:57:35,60.2,60.838132978127355,-0.6381329781273521,0.6381329781273521
2026-12-02 23:57:40,58.2,57.97932818240419,0.22067181759581445,0.22067181759581445
2026-12-02 23:57:45,59.099999999999994,59.50720653560126,-0.4072065356012686,0.4072065356012686
2026-12-02 23:57:49,58.5,56.82305016724786,1.6769498327521433,1.6769498327521433
2026-12-02 23:57:54,68.2,64.84392366031442,3.356076339685586,3.356076339685586
2026-12-02 23:57:59,61.3,60.39800019459406,0.9019998054059357,0.9019998054059357
2026-12-02 23:58:03,60.5,59.10709479140546,1.3929052085945415,1.3929052085945415
2026-12-02 23:58:08,55.9,55.31481314206891,0.5851868579310917,0.5851868579310917
2026-12-02 23:58:13,55.800000000000004,54.99760378365328,0.8023962163467218,0.8023962163467218
2026-12-02 23:58:17,59.300000000000004,57.00563059218702,2.2943694078129866,2.2943694078129866
2026-12-02 23:58:22,58.1,60.034162564222484,-1.9341625642224827,1.9341625642224827
2026-12-02 23:58:27,55.2,55.58359523776945,-0.38359523776944826,0.38359523776944826
2026-12-02 23:58:32,60.9,58.82173657898444,2.0782634210155564,2.0782634210155564
2026-12-02 23:58:36,66.1,65.21905684804031,0.8809431519596842,0.8809431519596842
2026-12-02 23:58:41,60.7,60.379112120911806,0.3208878790881968,0.3208878790881968
2026-12-02 23:58:46,58.800000000000004,59.10221936005121,-0.302219360051204,0.302219360051204
2026-12-02 23:58:50,61.5,60.9717302145227,0.5282697854772991,0.5282697854772991
2026-12-02 23:58:55,59.9,59.659492279256376,0.24050772074362214,0.24050772074362214
2026-12-02 23:59:00,66.6,65.99920195401913,0.6007980459808664,0.6007980459808664
2026-12-02 23:59:05,59.0,57.5725908759227,1.4274091240773004,1.4274091240773004
2026-12-02 23:59:09,61.5,60.82483792548874,0.6751620745112632,0.6751620745112632
2026-12-02 23:59:14,59.199999999999996,60.15676169587863,-0.9567616958786331,0.9567616958786331
2026-12-02 23:59:19,59.800000000000004,59.62754564493298,0.17245435506702478,0.17245435506702478
2026-12-02 23:59:23,61.6,60.080967491192865,1.5190325088071361,1.5190325088071361
2026-12-02 23:59:28,60.3,58.983223715087824,1.316776284912173,1.316776284912173
2026-12-02 23:59:33,55.7,56.24905443308903,-0.5490544330890259,0.5490544330890259
2026-12-02 23:59:37,65.2,63.12801570573292,2.0719842942670823,2.0719842942670823
2026-12-02 23:59:42,63.2,61.07520312375335,2.1247968762466556,2.1247968762466556
2026-12-02 23:59:47,65.7,65.3705000702976,0.3294999297024077,0.3294999297024077
2026-12-02 23:59:52,60.5,60.52278691208229,-0.02278691208228878,0.02278691208228878
2026-12-02 23:59:56,64.2,63.65711598368567,0.542884016314332,0.542884016314332
