Timestamp,Actual,Predicted,Error,Abs_Error
2026-12-02 21:34:36,60.1,61.18479,-1.0847915649414048,1.0847915649414048
2026-12-02 21:34:41,56.2,55.106087,1.0939132690429716,1.0939132690429716
2026-12-02 21:34:46,54.900000000000006,54.017944,0.8820556640625057,0.8820556640625057
2026-12-02 21:34:51,52.7,53.49884,-0.7988403320312472,0.7988403320312472
2026-12-02 21:34:55,65.8,64.96361,0.8363922119140597,0.8363922119140597
2026-12-02 21:35:00,56.9,58.37328,-1.4732795715332045,1.4732795715332045
2026-12-02 21:35:05,56.3,58.100136,-1.800135803222659,1.800135803222659
2026-12-02 21:35:09,54.400000000000006,55.071777,-0.6717773437499943,0.6717773437499943
2026-12-02 21:35:14,56.099999999999994,57.963596,-1.8635963439941463,1.8635963439941463
2026-12-02 21:35:19,54.3,55.08284,-0.7828399658203153,0.7828399658203153
2026-12-02 21:35:24,51.7,53.545776,-1.8457763671874972,1.8457763671874972
2026-12-02 21:35:28,52.9,54.02539,-1.1253906250000014,1.1253906250000014
2026-12-02 21:35:33,60.9,59.578526,1.321474456787108,1.321474456787108
2026-12-02 21:35:38,56.3,57.726376,-1.4263755798339872,1.4263755798339872
2026-12-02 21:35:42,50.5,52.463295,-1.9632949829101562,1.9632949829101562
2026-12-02 21:35:47,54.599999999999994,55.05445,-0.45445098876953693,0.45445098876953693
2026-12-02 21:35:52,52.900000000000006,53.530922,-0.6309219360351506,0.6309219360351506
2026-12-02 21:35:56,53.2,53.47463,-0.2746284484863253,0.2746284484863253
2026-12-02 21:36:01,53.900000000000006,55.495857,-1.5958572387695256,1.5958572387695256
2026-12-02 21:36:06,56.0,57.74945,-1.74945068359375,1.74945068359375
2026-12-02 21:36:11,54.9,55.11382,-0.21381912231445455,0.21381912231445455
2026-12-02 21:36:15,63.3,63.105545,0.19445495605468466,0.19445495605468466
2026-12-02 21:36:20,54.5,55.131886,-0.6318855285644531,0.6318855285644531
2026-12-02 21:36:25,61.599999999999994,61.6978,-0.09779968261719318,0.09779968261719318
2026-12-02 21:36:29,59.3,59.73256,-0.43255920410156534,0.43255920410156534
2026-12-02 21:36:34,59.0,57.74569,1.2543106079101562,1.2543106079101562
2026-12-02 21:36:39,55.6,55.118294,0.48170623779297017,0.48170623779297017
2026-12-02 21:36:44,58.199999999999996,57.59559,0.6044113159179645,0.6044113159179645
2026-12-02 21:36:48,55.0,55.523323,-0.5233230590820312,0.5233230590820312
2026-12-02 21:36:53,56.7,55.136158,1.5638420104980497,1.5638420104980497
2026-12-02 21:36:58,54.8,55.09709,-0.29709167480469034,0.29709167480469034
2026-12-02 21:37:02,52.4,53.545925,-1.1459251403808608,1.1459251403808608
2026-12-02 21:37:07,53.2,55.082733,-1.8827331542968722,1.8827331542968722
2026-12-02 21:37:12,54.900000000000006,55.097652,-0.1976524353027287,0.1976524353027287
2026-12-02 21:37:16,59.3,59.585224,-0.28522415161133097,0.28522415161133097
2026-12-02 21:37:21,59.0,59.66228,-0.6622810363769531,0.6622810363769531
2026-12-02 21:37:26,57.2,57.686977,-0.48697738647460653,0.48697738647460653
2026-12-02 21:37:31,54.7,55.136158,-0.4361579895019503,0.4361579895019503
2026-12-02 21:37:35,52.8,53.545914,-0.7459136962890653,0.7459136962890653
2026-12-02 21:37:40,48.6,51.041393,-2.4413932800292955,2.4413932800292955
2026-12-02 21:37:45,52.6,53.480488,-0.8804878234863267,0.8804878234863267
2026-12-02 21:37:49,58.3,58.097603,0.2023971557617159,0.2023971557617159
2026-12-02 21:37:54,53.8,53.586834,0.21316604614257528,0.21316604614257528
2026-12-02 21:37:59,65.8,64.80394,0.9960601806640597,0.9960601806640597
2026-12-02 21:38:04,57.1,58.321926,-1.221926116943358,1.221926116943358
2026-12-02 21:38:08,53.8,53.978416,-0.1784164428710966,0.1784164428710966
2026-12-02 21:38:13,59.4,59.699123,-0.2991233825683608,0.2991233825683608
2026-12-02 21:38:18,54.1,55.320763,-1.2207626342773423,1.2207626342773423
2026-12-02 21:38:22,58.3,57.4932,0.8068016052246065,0.8068016052246065
2026-12-02 21:38:27,57.2,58.0395,-0.839501190185544,0.839501190185544
2026-12-02 21:38:32,60.7,59.594856,1.1051437377929716,1.1051437377929716
2026-12-02 21:38:36,57.5,57.709404,-0.20940399169921875,0.20940399169921875
2026-12-02 21:38:41,55.7,55.264668,0.4353324890136747,0.4353324890136747
2026-12-02 21:38:46,58.3,57.48467,0.815331268310544,0.815331268310544
2026-12-02 21:38:51,52.599999999999994,53.542835,-0.9428352355957088,0.9428352355957088
2026-12-02 21:38:55,55.900000000000006,55.069443,0.8305572509765682,0.8305572509765682
2026-12-02 21:39:00,55.7,55.48957,0.2104293823242216,0.2104293823242216
2026-12-02 21:39:05,54.9,55.08977,-0.18977127075195455,0.18977127075195455
2026-12-02 21:39:09,58.8,59.592083,-0.7920829772949247,0.7920829772949247
2026-12-02 21:39:14,55.3,55.254726,0.04527359008788778,0.04527359008788778
2026-12-02 21:39:19,61.0,60.02627,0.9737281799316406,0.9737281799316406
2026-12-02 21:39:24,63.099999999999994,61.56073,1.5392700195312443,1.5392700195312443
2026-12-02 21:39:28,61.0,61.39407,-0.3940696716308594,0.3940696716308594
2026-12-02 21:39:33,55.5,55.099007,0.40099334716796875,0.40099334716796875
2026-12-02 21:39:38,51.3,53.482456,-2.1824562072753935,2.1824562072753935
2026-12-02 21:39:42,53.0,53.497543,-0.4975433349609375,0.4975433349609375
2026-12-02 21:39:47,61.3,59.857887,1.442112731933591,1.442112731933591
2026-12-02 21:39:52,59.900000000000006,59.733227,0.1667732238769588,0.1667732238769588
2026-12-02 21:39:56,50.7,52.46856,-1.768559265136716,1.768559265136716
2026-12-02 21:40:01,55.7,55.426704,0.2732955932617216,0.2732955932617216
2026-12-02 21:40:06,58.4,58.037376,0.36262359619140483,0.36262359619140483
2026-12-02 21:40:11,54.2,54.03674,0.16326065063476847,0.16326065063476847
2026-12-02 21:40:15,64.7,64.5197,0.18030090332031534,0.18030090332031534
2026-12-02 21:40:20,56.4,58.136047,-1.7360473632812514,1.7360473632812514
2026-12-02 21:40:25,55.300000000000004,55.08584,0.2141616821289105,0.2141616821289105
2026-12-02 21:40:29,52.8,53.495914,-0.6959144592285185,0.6959144592285185
2026-12-02 21:40:34,55.0,55.062218,-0.06221771240234375,0.06221771240234375
2026-12-02 21:40:39,60.0,59.592594,0.4074058532714844,0.4074058532714844
2026-12-02 21:40:44,53.5,55.128487,-1.6284866333007812,1.6284866333007812
2026-12-02 21:40:48,66.9,64.6268,2.2731994628906307,2.2731994628906307
2026-12-02 21:40:53,65.19999999999999,65.09544,0.10455627441405113,0.10455627441405113
2026-12-02 21:40:58,62.699999999999996,61.988697,0.7113029479980426,0.7113029479980426
2026-12-02 21:41:02,61.099999999999994,62.03885,-0.9388488769531307,0.9388488769531307
2026-12-02 21:41:07,54.2,55.1424,-0.9423988342285128,0.9423988342285128
2026-12-02 21:41:12,53.400000000000006,53.50621,-0.10621032714843182,0.10621032714843182
2026-12-02 21:41:16,53.0,53.52369,-0.5236892700195312,0.5236892700195312
2026-12-02 21:41:21,60.099999999999994,59.522186,0.5778137207031193,0.5778137207031193
2026-12-02 21:41:26,52.8,53.56801,-0.7680084228515653,0.7680084228515653
2026-12-02 21:41:31,60.9,59.944542,0.9554580688476548,0.9554580688476548
2026-12-02 21:41:35,55.300000000000004,55.291367,0.008633422851566763,0.008633422851566763
2026-12-02 21:41:40,50.6,52.37514,-1.7751411437988267,1.7751411437988267
2026-12-02 21:41:45,58.6,59.639057,-1.0390571594238267,1.0390571594238267
2026-12-02 21:41:49,61.8,61.894985,-0.09498519897461222,0.09498519897461222
2026-12-02 21:41:54,61.599999999999994,61.589867,0.010133361816400566,0.010133361816400566
2026-12-02 21:41:59,58.0,58.05416,-0.05416107177734375,0.05416107177734375
2026-12-02 21:42:04,59.5,59.60145,-0.10145187377929688,0.10145187377929688
2026-12-02 21:42:08,51.599999999999994,51.706207,-0.10620727539063068,0.10620727539063068
2026-12-02 21:42:13,57.2,57.651157,-0.4511573791503878,0.4511573791503878
2026-12-02 21:42:18,54.3,55.20617,-0.9061691284179716,0.9061691284179716
2026-12-02 21:42:22,58.7,57.41492,1.2850791931152372,1.2850791931152372
2026-12-02 21:42:27,61.7,62.282238,-0.582238006591794,0.582238006591794
2026-12-02 21:42:32,57.800000000000004,57.894966,-0.09496612548827699,0.09496612548827699
2026-12-02 21:42:36,52.599999999999994,53.983673,-1.3836730957031307,1.3836730957031307
2026-12-02 21:42:41,59.7,60.10557,-0.40557174682616903,0.40557174682616903
2026-12-02 21:42:46,67.3,66.37501,0.9249923706054659,0.9249923706054659
2026-12-02 21:42:51,65.9,63.245663,2.6543373107910213,2.6543373107910213
2026-12-02 21:42:55,54.7,54.072235,0.6277648925781278,0.6277648925781278
2026-12-02 21:43:00,58.4,57.665028,0.7349723815917955,0.7349723815917955
2026-12-02 21:43:05,53.6,55.118427,-1.5184272766113267,1.5184272766113267
2026-12-02 21:43:09,60.4,59.60213,0.7978691101074205,0.7978691101074205
2026-12-02 21:43:14,53.0,53.549286,-0.549285888671875,0.549285888671875
2026-12-02 21:43:19,56.9,58.114002,-1.2140022277832045,1.2140022277832045
2026-12-02 21:43:24,56.0,58.111015,-2.1110153198242188,2.1110153198242188
2026-12-02 21:43:28,57.7,58.110752,-0.4107521057128878,0.4107521057128878
2026-12-02 21:43:33,56.099999999999994,55.19935,0.9006515502929631,0.9006515502929631
2026-12-02 21:43:38,62.0,61.218483,0.7815170288085938,0.7815170288085938
2026-12-02 21:43:42,55.8,55.144356,0.6556442260742159,0.6556442260742159
2026-12-02 21:43:47,54.7,55.106422,-0.4064224243164034,0.4064224243164034
2026-12-02 21:43:52,58.6,57.97993,0.6200691223144545,0.6200691223144545
2026-12-02 21:43:57,56.599999999999994,55.11026,1.4897399902343693,1.4897399902343693
2026-12-02 21:44:01,62.599999999999994,63.95209,-1.3520912170410213,1.3520912170410213
2026-12-02 21:44:06,54.8,55.382584,-0.5825836181640653,0.5825836181640653
2026-12-02 21:44:11,53.7,55.086025,-1.3860252380371065,1.3860252380371065
2026-12-02 21:44:15,55.6,55.07636,0.5236412048339858,0.5236412048339858
2026-12-02 21:44:20,53.7,55.20706,-1.5070617675781222,1.5070617675781222
2026-12-02 21:44:25,56.400000000000006,55.094864,1.3051361083984432,1.3051361083984432
2026-12-02 21:44:29,56.2,55.10238,1.097621154785159,1.097621154785159
2026-12-02 21:44:34,58.4,57.570175,0.8298248291015611,0.8298248291015611
2026-12-02 21:44:39,55.0,55.133533,-0.13353347778320312,0.13353347778320312
2026-12-02 21:44:44,58.3,57.97631,0.3236892700195284,0.3236892700195284
2026-12-02 21:44:48,52.8,54.0658,-1.2657997131347685,1.2657997131347685
2026-12-02 21:44:53,54.0,53.480946,0.5190544128417969,0.5190544128417969
2026-12-02 21:44:58,53.7,53.52309,0.17690963745117472,0.17690963745117472
2026-12-02 21:45:02,58.199999999999996,59.84963,-1.6496284484863324,1.6496284484863324
2026-12-02 21:45:07,59.7,59.743076,-0.04307632446288778,0.04307632446288778
2026-12-02 21:45:12,55.3,55.248447,0.05155258178710653,0.05155258178710653
2026-12-02 21:45:17,53.2,53.531258,-0.3312576293945284,0.3312576293945284
2026-12-02 21:45:21,53.4,53.994328,-0.594327545166017,0.594327545166017
2026-12-02 21:45:26,64.30000000000001,63.830452,0.4695480346679801,0.4695480346679801
2026-12-02 21:45:31,55.5,55.170353,0.3296470642089844,0.3296470642089844
2026-12-02 21:45:35,60.3,60.168022,0.1319778442382784,0.1319778442382784
2026-12-02 21:45:40,55.400000000000006,55.269737,0.13026275634766193,0.13026275634766193
2026-12-02 21:45:45,56.4,55.099537,1.3004631042480455,1.3004631042480455
2026-12-02 21:45:49,57.5,57.543987,-0.043987274169921875,0.043987274169921875
2026-12-02 21:45:54,56.6,57.66541,-1.0654090881347642,1.0654090881347642
2026-12-02 21:45:59,53.0,53.98609,-0.9860916137695312,0.9860916137695312
2026-12-02 21:46:04,57.4,57.84382,-0.44381866455078267,0.44381866455078267
2026-12-02 21:46:08,53.7,55.400005,-1.700005340576169,1.700005340576169
2026-12-02 21:46:13,56.800000000000004,55.13158,1.6684196472168011,1.6684196472168011
2026-12-02 21:46:18,61.2,62.150055,-0.9500549316406222,0.9500549316406222
2026-12-02 21:46:22,56.800000000000004,57.876793,-1.0767929077148395,1.0767929077148395
2026-12-02 21:46:27,56.5,58.048874,-1.5488739013671875,1.5488739013671875
2026-12-02 21:46:32,53.1,53.5404,-0.44040145874023295,0.44040145874023295
2026-12-02 21:46:37,57.3,57.42337,-0.12337036132812784,0.12337036132812784
2026-12-02 21:46:41,56.599999999999994,58.034004,-1.434004211425787,1.434004211425787
2026-12-02 21:46:46,56.1,55.396496,0.7035041809082045,0.7035041809082045
2026-12-02 21:46:51,51.8,53.49784,-1.697840881347659,1.697840881347659
2026-12-02 21:46:55,52.0,53.999546,-1.9995460510253906,1.9995460510253906
2026-12-02 21:47:00,56.4,55.093456,1.3065437316894517,1.3065437316894517
2026-12-02 21:47:05,53.400000000000006,55.102814,-1.7028137207031193,1.7028137207031193
2026-12-02 21:47:09,59.400000000000006,59.602325,-0.20232543945311932,0.20232543945311932
2026-12-02 21:47:14,57.5,58.057728,-0.5577278137207031,0.5577278137207031
2026-12-02 21:47:19,54.7,55.125793,-0.42579345703124716,0.42579345703124716
2026-12-02 21:47:24,63.7,63.164642,0.5353576660156278,0.5353576660156278
2026-12-02 21:47:28,53.9,55.28592,-1.3859191894531264,1.3859191894531264
2026-12-02 21:47:33,55.1,55.09838,0.001618957519532671,0.001618957519532671
2026-12-02 21:47:38,62.5,61.294544,1.2054557800292969,1.2054557800292969
2026-12-02 21:47:42,61.5,61.500324,-0.000324249267578125,0.000324249267578125
2026-12-02 21:47:47,53.2,54.031273,-0.8312728881835909,0.8312728881835909
2026-12-02 21:47:52,56.0,55.102615,0.8973846435546875,0.8973846435546875
2026-12-02 21:47:57,57.0,57.625515,-0.6255149841308594,0.6255149841308594
2026-12-02 21:48:01,59.7,60.017292,-0.3172920227050753,0.3172920227050753
2026-12-02 21:48:06,53.5,53.579967,-0.07996749877929688,0.07996749877929688
2026-12-02 21:48:11,57.099999999999994,57.917747,-0.8177474975585994,0.8177474975585994
2026-12-02 21:48:15,60.8,60.106003,0.6939971923828097,0.6939971923828097
2026-12-02 21:48:20,56.800000000000004,57.87232,-1.0723182678222614,1.0723182678222614
2026-12-02 21:48:25,56.599999999999994,55.486275,1.113725280761713,1.113725280761713
2026-12-02 21:48:29,61.4,61.821835,-0.4218345642089858,0.4218345642089858
2026-12-02 21:48:34,59.3,57.796635,1.5033653259277315,1.5033653259277315
2026-12-02 21:48:39,53.9,55.49745,-1.597451782226564,1.597451782226564
2026-12-02 21:48:44,53.9,53.495514,0.4044860839843736,0.4044860839843736
2026-12-02 21:48:48,57.2,57.460587,-0.26058654785155966,0.26058654785155966
2026-12-02 21:48:53,55.099999999999994,55.122494,-0.02249374389649006,0.02249374389649006
2026-12-02 21:48:58,57.5,57.539276,-0.039276123046875,0.039276123046875
2026-12-02 21:49:02,60.6,62.23879,-1.6387886047363267,1.6387886047363267
2026-12-02 21:49:07,60.3,62.44548,-2.1454803466796903,2.1454803466796903
2026-12-02 21:49:12,56.3,55.186146,1.113854217529294,1.113854217529294
2026-12-02 21:49:17,56.400000000000006,55.104397,1.2956031799316463,1.2956031799316463
2026-12-02 21:49:21,53.0,53.521446,-0.5214462280273438,0.5214462280273438
2026-12-02 21:49:26,60.699999999999996,59.661766,1.038233947753902,1.038233947753902
2026-12-02 21:49:31,57.9,57.554756,0.34524383544921733,0.34524383544921733
2026-12-02 21:49:35,56.900000000000006,58.057373,-1.1573730468749943,1.1573730468749943
2026-12-02 21:49:40,55.0,55.11759,-0.11759185791015625,0.11759185791015625
2026-12-02 21:49:45,56.099999999999994,55.480778,0.6192222595214787,0.6192222595214787
2026-12-02 21:49:49,56.2,58.0522,-1.8522003173828097,1.8522003173828097
2026-12-02 21:49:54,55.6,58.204865,-2.6048645019531236,2.6048645019531236
2026-12-02 21:49:59,54.8,53.57029,1.229710388183591,1.229710388183591
2026-12-02 21:50:04,61.2,59.53907,1.6609298706054716,1.6609298706054716
2026-12-02 21:50:08,58.800000000000004,57.707104,1.0928962707519574,1.0928962707519574
2026-12-02 21:50:13,55.8,55.263268,0.5367324829101534,0.5367324829101534
2026-12-02 21:50:18,60.599999999999994,59.87664,0.7233596801757756,0.7233596801757756
2026-12-02 21:50:22,127.7,148.02736,-20.32735900878906,20.32735900878906
2026-12-02 21:50:27,59.5,56.265224,3.2347755432128906,3.2347755432128906
2026-12-02 21:50:32,60.099999999999994,59.685535,0.4144645690917912,0.4144645690917912
2026-12-02 21:50:37,58.7,57.597607,1.102393341064456,1.102393341064456
2026-12-02 21:50:41,60.6,60.996006,-0.3960060119628892,0.3960060119628892
2026-12-02 21:50:46,60.5,61.816635,-1.3166351318359375,1.3166351318359375
2026-12-02 21:50:51,55.4,55.17924,0.2207588195800767,0.2207588195800767
2026-12-02 21:50:55,57.0,57.505974,-0.5059738159179688,0.5059738159179688
2026-12-02 21:51:00,58.800000000000004,60.165215,-1.3652145385742145,1.3652145385742145
2026-12-02 21:51:05,59.5,59.746956,-0.24695587158203125,0.24695587158203125
2026-12-02 21:51:09,60.5,59.68235,0.8176498413085938,0.8176498413085938
2026-12-02 21:51:14,55.900000000000006,55.136536,0.7634643554687557,0.7634643554687557
2026-12-02 21:51:19,64.5,63.87613,0.623870849609375,0.623870849609375
2026-12-02 21:51:24,58.0,57.872177,0.1278228759765625,0.1278228759765625
2026-12-02 21:51:28,62.900000000000006,62.25273,0.6472686767578182,0.6472686767578182
2026-12-02 21:51:33,69.7,70.7563,-1.0563018798828097,1.0563018798828097
2026-12-02 21:51:38,57.5,58.42002,-0.9200210571289062,0.9200210571289062
2026-12-02 21:51:42,59.8,59.87871,-0.07871170043945597,0.07871170043945597
2026-12-02 21:51:47,59.5,60.418774,-0.9187736511230469,0.9187736511230469
2026-12-02 21:51:52,58.2,60.46981,-2.269810485839841,2.269810485839841
2026-12-02 21:51:57,55.099999999999994,55.238747,-0.13874664306641193,0.13874664306641193
2026-12-02 21:52:01,51.1,52.488792,-1.3887924194335923,1.3887924194335923
2026-12-02 21:52:06,62.3,61.553364,0.746636199951169,0.746636199951169
2026-12-02 21:52:11,60.400000000000006,60.40968,-0.00967941284179119,0.00967941284179119
2026-12-02 21:52:15,65.5,66.86873,-1.3687286376953125,1.3687286376953125
2026-12-02 21:52:20,57.900000000000006,58.22148,-0.3214813232421818,0.3214813232421818
2026-12-02 21:52:25,58.3,57.918312,0.3816879272460909,0.3816879272460909
2026-12-02 21:52:29,56.3,57.647507,-1.3475067138671903,1.3475067138671903
2026-12-02 21:52:34,53.599999999999994,53.803528,-0.20352783203125568,0.20352783203125568
2026-12-02 21:52:39,56.6,58.05016,-1.4501594543457017,1.4501594543457017
2026-12-02 21:52:44,65.7,66.44711,-0.7471130371093722,0.7471130371093722
2026-12-02 21:52:48,67.19999999999999,66.99561,0.20438690185545738,0.20438690185545738
2026-12-02 21:52:53,52.300000000000004,52.07926,0.220738220214848,0.220738220214848
2026-12-02 21:52:58,58.6,59.909115,-1.309114837646483,1.309114837646483
2026-12-02 21:53:02,55.0,55.570995,-0.5709953308105469,0.5709953308105469
2026-12-02 21:53:07,55.6,55.297455,0.3025451660156264,0.3025451660156264
2026-12-02 21:53:12,62.2,62.64501,-0.4450119018554659,0.4450119018554659
2026-12-02 21:53:17,61.8,63.11174,-1.3117401123046903,1.3117401123046903
2026-12-02 21:53:21,54.6,55.175922,-0.5759223937988267,0.5759223937988267
2026-12-02 21:53:26,63.1,63.71571,-0.6157096862792955,0.6157096862792955
2026-12-02 21:53:31,58.7,59.828125,-1.1281249999999972,1.1281249999999972
2026-12-02 21:53:35,52.900000000000006,54.088905,-1.1889053344726506,1.1889053344726506
2026-12-02 21:53:40,50.9,52.417645,-1.5176445007324233,1.5176445007324233
2026-12-02 21:53:45,59.699999999999996,59.945988,-0.2459877014160199,0.2459877014160199
2026-12-02 21:53:49,56.3,55.24944,1.050560760498044,1.050560760498044
2026-12-02 21:53:54,61.7,62.30748,-0.6074798583984347,0.6074798583984347
2026-12-02 21:53:59,63.599999999999994,62.075283,1.524716949462885,1.524716949462885
2026-12-02 21:54:04,61.0,62.613796,-1.6137962341308594,1.6137962341308594
2026-12-02 21:54:08,53.9,55.515987,-1.6159873962402358,1.6159873962402358
2026-12-02 21:54:13,53.5,53.97318,-0.4731788635253906,0.4731788635253906
2026-12-02 21:54:18,52.400000000000006,52.553276,-0.15327606201171307,0.15327606201171307
2026-12-02 21:54:22,60.1,59.774902,0.3250976562500014,0.3250976562500014
2026-12-02 21:54:27,62.1,62.417206,-0.3172058105468736,0.3172058105468736
2026-12-02 21:54:32,55.6,58.156475,-2.5564750671386705,2.5564750671386705
2026-12-02 21:54:37,49.5,52.093422,-2.5934219360351562,2.5934219360351562
2026-12-02 21:54:41,59.199999999999996,59.725445,-0.5254447937011761,0.5254447937011761
2026-12-02 21:54:46,61.9,62.383656,-0.48365554809570455,0.48365554809570455
2026-12-02 21:54:51,57.4,57.877323,-0.47732315063476705,0.47732315063476705
2026-12-02 21:54:55,53.0,53.913975,-0.9139747619628906,0.9139747619628906
2026-12-02 21:55:00,55.6,55.43392,0.16607818603515767,0.16607818603515767
2026-12-02 21:55:05,54.300000000000004,53.904335,0.395664978027348,0.395664978027348
2026-12-02 21:55:09,57.3,57.509495,-0.20949478149414347,0.20949478149414347
2026-12-02 21:55:14,52.4,53.9418,-1.5417991638183608,1.5417991638183608
2026-12-02 21:55:19,72.9,70.30367,2.596327209472662,2.596327209472662
2026-12-02 21:55:24,55.6,55.334522,0.2654777526855483,0.2654777526855483
2026-12-02 21:55:28,58.0,59.98276,-1.9827613830566406,1.9827613830566406
2026-12-02 21:55:33,55.5,55.110546,0.3894538879394531,0.3894538879394531
2026-12-02 21:55:38,55.4,55.065926,0.33407440185546733,0.33407440185546733
2026-12-02 21:55:42,54.9,55.097893,-0.19789276123047017,0.19789276123047017
2026-12-02 21:55:47,56.0,55.120556,0.8794441223144531,0.8794441223144531
2026-12-02 21:55:52,63.7,62.42783,1.2721702575683622,1.2721702575683622
2026-12-02 21:55:57,55.5,55.1343,0.36569976806640625,0.36569976806640625
2026-12-02 21:56:01,61.0,59.67914,1.32086181640625,1.32086181640625
2026-12-02 21:56:06,58.3,57.630383,0.6696174621582003,0.6696174621582003
2026-12-02 21:56:11,54.4,55.452187,-1.0521865844726577,1.0521865844726577
2026-12-02 21:56:15,61.0,60.017376,0.9826240539550781,0.9826240539550781
2026-12-02 21:56:20,62.0,62.069237,-0.06923675537109375,0.06923675537109375
2026-12-02 21:56:25,59.1,59.761524,-0.6615242004394517,0.6615242004394517
2026-12-02 21:58:19,73.9,72.16159,1.7384094238281307,1.7384094238281307
2026-12-02 21:58:24,68.8,68.55305,0.2469528198242159,0.2469528198242159
2026-12-02 21:58:29,67.0,64.94677,2.0532302856445312,2.0532302856445312
2026-12-02 21:58:33,65.9,64.69063,1.2093719482421932,1.2093719482421932
2026-12-02 21:58:38,70.2,67.4161,2.783900451660159,2.783900451660159
2026-12-02 21:58:43,58.0,58.100952,-0.1009521484375,0.1009521484375
2026-12-02 21:58:47,57.6,58.01009,-0.4100898742675767,0.4100898742675767
2026-12-02 21:58:52,51.099999999999994,52.644806,-1.5448059082031307,1.5448059082031307
2026-12-02 21:58:57,66.0,64.46783,1.5321731567382812,1.5321731567382812
2026-12-02 21:59:02,52.8,53.554916,-0.7549163818359403,0.7549163818359403
2026-12-02 21:59:06,60.7,62.29887,-1.598870086669919,1.598870086669919
2026-12-02 21:59:11,66.2,66.73163,-0.5316284179687472,0.5316284179687472
2026-12-02 21:59:16,76.2,75.76793,0.43207092285156534,0.43207092285156534
2026-12-02 21:59:20,66.0,66.62675,-0.6267471313476562,0.6267471313476562
2026-12-02 21:59:25,77.1,78.34315,-1.243147277832037,1.243147277832037
2026-12-02 21:59:30,58.400000000000006,57.67076,0.7292388916015682,0.7292388916015682
2026-12-02 21:59:35,78.0,77.33863,0.6613693237304688,0.6613693237304688
2026-12-02 21:59:39,69.5,69.36515,0.13484954833984375,0.13484954833984375
2026-12-02 21:59:44,69.0,69.47239,-0.47238922119140625,0.47238922119140625
2026-12-02 21:59:49,63.5,62.94369,0.5563087463378906,0.5563087463378906
2026-12-02 21:59:53,63.900000000000006,61.96148,1.938520812988287,1.938520812988287
2026-12-02 21:59:58,61.8,61.61147,0.18853073120116903,0.18853073120116903
2026-12-02 22:00:03,67.4,66.74869,0.6513122558593807,0.6513122558593807
2026-12-02 22:00:07,51.7,53.45703,-1.7570312499999972,1.7570312499999972
2026-12-02 22:00:12,54.2,53.473328,0.7266723632812528,0.7266723632812528
2026-12-02 22:00:17,62.3,62.623543,-0.3235427856445341,0.3235427856445341
2026-12-02 22:00:22,60.2,60.081223,0.11877746582031534,0.11877746582031534
2026-12-02 22:00:26,57.8,57.845512,-0.04551239013672159,0.04551239013672159
2026-12-02 22:00:31,59.599999999999994,59.77106,-0.1710609436035213,0.1710609436035213
2026-12-02 22:00:36,58.699999999999996,59.63293,-0.9329307556152386,0.9329307556152386
2026-12-02 22:00:40,54.8,55.140686,-0.34068603515625284,0.34068603515625284
2026-12-02 22:00:45,54.8,53.520687,1.2793128967285128,1.2793128967285128
2026-12-02 22:00:50,60.5,59.931065,0.5689353942871094,0.5689353942871094
2026-12-02 22:00:55,57.2,57.41204,-0.2120407104492159,0.2120407104492159
2026-12-02 22:00:59,54.7,55.12628,-0.42628173828124716,0.42628173828124716
2026-12-02 22:01:04,53.2,53.971928,-0.7719276428222628,0.7719276428222628
2026-12-02 22:01:09,66.2,64.7281,1.4718963623046903,1.4718963623046903
2026-12-02 22:01:13,54.4,55.368122,-0.9681221008300795,0.9681221008300795
2026-12-02 22:01:18,65.0,64.48604,0.5139617919921875,0.5139617919921875
2026-12-02 22:01:23,63.5,61.58749,1.9125099182128906,1.9125099182128906
2026-12-02 22:01:27,56.0,55.46653,0.5334701538085938,0.5334701538085938
2026-12-02 22:01:32,58.9,59.688866,-0.7888656616210952,0.7888656616210952
2026-12-02 22:01:37,62.900000000000006,62.543793,0.3562072753906307,0.3562072753906307
2026-12-02 22:01:42,62.0,61.92271,0.07728958129882812,0.07728958129882812
2026-12-02 22:01:46,63.4,63.25215,0.14784851074218608,0.14784851074218608
2026-12-02 22:01:51,56.8,55.445072,1.3549278259277315,1.3549278259277315
2026-12-02 22:01:56,69.4,70.09634,-0.6963363647460881,0.6963363647460881
2026-12-02 22:02:00,53.3,53.375015,-0.07501525878906534,0.07501525878906534
2026-12-02 22:02:05,57.099999999999994,55.33774,1.7622581481933537,1.7622581481933537
2026-12-02 22:02:10,53.900000000000006,53.459988,0.4400123596191463,0.4400123596191463
2026-12-02 22:02:15,52.199999999999996,52.622482,-0.42248229980469176,0.42248229980469176
2026-12-02 22:02:19,56.9,57.651516,-0.7515159606933608,0.7515159606933608
2026-12-02 22:02:24,56.4,55.150177,1.2498229980468736,1.2498229980468736
2026-12-02 22:02:29,58.6,59.62189,-1.0218910217285142,1.0218910217285142
2026-12-02 22:02:33,55.6,57.628742,-2.0287422180175767,2.0287422180175767
2026-12-02 22:02:38,56.400000000000006,58.060226,-1.6602264404296818,1.6602264404296818
2026-12-02 22:02:43,65.4,63.03265,2.3673500061035213,2.3673500061035213
2026-12-02 22:02:47,58.5,58.158348,0.34165191650390625,0.34165191650390625
2026-12-02 22:02:52,53.599999999999994,55.141514,-1.5415138244628963,1.5415138244628963
2026-12-02 22:02:57,61.5,61.371704,0.1282958984375,0.1282958984375
2026-12-02 22:03:02,64.3,63.297066,1.002934265136716,1.002934265136716
2026-12-02 22:03:06,60.3,60.468884,-0.16888351440429972,0.16888351440429972
2026-12-02 22:03:11,60.5,62.368248,-1.8682479858398438,1.8682479858398438
2026-12-02 22:03:16,57.8,57.888832,-0.08883209228515909,0.08883209228515909
2026-12-02 22:03:20,57.800000000000004,60.177475,-2.3774749755859332,2.3774749755859332
2026-12-02 22:03:25,56.1,57.73244,-1.6324409484863267,1.6324409484863267
2026-12-02 22:03:30,61.8,61.86188,-0.06188125610351847,0.06188125610351847
2026-12-02 22:03:35,141.7,163.73611,-22.036114501953136,22.036114501953136
2026-12-02 22:03:39,60.800000000000004,56.548508,4.251492309570317,4.251492309570317
2026-12-02 22:03:44,63.2,62.26475,0.935248565673831,0.935248565673831
2026-12-02 22:03:49,57.4,57.60975,-0.20974884033203267,0.20974884033203267
2026-12-02 22:03:53,57.099999999999994,57.41367,-0.3136695861816463,0.3136695861816463
2026-12-02 22:03:58,65.2,62.49485,2.7051498413085966,2.7051498413085966
2026-12-02 22:04:03,63.5,62.118916,1.3810844421386719,1.3810844421386719
2026-12-02 22:04:07,67.1,66.5619,0.5381027221679631,0.5381027221679631
2026-12-02 22:04:12,60.800000000000004,59.91068,0.8893211364746136,0.8893211364746136
2026-12-02 22:04:17,62.7,62.19986,0.5001403808593778,0.5001403808593778
2026-12-02 22:04:22,58.2,57.782642,0.4173576354980497,0.4173576354980497
2026-12-02 22:04:26,56.0,58.315235,-2.315235137939453,2.315235137939453
2026-12-02 22:04:31,59.0,59.566097,-0.5660972595214844,0.5660972595214844
2026-12-02 22:04:36,66.5,64.94498,1.555023193359375,1.555023193359375
2026-12-02 22:04:40,71.9,68.802216,3.0977844238281307,3.0977844238281307
2026-12-02 22:04:45,63.5,63.64746,-0.1474609375,0.1474609375
2026-12-02 22:04:50,69.1,65.99014,3.1098571777343693,3.1098571777343693
2026-12-02 22:04:55,60.5,60.76183,-0.2618293762207031,0.2618293762207031
2026-12-02 22:04:59,61.3,61.660667,-0.3606674194335966,0.3606674194335966
2026-12-02 22:05:04,65.3,63.865086,1.4349143981933565,1.4349143981933565
2026-12-02 22:05:09,66.0,64.606636,1.3933639526367188,1.3933639526367188
2026-12-02 22:05:13,56.800000000000004,55.15549,1.6445091247558636,1.6445091247558636
2026-12-02 22:05:18,67.2,66.08837,1.111628723144534,1.111628723144534
2026-12-02 22:05:23,71.4,69.98764,1.4123596191406307,1.4123596191406307
2026-12-02 22:05:27,69.9,66.02634,3.8736633300781307,3.8736633300781307
2026-12-02 22:05:32,71.9,68.91749,2.9825119018554744,2.9825119018554744
2026-12-02 22:05:37,63.099999999999994,62.329445,0.7705551147460881,0.7705551147460881
2026-12-02 22:05:42,56.4,55.263885,1.1361145019531236,1.1361145019531236
2026-12-02 22:05:46,63.5,62.9186,0.5814018249511719,0.5814018249511719
2026-12-02 22:05:51,62.8,62.046062,0.7539375305175753,0.7539375305175753
2026-12-02 22:05:56,53.0,53.52968,-0.5296783447265625,0.5296783447265625
2026-12-02 22:06:00,58.5,59.77692,-1.2769203186035156,1.2769203186035156
2026-12-02 22:06:05,60.5,59.93757,0.5624313354492188,0.5624313354492188
2026-12-02 22:06:10,59.3,59.636703,-0.33670349121094034,0.33670349121094034
2026-12-02 22:06:15,62.1,61.8586,0.2413993835449233,0.2413993835449233
2026-12-02 22:06:19,53.400000000000006,55.341637,-1.941636657714838,1.941636657714838
2026-12-02 22:06:24,67.3,66.229576,1.0704238891601534,1.0704238891601534
2026-12-02 22:06:29,56.099999999999994,55.188477,0.9115234374999943,0.9115234374999943
2026-12-02 22:06:33,57.7,57.47379,0.22621078491211222,0.22621078491211222
2026-12-02 22:06:38,57.6,57.588333,0.011666870117188921,0.011666870117188921
2026-12-02 22:06:43,65.7,63.208782,2.491217803955081,2.491217803955081
2026-12-02 22:06:47,70.19999999999999,67.30673,2.8932678222656136,2.8932678222656136
2026-12-02 22:06:52,62.900000000000006,62.424232,0.47576751708984943,0.47576751708984943
2026-12-02 22:06:57,77.4,78.07966,-0.6796585083007756,0.6796585083007756
2026-12-02 22:07:02,57.3,57.904747,-0.6047470092773466,0.6047470092773466
2026-12-02 22:07:06,65.8,65.72115,0.07884674072265341,0.07884674072265341
2026-12-02 22:07:11,68.2,65.87524,2.324763488769534,2.324763488769534
2026-12-02 22:07:16,58.3,58.280567,0.019432830810544033,0.019432830810544033
2026-12-02 22:07:20,56.1,55.28051,0.8194900512695327,0.8194900512695327
2026-12-02 22:07:25,59.0,57.876842,1.1231575012207031,1.1231575012207031
2026-12-02 22:07:30,50.8,52.429825,-1.6298248291015653,1.6298248291015653
2026-12-02 22:07:35,58.1,57.669476,0.43052444458007955,0.43052444458007955
2026-12-02 22:07:39,53.9,53.720615,0.17938461303710795,0.17938461303710795
2026-12-02 22:07:44,50.8,52.510056,-1.7100555419921903,1.7100555419921903
2026-12-02 22:07:49,59.8,59.884697,-0.08469696044922159,0.08469696044922159
2026-12-02 22:07:53,58.1,58.145405,-0.045404815673826704,0.045404815673826704
2026-12-02 22:07:58,56.5,57.91227,-1.4122695922851562,1.4122695922851562
2026-12-02 22:08:03,75.9,75.87662,0.023382568359380684,0.023382568359380684
2026-12-02 22:08:07,63.099999999999994,61.422363,1.6776367187499943,1.6776367187499943
2026-12-02 22:08:12,59.7,59.958775,-0.2587745666503878,0.2587745666503878
2026-12-02 22:08:17,49.0,50.580116,-1.5801162719726562,1.5801162719726562
2026-12-02 22:08:22,55.599999999999994,55.273193,0.3268066406249943,0.3268066406249943
2026-12-02 22:08:26,54.6,55.5082,-0.9082015991210923,0.9082015991210923
2026-12-02 22:08:31,58.3,57.87465,0.42535095214843466,0.42535095214843466
2026-12-02 22:08:36,57.3,57.66011,-0.36011047363281534,0.36011047363281534
2026-12-02 22:08:40,57.1,57.559303,-0.45930328369140483,0.45930328369140483
2026-12-02 22:08:45,55.6,55.146774,0.4532257080078139,0.4532257080078139
2026-12-02 22:08:50,58.0,57.4419,0.5581016540527344,0.5581016540527344
2026-12-02 22:08:55,63.900000000000006,63.962708,-0.06270751953124432,0.06270751953124432
2026-12-02 22:08:59,56.099999999999994,58.219765,-2.119764709472662,2.119764709472662
2026-12-02 22:09:04,61.5,62.03879,-0.5387916564941406,0.5387916564941406
2026-12-02 22:09:09,47.5,50.636932,-3.136932373046875,3.136932373046875
2026-12-02 22:09:13,56.2,55.32699,0.8730117797851591,0.8730117797851591
2026-12-02 22:09:18,61.3,60.008804,1.2911956787109347,1.2911956787109347
2026-12-02 22:09:23,67.5,64.57488,2.9251174926757812,2.9251174926757812
2026-12-02 22:09:27,51.900000000000006,53.84471,-1.9447113037109318,1.9447113037109318
2026-12-02 22:09:32,57.9,57.848125,0.051874542236326704,0.051874542236326704
2026-12-02 22:09:37,50.1,52.15527,-2.055269622802733,2.055269622802733
2026-12-02 22:09:42,53.099999999999994,53.887516,-0.7875160217285213,0.7875160217285213
2026-12-02 22:09:46,59.3,60.178062,-0.8780624389648466,0.8780624389648466
2026-12-02 22:09:51,52.199999999999996,53.45593,-1.2559288024902386,1.2559288024902386
2026-12-02 22:09:56,53.0,53.88518,-0.8851814270019531,0.8851814270019531
2026-12-02 22:10:00,52.7,53.886787,-1.1867874145507784,1.1867874145507784
2026-12-02 22:10:05,59.7,59.62129,0.07871170043945597,0.07871170043945597
2026-12-02 22:10:10,61.8,62.170456,-0.37045593261719034,0.37045593261719034
2026-12-02 22:10:15,54.599999999999994,55.203453,-0.6034530639648494,0.6034530639648494
2026-12-02 22:10:19,56.5,57.888584,-1.3885841369628906,1.3885841369628906
2026-12-02 22:10:24,56.900000000000006,58.143383,-1.2433830261230412,1.2433830261230412
2026-12-02 22:10:29,60.9,60.043766,0.856233978271483,0.856233978271483
2026-12-02 22:10:33,66.6,66.86177,-0.2617706298828182,0.2617706298828182
2026-12-02 22:10:38,66.80000000000001,66.95012,-0.15011901855467613,0.15011901855467613
2026-12-02 22:10:43,64.0,64.6106,-0.6106033325195312,0.6106033325195312
2026-12-02 22:10:47,53.6,53.442825,0.15717468261718892,0.15717468261718892
2026-12-02 22:10:52,48.6,51.040333,-2.4403327941894517,2.4403327941894517
2026-12-02 22:10:57,52.1,53.87416,-1.774160766601561,1.774160766601561
2026-12-02 22:11:02,58.1,57.902596,0.19740447998047017,0.19740447998047017
2026-12-02 22:11:06,52.5,53.954025,-1.4540252685546875,1.4540252685546875
2026-12-02 22:11:11,52.0,53.925964,-1.92596435546875,1.92596435546875
2026-12-02 22:11:16,53.8,53.927258,-0.12725753784179972,0.12725753784179972
2026-12-02 22:11:20,68.19999999999999,66.814186,1.3858139038085824,1.3858139038085824
2026-12-02 22:11:25,56.3,57.945225,-1.6452247619628935,1.6452247619628935
2026-12-02 22:11:30,59.4,60.059155,-0.6591545104980483,0.6591545104980483
2026-12-02 22:11:35,61.3,60.20846,1.0915382385253878,1.0915382385253878
2026-12-02 22:11:39,47.3,50.714638,-3.414637756347659,3.414637756347659
2026-12-02 22:11:44,60.1,59.548817,0.5511833190917983,0.5511833190917983
2026-12-02 22:11:49,61.2,61.89241,-0.6924102783203097,0.6924102783203097
2026-12-02 22:11:53,59.2,59.94482,-0.7448204040527315,0.7448204040527315
2026-12-02 22:11:58,56.2,55.145367,1.054633331298831,1.054633331298831
2026-12-02 22:12:03,56.5,57.844223,-1.3442230224609375,1.3442230224609375
2026-12-02 22:12:08,57.6,58.14496,-0.5449584960937486,0.5449584960937486
2026-12-02 22:12:12,58.2,59.636368,-1.4363677978515597,1.4363677978515597
2026-12-02 22:12:17,56.3,55.14791,1.1520889282226534,1.1520889282226534
2026-12-02 22:12:22,49.900000000000006,52.36977,-2.4697700500488224,2.4697700500488224
2026-12-02 22:12:26,54.1,53.51137,0.5886283874511733,0.5886283874511733
2026-12-02 22:12:31,52.4,53.981003,-1.581002807617189,1.581002807617189
2026-12-02 22:12:36,53.400000000000006,55.126106,-1.7261062622070256,1.7261062622070256
2026-12-02 22:12:40,60.0,60.023094,-0.02309417724609375,0.02309417724609375
2026-12-02 22:12:45,61.8,62.27029,-0.4702903747558622,0.4702903747558622
2026-12-02 22:12:50,57.900000000000006,59.8392,-1.9391990661621037,1.9391990661621037
2026-12-02 22:12:55,51.6,53.875717,-2.275717163085936,2.275717163085936
2026-12-02 22:12:59,62.3,62.293274,0.006726074218747158,0.006726074218747158
2026-12-02 22:13:04,58.900000000000006,57.931377,0.9686225891113338,0.9686225891113338
2026-12-02 22:13:09,56.699999999999996,57.64445,-0.9444511413574261,0.9444511413574261
2026-12-02 22:13:13,65.19999999999999,63.783264,1.4167358398437386,1.4167358398437386
2026-12-02 22:13:18,57.5,57.73777,-0.23777008056640625,0.23777008056640625
2026-12-02 22:13:23,61.900000000000006,61.84362,0.056379699707036934,0.056379699707036934
2026-12-02 22:13:28,55.099999999999994,55.15412,-0.054121398925786934,0.054121398925786934
2026-12-02 22:13:32,63.6,63.682766,-0.08276596069335795,0.08276596069335795
2026-12-02 22:13:37,51.5,52.09476,-0.5947608947753906,0.5947608947753906
2026-12-02 22:13:42,64.9,64.51442,0.3855804443359432,0.3855804443359432
2026-12-02 22:13:46,56.8,57.908848,-1.1088478088378935,1.1088478088378935
2026-12-02 22:13:51,51.7,53.778435,-2.078434753417966,2.078434753417966
2026-12-02 22:13:56,60.2,59.86948,0.3305198669433622,0.3305198669433622
2026-12-02 22:14:00,60.4,60.150894,0.24910583496093608,0.24910583496093608
2026-12-02 22:14:05,65.2,63.425224,1.774775695800784,1.774775695800784
2026-12-02 22:14:10,52.0,52.236908,-0.236907958984375,0.236907958984375
2026-12-02 22:14:15,56.2,55.372746,0.8272544860839872,0.8272544860839872
2026-12-02 22:14:19,56.3,58.04794,-1.7479393005371122,1.7479393005371122
2026-12-02 22:14:24,50.4,51.984432,-1.5844322204589858,1.5844322204589858
2026-12-02 22:14:29,52.9,53.917004,-1.0170036315917983,1.0170036315917983
2026-12-02 22:14:33,61.099999999999994,61.31817,-0.21816864013672443,0.21816864013672443
2026-12-02 22:14:38,67.6,65.04393,2.556069946289057,2.556069946289057
2026-12-02 22:14:43,52.7,53.68659,-0.9865882873535128,0.9865882873535128
2026-12-02 22:14:48,56.2,55.68155,0.5184509277343778,0.5184509277343778
2026-12-02 22:14:52,51.7,52.224728,-0.5247276306152315,0.5247276306152315
2026-12-02 22:14:57,53.5,53.478516,0.021484375,0.021484375
2026-12-02 22:15:02,60.3,59.5633,0.7366989135742159,0.7366989135742159
2026-12-02 22:15:06,56.3,55.59001,0.7099884033203097,0.7099884033203097
2026-12-02 22:15:11,52.599999999999994,53.65493,-1.0549301147460994,1.0549301147460994
2026-12-02 22:15:16,54.2,54.03854,0.16146011352539347,0.16146011352539347
2026-12-02 22:15:20,55.4,55.67251,-0.27250823974609517,0.27250823974609517
2026-12-02 22:15:25,52.699999999999996,52.236046,0.463954162597652,0.463954162597652
2026-12-02 22:15:30,47.3,50.74507,-3.4450714111328153,3.4450714111328153
2026-12-02 22:15:35,58.7,59.50123,-0.8012283325195284,0.8012283325195284
2026-12-02 22:15:39,56.900000000000006,57.823154,-0.9231544494628849,0.9231544494628849
2026-12-02 22:15:44,56.4,55.48771,0.9122909545898423,0.9122909545898423
2026-12-02 22:15:49,59.8,60.147064,-0.34706420898437784,0.34706420898437784
2026-12-02 22:15:53,64.5,65.18662,-0.6866226196289062,0.6866226196289062
2026-12-02 22:15:58,55.2,55.06883,0.13117141723633097,0.13117141723633097
2026-12-02 22:16:03,53.9,54.046516,-0.14651641845703267,0.14651641845703267
2026-12-02 22:16:08,58.599999999999994,57.794994,0.8050056457519474,0.8050056457519474
2026-12-02 22:16:12,49.2,50.66727,-1.4672706604003878,1.4672706604003878
2026-12-02 22:16:17,57.599999999999994,57.51154,0.08846054077147869,0.08846054077147869
2026-12-02 22:16:22,58.7,57.904125,0.795874786376956,0.795874786376956
2026-12-02 22:16:26,56.9,57.862495,-0.9624954223632827,0.9624954223632827
2026-12-02 22:16:31,57.4,57.60929,-0.20929107666015767,0.20929107666015767
2026-12-02 22:16:36,58.8,60.152725,-1.3527252197265653,1.3527252197265653
2026-12-02 22:16:40,50.5,52.169327,-1.6693267822265625,1.6693267822265625
2026-12-02 22:16:45,58.400000000000006,57.55617,0.8438285827636776,0.8438285827636776
2026-12-02 22:16:50,53.3,53.511112,-0.21111221313476847,0.21111221313476847
2026-12-02 22:16:55,57.7,57.25099,0.44900817871094034,0.44900817871094034
2026-12-02 22:16:59,67.0,64.59598,2.404022216796875,2.404022216796875
2026-12-02 22:17:04,57.0,58.104004,-1.10400390625,1.10400390625
2026-12-02 22:17:09,55.5,55.44555,0.05445098876953125,0.05445098876953125
2026-12-02 22:17:13,52.6,53.775494,-1.1754936218261705,1.1754936218261705
2026-12-02 22:17:18,62.9,61.34515,1.5548500061035142,1.5548500061035142
2026-12-02 22:17:23,56.599999999999994,55.389835,1.2101646423339787,1.2101646423339787
2026-12-02 22:17:28,56.1,58.06987,-1.969869995117186,1.969869995117186
2026-12-02 22:17:32,57.2,57.948265,-0.7482650756835909,0.7482650756835909
2026-12-02 22:17:37,68.5,68.52569,-0.02568817138671875,0.02568817138671875
2026-12-02 22:17:42,63.0,63.823067,-0.8230667114257812,0.8230667114257812
2026-12-02 22:17:46,65.69999999999999,64.67021,1.0297882080078011,1.0297882080078011
2026-12-02 22:17:51,51.5,53.91118,-2.4111785888671875,2.4111785888671875
2026-12-02 22:17:56,55.2,55.214108,-0.014107513427731533,0.014107513427731533
2026-12-02 22:18:00,62.1,61.35667,0.7433296203613295,0.7433296203613295
2026-12-02 22:18:05,56.6,55.15922,1.4407783508300795,1.4407783508300795
2026-12-02 22:18:10,62.2,63.659386,-1.459385681152341,1.459385681152341
2026-12-02 22:18:15,61.9,62.2151,-0.3150993347167983,0.3150993347167983
2026-12-02 22:18:19,55.4,55.246323,0.15367736816406108,0.15367736816406108
2026-12-02 22:18:24,53.0,53.96544,-0.9654388427734375,0.9654388427734375
2026-12-02 22:18:29,58.7,59.796734,-1.096733856201169,1.096733856201169
2026-12-02 22:18:33,51.6,52.402653,-0.8026527404785142,0.8026527404785142
2026-12-02 22:18:38,54.900000000000006,55.36127,-0.46127090454100994,0.46127090454100994
2026-12-02 22:18:43,54.5,55.12487,-0.6248703002929688,0.6248703002929688
2026-12-02 22:18:48,56.9,57.46532,-0.5653205871582045,0.5653205871582045
2026-12-02 22:18:52,58.800000000000004,60.108246,-1.3082458496093707,1.3082458496093707
2026-12-02 22:18:57,56.2,57.716373,-1.5163734436035128,1.5163734436035128
2026-12-02 22:19:02,56.599999999999994,55.14395,1.4560485839843693,1.4560485839843693
2026-12-02 22:19:06,61.3,61.63023,-0.3302299499511747,0.3302299499511747
2026-12-02 22:19:11,58.6,58.043797,0.5562034606933608,0.5562034606933608
2026-12-02 22:19:16,57.7,57.795006,-0.09500579833984091,0.09500579833984091
2026-12-02 22:19:20,61.3,62.224724,-0.9247238159179716,0.9247238159179716
2026-12-02 22:19:25,59.0,59.844284,-0.8442840576171875,0.8442840576171875
2026-12-02 22:19:30,51.6,52.265373,-0.6653732299804673,0.6653732299804673
2026-12-02 22:19:35,57.0,57.298687,-0.2986869812011719,0.2986869812011719
2026-12-02 22:19:39,63.5,62.152184,1.3478164672851562,1.3478164672851562
2026-12-02 22:19:44,54.7,53.708122,0.9918777465820341,0.9918777465820341
2026-12-02 22:19:49,53.900000000000006,53.72423,0.17576828002930256,0.17576828002930256
2026-12-02 22:19:53,52.300000000000004,53.856087,-1.556086730957027,1.556086730957027
2026-12-02 22:19:58,59.0,60.006794,-1.0067939758300781,1.0067939758300781
2026-12-02 22:20:03,59.0,60.145153,-1.1451530456542969,1.1451530456542969
2026-12-02 22:20:08,55.3,55.126087,0.17391281127929403,0.17391281127929403
2026-12-02 22:20:12,51.2,52.34764,-1.1476409912109347,1.1476409912109347
2026-12-02 22:20:17,56.3,55.36842,0.9315803527832003,0.9315803527832003
2026-12-02 22:20:22,53.2,53.524773,-0.3247726440429659,0.3247726440429659
2026-12-02 22:20:26,59.4,57.61445,1.7855514526367173,1.7855514526367173
2026-12-02 22:20:31,56.4,58.074184,-1.6741844177246108,1.6741844177246108
2026-12-02 22:20:36,57.800000000000004,57.81363,-0.013629150390620737,0.013629150390620737
2026-12-02 22:20:40,55.599999999999994,55.145954,0.4540458679199162,0.4540458679199162
2026-12-02 22:20:45,53.9,53.883736,0.01626434326171733,0.01626434326171733
2026-12-02 22:20:50,60.3,60.02715,0.27285079956054403,0.27285079956054403
2026-12-02 22:20:55,51.599999999999994,52.28413,-0.6841300964355526,0.6841300964355526
2026-12-02 22:20:59,51.1,52.4162,-1.3161987304687486,1.3161987304687486
2026-12-02 22:21:04,48.0,50.83933,-2.8393287658691406,2.8393287658691406
2026-12-02 22:21:09,50.599999999999994,52.346336,-1.7463363647460994,1.7463363647460994
2026-12-02 22:21:13,56.900000000000006,55.12379,1.7762092590332088,1.7762092590332088
2026-12-02 22:21:18,53.4,55.45999,-2.0599914550781264,2.0599914550781264
2026-12-02 22:21:23,50.8,52.202198,-1.402198028564456,1.402198028564456
2026-12-02 22:21:28,53.1,53.92764,-0.827639007568358,0.827639007568358
2026-12-02 22:21:32,56.599999999999994,55.416496,1.1835037231445256,1.1835037231445256
2026-12-02 22:21:37,51.5,52.196934,-0.6969337463378906,0.6969337463378906
2026-12-02 22:21:42,59.1,59.648582,-0.5485824584960923,0.5485824584960923
2026-12-02 22:21:46,49.0,50.540657,-1.5406570434570312,1.5406570434570312
2026-12-02 22:21:51,55.6,55.326935,0.2730651855468764,0.2730651855468764
2026-12-02 22:21:56,56.0,55.287857,0.7121429443359375,0.7121429443359375
2026-12-02 22:22:00,54.2,53.87537,0.3246299743652372,0.3246299743652372
2026-12-02 22:22:05,66.0,67.58076,-1.5807571411132812,1.5807571411132812
2026-12-02 22:22:10,65.3,63.16171,2.138291168212888,2.138291168212888
2026-12-02 22:22:15,57.0,57.647865,-0.6478652954101562,0.6478652954101562
2026-12-02 22:22:19,66.0,66.7562,-0.7562026977539062,0.7562026977539062
2026-12-02 22:22:24,53.9,55.02837,-1.1283699035644545,1.1283699035644545
2026-12-02 22:22:29,54.3,55.10067,-0.8006698608398466,0.8006698608398466
2026-12-02 22:22:33,51.6,53.8498,-2.24980010986328,2.24980010986328
2026-12-02 22:22:38,46.4,50.845184,-4.445184326171876,4.445184326171876
2026-12-02 22:22:43,56.0,57.708054,-1.7080535888671875,1.7080535888671875
2026-12-02 22:22:48,52.199999999999996,53.925255,-1.725254821777348,1.725254821777348
2026-12-02 22:22:52,55.8,55.12733,0.6726692199707003,0.6726692199707003
2026-12-02 22:22:57,55.5,57.871964,-2.3719635009765625,2.3719635009765625
2026-12-02 22:23:02,48.8,50.801407,-2.0014068603515653,2.0014068603515653
2026-12-02 22:23:06,56.1,57.16297,-1.0629714965820298,1.0629714965820298
2026-12-02 22:23:11,60.9,60.109818,0.7901824951171861,0.7901824951171861
2026-12-02 22:23:16,56.2,55.093163,1.106837463378909,1.106837463378909
2026-12-02 22:23:20,55.699999999999996,55.114952,0.585047912597652,0.585047912597652
2026-12-02 22:23:25,59.300000000000004,60.012775,-0.7127754211425739,0.7127754211425739
2026-12-02 22:23:30,57.400000000000006,58.015633,-0.6156326293945256,0.6156326293945256
2026-12-02 22:23:35,56.8,55.460407,1.339592742919919,1.339592742919919
2026-12-02 22:23:39,62.8,62.31867,0.48133163452148153,0.48133163452148153
2026-12-02 22:23:44,56.7,57.31121,-0.6112106323242159,0.6112106323242159
2026-12-02 22:23:49,60.5,59.836273,0.663726806640625,0.663726806640625
2026-12-02 22:23:53,57.0,57.953934,-0.9539337158203125,0.9539337158203125
2026-12-02 22:23:58,52.1,53.89485,-1.794851684570311,1.794851684570311
2026-12-02 22:24:03,56.0,55.392857,0.6071434020996094,0.6071434020996094
2026-12-02 22:24:08,55.300000000000004,55.128918,0.1710823059082074,0.1710823059082074
2026-12-02 22:24:12,59.6,59.91042,-0.3104194641113267,0.3104194641113267
2026-12-02 22:24:17,50.3,51.84153,-1.541529846191409,1.541529846191409
2026-12-02 22:24:22,59.2,59.512386,-0.31238632202148153,0.31238632202148153
2026-12-02 22:24:26,54.1,55.453163,-1.3531631469726548,1.3531631469726548
2026-12-02 22:24:31,50.8,52.449944,-1.6499435424804716,1.6499435424804716
2026-12-02 22:24:36,63.400000000000006,61.16535,2.2346481323242244,2.2346481323242244
2026-12-02 22:24:40,48.5,50.688824,-2.188823699951172,2.188823699951172
2026-12-02 22:24:45,54.400000000000006,55.07207,-0.6720710754394474,0.6720710754394474
2026-12-02 22:24:50,52.7,53.51255,-0.8125503540039034,0.8125503540039034
2026-12-02 22:24:55,50.1,51.917465,-1.817465209960936,1.817465209960936
2026-12-02 22:24:59,79.5,78.53407,0.9659271240234375,0.9659271240234375
2026-12-02 22:25:04,60.5,59.085396,1.4146041870117188,1.4146041870117188
2026-12-02 22:25:09,51.900000000000006,53.41318,-1.513181304931635,1.513181304931635
2026-12-02 22:25:13,48.6,50.60771,-2.007711791992186,2.007711791992186
2026-12-02 22:25:18,54.1,55.026093,-0.9260925292968736,0.9260925292968736
2026-12-02 22:25:23,55.7,55.37383,0.3261711120605497,0.3261711120605497
2026-12-02 22:25:28,51.099999999999994,53.51996,-2.4199584960937557,2.4199584960937557
2026-12-02 22:25:32,65.1,62.914886,2.1851135253906193,2.1851135253906193
2026-12-02 22:25:37,53.7,53.559155,0.14084548950195597,0.14084548950195597
2026-12-02 22:25:42,54.5,55.38912,-0.8891181945800781,0.8891181945800781
2026-12-02 22:25:46,59.099999999999994,60.144356,-1.044355773925787,1.044355773925787
2026-12-02 22:25:51,58.6,58.041004,0.5589958190917983,0.5589958190917983
2026-12-02 22:25:56,54.4,54.042133,0.35786666870117045,0.35786666870117045
2026-12-02 22:26:00,56.6,55.113132,1.4868675231933608,1.4868675231933608
2026-12-02 22:26:05,55.099999999999994,55.413754,-0.31375350952149006,0.31375350952149006
2026-12-02 22:26:10,59.4,57.93201,1.467989349365233,1.467989349365233
2026-12-02 22:26:15,56.3,57.624954,-1.3249542236328153,1.3249542236328153
2026-12-02 22:26:19,58.800000000000004,60.195824,-1.3958236694335895,1.3958236694335895
2026-12-02 22:26:24,69.7,69.52757,0.17242736816406534,0.17242736816406534
2026-12-02 22:26:29,57.400000000000006,57.61983,-0.21983108520507244,0.21983108520507244
2026-12-02 22:26:33,58.800000000000004,60.237816,-1.4378158569335895,1.4378158569335895
2026-12-02 22:26:38,65.1,64.70237,0.39763031005858807,0.39763031005858807
2026-12-02 22:26:43,59.900000000000006,60.069134,-0.1691337585449162,0.1691337585449162
2026-12-02 22:26:48,59.2,60.04874,-0.8487403869628878,0.8487403869628878
2026-12-02 22:26:52,55.4,55.169407,0.23059310913085795,0.23059310913085795
2026-12-02 22:26:57,57.5,57.73069,-0.23069000244140625,0.23069000244140625
2026-12-02 22:27:02,55.1,55.1821,-0.08209838867187358,0.08209838867187358
2026-12-02 22:27:06,71.9,73.225204,-1.3252044677734318,1.3252044677734318
2026-12-02 22:27:11,56.699999999999996,57.72452,-1.0245216369628949,1.0245216369628949
2026-12-02 22:27:16,59.8,60.211067,-0.4110671997070341,0.4110671997070341
2026-12-02 22:27:20,60.6,62.23468,-1.6346801757812486,1.6346801757812486
2026-12-02 22:27:25,64.2,64.9031,-0.7030990600585909,0.7030990600585909
2026-12-02 22:27:30,60.699999999999996,59.984608,0.7153923034667926,0.7153923034667926
2026-12-02 22:27:35,62.599999999999994,62.486317,0.11368331909179119,0.11368331909179119
2026-12-02 22:27:39,55.9,55.227276,0.6727241516113267,0.6727241516113267
2026-12-02 22:27:44,63.699999999999996,61.761246,1.9387542724609332,1.9387542724609332
2026-12-02 22:27:49,56.400000000000006,57.71313,-1.3131309509277287,1.3131309509277287
2026-12-02 22:27:53,61.900000000000006,61.909256,-0.009255981445306816,0.009255981445306816
2026-12-02 22:27:58,52.800000000000004,53.7737,-0.9737007141113239,0.9737007141113239
2026-12-02 22:28:03,72.6,69.789894,2.810105895996088,2.810105895996088
2026-12-02 22:28:08,64.8,63.794727,1.005272674560544,1.005272674560544
2026-12-02 22:28:12,62.099999999999994,62.390976,-0.2909759521484432,0.2909759521484432
2026-12-02 22:28:17,59.699999999999996,60.43235,-0.7323501586914105,0.7323501586914105
2026-12-02 22:28:22,56.900000000000006,57.597588,-0.6975875854492131,0.6975875854492131
2026-12-02 22:28:26,59.3,60.18917,-0.8891708374023466,0.8891708374023466
2026-12-02 22:28:31,61.8,62.176563,-0.37656326293945597,0.37656326293945597
2026-12-02 22:28:36,66.3,67.38231,-1.0823089599609403,1.0823089599609403
2026-12-02 22:28:40,60.9,62.434437,-1.5344367980957045,1.5344367980957045
2026-12-02 22:28:45,65.6,67.327515,-1.7275146484375057,1.7275146484375057
2026-12-02 22:28:50,79.0,79.32493,-0.32492828369140625,0.32492828369140625
2026-12-02 22:28:55,57.7,56.973747,0.7262527465820341,0.7262527465820341
2026-12-02 22:28:59,63.0,62.169674,0.8303260803222656,0.8303260803222656
2026-12-02 22:29:04,63.400000000000006,64.35362,-0.9536224365234318,0.9536224365234318
2026-12-02 22:29:09,52.8,53.3569,-0.5568992614746122,0.5568992614746122
2026-12-02 22:29:13,60.1,59.85524,0.24476013183593892,0.24476013183593892
2026-12-02 22:29:18,57.3,58.41867,-1.1186706542968778,1.1186706542968778
2026-12-02 22:29:23,69.8,70.284706,-0.4847061157226591,0.4847061157226591
2026-12-02 22:29:28,61.8,62.354946,-0.5549461364746122,0.5549461364746122
2026-12-02 22:29:32,60.8,62.26867,-1.4686691284179716,1.4686691284179716
2026-12-02 22:29:37,64.30000000000001,63.682922,0.6170776367187614,0.6170776367187614
2026-12-02 22:29:42,65.4,65.18184,0.21816101074219318,0.21816101074219318
2026-12-02 22:29:46,69.80000000000001,72.08986,-2.289859008789051,2.289859008789051
2026-12-02 22:29:51,60.4,62.19072,-1.790719604492189,1.790719604492189
2026-12-02 22:29:56,68.3,66.89839,1.4016082763671847,1.4016082763671847
2026-12-02 22:30:00,66.4,66.22616,0.17384185791016193,0.17384185791016193
2026-12-02 22:30:05,69.8,71.20307,-1.403071594238284,1.403071594238284
2026-12-02 22:30:10,56.1,57.916004,-1.8160041809082017,1.8160041809082017
2026-12-02 22:30:15,64.8,66.24903,-1.449031066894534,1.449031066894534
2026-12-02 22:30:19,61.7,62.421326,-0.7213256835937472,0.7213256835937472
2026-12-02 22:30:24,63.3,62.249855,1.050144958496091,1.050144958496091
2026-12-02 22:30:29,65.69999999999999,63.800472,1.8995277404785043,1.8995277404785043
2026-12-02 22:30:33,75.4,70.7415,4.658499145507818,4.658499145507818
2026-12-02 22:30:38,63.5,64.24798,-0.7479782104492188,0.7479782104492188
2026-12-02 22:30:43,59.400000000000006,60.158325,-0.7583251953124943,0.7583251953124943
2026-12-02 22:30:48,65.4,63.229668,2.170332336425787,2.170332336425787
2026-12-02 22:30:52,58.400000000000006,58.123592,0.2764076232910213,0.2764076232910213
2026-12-02 22:30:57,62.6,61.346394,1.2536064147949233,1.2536064147949233
2026-12-02 22:31:02,54.7,55.301273,-0.6012733459472628,0.6012733459472628
2026-12-02 22:31:06,56.6,57.494755,-0.8947547912597642,0.8947547912597642
2026-12-02 22:31:11,61.099999999999994,59.712143,1.3878570556640568,1.3878570556640568
2026-12-02 22:31:16,57.7,57.615715,0.08428497314453409,0.08428497314453409
2026-12-02 22:31:20,55.0,55.15998,-0.15998077392578125,0.15998077392578125
2026-12-02 22:31:25,53.5,53.5591,-0.059101104736328125,0.059101104736328125
2026-12-02 22:31:30,57.7,58.173805,-0.4738052368164034,0.4738052368164034
2026-12-02 22:31:35,62.099999999999994,61.584877,0.5151229858398381,0.5151229858398381
2026-12-02 22:31:39,57.2,57.963264,-0.7632644653320284,0.7632644653320284
2026-12-02 22:31:44,52.3,53.550926,-1.2509262084960966,1.2509262084960966
2026-12-02 22:31:49,58.5,59.718765,-1.2187652587890625,1.2187652587890625
2026-12-02 22:31:53,54.400000000000006,55.18309,-0.7830902099609318,0.7830902099609318
2026-12-02 22:31:58,48.3,50.845554,-2.5455543518066435,2.5455543518066435
2026-12-02 22:32:03,54.400000000000006,55.116596,-0.7165962219238224,0.7165962219238224
2026-12-02 22:32:08,54.5,55.380074,-0.8800735473632812,0.8800735473632812
2026-12-02 22:32:12,55.400000000000006,57.880505,-2.480504608154291,2.480504608154291
2026-12-02 22:32:17,57.099999999999994,57.76883,-0.6688293457031307,0.6688293457031307
2026-12-02 22:32:22,55.0,55.165897,-0.16589736938476562,0.16589736938476562
2026-12-02 22:32:26,51.8,52.268826,-0.4688255310058622,0.4688255310058622
2026-12-02 22:32:31,54.8,55.133106,-0.33310623168945597,0.33310623168945597
2026-12-02 22:32:36,57.2,57.29719,-0.09719161987304403,0.09719161987304403
2026-12-02 22:32:41,56.599999999999994,55.160633,1.4393669128417912,1.4393669128417912
2026-12-02 22:32:45,54.8,53.552536,1.2474639892578097,1.2474639892578097
2026-12-02 22:32:50,63.9,64.39439,-0.49438629150390767,0.49438629150390767
2026-12-02 22:32:55,53.6,53.399555,0.2004447937011733,0.2004447937011733
2026-12-02 22:32:59,58.0,59.635113,-1.6351127624511719,1.6351127624511719
2026-12-02 22:33:04,56.5,55.138695,1.3613052368164062,1.3613052368164062
2026-12-02 22:33:09,55.0,55.335697,-0.3356971740722656,0.3356971740722656
2026-12-02 22:33:13,51.6,53.517994,-1.9179939270019517,1.9179939270019517
2026-12-02 22:33:18,56.400000000000006,57.629837,-1.2298370361328068,1.2298370361328068
2026-12-02 22:33:23,54.0,55.16586,-1.1658592224121094,1.1658592224121094
2026-12-02 22:33:28,58.6,59.79261,-1.1926101684570298,1.1926101684570298
2026-12-02 22:33:32,60.2,59.661877,0.538123321533206,0.538123321533206
2026-12-02 22:33:37,57.800000000000004,57.581135,0.21886520385742614,0.21886520385742614
2026-12-02 22:33:42,60.099999999999994,59.716656,0.38334426879882244,0.38334426879882244
2026-12-02 22:33:46,54.099999999999994,55.175865,-1.0758651733398494,1.0758651733398494
2026-12-02 22:33:51,50.4,51.965717,-1.5657173156738295,1.5657173156738295
2026-12-02 22:33:56,54.9,55.14065,-0.2406517028808608,0.2406517028808608
2026-12-02 22:34:01,58.400000000000006,57.26044,1.13955917358399,1.13955917358399
2026-12-02 22:34:05,61.3,61.847183,-0.5471832275390653,0.5471832275390653
2026-12-02 22:34:10,57.0,55.170284,1.8297157287597656,1.8297157287597656
2026-12-02 22:34:15,55.099999999999994,55.367355,-0.2673553466796932,0.2673553466796932
2026-12-02 22:34:19,62.1,62.2536,-0.15360107421874858,0.15360107421874858
2026-12-02 22:34:24,57.6,57.695694,-0.09569396972656108,0.09569396972656108
2026-12-02 22:34:29,54.099999999999994,53.696686,0.4033142089843693,0.4033142089843693
2026-12-02 22:34:33,58.7,60.040115,-1.3401153564453097,1.3401153564453097
2026-12-02 22:34:38,54.099999999999994,55.141712,-1.0417121887207088,1.0417121887207088
2026-12-02 22:34:43,56.3,57.258694,-0.9586936950683622,0.9586936950683622
2026-12-02 22:34:48,54.1,55.274487,-1.1744865417480455,1.1744865417480455
2026-12-02 22:34:52,56.599999999999994,57.83216,-1.232160949707037,1.232160949707037
2026-12-02 22:34:57,61.5,61.32216,0.1778411865234375,0.1778411865234375
2026-12-02 22:35:02,60.3,62.084465,-1.7844650268554716,1.7844650268554716
2026-12-02 22:35:06,59.5,59.9401,-0.44010162353515625,0.44010162353515625
2026-12-02 22:35:11,61.1,62.131,-1.0310005187988267,1.0310005187988267
2026-12-02 22:35:16,53.4,55.188297,-1.788297271728517,1.788297271728517
2026-12-02 22:35:21,56.0,55.135113,0.8648872375488281,0.8648872375488281
2026-12-02 22:35:25,58.2,59.795834,-1.5958335876464815,1.5958335876464815
2026-12-02 22:35:30,57.6,57.7415,-0.14150085449218608,0.14150085449218608
2026-12-02 22:35:35,54.099999999999994,53.843403,0.2565971374511662,0.2565971374511662
2026-12-02 22:35:39,57.0,57.321785,-0.32178497314453125,0.32178497314453125
2026-12-02 22:35:44,57.099999999999994,55.158085,1.9419151306152287,1.9419151306152287
2026-12-02 22:35:49,55.699999999999996,55.158306,0.5416938781738239,0.5416938781738239
2026-12-02 22:35:53,57.900000000000006,57.73433,0.16567077636719318,0.16567077636719318
2026-12-02 22:35:58,55.8,57.34277,-1.5427696228027372,1.5427696228027372
2026-12-02 22:36:03,55.5,55.27964,0.22035980224609375,0.22035980224609375
2026-12-02 22:36:08,59.5,59.708138,-0.20813751220703125,0.20813751220703125
2026-12-02 22:36:12,62.4,63.541126,-1.1411262512207045,1.1411262512207045
2026-12-02 22:36:17,56.8,55.187176,1.6128242492675753,1.6128242492675753
2026-12-02 22:36:22,64.8,63.19225,1.607750701904294,1.607750701904294
2026-12-02 22:36:26,56.8,57.7807,-0.9807006835937528,0.9807006835937528
2026-12-02 22:36:31,62.400000000000006,62.276142,0.12385787963867756,0.12385787963867756
2026-12-02 22:36:36,51.0,51.782753,-0.7827529907226562,0.7827529907226562
2026-12-02 22:36:41,56.400000000000006,57.597706,-1.1977058410644474,1.1977058410644474
2026-12-02 22:36:45,54.400000000000006,53.794758,0.6052421569824276,0.6052421569824276
2026-12-02 22:36:50,52.2,52.165867,0.03413314819336222,0.03413314819336222
2026-12-02 22:36:55,57.6,57.585087,0.014913177490235796,0.014913177490235796
2026-12-02 22:36:59,65.9,63.738,2.162001037597662,2.162001037597662
2026-12-02 22:37:04,57.1,57.81938,-0.7193817138671861,0.7193817138671861
2026-12-02 22:37:09,58.3,59.71725,-1.4172508239746122,1.4172508239746122
2026-12-02 22:37:13,52.4,53.552856,-1.1528564453125014,1.1528564453125014
2026-12-02 22:37:18,56.9,55.14041,1.7595886230468736,1.7595886230468736
2026-12-02 22:37:23,62.2,62.02921,0.17079086303711222,0.17079086303711222
2026-12-02 22:37:28,72.4,71.18017,1.219831848144537,1.219831848144537
2026-12-02 22:37:32,59.7,60.37338,-0.6733787536621065,0.6733787536621065
2026-12-02 22:37:37,59.5,57.561146,1.9388542175292969,1.9388542175292969
2026-12-02 22:37:42,56.900000000000006,57.671165,-0.7711654663085881,0.7711654663085881
2026-12-02 22:37:46,61.6,61.485657,0.11434326171875142,0.11434326171875142
2026-12-02 22:37:51,56.1,55.153053,0.9469467163085952,0.9469467163085952
2026-12-02 22:37:56,59.0,60.2549,-1.2549018859863281,1.2549018859863281
2026-12-02 22:38:01,56.8,57.92098,-1.120978546142581,1.120978546142581
2026-12-02 22:38:05,54.599999999999994,55.160366,-0.5603660583496151,0.5603660583496151
2026-12-02 22:38:10,60.8,59.658928,1.1410720825195284,1.1410720825195284
2026-12-02 22:38:15,51.2,51.987656,-0.7876556396484347,0.7876556396484347
2026-12-02 22:38:19,57.3,57.06569,0.23431091308593466,0.23431091308593466
2026-12-02 22:38:24,56.199999999999996,55.143227,1.0567733764648395,1.0567733764648395
2026-12-02 22:38:29,52.1,52.203506,-0.10350646972656108,0.10350646972656108
2026-12-02 22:38:33,55.4,57.56556,-2.1655593872070327,2.1655593872070327
2026-12-02 22:38:38,53.0,53.80911,-0.8091087341308594,0.8091087341308594
2026-12-02 22:38:43,59.3,59.647923,-0.34792251586914347,0.34792251586914347
2026-12-02 22:38:48,53.5,53.728867,-0.2288665771484375,0.2288665771484375
2026-12-02 22:38:52,48.2,50.636326,-2.436325836181638,2.436325836181638
2026-12-02 22:38:57,59.2,59.65236,-0.45235900878905966,0.45235900878905966
2026-12-02 22:39:02,57.599999999999994,57.739464,-0.13946380615234943,0.13946380615234943
2026-12-02 22:39:06,56.5,57.351704,-0.8517036437988281,0.8517036437988281
2026-12-02 22:39:11,62.099999999999994,61.42137,0.6786285400390568,0.6786285400390568
2026-12-02 22:39:16,54.900000000000006,55.208553,-0.3085533142089787,0.3085533142089787
2026-12-02 22:39:21,54.3,55.438107,-1.1381065368652372,1.1381065368652372
2026-12-02 22:39:25,54.8,55.192844,-0.39284439086914347,0.39284439086914347
2026-12-02 22:39:30,62.0,61.4729,0.527099609375,0.527099609375
2026-12-02 22:39:35,65.19999999999999,64.69995,0.5000488281249886,0.5000488281249886
2026-12-02 22:39:39,59.9,60.122383,-0.22238311767578267,0.22238311767578267
2026-12-02 22:39:44,57.4,57.32664,0.0733589172363267,0.0733589172363267
2026-12-02 22:39:49,57.6,57.797794,-0.1977943420410142,0.1977943420410142
2026-12-02 22:39:53,56.2,55.34748,0.8525192260742216,0.8525192260742216
2026-12-02 22:39:58,55.4,55.118908,0.2810920715332017,0.2810920715332017
2026-12-02 22:40:03,57.599999999999994,57.79089,-0.19088973999024006,0.19088973999024006
2026-12-02 22:40:08,50.9,51.978477,-1.0784774780273452,1.0784774780273452
2026-12-02 22:40:12,53.599999999999994,53.815033,-0.21503295898438068,0.21503295898438068
2026-12-02 22:40:17,56.7,57.2105,-0.5104988098144503,0.5104988098144503
2026-12-02 22:40:22,54.5,53.666916,0.8330841064453125,0.8330841064453125
2026-12-02 22:40:26,55.300000000000004,55.29031,0.009690093994144888,0.009690093994144888
2026-12-02 22:40:31,57.6,57.681786,-0.08178558349609233,0.08178558349609233
2026-12-02 22:40:36,56.4,57.497845,-1.0978446960449233,1.0978446960449233
2026-12-02 22:40:41,61.4,61.910686,-0.5106864929199233,0.5106864929199233
2026-12-02 22:40:45,59.6,60.472588,-0.8725875854492173,0.8725875854492173
2026-12-02 22:40:50,53.3,55.161633,-1.8616325378417997,1.8616325378417997
2026-12-02 22:40:55,52.2,53.775307,-1.5753067016601534,1.5753067016601534
2026-12-02 22:40:59,55.300000000000004,55.30125,-0.0012504577636676117,0.0012504577636676117
2026-12-02 22:41:04,60.6,60.262363,0.3376365661621108,0.3376365661621108
2026-12-02 22:41:09,53.0,53.566322,-0.5663223266601562,0.5663223266601562
2026-12-02 22:41:13,58.900000000000006,59.6557,-0.7557006835937443,0.7557006835937443
2026-12-02 22:41:18,66.5,66.847755,-0.34775543212890625,0.34775543212890625
2026-12-02 22:41:23,62.9,62.24546,0.6545394897460923,0.6545394897460923
2026-12-02 22:41:28,62.0,62.21481,-0.21480941772460938,0.21480941772460938
2026-12-02 22:41:32,57.5,57.641148,-0.14114761352539062,0.14114761352539062
2026-12-02 22:41:37,57.099999999999994,57.320766,-0.22076644897461506,0.22076644897461506
2026-12-02 22:41:42,58.2,60.270134,-2.070133972167966,2.070133972167966
2026-12-02 22:41:46,62.0,62.049026,-0.0490264892578125,0.0490264892578125
2026-12-02 22:41:51,56.599999999999994,57.459194,-0.8591941833496151,0.8591941833496151
2026-12-02 22:41:56,58.599999999999994,56.797806,1.8021942138671818,1.8021942138671818
2026-12-02 22:42:01,60.599999999999994,59.845745,0.7542549133300724,0.7542549133300724
2026-12-02 22:42:05,62.4,62.37644,0.023561859130857954,0.023561859130857954
2026-12-02 22:42:10,62.599999999999994,62.429943,0.17005691528319744,0.17005691528319744
2026-12-02 22:42:15,55.7,55.11679,0.5832092285156278,0.5832092285156278
2026-12-02 22:42:19,59.8,60.246235,-0.44623489379883097,0.44623489379883097
2026-12-02 22:42:24,62.8,62.02649,0.7735107421874972,0.7735107421874972
2026-12-02 22:42:29,66.3,66.57897,-0.2789718627929716,0.2789718627929716
2026-12-02 22:42:33,65.0,65.38799,-0.38799285888671875,0.38799285888671875
2026-12-02 22:42:38,55.3,55.278473,0.021527099609372158,0.021527099609372158
2026-12-02 22:42:43,47.3,50.866863,-3.5668632507324247,3.5668632507324247
2026-12-02 22:42:48,66.3,66.5629,-0.26289672851562784,0.26289672851562784
2026-12-02 22:42:52,59.400000000000006,60.58902,-1.1890197753906193,1.1890197753906193
2026-12-02 22:42:57,59.8,60.32058,-0.5205795288085966,0.5205795288085966
2026-12-02 22:43:02,58.0,57.458385,0.5416145324707031,0.5416145324707031
2026-12-02 22:43:06,61.3,62.139202,-0.8392021179199247,0.8392021179199247
2026-12-02 22:43:11,56.3,55.10859,1.191410827636716,1.191410827636716
2026-12-02 22:43:16,69.3,70.80429,-1.5042907714843778,1.5042907714843778
2026-12-02 22:43:21,70.4,70.09172,0.3082794189453182,0.3082794189453182
2026-12-02 22:43:25,55.099999999999994,55.03848,0.06152114868163494,0.06152114868163494
2026-12-02 22:43:30,53.599999999999994,53.454487,0.1455131530761662,0.1455131530761662
2026-12-02 22:43:35,64.7,64.28559,0.4144088745117216,0.4144088745117216
2026-12-02 22:43:39,61.3,62.21711,-0.9171096801757841,0.9171096801757841
2026-12-02 22:43:44,63.6,61.58498,2.0150199890136733,2.0150199890136733
2026-12-02 22:43:49,59.0,57.509052,1.4909477233886719,1.4909477233886719
2026-12-02 22:43:53,60.0,60.032524,-0.03252410888671875,0.03252410888671875
2026-12-02 22:43:58,56.5,57.71388,-1.2138786315917969,1.2138786315917969
2026-12-02 22:44:03,59.2,57.906086,1.2939140319824247,1.2939140319824247
2026-12-02 22:44:08,61.3,61.75107,-0.45106811523437784,0.45106811523437784
2026-12-02 22:44:12,59.099999999999994,59.87335,-0.7733482360839901,0.7733482360839901
2026-12-02 22:44:17,57.199999999999996,56.981125,0.21887512207030824,0.21887512207030824
2026-12-02 22:44:22,59.1,60.518215,-1.418215179443358,1.418215179443358
2026-12-02 22:44:26,56.3,57.67857,-1.3785697937011747,1.3785697937011747
2026-12-02 22:44:31,56.0,55.149277,0.8507232666015625,0.8507232666015625
2026-12-02 22:44:36,65.1,64.92379,0.17621002197265057,0.17621002197265057
2026-12-02 22:44:41,55.9,55.020638,0.8793624877929673,0.8793624877929673
2026-12-02 22:44:45,60.599999999999994,60.01316,0.5868392944335881,0.5868392944335881
2026-12-02 22:44:50,61.4,62.12243,-0.7224288940429702,0.7224288940429702
2026-12-02 22:44:55,55.2,55.04228,0.15772171020508097,0.15772171020508097
2026-12-02 22:44:59,58.9,60.231647,-1.3316474914550795,1.3316474914550795
2026-12-02 22:45:04,51.0,51.978146,-0.9781455993652344,0.9781455993652344
2026-12-02 22:45:09,53.599999999999994,55.121246,-1.5212463378906307,1.5212463378906307
2026-12-02 22:45:13,61.3,60.1463,1.1536987304687472,1.1536987304687472
2026-12-02 22:45:18,55.099999999999994,55.129208,-0.02920761108399006,0.02920761108399006
2026-12-02 22:45:23,59.8,59.71263,0.08736877441405966,0.08736877441405966
2026-12-02 22:45:28,61.5,62.03367,-0.5336685180664062,0.5336685180664062
2026-12-02 22:45:32,64.9,65.32776,-0.4277587890624943,0.4277587890624943
2026-12-02 22:45:37,72.0,70.04386,1.9561386108398438,1.9561386108398438
2026-12-02 22:45:42,57.5,57.642433,-0.14243316650390625,0.14243316650390625
2026-12-02 22:45:46,63.5,63.65901,-0.1590118408203125,0.1590118408203125
2026-12-02 22:45:51,57.1,57.852787,-0.7527870178222642,0.7527870178222642
2026-12-02 22:45:56,66.9,66.208466,0.6915344238281307,0.6915344238281307
2026-12-02 22:46:01,62.800000000000004,62.396843,0.4031570434570355,0.4031570434570355
2026-12-02 22:46:05,61.300000000000004,62.142456,-0.8424560546874957,0.8424560546874957
2026-12-02 22:46:10,64.4,64.66354,-0.2635437011718693,0.2635437011718693
2026-12-02 22:46:15,58.599999999999994,60.62488,-2.0248817443847713,2.0248817443847713
2026-12-02 22:46:19,65.6,65.20954,0.39045867919921307,0.39045867919921307
2026-12-02 22:46:24,59.900000000000006,60.588367,-0.6883674621581974,0.6883674621581974
2026-12-02 22:46:29,57.1,57.814564,-0.7145637512207017,0.7145637512207017
2026-12-02 22:46:33,61.7,61.63833,0.06167144775390909,0.06167144775390909
2026-12-02 22:46:38,59.5,57.59209,1.9079093933105469,1.9079093933105469
2026-12-02 22:46:43,62.5,64.59265,-2.0926513671875,2.0926513671875
2026-12-02 22:46:48,55.4,55.118614,0.28138580322265483,0.28138580322265483
2026-12-02 22:46:52,60.0,60.046993,-0.046993255615234375,0.046993255615234375
2026-12-02 22:46:57,61.2,62.11943,-0.9194305419921847,0.9194305419921847
2026-12-02 22:47:02,63.1,64.62185,-1.5218490600585923,1.5218490600585923
2026-12-02 22:47:06,57.7,57.538612,0.1613876342773466,0.1613876342773466
2026-12-02 22:47:11,58.5,60.4102,-1.9101982116699219,1.9101982116699219
2026-12-02 22:47:16,58.1,57.597675,0.5023246765136733,0.5023246765136733
2026-12-02 22:47:21,57.2,57.504498,-0.30449752807616903,0.30449752807616903
2026-12-02 22:47:25,56.8,57.435646,-0.6356460571289091,0.6356460571289091
2026-12-02 22:47:30,58.7,57.543156,1.1568443298339872,1.1568443298339872
2026-12-02 22:47:35,57.400000000000006,57.556034,-0.15603408813475994,0.15603408813475994
2026-12-02 22:47:39,59.2,60.439228,-1.2392280578613253,1.2392280578613253
2026-12-02 22:47:44,66.8,67.32344,-0.5234405517578153,0.5234405517578153
2026-12-02 22:47:49,65.19999999999999,64.62296,0.5770370483398324,0.5770370483398324
2026-12-02 22:47:53,54.900000000000006,54.939823,-0.03982315063475994,0.03982315063475994
2026-12-02 22:47:58,59.0,59.832237,-0.8322372436523438,0.8322372436523438
2026-12-02 22:48:03,56.4,57.46368,-1.0636802673339858,1.0636802673339858
2026-12-02 22:48:08,65.2,63.734673,1.465327453613284,1.465327453613284
2026-12-02 22:48:12,66.0,64.942535,1.057464599609375,1.057464599609375
2026-12-02 22:48:17,53.3,53.39051,-0.09051055908203409,0.09051055908203409
2026-12-02 22:48:22,65.9,66.074265,-0.17426452636718182,0.17426452636718182
2026-12-02 22:48:26,62.400000000000006,62.221767,0.1782325744628963,0.1782325744628963
2026-12-02 22:48:31,63.300000000000004,62.228443,1.0715568542480511,1.0715568542480511
2026-12-02 22:48:36,56.699999999999996,57.607635,-0.9076354980468793,0.9076354980468793
2026-12-02 22:48:41,59.4,57.367577,2.032423400878905,2.032423400878905
2026-12-02 22:48:45,68.6,70.2469,-1.6469024658203182,1.6469024658203182
2026-12-02 22:48:50,69.5,70.19312,-0.6931228637695312,0.6931228637695312
2026-12-02 22:48:55,63.4,64.191284,-0.7912841796875014,0.7912841796875014
2026-12-02 22:48:59,73.9,73.93577,-0.035768127441400566,0.035768127441400566
2026-12-02 22:49:04,56.7,54.964348,1.735652160644534,1.735652160644534
2026-12-02 22:49:09,58.599999999999994,57.672188,0.9278121948242131,0.9278121948242131
2026-12-02 22:49:13,65.1,67.60423,-2.504232788085943,2.504232788085943
2026-12-02 22:49:18,69.2,69.65533,-0.4553268432617159,0.4553268432617159
2026-12-02 22:49:23,63.7,63.063988,0.6360122680664091,0.6360122680664091
2026-12-02 22:49:28,57.4,57.58003,-0.1800285339355483,0.1800285339355483
2026-12-02 22:49:32,61.7,62.0905,-0.39049987792968466,0.39049987792968466
2026-12-02 22:49:37,55.0,53.39861,1.6013908386230469,1.6013908386230469
2026-12-02 22:49:42,68.7,68.23415,0.4658462524414091,0.4658462524414091
2026-12-02 22:49:46,63.5,62.16539,1.3346099853515625,1.3346099853515625
2026-12-02 22:49:51,71.6,72.22594,-0.6259368896484432,0.6259368896484432
2026-12-02 22:49:56,58.300000000000004,57.548386,0.7516143798828168,0.7516143798828168
2026-12-02 22:50:01,63.5,61.971573,1.5284271240234375,1.5284271240234375
2026-12-02 22:50:05,52.400000000000006,53.21542,-0.8154197692871037,0.8154197692871037
2026-12-02 22:50:10,66.4,64.443375,1.9566253662109432,1.9566253662109432
2026-12-02 22:50:15,60.5,60.53128,-0.031280517578125,0.031280517578125
2026-12-02 22:50:19,62.1,61.777164,0.3228355407714858,0.3228355407714858
2026-12-02 22:50:24,64.8,65.10483,-0.30482788085937784,0.30482788085937784
2026-12-02 22:50:29,57.0,54.955944,2.044055938720703,2.044055938720703
2026-12-02 22:50:34,65.3,66.1255,-0.8255035400390653,0.8255035400390653
2026-12-02 22:50:38,62.6,63.431732,-0.8317321777343736,0.8317321777343736
2026-12-02 22:50:43,58.2,57.65085,0.5491516113281278,0.5491516113281278
2026-12-02 22:50:48,66.19999999999999,64.79012,1.4098770141601449,1.4098770141601449
2026-12-02 22:50:52,60.3,60.6051,-0.3050987243652372,0.3050987243652372
2026-12-02 22:50:57,58.400000000000006,57.674023,0.7259773254394588,0.7259773254394588
2026-12-02 22:51:02,55.900000000000006,55.11319,0.7868103027343807,0.7868103027343807
2026-12-02 22:51:06,60.2,59.657513,0.542487335205081,0.542487335205081
2026-12-02 22:51:11,59.2,59.72668,-0.5266807556152315,0.5266807556152315
2026-12-02 22:51:16,51.9,53.642925,-1.7429252624511733,1.7429252624511733
2026-12-02 22:51:21,50.6,51.91848,-1.3184799194335923,1.3184799194335923
2026-12-02 22:51:25,61.0,59.6199,1.3801002502441406,1.3801002502441406
2026-12-02 22:51:30,57.400000000000006,57.59937,-0.19936904907225994,0.19936904907225994
2026-12-02 22:51:35,59.300000000000004,59.91482,-0.6148216247558551,0.6148216247558551
2026-12-02 22:51:39,58.3,57.903496,0.3965042114257784,0.3965042114257784
2026-12-02 22:51:44,56.4,55.39498,1.0050186157226548,1.0050186157226548
2026-12-02 22:51:49,58.7,59.764725,-1.0647247314453097,1.0647247314453097
2026-12-02 22:51:54,59.8,59.964523,-0.16452331542969034,0.16452331542969034
2026-12-02 22:51:58,64.80000000000001,64.69443,0.10557250976563637,0.10557250976563637
2026-12-02 22:52:03,52.699999999999996,52.034355,0.665644836425777,0.665644836425777
2026-12-02 22:52:08,65.9,63.55657,2.3434318542480526,2.3434318542480526
2026-12-02 22:52:12,59.1,59.953648,-0.8536476135253892,0.8536476135253892
2026-12-02 22:52:17,61.0,60.367264,0.6327362060546875,0.6327362060546875
2026-12-02 22:52:22,56.8,57.5866,-0.7866012573242216,0.7866012573242216
2026-12-02 22:52:26,65.2,64.96581,0.2341873168945341,0.2341873168945341
2026-12-02 22:52:31,65.1,64.46351,0.6364913940429631,0.6364913940429631
2026-12-02 22:52:36,54.4,55.09718,-0.6971794128417983,0.6971794128417983
2026-12-02 22:52:41,61.0,62.00565,-1.0056495666503906,1.0056495666503906
2026-12-02 22:52:45,53.5,53.375103,0.12489700317382812,0.12489700317382812
2026-12-02 22:52:50,53.7,55.11874,-1.4187400817871065,1.4187400817871065
2026-12-02 22:52:55,62.9,61.97904,0.920961761474608,0.920961761474608
2026-12-02 22:52:59,65.2,64.91415,0.2858535766601591,0.2858535766601591
2026-12-02 22:53:04,59.0,57.798027,1.2019729614257812,1.2019729614257812
2026-12-02 22:53:09,65.3,63.858482,1.4415176391601534,1.4415176391601534
2026-12-02 22:53:14,63.900000000000006,64.6723,-0.7723022460937443,0.7723022460937443
2026-12-02 22:53:18,59.5,60.010746,-0.5107460021972656,0.5107460021972656
2026-12-02 22:53:23,61.8,61.91524,-0.11524124145508097,0.11524124145508097
2026-12-02 22:53:28,56.2,55.2001,0.9999000549316435,0.9999000549316435
2026-12-02 22:53:32,63.2,63.700764,-0.5007637023925753,0.5007637023925753
2026-12-02 22:53:37,65.6,66.47855,-0.8785537719726619,0.8785537719726619
2026-12-02 22:53:42,62.0,61.62019,0.3798103332519531,0.3798103332519531
2026-12-02 22:53:46,60.3,60.363716,-0.06371612548828409,0.06371612548828409
2026-12-02 22:53:51,52.0,52.062836,-0.062835693359375,0.062835693359375
2026-12-02 22:53:56,52.1,53.4959,-1.3958992004394517,1.3958992004394517
2026-12-02 22:54:01,52.3,52.355476,-0.05547637939453409,0.05547637939453409
2026-12-02 22:54:05,55.7,55.165028,0.5349723815917997,0.5349723815917997
2026-12-02 22:54:10,59.2,59.89921,-0.699211883544919,0.699211883544919
2026-12-02 22:54:15,58.6,57.621075,0.9789253234863295,0.9789253234863295
2026-12-02 22:54:19,60.9,61.972855,-1.072854614257814,1.072854614257814
2026-12-02 22:54:24,64.2,63.246685,0.953314971923831,0.953314971923831
2026-12-02 22:54:29,55.4,55.178074,0.22192611694335795,0.22192611694335795
2026-12-02 22:54:34,57.9,57.26404,0.635958099365233,0.635958099365233
2026-12-02 22:54:38,61.6,61.85601,-0.25601043701171733,0.25601043701171733
2026-12-02 22:54:43,63.8,63.672558,0.12744216918945028,0.12744216918945028
2026-12-02 22:54:48,60.099999999999994,59.67052,0.4294792175292912,0.4294792175292912
2026-12-02 22:54:52,55.5,55.15848,0.3415184020996094,0.3415184020996094
2026-12-02 22:54:57,60.8,59.871307,0.9286926269531222,0.9286926269531222
2026-12-02 22:55:02,56.3,57.61523,-1.3152305603027372,1.3152305603027372
2026-12-02 22:55:06,51.6,51.88077,-0.2807716369628892,0.2807716369628892
2026-12-02 22:55:11,64.5,63.605156,0.8948440551757812,0.8948440551757812
2026-12-02 22:55:16,66.5,67.167564,-0.6675643920898438,0.6675643920898438
2026-12-02 22:55:21,68.3,64.73573,3.5642669677734347,3.5642669677734347
2026-12-02 22:55:25,54.5,53.48828,1.01171875,1.01171875
2026-12-02 22:55:30,53.7,53.47066,0.22933883666992472,0.22933883666992472
2026-12-02 22:55:35,58.6,60.214115,-1.6141151428222642,1.6141151428222642
2026-12-02 22:55:39,71.6,73.57989,-1.9798873901367244,1.9798873901367244
2026-12-02 22:55:44,61.5,61.88633,-0.38632965087890625,0.38632965087890625
2026-12-02 22:55:49,59.400000000000006,60.03228,-0.6322799682617131,0.6322799682617131
2026-12-02 22:55:54,58.9,60.190334,-1.2903343200683608,1.2903343200683608
2026-12-02 22:55:58,55.800000000000004,57.668945,-1.8689453124999957,1.8689453124999957
2026-12-02 22:56:03,56.5,55.069252,1.4307479858398438,1.4307479858398438
2026-12-02 22:56:08,60.1,59.9758,0.12420043945312642,0.12420043945312642
2026-12-02 22:56:12,66.2,66.14204,0.05796356201172159,0.05796356201172159
2026-12-02 22:56:17,63.900000000000006,63.491215,0.40878524780274006,0.40878524780274006
2026-12-02 22:56:22,63.4,64.0225,-0.6224990844726577,0.6224990844726577
2026-12-02 22:56:26,69.0,68.58106,0.41893768310546875,0.41893768310546875
2026-12-02 22:56:31,67.1,69.01542,-1.915419006347662,1.915419006347662
2026-12-02 22:56:36,65.9,63.27571,2.624288940429693,2.624288940429693
2026-12-02 22:56:41,54.9,55.176777,-0.27677688598632955,0.27677688598632955
2026-12-02 22:56:45,59.3,60.222412,-0.9224121093750028,0.9224121093750028
2026-12-02 22:56:50,60.7,62.185234,-1.485234069824216,1.485234069824216
2026-12-02 22:56:55,56.0,57.591133,-1.5911331176757812,1.5911331176757812
2026-12-02 22:56:59,63.599999999999994,64.57421,-0.9742111206054744,0.9742111206054744
2026-12-02 22:57:04,70.1,68.93759,1.1624084472656193,1.1624084472656193
2026-12-02 22:57:09,56.7,57.438747,-0.7387474060058565,0.7387474060058565
2026-12-02 22:57:14,59.400000000000006,59.869564,-0.4695640563964787,0.4695640563964787
2026-12-02 23:06:55,56.4,55.17316,1.226839447021483,1.226839447021483
2026-12-02 23:07:00,55.400000000000006,55.080437,0.31956329345703693,0.31956329345703693
2026-12-02 23:07:04,62.8,61.39594,1.4040611267089815,1.4040611267089815
2026-12-02 23:07:09,62.4,61.956352,0.44364776611327983,0.44364776611327983
2026-12-02 23:07:14,70.69999999999999,69.01336,1.6866409301757699,1.6866409301757699
2026-12-02 23:07:18,54.8,55.287464,-0.48746414184570597,0.48746414184570597
2026-12-02 23:07:23,62.7,61.414757,1.285243225097659,1.285243225097659
2026-12-02 23:07:28,60.9,61.613117,-0.7131172180175795,0.7131172180175795
2026-12-02 23:07:33,61.3,59.767563,1.5324371337890597,1.5324371337890597
2026-12-02 23:07:37,54.2,55.13773,-0.9377296447753878,0.9377296447753878
2026-12-02 23:07:42,57.6,57.489563,0.11043701171875142,0.11043701171875142
2026-12-02 23:07:47,53.8,55.28422,-1.4842216491699247,1.4842216491699247
2026-12-02 23:07:51,64.6,63.12863,1.4713684082031193,1.4713684082031193
2026-12-02 23:07:56,62.5,61.65233,0.8476715087890625,0.8476715087890625
2026-12-02 23:08:01,55.6,57.42783,-1.8278297424316392,1.8278297424316392
2026-12-02 23:08:06,55.5,57.544487,-2.0444869995117188,2.0444869995117188
2026-12-02 23:08:10,55.900000000000006,55.350346,0.5496543884277401,0.5496543884277401
2026-12-02 23:08:15,59.099999999999994,57.738064,1.361936187744135,1.361936187744135
2026-12-02 23:08:20,76.6,72.391174,4.208825683593744,4.208825683593744
2026-12-02 23:08:24,51.099999999999994,53.09869,-1.99869003295899,1.99869003295899
2026-12-02 23:08:29,60.7,61.565002,-0.8650024414062472,0.8650024414062472
2026-12-02 23:08:34,55.2,55.008144,0.19185562133789347,0.19185562133789347
2026-12-02 23:08:39,55.5,55.0783,0.42169952392578125,0.42169952392578125
2026-12-02 23:08:43,57.5,58.234825,-0.7348251342773438,0.7348251342773438
2026-12-02 23:08:48,54.6,55.144417,-0.5444168090820298,0.5444168090820298
2026-12-02 23:08:53,53.4,53.519913,-0.11991271972656392,0.11991271972656392
2026-12-02 23:08:57,60.5,60.173782,0.3262176513671875,0.3262176513671875
2026-12-02 23:09:02,61.1,59.88741,1.2125907897949233,1.2125907897949233
2026-12-02 23:09:07,55.599999999999994,57.517124,-1.9171241760253963,1.9171241760253963
2026-12-02 23:09:11,51.400000000000006,52.031876,-0.6318756103515568,0.6318756103515568
2026-12-02 23:09:16,55.099999999999994,55.223885,-0.12388458251953693,0.12388458251953693
2026-12-02 23:09:21,56.900000000000006,55.03334,1.8666595458984432,1.8666595458984432
2026-12-02 23:09:26,58.8,60.423054,-1.623053741455081,1.623053741455081
2026-12-02 23:09:30,58.0,57.519726,0.4802742004394531,0.4802742004394531
2026-12-02 23:09:35,53.2,53.606113,-0.4061134338378878,0.4061134338378878
2026-12-02 23:09:40,51.599999999999994,53.579014,-1.9790138244628963,1.9790138244628963
2026-12-02 23:09:44,67.4,64.97026,2.429739379882818,2.429739379882818
2026-12-02 23:09:49,60.8,62.052277,-1.2522766113281278,1.2522766113281278
2026-12-02 23:09:54,54.6,55.174942,-0.5749420166015611,0.5749420166015611
2026-12-02 23:09:59,54.0,55.0738,-1.0737991333007812,1.0737991333007812
2026-12-02 23:10:03,51.9,53.515854,-1.615853881835939,1.615853881835939
2026-12-02 23:10:08,60.3,59.571667,0.7283332824707003,0.7283332824707003
2026-12-02 23:10:13,57.5,57.392757,0.10724258422851562,0.10724258422851562
2026-12-02 23:10:17,62.5,61.997807,0.5021934509277344,0.5021934509277344
2026-12-02 23:10:22,53.400000000000006,53.40865,-0.00864944458007244,0.00864944458007244
2026-12-02 23:10:27,59.0,59.640587,-0.6405868530273438,0.6405868530273438
2026-12-02 23:10:31,53.800000000000004,53.50189,0.2981117248535199,0.2981117248535199
2026-12-02 23:10:36,64.2,64.335396,-0.1353958129882784,0.1353958129882784
2026-12-02 23:10:41,57.7,57.65375,0.04624862670898722,0.04624862670898722
2026-12-02 23:10:46,57.6,58.11755,-0.517549896240233,0.517549896240233
2026-12-02 23:10:50,58.7,59.731625,-1.0316246032714815,1.0316246032714815
2026-12-02 23:10:55,55.8,55.208748,0.5912521362304659,0.5912521362304659
2026-12-02 23:11:00,56.699999999999996,55.071007,1.628993225097652,1.628993225097652
2026-12-02 23:11:04,52.9,53.7199,-0.8198982238769545,0.8198982238769545
2026-12-02 23:11:09,51.0,51.74325,-0.7432518005371094,0.7432518005371094
2026-12-02 23:11:14,65.1,66.380516,-1.2805160522460994,1.2805160522460994
2026-12-02 23:11:19,58.0,57.584465,0.41553497314453125,0.41553497314453125
2026-12-02 23:11:23,56.1,54.961407,1.1385932922363295,1.1385932922363295
2026-12-02 23:11:28,59.5,60.28634,-0.7863388061523438,0.7863388061523438
2026-12-02 23:11:33,52.2,53.315125,-1.1151245117187472,1.1151245117187472
2026-12-02 23:11:37,52.400000000000006,51.947845,0.4521545410156307,0.4521545410156307
2026-12-02 23:11:42,49.7,52.177906,-2.4779060363769503,2.4779060363769503
2026-12-02 23:11:47,58.8,57.08401,1.7159889221191378,1.7159889221191378
2026-12-02 23:11:51,54.4,55.084873,-0.684873199462892,0.684873199462892
2026-12-02 23:11:56,56.3,57.235893,-0.9358932495117216,0.9358932495117216
2026-12-02 23:12:01,75.9,77.275635,-1.3756347656249943,1.3756347656249943
2026-12-02 23:12:06,49.2,49.713703,-0.5137031555175753,0.5137031555175753
2026-12-02 23:12:10,53.3,53.47894,-0.17893905639648722,0.17893905639648722
2026-12-02 23:12:15,56.3,55.041164,1.2588356018066378,1.2588356018066378
2026-12-02 23:12:20,53.2,53.45423,-0.2542312622070284,0.2542312622070284
2026-12-02 23:12:24,57.3,57.249077,0.05092315673827841,0.05092315673827841
2026-12-02 23:12:29,57.0,57.071293,-0.07129287719726562,0.07129287719726562
2026-12-02 23:12:34,51.4,53.324738,-1.9247375488281264,1.9247375488281264
2026-12-02 23:12:39,63.2,64.33229,-1.1322906494140597,1.1322906494140597
2026-12-02 23:12:43,59.9,60.64545,-0.745450592041017,0.745450592041017
2026-12-02 23:12:48,64.9,63.96811,0.9318908691406307,0.9318908691406307
2026-12-02 23:12:53,58.300000000000004,57.54861,0.7513893127441449,0.7513893127441449
2026-12-02 23:12:57,52.7,53.39468,-0.6946800231933565,0.6946800231933565
2026-12-02 23:13:02,69.6,71.31911,-1.7191070556640682,1.7191070556640682
2026-12-02 23:13:07,51.0,51.497757,-0.4977569580078125,0.4977569580078125
2026-12-02 23:13:11,67.4,68.98087,-1.5808731079101506,1.5808731079101506
2026-12-02 23:13:16,62.2,61.70473,0.4952690124511747,0.4952690124511747
2026-12-02 23:13:21,58.2,57.369404,0.8305961608886747,0.8305961608886747
2026-12-02 23:13:26,59.6,59.641705,-0.041704559326170454,0.041704559326170454
2026-12-02 23:13:30,49.099999999999994,50.2974,-1.197401428222662,1.197401428222662
2026-12-02 23:13:35,52.7,53.64577,-0.9457710266113253,0.9457710266113253
2026-12-02 23:13:40,55.199999999999996,55.102055,0.09794540405273011,0.09794540405273011
2026-12-02 23:13:44,55.6,55.141186,0.45881423950195455,0.45881423950195455
2026-12-02 23:13:49,52.0,53.384678,-1.3846778869628906,1.3846778869628906
2026-12-02 23:13:54,53.8,55.085342,-1.2853424072265653,1.2853424072265653
2026-12-02 23:13:59,50.5,52.106438,-1.6064376831054688,1.6064376831054688
2026-12-02 23:14:03,58.099999999999994,57.88177,0.21822891235350994,0.21822891235350994
2026-12-02 23:14:08,60.0,59.60463,0.3953704833984375,0.3953704833984375
2026-12-02 23:14:13,55.9,55.084213,0.8157867431640611,0.8157867431640611
2026-12-02 23:14:17,60.7,61.758614,-1.0586135864257784,1.0586135864257784
2026-12-02 23:14:22,62.3,61.975883,0.3241165161132784,0.3241165161132784
2026-12-02 23:14:27,67.5,68.4543,-0.9542999267578125,0.9542999267578125
2026-12-02 23:14:31,52.800000000000004,52.87332,-0.07332153320312074,0.07332153320312074
2026-12-02 23:14:36,53.0,53.454746,-0.4547462463378906,0.4547462463378906
2026-12-02 23:14:41,67.2,66.17491,1.0250885009765653,1.0250885009765653
2026-12-02 23:14:46,54.800000000000004,55.067127,-0.26712722778319886,0.26712722778319886
2026-12-02 23:14:50,56.2,55.02162,1.1783782958984403,1.1783782958984403
2026-12-02 23:14:55,61.5,61.296417,0.203582763671875,0.203582763671875
2026-12-02 23:15:00,50.4,51.768303,-1.3683029174804702,1.3683029174804702
2026-12-02 23:15:04,57.2,56.815002,0.38499755859375284,0.38499755859375284
2026-12-02 23:15:09,52.9,53.55364,-0.6536384582519545,0.6536384582519545
2026-12-02 23:15:14,58.2,57.248463,0.9515373229980497,0.9515373229980497
2026-12-02 23:15:19,57.8,57.486774,0.31322555541991903,0.31322555541991903
2026-12-02 23:15:23,59.7,60.395508,-0.6955078124999972,0.6955078124999972
2026-12-02 23:15:28,57.1,57.60473,-0.5047286987304673,0.5047286987304673
2026-12-02 23:15:33,65.0,62.94635,2.05364990234375,2.05364990234375
2026-12-02 23:15:37,72.5,73.42922,-0.9292221069335938,0.9292221069335938
2026-12-02 23:15:42,58.8,60.838295,-2.038294982910159,2.038294982910159
2026-12-02 23:15:47,64.6,63.829407,0.7705932617187443,0.7705932617187443
2026-12-02 23:15:51,56.5,55.127388,1.3726119995117188,1.3726119995117188
2026-12-02 23:15:56,72.4,71.54138,0.8586181640625057,0.8586181640625057
2026-12-02 23:16:01,64.8,65.13897,-0.3389694213867216,0.3389694213867216
2026-12-02 23:16:06,59.6,60.609207,-1.009207153320311,1.009207153320311
2026-12-02 23:16:10,61.7,59.425312,2.2746879577636747,2.2746879577636747
2026-12-02 23:16:15,61.800000000000004,62.045982,-0.2459823608398395,0.2459823608398395
2026-12-02 23:16:20,59.400000000000006,60.027737,-0.6277366638183537,0.6277366638183537
2026-12-02 23:16:24,71.9,71.68993,0.21006622314453693,0.21006622314453693
2026-12-02 23:16:29,59.199999999999996,60.34721,-1.1472099304199261,1.1472099304199261
2026-12-02 23:16:34,55.7,55.080734,0.6192657470703153,0.6192657470703153
2026-12-02 23:16:39,61.699999999999996,61.42061,0.27939147949218324,0.27939147949218324
2026-12-02 23:16:43,61.7,61.969193,-0.26919250488280966,0.26919250488280966
2026-12-02 23:16:48,67.69999999999999,68.00962,-0.3096206665039176,0.3096206665039176
2026-12-02 23:16:53,64.4,63.917633,0.4823669433593807,0.4823669433593807
2026-12-02 23:16:57,55.099999999999994,54.962227,0.13777313232421307,0.13777313232421307
2026-12-02 23:17:02,54.900000000000006,55.118786,-0.2187858581542912,0.2187858581542912
2026-12-02 23:17:07,65.9,64.77627,1.123731994628912,1.123731994628912
2026-12-02 23:17:11,59.5,56.29142,3.2085800170898438,3.2085800170898438
2026-12-02 23:17:16,70.69999999999999,72.33436,-1.6343582153320426,1.6343582153320426
2026-12-02 23:17:21,70.7,71.79743,-1.0974319458007784,1.0974319458007784
2026-12-02 23:17:26,71.1,72.6544,-1.5544036865234432,1.5544036865234432
2026-12-02 23:17:30,64.69999999999999,63.965305,0.734694671630848,0.734694671630848
2026-12-02 23:17:35,72.3,71.9527,0.34730224609374716,0.34730224609374716
2026-12-02 23:17:40,73.5,74.03788,-0.5378799438476562,0.5378799438476562
2026-12-02 23:17:44,61.2,62.48351,-1.2835090637207003,1.2835090637207003
2026-12-02 23:17:49,68.1,68.99407,-0.8940719604492244,0.8940719604492244
2026-12-02 23:17:54,69.8,70.45729,-0.6572906494140653,0.6572906494140653
2026-12-02 23:17:59,70.6,72.14251,-1.5425094604492244,1.5425094604492244
2026-12-02 23:18:03,78.4,80.099594,-1.6995941162109318,1.6995941162109318
2026-12-02 23:18:08,63.3,61.29278,2.007218170166013,2.007218170166013
2026-12-02 23:18:13,55.2,54.80386,0.39614028930664347,0.39614028930664347
2026-12-02 23:18:17,66.9,67.85152,-0.9515167236328068,0.9515167236328068
2026-12-02 23:18:22,56.5,56.97439,-0.47438812255859375,0.47438812255859375
2026-12-02 23:18:27,61.2,59.391685,1.808314514160159,1.808314514160159
2026-12-02 23:18:32,66.0,65.22807,0.7719268798828125,0.7719268798828125
2026-12-02 23:18:36,74.9,74.86541,0.034590148925786934,0.034590148925786934
2026-12-02 23:18:41,63.5,65.30438,-1.80438232421875,1.80438232421875
2026-12-02 23:18:46,63.9,64.31554,-0.4155364990234389,0.4155364990234389
2026-12-02 23:18:50,63.4,64.52074,-1.120736694335939,1.120736694335939
2026-12-02 23:18:55,75.19999999999999,75.25038,-0.05038146972657387,0.05038146972657387
2026-12-02 23:19:00,76.6,77.804054,-1.204054260253912,1.204054260253912
2026-12-02 23:19:04,72.1,75.29672,-3.1967224121093807,3.1967224121093807
2026-12-02 23:19:09,62.8,62.249718,0.5502822875976534,0.5502822875976534
2026-12-02 23:19:14,71.8,75.021164,-3.2211639404296903,3.2211639404296903
2026-12-02 23:19:19,67.69999999999999,67.02469,0.6753112792968636,0.6753112792968636
2026-12-02 23:19:23,55.5,55.094604,0.4053955078125,0.4053955078125
2026-12-02 23:19:28,57.5,57.18658,0.3134193420410156,0.3134193420410156
2026-12-02 23:19:33,57.7,57.24639,0.4536087036132841,0.4536087036132841
2026-12-02 23:19:37,55.5,55.010582,0.48941802978515625,0.48941802978515625
2026-12-02 23:19:42,62.099999999999994,61.976357,0.12364349365233807,0.12364349365233807
2026-12-02 23:19:47,57.4,57.45489,-0.054891204833985796,0.054891204833985796
2026-12-02 23:19:51,51.5,51.81303,-0.3130302429199219,0.3130302429199219
2026-12-02 23:19:56,58.400000000000006,57.1572,1.242800140380865,1.242800140380865
2026-12-02 23:20:01,61.2,59.827103,1.3728973388671903,1.3728973388671903
2026-12-02 23:20:06,55.900000000000006,55.218277,0.6817230224609432,0.6817230224609432
2026-12-02 23:20:10,52.599999999999994,53.347584,-0.7475837707519588,0.7475837707519588
2026-12-02 23:20:15,74.8,77.25461,-2.454608154296878,2.454608154296878
2026-12-02 23:20:20,60.5,61.493484,-0.9934844970703125,0.9934844970703125
2026-12-02 23:20:24,61.099999999999994,60.569977,0.5300231933593693,0.5300231933593693
2026-12-02 23:20:29,54.3,54.871536,-0.5715362548828153,0.5715362548828153
2026-12-02 23:20:34,55.5,55.066826,0.43317413330078125,0.43317413330078125
2026-12-02 23:20:39,59.400000000000006,57.258915,2.14108505249024,2.14108505249024
2026-12-02 23:20:43,59.4,60.39059,-0.9905906677246108,0.9905906677246108
2026-12-02 23:20:48,63.199999999999996,64.592285,-1.3922851562500043,1.3922851562500043
2026-12-02 23:20:53,59.400000000000006,60.671803,-1.2718025207519474,1.2718025207519474
2026-12-02 23:20:57,58.9,60.60383,-1.7038284301757827,1.7038284301757827
2026-12-02 23:21:02,57.6,56.061676,1.5383239746093764,1.5383239746093764
2026-12-02 23:21:07,59.800000000000004,59.149757,0.650242614746098,0.650242614746098
2026-12-02 23:21:12,61.2,60.670853,0.5291473388671903,0.5291473388671903
2026-12-02 23:21:16,65.5,64.21566,1.2843399047851562,1.2843399047851562
2026-12-02 23:21:21,57.8,56.86652,0.9334800720214815,0.9334800720214815
2026-12-02 23:21:26,59.2,60.654156,-1.454155731201169,1.454155731201169
2026-12-02 23:21:30,60.3,60.39782,-0.09781951904297159,0.09781951904297159
2026-12-02 23:21:35,56.7,54.677357,2.0226432800292997,2.0226432800292997
2026-12-02 23:21:40,58.5,59.64634,-1.1463394165039062,1.1463394165039062
2026-12-02 23:21:44,62.5,62.176952,0.3230476379394531,0.3230476379394531
2026-12-02 23:21:49,66.5,66.38107,0.118927001953125,0.118927001953125
2026-12-02 23:21:54,61.1,61.91034,-0.8103393554687486,0.8103393554687486
2026-12-02 23:21:59,66.2,68.36405,-2.1640518188476534,2.1640518188476534
2026-12-02 23:22:03,65.2,68.39203,-3.192028808593747,3.192028808593747
2026-12-02 23:22:08,58.8,60.189266,-1.3892662048339872,1.3892662048339872
2026-12-02 23:22:13,65.2,66.3954,-1.1954010009765597,1.1954010009765597
2026-12-02 23:22:17,57.3,57.5319,-0.2318984985351591,0.2318984985351591
2026-12-02 23:22:22,59.7,60.47282,-0.772820281982419,0.772820281982419
2026-12-02 23:22:27,65.2,67.316795,-2.116795349121091,2.116795349121091
2026-12-02 23:22:32,59.2,60.262024,-1.0620239257812472,1.0620239257812472
2026-12-02 23:22:36,65.1,62.98771,2.112290954589838,2.112290954589838
2026-12-02 23:22:41,62.099999999999994,62.392914,-0.2929138183593807,0.2929138183593807
2026-12-02 23:22:46,61.2,61.824036,-0.6240356445312472,0.6240356445312472
2026-12-02 23:22:50,65.7,67.16622,-1.466221618652341,1.466221618652341
2026-12-02 23:22:55,55.7,54.596893,1.1031066894531278,1.1031066894531278
2026-12-02 23:23:00,57.0,57.286335,-0.2863349914550781,0.2863349914550781
2026-12-02 23:23:04,56.8,57.209194,-0.4091941833496122,0.4091941833496122
2026-12-02 23:23:09,63.3,64.10352,-0.8035232543945341,0.8035232543945341
2026-12-02 23:23:14,62.4,62.595764,-0.19576416015625142,0.19576416015625142
2026-12-02 23:23:19,80.4,82.72472,-2.324716186523432,2.324716186523432
2026-12-02 23:23:23,56.2,56.43967,-0.23967056274413778,0.23967056274413778
2026-12-02 23:23:28,67.5,68.13513,-0.6351318359375,0.6351318359375
2026-12-02 23:23:33,54.0,52.891315,1.1086845397949219,1.1086845397949219
2026-12-02 23:23:37,59.099999999999994,59.615135,-0.5151351928710994,0.5151351928710994
2026-12-02 23:23:42,57.400000000000006,57.323517,0.07648315429688068,0.07648315429688068
2026-12-02 23:23:47,64.1,64.02756,0.07244262695311932,0.07244262695311932
2026-12-02 23:23:52,66.5,64.710686,1.7893142700195312,1.7893142700195312
2026-12-02 23:23:56,63.2,61.83558,1.3644210815429716,1.3644210815429716
2026-12-02 23:24:01,58.0,57.089333,0.9106674194335938,0.9106674194335938
2026-12-02 23:24:06,62.400000000000006,61.909863,0.4901374816894588,0.4901374816894588
2026-12-02 23:24:10,59.8,60.68132,-0.8813201904296903,0.8813201904296903
2026-12-02 23:24:15,56.5,57.53392,-1.0339202880859375,1.0339202880859375
2026-12-02 23:24:20,62.5,61.897232,0.6027679443359375,0.6027679443359375
2026-12-02 23:24:24,59.5,59.939,-0.4389991760253906,0.4389991760253906
2026-12-02 23:24:29,55.8,57.225082,-1.4250823974609403,1.4250823974609403
2026-12-02 23:24:34,57.0,57.23237,-0.23236846923828125,0.23236846923828125
2026-12-02 23:24:39,60.3,59.72503,0.5749710083007784,0.5749710083007784
2026-12-02 23:24:43,59.1,60.579304,-1.4793037414550767,1.4793037414550767
2026-12-02 23:24:48,55.900000000000006,54.87845,1.0215515136718807,1.0215515136718807
2026-12-02 23:24:53,59.3,57.23124,2.068760681152341,2.068760681152341
2026-12-02 23:24:57,65.6,63.496235,2.103765106201166,2.103765106201166
2026-12-02 23:25:02,59.8,60.09371,-0.2937118530273466,0.2937118530273466
2026-12-02 23:25:07,55.3,54.981476,0.31852416992187216,0.31852416992187216
2026-12-02 23:25:12,56.7,55.069893,1.6301071166992216,1.6301071166992216
2026-12-02 23:25:16,63.800000000000004,63.426132,0.37386779785156676,0.37386779785156676
2026-12-02 23:25:21,67.0,68.484764,-1.4847640991210938,1.4847640991210938
2026-12-02 23:25:26,57.0,54.49848,2.5015182495117188,2.5015182495117188
2026-12-02 23:25:30,69.4,67.65808,1.7419189453125057,1.7419189453125057
2026-12-02 23:25:35,79.1,79.8824,-0.7824005126953182,0.7824005126953182
2026-12-02 23:25:40,64.4,63.32253,1.0774711608886776,1.0774711608886776
2026-12-02 23:25:44,61.599999999999994,61.5207,0.07930145263671307,0.07930145263671307
2026-12-02 23:25:49,57.8,59.8702,-2.0702011108398466,2.0702011108398466
2026-12-02 23:25:54,60.1,59.643143,0.4568572998046889,0.4568572998046889
2026-12-02 23:25:59,60.099999999999994,59.816204,0.28379592895507244,0.28379592895507244
2026-12-02 23:26:03,66.7,65.793205,0.9067947387695341,0.9067947387695341
2026-12-02 23:26:08,59.0,57.547626,1.4523735046386719,1.4523735046386719
2026-12-02 23:26:13,61.0,61.859356,-0.8593559265136719,0.8593559265136719
2026-12-02 23:26:17,67.9,69.38545,-1.4854522705078068,1.4854522705078068
2026-12-02 23:26:22,62.900000000000006,64.06881,-1.168809509277338,1.168809509277338
2026-12-02 23:26:27,67.1,66.601135,0.4988647460937443,0.4988647460937443
2026-12-02 23:26:32,64.4,63.842598,0.5574020385742244,0.5574020385742244
2026-12-02 23:26:36,59.5,60.6283,-1.1282997131347656,1.1282997131347656
2026-12-02 23:26:41,62.900000000000006,61.96393,0.9360717773437557,0.9360717773437557
2026-12-02 23:26:46,59.8,60.165295,-0.3652946472167997,0.3652946472167997
2026-12-02 23:26:50,62.3,62.12995,0.1700485229492159,0.1700485229492159
2026-12-02 23:26:55,53.5,53.285675,0.214324951171875,0.214324951171875
2026-12-02 23:27:00,60.2,60.385223,-0.18522338867187216,0.18522338867187216
2026-12-02 23:27:04,65.9,64.61267,1.2873291015625057,1.2873291015625057
2026-12-02 23:27:09,64.3,63.90632,0.3936813354492159,0.3936813354492159
2026-12-02 23:27:14,60.199999999999996,60.163254,0.03674621582030824,0.03674621582030824
2026-12-02 23:27:19,62.0,61.925007,0.07499313354492188,0.07499313354492188
2026-12-02 23:27:23,66.1,64.751785,1.3482147216796818,1.3482147216796818
2026-12-02 23:27:28,61.3,62.546158,-1.2461578369140653,1.2461578369140653
2026-12-02 23:27:33,63.5,61.96748,1.5325202941894531,1.5325202941894531
2026-12-02 23:27:37,63.4,64.10618,-0.7061782836914077,0.7061782836914077
2026-12-02 23:27:42,69.2,66.299736,2.900263977050784,2.900263977050784
2026-12-02 23:27:47,61.6,62.08209,-0.48208847045898295,0.48208847045898295
2026-12-02 23:27:52,58.1,57.65546,0.4445396423339858,0.4445396423339858
2026-12-02 23:27:56,66.6,66.37636,0.22364196777343182,0.22364196777343182
2026-12-02 23:28:01,78.9,82.246826,-3.3468261718749943,3.3468261718749943
2026-12-02 23:28:06,85.7,87.41809,-1.7180908203124972,1.7180908203124972
2026-12-02 23:28:10,59.7,59.29138,0.40861816406250284,0.40861816406250284
2026-12-02 23:28:15,64.8,63.77124,1.0287597656249972,1.0287597656249972
2026-12-02 23:28:20,66.7,67.13582,-0.43581848144530966,0.43581848144530966
2026-12-02 23:28:24,71.9,68.64311,3.256887817382818,3.256887817382818
2026-12-02 23:28:29,63.300000000000004,63.624672,-0.324671936035152,0.324671936035152
2026-12-02 23:28:34,63.0,62.421898,0.5781021118164062,0.5781021118164062
2026-12-02 23:28:39,62.6,62.347935,0.2520652770996108,0.2520652770996108
2026-12-02 23:28:43,53.2,54.869286,-1.669285583496091,1.669285583496091
2026-12-02 23:28:48,56.9,57.20007,-0.3000694274902358,0.3000694274902358
2026-12-02 23:28:53,61.099999999999994,61.95456,-0.8545593261718807,0.8545593261718807
2026-12-02 23:28:57,64.0,64.787346,-0.7873458862304688,0.7873458862304688
2026-12-02 23:29:02,71.4,73.17767,-1.7776733398437443,1.7776733398437443
2026-12-02 23:29:07,66.5,67.88009,-1.3800888061523438,1.3800888061523438
2026-12-02 23:29:12,82.0,84.95448,-2.9544830322265625,2.9544830322265625
2026-12-02 23:29:16,74.2,75.642296,-1.442295837402341,1.442295837402341
2026-12-02 23:29:21,74.0,74.28198,-0.281982421875,0.281982421875
2026-12-02 23:29:26,67.4,70.66553,-3.2655273437499943,3.2655273437499943
2026-12-02 23:29:30,67.0,69.45949,-2.4594879150390625,2.4594879150390625
2026-12-02 23:29:35,55.3,54.788685,0.511315155029294,0.511315155029294
2026-12-02 23:29:40,76.2,77.50046,-1.3004577636718722,1.3004577636718722
2026-12-02 23:29:44,68.5,69.39692,-0.8969192504882812,0.8969192504882812
2026-12-02 23:29:49,66.80000000000001,67.41374,-0.6137420654296761,0.6137420654296761
2026-12-02 23:29:54,68.4,69.11694,-0.7169433593749943,0.7169433593749943
2026-12-02 23:29:59,61.7,61.723034,-0.023033905029294033,0.023033905029294033
2026-12-02 23:30:03,73.5,75.551094,-2.0510940551757812,2.0510940551757812
2026-12-02 23:30:08,68.4,70.80906,-2.4090591430664006,2.4090591430664006
2026-12-02 23:30:13,69.8,72.496895,-2.696894836425784,2.696894836425784
2026-12-02 23:30:17,63.2,64.594406,-1.3944061279296847,1.3944061279296847
2026-12-02 23:30:22,64.5,64.5234,-0.02339935302734375,0.02339935302734375
2026-12-02 23:30:27,72.7,72.56002,0.1399795532226591,0.1399795532226591
2026-12-02 23:30:32,62.900000000000006,61.707542,1.192457580566412,1.192457580566412
2026-12-02 23:30:36,67.19999999999999,67.76165,-0.5616500854492301,0.5616500854492301
2026-12-02 23:30:41,73.30000000000001,74.174385,-0.8743850708007699,0.8743850708007699
2026-12-02 23:30:46,57.3,57.63031,-0.33031005859375284,0.33031005859375284
2026-12-02 23:30:50,63.900000000000006,64.37809,-0.47808990478515057,0.47808990478515057
2026-12-02 23:30:55,54.900000000000006,54.606995,0.2930053710937557,0.2930053710937557
2026-12-02 23:31:00,61.900000000000006,61.271374,0.6286262512207088,0.6286262512207088
2026-12-02 23:31:04,62.2,62.042835,0.15716476440429972,0.15716476440429972
2026-12-02 23:31:09,64.8,66.54093,-1.740931701660159,1.740931701660159
2026-12-02 23:31:14,72.1,72.43156,-0.33155670166016193,0.33155670166016193
2026-12-02 23:31:19,63.8,64.74364,-0.9436370849609403,0.9436370849609403
2026-12-02 23:31:23,57.0,54.613495,2.386505126953125,2.386505126953125
2026-12-02 23:31:28,60.1,60.2103,-0.1103004455566392,0.1103004455566392
2026-12-02 23:31:33,60.3,59.968327,0.33167343139648153,0.33167343139648153
2026-12-02 23:31:37,59.7,60.468834,-0.7688339233398409,0.7688339233398409
2026-12-02 23:31:42,55.5,55.081482,0.41851806640625,0.41851806640625
2026-12-02 23:31:47,60.7,61.801975,-1.1019752502441378,1.1019752502441378
2026-12-02 23:31:52,57.800000000000004,57.478363,0.32163696289062926,0.32163696289062926
2026-12-02 23:31:56,61.099999999999994,59.70189,1.3981109619140568,1.3981109619140568
2026-12-02 23:32:01,63.7,62.95161,0.748389434814456,0.748389434814456
2026-12-02 23:32:06,60.7,61.35058,-0.6505783081054659,0.6505783081054659
2026-12-02 23:32:10,56.9,57.852375,-0.9523750305175795,0.9523750305175795
2026-12-02 23:32:15,75.69999999999999,75.201805,0.4981948852538949,0.4981948852538949
2026-12-02 23:32:20,59.0,57.59087,1.4091300964355469,1.4091300964355469
2026-12-02 23:32:24,60.7,61.831455,-1.1314552307128878,1.1314552307128878
2026-12-02 23:32:29,53.7,54.981724,-1.2817237854003878,1.2817237854003878
2026-12-02 23:32:34,62.1,61.34998,0.7500205993652358,0.7500205993652358
2026-12-02 23:32:39,55.2,55.013573,0.1864273071289091,0.1864273071289091
2026-12-02 23:32:43,65.9,66.1833,-0.28329620361327557,0.28329620361327557
2026-12-02 23:32:48,57.3,57.472515,-0.17251510620117472,0.17251510620117472
2026-12-02 23:32:53,58.2,59.78212,-1.5821197509765597,1.5821197509765597
2026-12-02 23:32:57,65.7,65.626045,0.07395477294922159,0.07395477294922159
2026-12-02 23:33:02,64.6,64.21026,0.38974151611327557,0.38974151611327557
2026-12-02 23:33:07,77.69999999999999,80.447525,-2.747525024414074,2.747525024414074
2026-12-02 23:33:12,57.9,56.96334,0.9366592407226548,0.9366592407226548
2026-12-02 23:33:16,62.0,61.560974,0.43902587890625,0.43902587890625
2026-12-02 23:33:21,63.0,61.766815,1.233184814453125,1.233184814453125
2026-12-02 23:33:26,63.699999999999996,63.835293,-0.13529281616211364,0.13529281616211364
2026-12-02 23:33:30,69.1,70.05551,-0.9555114746093807,0.9555114746093807
2026-12-02 23:33:35,70.3,72.553215,-2.2532150268554716,2.2532150268554716
2026-12-02 23:33:40,58.5,60.649708,-2.149707794189453,2.149707794189453
2026-12-02 23:33:44,62.8,64.197556,-1.3975555419921903,1.3975555419921903
2026-12-02 23:33:49,61.7,62.43208,-0.732079315185544,0.732079315185544
2026-12-02 23:33:54,61.0,61.433918,-0.4339179992675781,0.4339179992675781
2026-12-02 23:33:59,70.30000000000001,71.1597,-0.8596984863281136,0.8596984863281136
2026-12-02 23:34:03,64.8,65.9738,-1.1738006591796903,1.1738006591796903
2026-12-02 23:34:08,61.1,60.473274,0.6267257690429702,0.6267257690429702
2026-12-02 23:34:13,61.5,62.15508,-0.6550788879394531,0.6550788879394531
2026-12-02 23:34:17,66.6,65.75541,0.8445907592773381,0.8445907592773381
2026-12-02 23:34:22,57.4,56.417946,0.9820541381835923,0.9820541381835923
2026-12-02 23:34:27,61.2,60.092865,1.1071350097656278,1.1071350097656278
2026-12-02 23:34:32,75.7,77.79731,-2.0973098754882784,2.0973098754882784
2026-12-02 23:34:36,66.6,68.28575,-1.6857513427734432,1.6857513427734432
2026-12-02 23:34:41,69.5,70.33452,-0.8345184326171875,0.8345184326171875
2026-12-02 23:34:46,72.9,73.9685,-1.068498229980463,1.068498229980463
2026-12-02 23:34:50,57.4,57.52679,-0.1267906188964858,0.1267906188964858
2026-12-02 23:34:55,54.5,54.884983,-0.3849830627441406,0.3849830627441406
2026-12-02 23:35:00,63.2,61.838985,1.3610145568847685,1.3610145568847685
2026-12-02 23:35:04,57.9,57.359146,0.5408538818359361,0.5408538818359361
2026-12-02 23:35:09,57.7,57.05417,0.6458312988281278,0.6458312988281278
2026-12-02 23:35:14,52.6,53.201534,-0.601534271240233,0.601534271240233
2026-12-02 23:35:19,65.1,64.027916,1.0720840454101506,1.0720840454101506
2026-12-02 23:35:23,62.3,61.87061,0.42939071655273153,0.42939071655273153
2026-12-02 23:35:28,59.8,60.165623,-0.36562271118164347,0.36562271118164347
2026-12-02 23:35:33,54.7,54.88075,-0.18074874877929403,0.18074874877929403
2026-12-02 23:35:37,55.6,55.01696,0.5830398559570327,0.5830398559570327
2026-12-02 23:35:42,59.6,60.090218,-0.49021759033202983,0.49021759033202983
2026-12-02 23:35:47,64.1,64.24167,-0.14166870117188068,0.14166870117188068
2026-12-02 23:35:52,69.69999999999999,68.278915,1.4210845947265511,1.4210845947265511
2026-12-02 23:35:56,59.7,57.417896,2.2821037292480497,2.2821037292480497
2026-12-02 23:36:01,60.8,59.904186,0.8958137512207003,0.8958137512207003
2026-12-02 23:36:06,57.8,57.23625,0.5637481689453097,0.5637481689453097
2026-12-02 23:36:10,64.5,65.28492,-0.7849197387695312,0.7849197387695312
2026-12-02 23:36:15,60.699999999999996,60.132652,0.567347717285152,0.567347717285152
2026-12-02 23:36:20,78.5,79.78064,-1.2806396484375,1.2806396484375
2026-12-02 23:36:24,71.2,73.16855,-1.9685485839843722,1.9685485839843722
2026-12-02 23:36:29,57.3,58.21528,-0.9152786254882841,0.9152786254882841
2026-12-02 23:36:34,63.6,61.64695,1.9530502319335952,1.9530502319335952
2026-12-02 23:36:39,57.4,57.210587,0.18941345214843608,0.18941345214843608
2026-12-02 23:36:43,67.4,68.75112,-1.351121520996088,1.351121520996088
2026-12-02 23:36:48,63.9,63.730873,0.16912689208984233,0.16912689208984233
2026-12-02 23:36:53,50.9,51.50667,-0.6066719055175795,0.6066719055175795
2026-12-02 23:36:57,60.699999999999996,59.9992,0.700801086425777,0.700801086425777
2026-12-02 23:37:02,64.2,64.14381,0.05619354248047159,0.05619354248047159
2026-12-02 23:37:07,69.3,70.91968,-1.6196777343750028,1.6196777343750028
2026-12-02 23:37:12,64.9,63.537872,1.3621276855468807,1.3621276855468807
2026-12-02 23:37:16,65.6,64.58871,1.0112930297851506,1.0112930297851506
2026-12-02 23:37:21,69.0,69.49396,-0.49395751953125,0.49395751953125
2026-12-02 23:37:26,51.900000000000006,51.294292,0.6057075500488338,0.6057075500488338
2026-12-02 23:37:30,51.6,53.364864,-1.764864349365233,1.764864349365233
2026-12-02 23:37:35,65.1,66.96492,-1.8649200439453182,1.8649200439453182
2026-12-02 23:37:40,60.8,62.193413,-1.3934127807617216,1.3934127807617216
2026-12-02 23:37:44,56.2,57.28317,-1.0831687927246065,1.0831687927246065
2026-12-02 23:37:49,61.5,61.22749,0.2725105285644531,0.2725105285644531
2026-12-02 23:37:54,55.599999999999994,55.140064,0.4599357604980412,0.4599357604980412
2026-12-02 23:37:59,59.900000000000006,59.911903,-0.011903381347650566,0.011903381347650566
2026-12-02 23:38:03,56.1,54.876457,1.2235427856445327,1.2235427856445327
2026-12-02 23:38:08,53.7,55.03595,-1.3359497070312472,1.3359497070312472
2026-12-02 23:38:13,62.1,61.403675,0.6963249206542983,0.6963249206542983
2026-12-02 23:38:17,60.5,60.000496,0.49950408935546875,0.49950408935546875
2026-12-02 23:38:22,56.099999999999994,54.874813,1.22518692016601,1.22518692016601
2026-12-02 23:38:27,55.599999999999994,55.24735,0.3526512145996037,0.3526512145996037
2026-12-02 23:38:32,57.2,54.848053,2.351947021484378,2.351947021484378
2026-12-02 23:38:36,61.6,61.90901,-0.3090118408203111,0.3090118408203111
2026-12-02 23:38:41,72.5,75.53587,-3.0358734130859375,3.0358734130859375
2026-12-02 23:38:46,68.3,70.06862,-1.7686187744140653,1.7686187744140653
2026-12-02 23:38:50,58.4,57.384518,1.0154823303222642,1.0154823303222642
2026-12-02 23:38:55,65.3,64.37258,0.9274185180664034,0.9274185180664034
2026-12-02 23:39:00,73.5,75.66829,-2.1682891845703125,2.1682891845703125
2026-12-02 23:39:04,66.3,66.81224,-0.5122406005859403,0.5122406005859403
2026-12-02 23:39:09,58.7,60.263733,-1.5637329101562472,1.5637329101562472
2026-12-02 23:39:14,68.30000000000001,67.787476,0.5125244140625114,0.5125244140625114
2026-12-02 23:39:19,58.3,57.275948,1.024052429199216,1.024052429199216
2026-12-02 23:39:23,58.6,56.85989,1.740110015869142,1.740110015869142
2026-12-02 23:39:28,68.2,70.36626,-2.1662567138671847,2.1662567138671847
2026-12-02 23:39:33,71.5,71.123116,0.37688446044921875,0.37688446044921875
2026-12-02 23:39:37,61.599999999999994,61.69614,-0.09614028930664631,0.09614028930664631
2026-12-02 23:39:42,56.3,57.354477,-1.0544769287109403,1.0544769287109403
2026-12-02 23:39:47,56.4,55.135593,1.264406585693358,1.264406585693358
2026-12-02 23:39:52,62.300000000000004,61.89718,0.4028213500976605,0.4028213500976605
2026-12-02 23:39:56,57.2,57.368965,-0.1689651489257784,0.1689651489257784
2026-12-02 23:40:01,64.7,64.131134,0.5688659667968778,0.5688659667968778
2026-12-02 23:40:06,58.599999999999994,60.44875,-1.8487495422363338,1.8487495422363338
2026-12-02 23:40:10,69.8,71.08237,-1.2823669433593778,1.2823669433593778
2026-12-02 23:40:15,72.7,75.81123,-3.1112335205078097,3.1112335205078097
2026-12-02 23:40:20,57.599999999999994,57.390003,0.2099967956542912,0.2099967956542912
2026-12-02 23:40:24,60.0,58.8077,1.1922988891601562,1.1922988891601562
2026-12-02 23:40:29,61.0,62.121098,-1.1210975646972656,1.1210975646972656
2026-12-02 23:40:34,58.8,56.641483,2.1585166931152315,2.1585166931152315
2026-12-02 23:40:39,58.0,56.78368,1.2163200378417969,1.2163200378417969
2026-12-02 23:40:43,61.0,60.67222,0.32778167724609375,0.32778167724609375
2026-12-02 23:40:48,56.199999999999996,54.767128,1.4328720092773395,1.4328720092773395
2026-12-02 23:40:53,52.5,53.27569,-0.7756881713867188,0.7756881713867188
2026-12-02 23:40:57,66.4,64.29362,2.1063827514648494,2.1063827514648494
2026-12-02 23:41:02,71.4,68.51699,2.883009338378912,2.883009338378912
2026-12-02 23:41:07,68.2,68.56103,-0.3610275268554659,0.3610275268554659
2026-12-02 23:41:12,60.0,60.58322,-0.583221435546875,0.583221435546875
2026-12-02 23:41:16,52.4,51.512833,0.8871673583984361,0.8871673583984361
2026-12-02 23:41:21,57.099999999999994,55.065025,2.0349746704101506,2.0349746704101506
2026-12-02 23:41:26,59.2,60.55461,-1.3546112060546847,1.3546112060546847
2026-12-02 23:41:30,59.7,60.437504,-0.7375038146972628,0.7375038146972628
2026-12-02 23:41:35,58.2,60.380962,-2.180962371826169,2.180962371826169
2026-12-02 23:41:40,58.2,56.210335,1.9896652221679716,1.9896652221679716
2026-12-02 23:41:44,60.1,60.482628,-0.38262786865234233,0.38262786865234233
2026-12-02 23:41:49,60.2,62.387085,-2.187084960937497,2.187084960937497
2026-12-02 23:41:54,60.099999999999994,60.194042,-0.09404220581055256,0.09404220581055256
2026-12-02 23:41:59,67.9,68.08481,-0.18480834960936932,0.18480834960936932
2026-12-02 23:42:03,68.5,70.24241,-1.7424087524414062,1.7424087524414062
2026-12-02 23:42:08,60.900000000000006,60.49736,0.4026397705078182,0.4026397705078182
2026-12-02 23:42:13,54.599999999999994,54.704056,-0.10405578613281818,0.10405578613281818
2026-12-02 23:42:17,48.5,50.1679,-1.6679000854492188,1.6679000854492188
2026-12-02 23:42:22,57.1,54.94909,2.1509109497070327,2.1509109497070327
2026-12-02 23:42:27,66.8,67.243515,-0.44351501464844034,0.44351501464844034
2026-12-02 23:42:32,69.19999999999999,73.42043,-4.220433044433605,4.220433044433605
2026-12-02 23:42:36,56.9,54.579422,2.320578002929686,2.320578002929686
2026-12-02 23:42:41,74.2,75.69844,-1.4984405517578097,1.4984405517578097
2026-12-02 23:42:46,69.7,69.30762,0.39238281250000284,0.39238281250000284
2026-12-02 23:42:50,61.4,61.734653,-0.33465347290039205,0.33465347290039205
2026-12-02 23:42:55,63.8,64.199844,-0.39984436035156534,0.39984436035156534
2026-12-02 23:43:00,53.1,53.06793,0.032071685791017046,0.032071685791017046
2026-12-02 23:43:04,55.099999999999994,53.394737,1.7052627563476506,1.7052627563476506
2026-12-02 23:43:09,55.0,54.926582,0.07341766357421875,0.07341766357421875
2026-12-02 23:43:14,57.199999999999996,56.752674,0.4473258972167926,0.4473258972167926
2026-12-02 23:43:19,52.400000000000006,53.008972,-0.6089721679687443,0.6089721679687443
2026-12-02 23:43:23,62.599999999999994,61.71676,0.8832412719726506,0.8832412719726506
2026-12-02 23:43:28,55.7,54.707504,0.9924957275390653,0.9924957275390653
2026-12-02 23:43:33,51.8,51.5748,0.22520141601562216,0.22520141601562216
2026-12-02 23:43:37,54.5,53.293648,1.2063522338867188,1.2063522338867188
2026-12-02 23:43:42,59.6,56.67463,2.92537078857422,2.92537078857422
2026-12-02 23:43:47,57.800000000000004,56.992493,0.8075073242187543,0.8075073242187543
2026-12-02 23:43:52,55.1,54.796867,0.30313262939453267,0.30313262939453267
2026-12-02 23:43:56,55.0,54.8994,0.1006011962890625,0.1006011962890625
2026-12-02 23:44:01,54.900000000000006,54.887585,0.01241531372070881,0.01241531372070881
2026-12-02 23:44:06,62.699999999999996,61.895084,0.8049156188964801,0.8049156188964801
2026-12-02 23:44:10,78.6,80.8884,-2.2883972167968807,2.2883972167968807
2026-12-02 23:44:15,60.3,59.72863,0.5713699340820284,0.5713699340820284
2026-12-02 23:44:20,56.7,56.97797,-0.2779701232910128,0.2779701232910128
2026-12-02 23:44:24,67.5,66.11287,1.3871307373046875,1.3871307373046875
2026-12-02 23:44:29,56.9,54.993286,1.9067138671874986,1.9067138671874986
2026-12-02 23:44:34,62.0,61.58403,0.4159698486328125,0.4159698486328125
2026-12-02 23:44:39,58.5,59.74752,-1.2475204467773438,1.2475204467773438
2026-12-02 23:44:43,57.699999999999996,57.09049,0.6095115661621051,0.6095115661621051
2026-12-02 23:44:48,65.1,62.965523,2.134477233886713,2.134477233886713
2026-12-02 23:44:53,60.5,60.258644,0.24135589599609375,0.24135589599609375
2026-12-02 23:44:57,52.2,51.534107,0.6658927917480497,0.6658927917480497
2026-12-02 23:45:02,57.8,59.548103,-1.748103332519534,1.748103332519534
2026-12-02 23:45:07,58.5,60.05028,-1.5502815246582031,1.5502815246582031
2026-12-02 23:45:12,54.0,53.12548,0.8745193481445312,0.8745193481445312
2026-12-02 23:45:16,57.3,56.795662,0.5043380737304659,0.5043380737304659
2026-12-02 23:45:21,61.4,59.873608,1.5263923645019517,1.5263923645019517
2026-12-02 23:45:26,55.2,54.798584,0.40141601562500284,0.40141601562500284
2026-12-02 23:45:30,60.5,58.71321,1.7867889404296875,1.7867889404296875
2026-12-02 23:45:35,56.2,54.618156,1.581843566894534,1.581843566894534
2026-12-02 23:45:40,56.9,54.871998,2.0280021667480455,2.0280021667480455
2026-12-02 23:45:44,56.3,56.944286,-0.6442863464355497,0.6442863464355497
2026-12-02 23:45:49,55.099999999999994,54.88806,0.21193847656249432,0.21193847656249432
2026-12-02 23:45:54,64.19999999999999,64.47011,-0.27010803222657387,0.27010803222657387
2026-12-02 23:45:59,68.6,68.50399,0.09600982666015057,0.09600982666015057
2026-12-02 23:46:03,53.599999999999994,54.847473,-1.2474731445312557,1.2474731445312557
2026-12-02 23:46:08,58.400000000000006,56.886993,1.5130065917968807,1.5130065917968807
2026-12-02 23:46:13,61.1,61.876163,-0.7761634826660142,0.7761634826660142
2026-12-02 23:46:17,53.8,52.901424,0.8985755920410128,0.8985755920410128
2026-12-02 23:46:22,59.4,59.614372,-0.21437225341797017,0.21437225341797017
2026-12-02 23:46:27,55.4,54.77244,0.6275581359863267,0.6275581359863267
2026-12-02 23:46:32,59.3,56.909325,2.3906753540039034,2.3906753540039034
2026-12-02 23:46:36,58.7,56.899876,1.8001243591308622,1.8001243591308622
2026-12-02 23:46:41,58.8,57.041252,1.7587478637695284,1.7587478637695284
2026-12-02 23:46:46,55.699999999999996,57.064087,-1.3640869140625043,1.3640869140625043
2026-12-02 23:46:50,58.5,57.075893,1.4241065979003906,1.4241065979003906
2026-12-02 23:46:55,65.4,64.8581,0.5418991088867244,0.5418991088867244
2026-12-02 23:47:00,64.19999999999999,63.626312,0.5736877441406136,0.5736877441406136
2026-12-02 23:47:04,55.4,54.852818,0.547182464599608,0.547182464599608
2026-12-02 23:47:09,60.800000000000004,58.651714,2.1482856750488324,2.1482856750488324
2026-12-02 23:47:14,61.3,61.79777,-0.4977714538574247,0.4977714538574247
2026-12-02 23:47:19,60.199999999999996,60.42051,-0.2205093383789105,0.2205093383789105
2026-12-02 23:47:23,55.0,53.07053,1.9294700622558594,1.9294700622558594
2026-12-02 23:47:28,65.4,64.537056,0.8629440307617244,0.8629440307617244
2026-12-02 23:47:33,74.9,73.087776,1.8122238159179744,1.8122238159179744
2026-12-02 23:47:37,56.099999999999994,55.21909,0.8809104919433537,0.8809104919433537
2026-12-02 23:47:42,63.400000000000006,63.874096,-0.4740959167480412,0.4740959167480412
2026-12-02 23:47:47,61.900000000000006,62.59532,-0.6953216552734318,0.6953216552734318
2026-12-02 23:47:52,62.7,61.702732,0.9972679138183622,0.9972679138183622
2026-12-02 23:47:56,57.900000000000006,60.61363,-2.713628387451166,2.713628387451166
2026-12-02 23:48:01,59.3,57.181664,2.1183364868164034,2.1183364868164034
2026-12-02 23:48:06,57.3,56.98474,0.31525878906249716,0.31525878906249716
2026-12-02 23:48:10,55.7,54.757835,0.9421646118164091,0.9421646118164091
2026-12-02 23:48:15,55.8,54.996185,0.8038146972656222,0.8038146972656222
2026-12-02 23:48:20,55.7,54.96276,0.7372390747070341,0.7372390747070341
2026-12-02 23:48:24,60.2,60.093056,0.10694427490234659,0.10694427490234659
2026-12-02 23:48:29,55.0,54.72953,0.27046966552734375,0.27046966552734375
2026-12-02 23:48:34,58.5,56.27615,2.2238502502441406,2.2238502502441406
2026-12-02 23:48:39,62.599999999999994,63.49673,-0.8967308044433651,0.8967308044433651
2026-12-02 23:48:43,55.4,54.870518,0.529482269287108,0.529482269287108
2026-12-02 23:48:48,59.0,59.8911,-0.8911018371582031,0.8911018371582031
2026-12-02 23:48:53,57.2,55.237667,1.9623329162597685,1.9623329162597685
2026-12-02 23:48:57,62.099999999999994,61.90604,0.1939598083496037,0.1939598083496037
2026-12-02 23:49:02,59.1,59.978558,-0.8785575866699205,0.8785575866699205
2026-12-02 23:49:07,52.900000000000006,53.207424,-0.3074241638183537,0.3074241638183537
2026-12-02 23:49:12,57.400000000000006,56.86396,0.5360397338867244,0.5360397338867244
2026-12-02 23:49:16,63.6,61.877056,1.7229438781738295,1.7229438781738295
2026-12-02 23:49:21,67.5,66.002304,1.4976959228515625,1.4976959228515625
2026-12-02 23:49:26,51.400000000000006,51.455627,-0.055627441406244316,0.055627441406244316
2026-12-02 23:49:30,58.099999999999994,56.81544,1.2845588684081974,1.2845588684081974
2026-12-02 23:49:35,64.2,64.17703,0.022967529296877842,0.022967529296877842
2026-12-02 23:49:40,59.0,59.97719,-0.9771881103515625,0.9771881103515625
2026-12-02 23:49:44,63.5,63.593903,-0.093902587890625,0.093902587890625
2026-12-02 23:49:49,65.6,64.25361,1.346391296386713,1.346391296386713
2026-12-02 23:49:54,61.8,62.415283,-0.6152832031250028,0.6152832031250028
2026-12-02 23:49:59,59.7,59.879982,-0.1799819946289034,0.1799819946289034
2026-12-02 23:50:03,66.7,66.88493,-0.18493347167968466,0.18493347167968466
2026-12-02 23:50:08,62.900000000000006,63.282135,-0.3821350097656193,0.3821350097656193
2026-12-02 23:50:13,57.9,57.28623,0.613771820068358,0.613771820068358
2026-12-02 23:50:17,56.0,56.938446,-0.938446044921875,0.938446044921875
2026-12-02 23:50:22,61.5,62.057064,-0.5570640563964844,0.5570640563964844
2026-12-02 23:50:27,62.400000000000006,61.84733,0.5526718139648494,0.5526718139648494
2026-12-02 23:50:32,68.4,70.27657,-1.876573181152338,1.876573181152338
2026-12-02 23:50:36,64.4,65.374825,-0.9748245239257756,0.9748245239257756
2026-12-02 23:50:41,71.5,73.1832,-1.683197021484375,1.683197021484375
2026-12-02 23:50:46,65.3,67.29532,-1.9953186035156278,1.9953186035156278
2026-12-02 23:50:50,60.8,60.03719,0.762810516357419,0.762810516357419
2026-12-02 23:50:55,56.0,54.845932,1.1540679931640625,1.1540679931640625
2026-12-02 23:51:00,61.1,61.216507,-0.11650695800781108,0.11650695800781108
2026-12-02 23:51:04,61.1,60.145325,0.9546752929687514,0.9546752929687514
2026-12-02 23:51:09,58.6,56.994545,1.6054550170898452,1.6054550170898452
2026-12-02 23:51:14,61.9,59.980457,1.9195426940917955,1.9195426940917955
2026-12-02 23:51:19,63.4,61.58651,1.8134902954101548,1.8134902954101548
2026-12-02 23:51:23,51.3,53.09106,-1.7910606384277372,1.7910606384277372
2026-12-02 23:51:28,58.0,56.86037,1.1396293640136719,1.1396293640136719
2026-12-02 23:51:33,55.7,54.97827,0.7217285156250028,0.7217285156250028
2026-12-02 23:51:37,54.4,54.941357,-0.5413566589355483,0.5413566589355483
2026-12-02 23:51:42,55.900000000000006,56.66433,-0.7643295288085881,0.7643295288085881
2026-12-02 23:51:47,65.6,64.15408,1.4459167480468693,1.4459167480468693
2026-12-02 23:51:52,57.8,57.077393,0.7226074218749972,0.7226074218749972
2026-12-02 23:51:56,58.9,59.931522,-1.031522369384767,1.031522369384767
2026-12-02 23:52:01,62.2,62.2209,-0.020901489257809658,0.020901489257809658
2026-12-02 23:52:06,62.6,63.793324,-1.1933235168457017,1.1933235168457017
2026-12-02 23:52:10,54.0,54.94066,-0.9406585693359375,0.9406585693359375
2026-12-02 23:52:15,59.300000000000004,59.72464,-0.42463989257812074,0.42463989257812074
2026-12-02 23:52:20,53.1,53.18935,-0.0893501281738267,0.0893501281738267
2026-12-02 23:52:24,58.4,56.90492,1.4950813293457017,1.4950813293457017
2026-12-02 23:52:29,60.9,60.23739,0.6626113891601548,0.6626113891601548
2026-12-02 23:52:34,57.7,57.11416,0.5858413696289091,0.5858413696289091
2026-12-02 23:52:39,55.0,55.138985,-0.13898468017578125,0.13898468017578125
2026-12-02 23:52:43,66.5,66.122955,0.377044677734375,0.377044677734375
2026-12-02 23:52:48,57.2,57.200397,-0.00039749145507528283,0.00039749145507528283
2026-12-02 23:52:53,66.6,66.03129,0.5687118530273381,0.5687118530273381
2026-12-02 23:52:57,58.3,57.29239,1.0076110839843722,1.0076110839843722
2026-12-02 23:53:02,57.8,56.949043,0.8509567260742159,0.8509567260742159
2026-12-02 23:53:07,57.1,56.98599,0.11401138305664205,0.11401138305664205
2026-12-02 23:53:12,54.3,54.950287,-0.6502868652343778,0.6502868652343778
2026-12-02 23:53:16,59.7,59.659214,0.04078598022461222,0.04078598022461222
2026-12-02 23:53:21,60.400000000000006,59.743156,0.6568435668945369,0.6568435668945369
2026-12-02 23:53:26,58.0,59.876625,-1.8766250610351562,1.8766250610351562
2026-12-02 23:53:30,55.0,54.959557,0.04044342041015625,0.04044342041015625
2026-12-02 23:53:35,59.300000000000004,59.857536,-0.5575363159179645,0.5575363159179645
2026-12-02 23:53:40,59.599999999999994,60.13053,-0.5305313110351619,0.5305313110351619
2026-12-02 23:53:44,59.8,59.883232,-0.08323211669922159,0.08323211669922159
2026-12-02 23:53:49,61.8,59.956036,1.8439643859863253,1.8439643859863253
2026-12-02 23:53:54,57.2,57.00976,0.19023818969726847,0.19023818969726847
2026-12-02 23:53:59,60.3,60.080696,0.2193038940429659,0.2193038940429659
2026-12-02 23:54:03,59.2,59.840008,-0.640007781982419,0.640007781982419
2026-12-02 23:54:08,53.2,54.745796,-1.5457962036132784,1.5457962036132784
2026-12-02 23:54:13,56.8,56.885628,-0.08562774658203409,0.08562774658203409
2026-12-02 23:54:17,60.6,59.98364,0.616361236572267,0.616361236572267
2026-12-02 23:54:22,62.099999999999994,62.896484,-0.7964843750000057,0.7964843750000057
2026-12-02 23:54:27,60.2,60.241177,-0.04117660522460653,0.04117660522460653
2026-12-02 23:54:32,74.1,74.54849,-0.4484924316406307,0.4484924316406307
2026-12-02 23:54:36,56.3,54.82482,1.4751785278320284,1.4751785278320284
2026-12-02 23:54:41,65.5,64.25462,1.2453765869140625,1.2453765869140625
2026-12-02 23:54:46,62.699999999999996,61.668438,1.0315620422363239,1.0315620422363239
2026-12-02 23:54:50,65.0,64.16232,0.837677001953125,0.837677001953125
2026-12-02 23:54:55,59.5,60.007484,-0.5074844360351562,0.5074844360351562
2026-12-02 23:55:00,62.8,64.27349,-1.4734909057617216,1.4734909057617216
2026-12-02 23:55:05,52.7,52.831394,-0.13139419555663778,0.13139419555663778
2026-12-02 23:55:09,59.2,59.639515,-0.4395149230957003,0.4395149230957003
2026-12-02 23:55:14,65.1,65.06002,0.039979553222650566,0.039979553222650566
2026-12-02 23:55:19,66.1,66.140686,-0.040686035156255684,0.040686035156255684
2026-12-02 23:55:23,52.0,51.395206,0.6047935485839844,0.6047935485839844
2026-12-02 23:55:28,58.900000000000006,59.998,-1.0980010986328068,1.0980010986328068
2026-12-02 23:55:33,63.6,64.847534,-1.2475341796874986,1.2475341796874986
2026-12-02 23:55:37,55.699999999999996,54.696045,1.0039550781249957,1.0039550781249957
2026-12-02 23:55:42,59.7,58.55696,1.1430389404296903,1.1430389404296903
2026-12-02 23:55:47,61.5,61.73275,-0.23274993896484375,0.23274993896484375
2026-12-02 23:55:52,53.599999999999994,52.798435,0.8015647888183537,0.8015647888183537
2026-12-02 23:55:56,50.900000000000006,51.567616,-0.6676155090331974,0.6676155090331974
2026-12-02 23:56:01,54.2,53.28755,0.9124481201171903,0.9124481201171903
2026-12-02 23:56:06,67.0,66.62039,0.379608154296875,0.379608154296875
2026-12-02 23:56:10,56.4,57.035244,-0.6352439880371108,0.6352439880371108
2026-12-02 23:56:15,60.599999999999994,59.7951,0.8048988342285099,0.8048988342285099
2026-12-02 23:56:20,58.2,57.392612,0.8073875427246122,0.8073875427246122
2026-12-02 23:56:25,59.3,56.18955,3.1104515075683565,3.1104515075683565
2026-12-02 23:56:29,63.3,63.382595,-0.08259506225586222,0.08259506225586222
2026-12-02 23:56:34,68.30000000000001,70.09955,-1.7995483398437386,1.7995483398437386
2026-12-02 23:56:39,62.4,61.79604,0.6039604187011705,0.6039604187011705
2026-12-02 23:56:43,62.9,61.756916,1.1430839538574205,1.1430839538574205
2026-12-02 23:56:48,59.0,60.08825,-1.0882492065429688,1.0882492065429688
2026-12-02 23:56:53,65.9,68.50811,-2.608110046386713,2.608110046386713
2026-12-02 23:56:57,64.0,63.548256,0.45174407958984375,0.45174407958984375
2026-12-02 23:57:02,60.0,59.850548,0.14945220947265625,0.14945220947265625
2026-12-02 23:57:07,59.7,59.869606,-0.1696060180664034,0.1696060180664034
2026-12-02 23:57:12,55.099999999999994,54.76414,0.33585891723632244,0.33585891723632244
2026-12-02 23:57:16,60.7,61.303215,-0.6032150268554659,0.6032150268554659
2026-12-02 23:57:21,58.9,56.896507,2.003492736816405,2.003492736816405
2026-12-02 23:57:26,60.5,58.692345,1.8076553344726562,1.8076553344726562
2026-12-02 23:57:30,65.8,66.999725,-1.1997253417968778,1.1997253417968778
2026-12-02 23:57:35,60.2,60.441486,-0.24148635864257528,0.24148635864257528
2026-12-02 23:57:40,58.2,57.561672,0.6383277893066435,0.6383277893066435
2026-12-02 23:57:45,59.099999999999994,59.624393,-0.5243934631347713,0.5243934631347713
2026-12-02 23:57:49,58.5,56.947056,1.5529441833496094,1.5529441833496094
2026-12-02 23:57:54,68.2,66.13575,2.0642501831054716,2.0642501831054716
2026-12-02 23:57:59,61.3,59.936195,1.363804626464841,1.363804626464841
2026-12-02 23:58:03,60.5,59.938873,0.561126708984375,0.561126708984375
2026-12-02 23:58:08,55.9,54.811527,1.088472747802733,1.088472747802733
2026-12-02 23:58:13,55.800000000000004,54.745174,1.0548255920410199,1.0548255920410199
2026-12-02 23:58:17,59.300000000000004,56.87708,2.4229209899902386,2.4229209899902386
2026-12-02 23:58:22,58.1,59.77908,-1.679079437255858,1.679079437255858
2026-12-02 23:58:27,55.2,54.95924,0.24076004028320597,0.24076004028320597
2026-12-02 23:58:32,60.9,59.690105,1.2098945617675767,1.2098945617675767
2026-12-02 23:58:36,66.1,66.24498,-0.14497985839844318,0.14497985839844318
2026-12-02 23:58:41,60.7,59.93386,0.7661392211914091,0.7661392211914091
2026-12-02 23:58:46,58.800000000000004,59.896057,-1.0960571289062457,1.0960571289062457
2026-12-02 23:58:50,61.5,61.823,-0.3230018615722656,0.3230018615722656
2026-12-02 23:58:55,59.9,59.89869,0.001310729980467329,0.001310729980467329
2026-12-02 23:59:00,66.6,65.09955,1.5004516601562443,1.5004516601562443
2026-12-02 23:59:05,59.0,57.07396,1.9260406494140625,1.9260406494140625
2026-12-02 23:59:09,61.5,62.092987,-0.592987060546875,0.592987060546875
2026-12-02 23:59:14,59.199999999999996,60.382095,-1.1820953369140668,1.1820953369140668
2026-12-02 23:59:19,59.800000000000004,60.25361,-0.453608703613277,0.453608703613277
2026-12-02 23:59:23,61.6,59.77459,1.8254104614257827,1.8254104614257827
2026-12-02 23:59:28,60.3,59.42403,0.875969696044919,0.875969696044919
2026-12-02 23:59:33,55.7,54.804543,0.8954574584960966,0.8954574584960966
2026-12-02 23:59:37,65.2,63.471024,1.7289764404296903,1.7289764404296903
2026-12-02 23:59:42,63.2,61.82768,1.372321319580081,1.372321319580081
2026-12-02 23:59:47,65.7,66.11846,-0.4184616088867159,0.4184616088867159
2026-12-02 23:59:52,60.5,60.40288,0.09711837768554688,0.09711837768554688
2026-12-02 23:59:56,64.2,63.700653,0.49934692382812784,0.49934692382812784
