Timestamp,Actual,Predicted,Error,Abs_Error
2026-12-02 21:34:36,60.1,61.7262840459987,-1.6262840459987018,1.6262840459987018
2026-12-02 21:34:41,56.2,55.14378015873015,1.0562198412698507,1.0562198412698507
2026-12-02 21:34:46,54.900000000000006,54.44129166666666,0.45870833333334815,0.45870833333334815
2026-12-02 21:34:51,52.7,53.20593110500612,-0.5059311050061197,0.5059311050061197
2026-12-02 21:34:55,65.8,66.15001587301586,-0.3500158730158631,0.3500158730158631
2026-12-02 21:35:00,56.9,57.14997178589716,-0.2499717858971593,0.2499717858971593
2026-12-02 21:35:05,56.3,56.99717189974714,-0.6971718997471399,0.6971718997471399
2026-12-02 21:35:09,54.400000000000006,55.34048174603175,-0.9404817460317432,0.9404817460317432
2026-12-02 21:35:14,56.099999999999994,57.315818768477826,-1.2158187684778312,1.2158187684778312
2026-12-02 21:35:19,54.3,55.2470876984127,-0.9470876984127017,0.9470876984127017
2026-12-02 21:35:24,51.7,52.90393639601141,-1.2039363960114073,1.2039363960114073
2026-12-02 21:35:28,52.9,54.445249999999994,-1.5452499999999958,1.5452499999999958
2026-12-02 21:35:33,60.9,59.8830195763931,1.0169804236068956,1.0169804236068956
2026-12-02 21:35:38,56.3,57.955725925925925,-1.6557259259259283,1.6557259259259283
2026-12-02 21:35:42,50.5,51.83416666666665,-1.334166666666647,1.334166666666647
2026-12-02 21:35:47,54.599999999999994,55.553915476190475,-0.9539154761904811,0.9539154761904811
2026-12-02 21:35:52,52.900000000000006,52.958356610056626,-0.058356610056620184,0.058356610056620184
2026-12-02 21:35:56,53.2,52.58175184130077,0.618248158699231,0.618248158699231
2026-12-02 21:36:01,53.900000000000006,58.74688888888889,-4.846888888888884,4.846888888888884
2026-12-02 21:36:06,56.0,58.530114814814816,-2.530114814814816,2.530114814814816
2026-12-02 21:36:11,54.9,55.02395436507936,-0.12395436507936353,0.12395436507936353
2026-12-02 21:36:15,63.3,64.65786806566635,-1.3578680656663522,1.3578680656663522
2026-12-02 21:36:20,54.5,55.28533187830688,-0.7853318783068772,0.7853318783068772
2026-12-02 21:36:25,61.599999999999994,62.04837197802198,-0.4483719780219886,0.4483719780219886
2026-12-02 21:36:29,59.3,59.85373413868267,-0.5537341386826711,0.5537341386826711
2026-12-02 21:36:34,59.0,58.48162962962963,0.5183703703703699,0.5183703703703699
2026-12-02 21:36:39,55.6,54.93398214285714,0.6660178571428617,0.6660178571428617
2026-12-02 21:36:44,58.199999999999996,58.32005925925926,-0.1200592592592642,0.1200592592592642
2026-12-02 21:36:48,55.0,58.710425925925925,-3.710425925925925,3.710425925925925
2026-12-02 21:36:53,56.7,55.207591666666666,1.4924083333333371,1.4924083333333371
2026-12-02 21:36:58,54.8,54.70556388888889,0.09443611111110783,0.09443611111110783
2026-12-02 21:37:02,52.4,52.891716157916164,-0.49171615791616574,0.49171615791616574
2026-12-02 21:37:07,53.2,54.862230555555556,-1.6622305555555528,1.6622305555555528
2026-12-02 21:37:12,54.900000000000006,54.887188888888886,0.012811111111119544,0.012811111111119544
2026-12-02 21:37:16,59.3,59.96066339923693,-0.6606633992369311,0.6606633992369311
2026-12-02 21:37:21,59.0,59.76931101828455,-0.7693110182845473,0.7693110182845473
2026-12-02 21:37:26,57.2,58.44261481481481,-1.2426148148148073,1.2426148148148073
2026-12-02 21:37:31,54.7,54.95446111111111,-0.25446111111110525,0.25446111111110525
2026-12-02 21:37:35,52.8,52.96035054945056,-0.1603505494505626,0.1603505494505626
2026-12-02 21:37:40,48.6,49.39877777777778,-0.7987777777777794,0.7987777777777794
2026-12-02 21:37:45,52.6,53.33697726902728,-0.7369772690272782,0.7369772690272782
2026-12-02 21:37:49,58.3,57.05894353946876,1.2410564605312402,1.2410564605312402
2026-12-02 21:37:54,53.8,53.285383095499284,0.5146169045007127,0.5146169045007127
2026-12-02 21:37:59,65.8,71.04799999999999,-5.2479999999999905,5.2479999999999905
2026-12-02 21:38:04,57.1,57.62463289241622,-0.5246328924162214,0.5246328924162214
2026-12-02 21:38:08,53.8,55.07145555555555,-1.271455555555555,1.271455555555555
2026-12-02 21:38:13,59.4,61.023407407407404,-1.6234074074074059,1.6234074074074059
2026-12-02 21:38:18,54.1,55.55827713220015,-1.458277132200152,1.458277132200152
2026-12-02 21:38:22,58.3,58.83073677248677,-0.530736772486776,0.530736772486776
2026-12-02 21:38:27,57.2,57.68751871382569,-0.48751871382568623,0.48751871382568623
2026-12-02 21:38:32,60.7,59.92813889133742,0.7718611086625842,0.7718611086625842
2026-12-02 21:38:36,57.5,58.29796402116402,-0.7979640211640202,0.7979640211640202
2026-12-02 21:38:41,55.7,55.03235075568689,0.667649244313111,0.667649244313111
2026-12-02 21:38:46,58.3,58.57499444444444,-0.2749944444444452,0.2749944444444452
2026-12-02 21:38:51,52.599999999999994,52.973576322751335,-0.37357632275134023,0.37357632275134023
2026-12-02 21:38:55,55.900000000000006,54.89669047619047,1.0033095238095342,1.0033095238095342
2026-12-02 21:39:00,55.7,55.28400254513012,0.41599745486988127,0.41599745486988127
2026-12-02 21:39:05,54.9,55.10831984126983,-0.20831984126983372,0.20831984126983372
2026-12-02 21:39:09,58.8,60.12557521612375,-1.3255752161237524,1.3255752161237524
2026-12-02 21:39:14,55.3,55.51103536709414,-0.21103536709414072,0.21103536709414072
2026-12-02 21:39:19,61.0,65.06928333333333,-4.069283333333331,4.069283333333331
2026-12-02 21:39:24,63.099999999999994,62.854197683355295,0.2458023166446992,0.2458023166446992
2026-12-02 21:39:28,61.0,62.58319984592946,-1.5831998459294567,1.5831998459294567
2026-12-02 21:39:33,55.5,56.01148148148149,-0.5114814814814892,0.5114814814814892
2026-12-02 21:39:38,51.3,53.13701227753729,-1.8370122775372906,1.8370122775372906
2026-12-02 21:39:42,53.0,53.01352913094532,-0.013529130945322265,0.013529130945322265
2026-12-02 21:39:47,61.3,60.24336296296296,1.056637037037035,1.056637037037035
2026-12-02 21:39:52,59.900000000000006,59.82663564180917,0.07336435819083675,0.07336435819083675
2026-12-02 21:39:56,50.7,51.8777222222222,-1.1777222222221937,1.1777222222221937
2026-12-02 21:40:01,55.7,58.667944444444444,-2.9679444444444414,2.9679444444444414
2026-12-02 21:40:06,58.4,57.726001045232906,0.673998954767093,0.673998954767093
2026-12-02 21:40:11,54.2,54.59181481481481,-0.39181481481480773,0.39181481481480773
2026-12-02 21:40:15,64.7,67.2302608711779,-2.5302608711779015,2.5302608711779015
2026-12-02 21:40:20,56.4,57.653577504636296,-1.2535775046362971,1.2535775046362971
2026-12-02 21:40:25,55.300000000000004,55.739469179894186,-0.4394691798941821,0.4394691798941821
2026-12-02 21:40:29,52.8,53.03798630351132,-0.23798630351132033,0.23798630351132033
2026-12-02 21:40:34,55.0,55.690330291005296,-0.6903302910052957,0.6903302910052957
2026-12-02 21:40:39,60.0,60.169854208427736,-0.16985420842773635,0.16985420842773635
2026-12-02 21:40:44,53.5,54.97854603174603,-1.4785460317460277,1.4785460317460277
2026-12-02 21:40:48,66.9,66.91982644785392,-0.019826447853915852,0.019826447853915852
2026-12-02 21:40:53,65.19999999999999,65.41077777777777,-0.2107777777777784,0.2107777777777784
2026-12-02 21:40:58,62.699999999999996,61.615766666666666,1.08423333333333,1.08423333333333
2026-12-02 21:41:02,61.099999999999994,61.993257142857146,-0.8932571428571521,0.8932571428571521
2026-12-02 21:41:07,54.2,55.577052513227514,-1.377052513227511,1.377052513227511
2026-12-02 21:41:12,53.400000000000006,53.017586768786785,0.3824132312132207,0.3824132312132207
2026-12-02 21:41:16,53.0,52.95266713830833,0.047332861691671724,0.047332861691671724
2026-12-02 21:41:21,60.099999999999994,59.83752763315116,0.2624723668488329,0.2624723668488329
2026-12-02 21:41:26,52.8,53.443807671957686,-0.6438076719576884,0.6438076719576884
2026-12-02 21:41:31,60.9,64.87199999999999,-3.971999999999987,3.971999999999987
2026-12-02 21:41:35,55.300000000000004,58.76833333333333,-3.4683333333333266,3.4683333333333266
2026-12-02 21:41:40,50.6,52.053833333333316,-1.4538333333333142,1.4538333333333142
2026-12-02 21:41:45,58.6,61.023296296296294,-2.423296296296293,2.423296296296293
2026-12-02 21:41:49,61.8,62.1775688034188,-0.3775688034188036,0.3775688034188036
2026-12-02 21:41:54,61.599999999999994,62.32367318089442,-0.7236731808944228,0.7236731808944228
2026-12-02 21:41:59,58.0,57.769152341803895,0.23084765819610453,0.23084765819610453
2026-12-02 21:42:04,59.5,59.781155326753854,-0.28115532675385424,0.28115532675385424
2026-12-02 21:42:08,51.599999999999994,51.14087507755663,0.45912492244336534,0.45912492244336534
2026-12-02 21:42:13,57.2,57.30282153551273,-0.10282153551272444,0.10282153551272444
2026-12-02 21:42:18,54.3,55.12869626479942,-0.8286962647994258,0.8286962647994258
2026-12-02 21:42:22,58.7,58.71290740740741,-0.012907407407404037,0.012907407407404037
2026-12-02 21:42:27,61.7,63.846444444444444,-2.146444444444441,2.146444444444441
2026-12-02 21:42:32,57.800000000000004,58.42130925925926,-0.621309259259256,0.621309259259256
2026-12-02 21:42:36,52.599999999999994,54.71447222222222,-2.1144722222222256,2.1144722222222256
2026-12-02 21:42:41,59.7,64.27366666666667,-4.573666666666668,4.573666666666668
2026-12-02 21:42:46,67.3,65.37677777777778,1.923222222222222,1.923222222222222
2026-12-02 21:42:51,65.9,65.2975736776393,0.6024263223606994,0.6024263223606994
2026-12-02 21:42:55,54.7,55.05306481481482,-0.35306481481481455,0.35306481481481455
2026-12-02 21:43:00,58.4,59.162962962962965,-0.7629629629629662,0.7629629629629662
2026-12-02 21:43:05,53.6,55.81115370370371,-2.211153703703708,2.211153703703708
2026-12-02 21:43:09,60.4,60.501506196254724,-0.10150619625472501,0.10150619625472501
2026-12-02 21:43:14,53.0,53.20642669552671,-0.20642669552670867,0.20642669552670867
2026-12-02 21:43:19,56.9,57.232207037335726,-0.33220703733572776,0.33220703733572776
2026-12-02 21:43:24,56.0,57.45611267322957,-1.456112673229569,1.456112673229569
2026-12-02 21:43:28,57.7,57.467462021700335,0.2325379782996677,0.2325379782996677
2026-12-02 21:43:33,56.099999999999994,55.44614695021921,0.6538530497807855,0.6538530497807855
2026-12-02 21:43:38,62.0,62.498812794332,-0.49881279433199666,0.49881279433199666
2026-12-02 21:43:42,55.8,55.09144801587301,0.7085519841269843,0.7085519841269843
2026-12-02 21:43:47,54.7,55.07971825396825,-0.37971825396824954,0.37971825396824954
2026-12-02 21:43:52,58.6,57.71320021174062,0.8867997882593812,0.8867997882593812
2026-12-02 21:43:57,56.599999999999994,55.31956917989418,1.2804308201058134,1.2804308201058134
2026-12-02 21:44:01,62.599999999999994,63.540190476190475,-0.9401904761904802,0.9401904761904802
2026-12-02 21:44:06,54.8,55.721528926086265,-0.9215289260862676,0.9215289260862676
2026-12-02 21:44:11,53.7,55.4029615079365,-1.7029615079365001,1.7029615079365001
2026-12-02 21:44:15,55.6,55.08893769841269,0.5110623015873088,0.5110623015873088
2026-12-02 21:44:20,53.7,55.433893557368556,-1.7338935573685532,1.7338935573685532
2026-12-02 21:44:25,56.400000000000006,54.92007936507936,1.4799206349206457,1.4799206349206457
2026-12-02 21:44:29,56.2,54.9128,1.2872000000000057,1.2872000000000057
2026-12-02 21:44:34,58.4,58.35086481481481,0.049135185185186,0.049135185185186
2026-12-02 21:44:39,55.0,54.887254365079365,0.1127456349206355,0.1127456349206355
2026-12-02 21:44:44,58.3,57.73158774456753,0.5684122554324702,0.5684122554324702
2026-12-02 21:44:48,52.8,54.54591666666666,-1.7459166666666661,1.7459166666666661
2026-12-02 21:44:53,54.0,52.68345164766038,1.3165483523396233,1.3165483523396233
2026-12-02 21:44:58,53.7,53.343131820848015,0.3568681791519879,0.3568681791519879
2026-12-02 21:45:02,58.199999999999996,59.74969629629629,-1.5496962962962968,1.5496962962962968
2026-12-02 21:45:07,59.7,60.219137625936156,-0.5191376259361533,0.5191376259361533
2026-12-02 21:45:12,55.3,55.2146879034848,0.08531209651519589,0.08531209651519589
2026-12-02 21:45:17,53.2,53.16633792955412,0.033662070445885206,0.033662070445885206
2026-12-02 21:45:21,53.4,54.626916666666666,-1.2269166666666678,1.2269166666666678
2026-12-02 21:45:26,64.30000000000001,63.939499999999995,0.36050000000001603,0.36050000000001603
2026-12-02 21:45:31,55.5,55.3493003968254,0.1506996031746013,0.1506996031746013
2026-12-02 21:45:35,60.3,64.55566666666667,-4.25566666666667,4.25566666666667
2026-12-02 21:45:40,55.400000000000006,58.74357936507936,-3.343579365079357,3.343579365079357
2026-12-02 21:45:45,56.4,55.74135158730159,0.6586484126984118,0.6586484126984118
2026-12-02 21:45:49,57.5,58.3632455026455,-0.8632455026454977,0.8632455026454977
2026-12-02 21:45:54,56.6,58.31464259259259,-1.7146425925925897,1.7146425925925897
2026-12-02 21:45:59,53.0,54.638,-1.6379999999999981,1.6379999999999981
2026-12-02 21:46:04,57.4,61.112388888888894,-3.7123888888888956,3.7123888888888956
2026-12-02 21:46:08,53.7,58.58250925925926,-4.882509259259258,4.882509259259258
2026-12-02 21:46:13,56.800000000000004,55.31112936507937,1.4888706349206373,1.4888706349206373
2026-12-02 21:46:18,61.2,63.53073333333333,-2.3307333333333276,2.3307333333333276
2026-12-02 21:46:22,56.800000000000004,58.54180925925926,-1.7418092592592558,1.7418092592592558
2026-12-02 21:46:27,56.5,57.78255886358261,-1.282558863582608,1.282558863582608
2026-12-02 21:46:32,53.1,53.15149700207202,-0.05149700207201846,0.05149700207201846
2026-12-02 21:46:37,57.3,58.513327777777775,-1.2133277777777778,1.2133277777777778
2026-12-02 21:46:41,56.599999999999994,60.533537037037036,-3.9335370370370413,3.9335370370370413
2026-12-02 21:46:46,56.1,58.64292592592592,-2.542925925925921,2.542925925925921
2026-12-02 21:46:51,51.8,53.62361322751324,-1.823613227513242,1.823613227513242
2026-12-02 21:46:55,52.0,54.69525,-2.6952500000000015,2.6952500000000015
2026-12-02 21:47:00,56.4,55.698722619047615,0.7012773809523836,0.7012773809523836
2026-12-02 21:47:05,53.400000000000006,55.109032142857146,-1.70903214285714,1.70903214285714
2026-12-02 21:47:09,59.400000000000006,60.37829850857204,-0.9782985085720313,0.9782985085720313
2026-12-02 21:47:14,57.5,57.817328054456745,-0.3173280544567447,0.3173280544567447
2026-12-02 21:47:19,54.7,55.35103214285715,-0.6510321428571473,0.6510321428571473
2026-12-02 21:47:24,63.7,64.7911820368401,-1.0911820368400953,1.0911820368400953
2026-12-02 21:47:28,53.9,55.545101515895006,-1.645101515895007,1.645101515895007
2026-12-02 21:47:33,55.1,55.414005952380954,-0.31400595238095264,0.31400595238095264
2026-12-02 21:47:38,62.5,62.63137274705139,-0.1313727470513868,0.1313727470513868
2026-12-02 21:47:42,61.5,62.486507514448945,-0.9865075144489452,0.9865075144489452
2026-12-02 21:47:47,53.2,54.651800925925926,-1.451800925925923,1.451800925925923
2026-12-02 21:47:52,56.0,55.73625806878307,0.26374193121692713,0.26374193121692713
2026-12-02 21:47:57,57.0,58.51428148148148,-1.5142814814814827,1.5142814814814827
2026-12-02 21:48:01,59.7,60.84001891621665,-1.140018916216647,1.140018916216647
2026-12-02 21:48:06,53.5,53.571192255892264,-0.07119225589226374,0.07119225589226374
2026-12-02 21:48:11,57.099999999999994,57.903967991448646,-0.8039679914486513,0.8039679914486513
2026-12-02 21:48:15,60.8,60.338486772486775,0.46151322751322255,0.46151322751322255
2026-12-02 21:48:20,56.800000000000004,58.504697883597885,-1.7046978835978805,1.7046978835978805
2026-12-02 21:48:25,56.599999999999994,59.000537037037034,-2.40053703703704,2.40053703703704
2026-12-02 21:48:29,61.4,62.44262037037037,-1.042620370370372,1.042620370370372
2026-12-02 21:48:34,59.3,58.56153148148148,0.7384685185185162,0.7384685185185162
2026-12-02 21:48:39,53.9,58.80475925925926,-4.904759259259258,4.904759259259258
2026-12-02 21:48:44,53.9,53.31635674603176,0.5836432539682406,0.5836432539682406
2026-12-02 21:48:48,57.2,58.88267222222222,-1.682672222222216,1.682672222222216
2026-12-02 21:48:53,55.099999999999994,55.078065476190474,0.0219345238095201,0.0219345238095201
2026-12-02 21:48:58,57.5,58.569642592592594,-1.0696425925925936,1.0696425925925936
2026-12-02 21:49:02,60.6,63.85177777777778,-3.251777777777775,3.251777777777775
2026-12-02 21:49:07,60.3,62.82648148148148,-2.5264814814814827,2.5264814814814827
2026-12-02 21:49:12,56.3,55.02192103174603,1.2780789682539648,1.2780789682539648
2026-12-02 21:49:17,56.400000000000006,55.01797658730159,1.382023412698416,1.382023412698416
2026-12-02 21:49:21,53.0,53.08113703703705,-0.08113703703705255,0.08113703703705255
2026-12-02 21:49:26,60.699999999999996,60.1377139410436,0.5622860589563956,0.5622860589563956
2026-12-02 21:49:31,57.9,58.38290740740741,-0.48290740740741,0.48290740740741
2026-12-02 21:49:35,56.900000000000006,57.925042905543734,-1.025042905543728,1.025042905543728
2026-12-02 21:49:40,55.0,55.33246798941799,-0.33246798941799227,0.33246798941799227
2026-12-02 21:49:45,56.099999999999994,58.521203703703705,-2.4212037037037106,2.4212037037037106
2026-12-02 21:49:49,56.2,57.733113588564414,-1.5331135885644116,1.5331135885644116
2026-12-02 21:49:54,55.6,57.01679738777337,-1.4167973877733715,1.4167973877733715
2026-12-02 21:49:59,54.8,53.508488088654275,1.2915119113457223,1.2915119113457223
2026-12-02 21:50:04,61.2,60.0443115714351,1.1556884285649005,1.1556884285649005
2026-12-02 21:50:08,58.800000000000004,58.471948148148144,0.3280518518518605,0.3280518518518605
2026-12-02 21:50:13,55.8,55.539461051089766,0.26053894891023077,0.26053894891023077
2026-12-02 21:50:18,60.599999999999994,60.29569629629629,0.3043037037037024,0.3043037037037024
2026-12-02 21:50:22,127.7,107.34033333333335,20.359666666666655,20.359666666666655
2026-12-02 21:50:27,59.5,60.56129578754579,-1.061295787545788,1.061295787545788
2026-12-02 21:50:32,60.099999999999994,65.72869999999999,-5.628699999999995,5.628699999999995
2026-12-02 21:50:37,58.7,59.53651851851852,-0.8365185185185169,0.8365185185185169
2026-12-02 21:50:41,60.6,64.58322222222222,-3.983222222222217,3.983222222222217
2026-12-02 21:50:46,60.5,63.704233333333335,-3.2042333333333346,3.2042333333333346
2026-12-02 21:50:51,55.4,55.306398809523806,0.09360119047619264,0.09360119047619264
2026-12-02 21:50:55,57.0,58.52739259259259,-1.5273925925925909,1.5273925925925909
2026-12-02 21:51:00,58.800000000000004,60.05389259259259,-1.2538925925925852,1.2538925925925852
2026-12-02 21:51:05,59.5,60.23444305291658,-0.734443052916582,0.734443052916582
2026-12-02 21:51:09,60.5,59.993405462728994,0.5065945372710061,0.5065945372710061
2026-12-02 21:51:14,55.900000000000006,55.21572261904762,0.6842773809523877,0.6842773809523877
2026-12-02 21:51:19,64.5,63.859023809523805,0.640976190476195,0.640976190476195
2026-12-02 21:51:24,58.0,58.59089259259259,-0.5908925925925885,0.5908925925925885
2026-12-02 21:51:28,62.900000000000006,64.16511111111112,-1.2651111111111106,1.2651111111111106
2026-12-02 21:51:33,69.7,69.73700000000001,-0.03700000000000614,0.03700000000000614
2026-12-02 21:51:38,57.5,57.5784756566856,-0.07847565668559753,0.07847565668559753
2026-12-02 21:51:42,59.8,60.564958994708995,-0.7649589947089979,0.7649589947089979
2026-12-02 21:51:47,59.5,63.567233333333334,-4.067233333333334,4.067233333333334
2026-12-02 21:51:52,58.2,63.3829,-5.1828999999999965,5.1828999999999965
2026-12-02 21:51:57,55.099999999999994,58.995801587301585,-3.895801587301591,3.895801587301591
2026-12-02 21:52:01,51.1,56.117999999999995,-5.017999999999994,5.017999999999994
2026-12-02 21:52:06,62.3,62.751559523809526,-0.4515595238095287,0.4515595238095287
2026-12-02 21:52:11,60.400000000000006,60.05762962962963,0.3423703703703751,0.3423703703703751
2026-12-02 21:52:15,65.5,67.60159999999999,-2.1015999999999906,2.1015999999999906
2026-12-02 21:52:20,57.900000000000006,60.830666666666666,-2.93066666666666,2.93066666666666
2026-12-02 21:52:25,58.3,66.11123333333333,-7.811233333333334,7.811233333333334
2026-12-02 21:52:29,56.3,66.30748148148147,-10.007481481481477,10.007481481481477
2026-12-02 21:52:34,53.599999999999994,60.27798148148148,-6.677981481481488,6.677981481481488
2026-12-02 21:52:39,56.6,58.284263787737316,-1.684263787737315,1.684263787737315
2026-12-02 21:52:44,65.7,65.99783333333333,-0.2978333333333296,0.2978333333333296
2026-12-02 21:52:48,67.19999999999999,66.0055,1.1944999999999908,1.1944999999999908
2026-12-02 21:52:53,52.300000000000004,56.725027777777775,-4.425027777777771,4.425027777777771
2026-12-02 21:52:58,58.6,65.47333333333333,-6.873333333333328,6.873333333333328
2026-12-02 21:53:02,55.0,62.88535714285714,-7.8853571428571385,7.8853571428571385
2026-12-02 21:53:07,55.6,59.348277777777774,-3.7482777777777727,3.7482777777777727
2026-12-02 21:53:12,62.2,73.17066666666668,-10.970666666666673,10.970666666666673
2026-12-02 21:53:17,61.8,70.1085,-8.30850000000001,8.30850000000001
2026-12-02 21:53:21,54.6,55.92272658730158,-1.322726587301581,1.322726587301581
2026-12-02 21:53:26,63.1,64.20606666666666,-1.1060666666666563,1.1060666666666563
2026-12-02 21:53:31,58.7,60.102360392983925,-1.4023603929839226,1.4023603929839226
2026-12-02 21:53:35,52.900000000000006,60.46556666666667,-7.565566666666662,7.565566666666662
2026-12-02 21:53:40,50.9,56.359064814814815,-5.459064814814816,5.459064814814816
2026-12-02 21:53:45,59.699999999999996,65.13619047619048,-5.4361904761904825,5.4361904761904825
2026-12-02 21:53:49,56.3,59.004888888888885,-2.7048888888888882,2.7048888888888882
2026-12-02 21:53:54,61.7,64.34001111111111,-2.6400111111111073,2.6400111111111073
2026-12-02 21:53:59,63.599999999999994,62.26714814814815,1.3328518518518422,1.3328518518518422
2026-12-02 21:54:04,61.0,66.41066666666666,-5.410666666666657,5.410666666666657
2026-12-02 21:54:08,53.9,55.672915893877075,-1.7729158938770766,1.7729158938770766
2026-12-02 21:54:13,53.5,55.12373148148148,-1.623731481481478,1.623731481481478
2026-12-02 21:54:18,52.400000000000006,56.40199722222222,-4.001997222222215,4.001997222222215
2026-12-02 21:54:22,60.1,61.07233333333333,-0.9723333333333315,0.9723333333333315
2026-12-02 21:54:27,62.1,63.08967777777777,-0.9896777777777714,0.9896777777777714
2026-12-02 21:54:32,55.6,65.67581481481481,-10.075814814814812,10.075814814814812
2026-12-02 21:54:37,49.5,52.655916666666656,-3.1559166666666556,3.1559166666666556
2026-12-02 21:54:41,59.199999999999996,60.62664629629629,-1.4266462962962976,1.4266462962962976
2026-12-02 21:54:46,61.9,62.780677777777775,-0.8806777777777768,0.8806777777777768
2026-12-02 21:54:51,57.4,58.664840740740736,-1.2648407407407376,1.2648407407407376
2026-12-02 21:54:55,53.0,54.967861111111105,-1.9678611111111053,1.9678611111111053
2026-12-02 21:55:00,55.6,58.57734259259259,-2.977342592592592,2.977342592592592
2026-12-02 21:55:05,54.300000000000004,54.79586111111111,-0.495861111111104,0.495861111111104
2026-12-02 21:55:09,57.3,59.100448148148146,-1.8004481481481491,1.8004481481481491
2026-12-02 21:55:14,52.4,54.773111111111106,-2.3731111111111076,2.3731111111111076
2026-12-02 21:55:19,72.9,71.24066666666667,1.6593333333333362,1.6593333333333362
2026-12-02 21:55:24,55.6,63.281333333333336,-7.681333333333335,7.681333333333335
2026-12-02 21:55:28,58.0,60.89283333333333,-2.8928333333333285,2.8928333333333285
2026-12-02 21:55:33,55.5,55.79193611111111,-0.29193611111111295,0.29193611111111295
2026-12-02 21:55:38,55.4,55.92750277777778,-0.5275027777777836,0.5275027777777836
2026-12-02 21:55:42,54.9,55.439877513227515,-0.5398775132275162,0.5398775132275162
2026-12-02 21:55:47,56.0,55.0848376984127,0.9151623015873014,0.9151623015873014
2026-12-02 21:55:52,63.7,67.279,-3.5789999999999935,3.5789999999999935
2026-12-02 21:55:57,55.5,58.88025925925926,-3.3802592592592617,3.3802592592592617
2026-12-02 21:56:01,61.0,60.206359443007976,0.793640556992024,0.793640556992024
2026-12-02 21:56:06,58.3,58.60360899470899,-0.30360899470899483,0.30360899470899483
2026-12-02 21:56:11,54.4,58.84984444444444,-4.4498444444444445,4.4498444444444445
2026-12-02 21:56:15,61.0,60.65472592592592,0.3452740740740765,0.3452740740740765
2026-12-02 21:56:20,62.0,61.98614259259259,0.013857407407407152,0.013857407407407152
2026-12-02 21:56:25,59.1,60.04004601106954,-0.9400460110695406,0.9400460110695406
2026-12-02 21:58:19,73.9,71.4041111111111,2.4958888888888993,2.4958888888888993
2026-12-02 21:58:24,68.8,65.706,3.093999999999994,3.093999999999994
2026-12-02 21:58:29,67.0,65.27739545088566,1.7226045491143367,1.7226045491143367
2026-12-02 21:58:33,65.9,67.03640052201683,-1.136400522016828,1.136400522016828
2026-12-02 21:58:38,70.2,72.15835740740741,-1.958357407407405,1.958357407407405
2026-12-02 21:58:43,58.0,57.461250959268085,0.5387490407319149,0.5387490407319149
2026-12-02 21:58:47,57.6,57.676792396506116,-0.07679239650611436,0.07679239650611436
2026-12-02 21:58:52,51.099999999999994,56.27498148148148,-5.174981481481488,5.174981481481488
2026-12-02 21:58:57,66.0,67.50135617725354,-1.501356177253541,1.501356177253541
2026-12-02 21:59:02,52.8,53.20567887205389,-0.4056788720538904,0.4056788720538904
2026-12-02 21:59:06,60.7,68.34108333333333,-7.641083333333327,7.641083333333327
2026-12-02 21:59:11,66.2,67.09049999999999,-0.8904999999999887,0.8904999999999887
2026-12-02 21:59:16,76.2,75.89666666666666,0.30333333333334167,0.30333333333334167
2026-12-02 21:59:20,66.0,66.34849999999999,-0.34849999999998715,0.34849999999998715
2026-12-02 21:59:25,77.1,74.50490476190478,2.5950952380952117,2.5950952380952117
2026-12-02 21:59:30,58.400000000000006,61.10016666666667,-2.700166666666661,2.700166666666661
2026-12-02 21:59:35,78.0,75.014,2.986000000000004,2.986000000000004
2026-12-02 21:59:39,69.5,71.514,-2.013999999999996,2.013999999999996
2026-12-02 21:59:44,69.0,72.094,-3.093999999999994,3.093999999999994
2026-12-02 21:59:49,63.5,65.10069017094018,-1.600690170940183,1.600690170940183
2026-12-02 21:59:53,63.900000000000006,61.762990476190474,2.1370095238095317,2.1370095238095317
2026-12-02 21:59:58,61.8,62.68910481456439,-0.8891048145643907,0.8891048145643907
2026-12-02 22:00:03,67.4,68.08166666666666,-0.6816666666666578,0.6816666666666578
2026-12-02 22:00:07,51.7,55.09183333333333,-3.3918333333333237,3.3918333333333237
2026-12-02 22:00:12,54.2,53.1003964883484,1.0996035116516012,1.0996035116516012
2026-12-02 22:00:17,62.3,64.5050604652414,-2.2050604652414023,2.2050604652414023
2026-12-02 22:00:22,60.2,60.32728999899813,-0.12728999899812976,0.12728999899812976
2026-12-02 22:00:26,57.8,57.849746459187266,-0.0497464591872685,0.0497464591872685
2026-12-02 22:00:31,59.599999999999994,59.90158087353708,-0.30158087353708396,0.30158087353708396
2026-12-02 22:00:36,58.699999999999996,59.79480882973236,-1.094808829732365,1.094808829732365
2026-12-02 22:00:40,54.8,54.93784325396825,-0.13784325396825636,0.13784325396825636
2026-12-02 22:00:45,54.8,53.45523333333335,1.3447666666666507,1.3447666666666507
2026-12-02 22:00:50,60.5,60.16175419533433,0.338245804665668,0.338245804665668
2026-12-02 22:00:55,57.2,58.13643994708995,-0.9364399470899443,0.9364399470899443
2026-12-02 22:00:59,54.7,55.20607103174603,-0.5060710317460249,0.5060710317460249
2026-12-02 22:01:04,53.2,54.54116203703703,-1.34116203703703,1.34116203703703
2026-12-02 22:01:09,66.2,66.05461944444444,0.14538055555556184,0.14538055555556184
2026-12-02 22:01:13,54.4,55.31232935182507,-0.9123293518250719,0.9123293518250719
2026-12-02 22:01:18,65.0,66.80404359386412,-1.8040435938641224,1.8040435938641224
2026-12-02 22:01:23,63.5,62.34135911637906,1.15864088362094,1.15864088362094
2026-12-02 22:01:27,56.0,58.75233333333333,-2.7523333333333326,2.7523333333333326
2026-12-02 22:01:32,58.9,60.19782347619701,-1.29782347619701,1.29782347619701
2026-12-02 22:01:37,62.900000000000006,66.20733333333332,-3.307333333333318,3.307333333333318
2026-12-02 22:01:42,62.0,61.794805555555556,0.20519444444444446,0.20519444444444446
2026-12-02 22:01:46,63.4,64.8303668971136,-1.4303668971136076,1.4303668971136076
2026-12-02 22:01:51,56.8,58.724444444444444,-1.9244444444444468,1.9244444444444468
2026-12-02 22:01:56,69.4,71.12819047619047,-1.7281904761904627,1.7281904761904627
2026-12-02 22:02:00,53.3,55.2225,-1.9224999999999994,1.9224999999999994
2026-12-02 22:02:05,57.099999999999994,59.05119047619048,-1.951190476190483,1.951190476190483
2026-12-02 22:02:10,53.900000000000006,53.56956635401637,0.3304336459836392,0.3304336459836392
2026-12-02 22:02:15,52.199999999999996,56.34388888888889,-4.143888888888895,4.143888888888895
2026-12-02 22:02:19,56.9,61.28375,-4.383749999999999,4.383749999999999
2026-12-02 22:02:24,56.4,55.39692103174603,1.0030789682539663,1.0030789682539663
2026-12-02 22:02:29,58.6,59.70801297836151,-1.1080129783615078,1.1080129783615078
2026-12-02 22:02:33,55.6,58.17894814814815,-2.57894814814815,2.57894814814815
2026-12-02 22:02:38,56.400000000000006,57.557277324134404,-1.157277324134398,1.157277324134398
2026-12-02 22:02:43,65.4,64.9531838839596,0.4468161160404094,0.4468161160404094
2026-12-02 22:02:47,58.5,57.531120471485,0.9688795285149965,0.9688795285149965
2026-12-02 22:02:52,53.599999999999994,55.72229338624339,-2.122293386243399,2.122293386243399
2026-12-02 22:02:57,61.5,62.80023801169591,-1.3002380116959102,1.3002380116959102
2026-12-02 22:03:02,64.3,64.86138894432177,-0.5613889443217772,0.5613889443217772
2026-12-02 22:03:06,60.3,59.32166111111111,0.9783388888888851,0.9783388888888851
2026-12-02 22:03:11,60.5,62.4047037037037,-1.904703703703703,1.904703703703703
2026-12-02 22:03:16,57.8,58.33762962962963,-0.5376296296296346,0.5376296296296346
2026-12-02 22:03:20,57.800000000000004,59.55411481481482,-1.7541148148148125,1.7541148148148125
2026-12-02 22:03:25,56.1,58.10647592592593,-2.006475925925926,2.006475925925926
2026-12-02 22:03:30,61.8,61.84553703703703,-0.04553703703703604,0.04553703703703604
2026-12-02 22:03:35,141.7,109.726,31.97399999999999,31.97399999999999
2026-12-02 22:03:39,60.800000000000004,60.13445927960928,0.6655407203907231,0.6655407203907231
2026-12-02 22:03:44,63.2,63.667273391812856,-0.4672733918128529,0.4672733918128529
2026-12-02 22:03:49,57.4,58.8218201058201,-1.4218201058201032,1.4218201058201032
2026-12-02 22:03:53,57.099999999999994,58.992720105820105,-1.8927201058201106,1.8927201058201106
2026-12-02 22:03:58,65.2,64.55447092484421,0.6455290751557925,0.6455290751557925
2026-12-02 22:04:03,63.5,61.475314814814816,2.0246851851851844,2.0246851851851844
2026-12-02 22:04:07,67.1,65.37766666666667,1.7223333333333244,1.7223333333333244
2026-12-02 22:04:12,60.800000000000004,59.79589081626435,1.0041091837356575,1.0041091837356575
2026-12-02 22:04:17,62.7,63.220277777777774,-0.5202777777777712,0.5202777777777712
2026-12-02 22:04:22,58.2,58.03697592592593,0.16302407407407316,0.16302407407407316
2026-12-02 22:04:26,56.0,56.91479149744344,-0.9147914974434386,0.9147914974434386
2026-12-02 22:04:31,59.0,59.42004778244631,-0.4200477824463107,0.4200477824463107
2026-12-02 22:04:36,66.5,65.72410737969759,0.7758926203024146,0.7758926203024146
2026-12-02 22:04:40,71.9,72.31574880952381,-0.4157488095238051,0.4157488095238051
2026-12-02 22:04:45,63.5,64.5412094303546,-1.0412094303545985,1.0412094303545985
2026-12-02 22:04:50,69.1,67.87480764295286,1.2251923570471348,1.2251923570471348
2026-12-02 22:04:55,60.5,59.4690462962963,1.0309537037037018,1.0309537037037018
2026-12-02 22:04:59,61.3,61.81953803340723,-0.5195380334072297,0.5195380334072297
2026-12-02 22:05:04,65.3,63.37949999999999,1.920500000000004,1.920500000000004
2026-12-02 22:05:09,66.0,66.83784886027249,-0.8378488602724872,0.8378488602724872
2026-12-02 22:05:13,56.800000000000004,55.62304695767196,1.1769530423280443,1.1769530423280443
2026-12-02 22:05:18,67.2,65.91052380952381,1.2894761904761936,1.2894761904761936
2026-12-02 22:05:23,71.4,67.79766666666666,3.6023333333333483,3.6023333333333483
2026-12-02 22:05:27,69.9,69.16306829300814,0.7369317069918679,0.7369317069918679
2026-12-02 22:05:32,71.9,70.90005312013051,0.9999468798694977,0.9999468798694977
2026-12-02 22:05:37,63.099999999999994,61.23860555555555,1.8613944444444428,1.8613944444444428
2026-12-02 22:05:42,56.4,55.42155430084215,0.9784456991578452,0.9784456991578452
2026-12-02 22:05:46,63.5,64.44579010473839,-0.9457901047383928,0.9457901047383928
2026-12-02 22:05:51,62.8,61.64950714285714,1.1504928571428579,1.1504928571428579
2026-12-02 22:05:56,53.0,52.986573569023584,0.01342643097641627,0.01342643097641627
2026-12-02 22:06:00,58.5,59.89438677248677,-1.3943867724867687,1.3943867724867687
2026-12-02 22:06:05,60.5,59.64171133083033,0.8582886691696672,0.8582886691696672
2026-12-02 22:06:10,59.3,59.95319429149282,-0.6531942914928237,0.6531942914928237
2026-12-02 22:06:15,62.1,61.67398333333333,0.42601666666666915,0.42601666666666915
2026-12-02 22:06:19,53.400000000000006,58.646499999999996,-5.24649999999999,5.24649999999999
2026-12-02 22:06:24,67.3,65.9272,1.372799999999998,1.372799999999998
2026-12-02 22:06:29,56.099999999999994,55.29157658730159,0.8084234126984029,0.8084234126984029
2026-12-02 22:06:33,57.7,58.38405343915344,-0.6840534391534376,0.6840534391534376
2026-12-02 22:06:38,57.6,58.18616851851852,-0.5861685185185195,0.5861685185185195
2026-12-02 22:06:43,65.7,64.42866334660374,1.2713366533962613,1.2713366533962613
2026-12-02 22:06:47,70.19999999999999,70.63369950331473,-0.4336995033147417,0.4336995033147417
2026-12-02 22:06:52,62.900000000000006,62.46827777777777,0.4317222222222341,0.4317222222222341
2026-12-02 22:06:57,77.4,73.83719047619047,3.562809523809534,3.562809523809534
2026-12-02 22:07:02,57.3,60.934333333333335,-3.6343333333333376,3.6343333333333376
2026-12-02 22:07:06,65.8,65.94377777777778,-0.14377777777778533,0.14377777777778533
2026-12-02 22:07:11,68.2,68.10658832837855,0.09341167162145325,0.09341167162145325
2026-12-02 22:07:16,58.3,61.49883333333334,-3.19883333333334,3.19883333333334
2026-12-02 22:07:20,56.1,55.308481692211295,0.7915183077887065,0.7915183077887065
2026-12-02 22:07:25,59.0,57.64781092828298,1.3521890717170209,1.3521890717170209
2026-12-02 22:07:30,50.8,52.04179259259258,-1.2417925925925815,1.2417925925925815
2026-12-02 22:07:35,58.1,60.59695714285714,-2.4969571428571413,2.4969571428571413
2026-12-02 22:07:39,53.9,54.602999999999994,-0.7029999999999959,0.7029999999999959
2026-12-02 22:07:44,50.8,55.83643055555555,-5.036430555555555,5.036430555555555
2026-12-02 22:07:49,59.8,60.50355555555556,-0.7035555555555604,0.7035555555555604
2026-12-02 22:07:53,58.1,57.35321823753135,0.7467817624686504,0.7467817624686504
2026-12-02 22:07:58,56.5,57.7837973387146,-1.2837973387145993,1.2837973387145993
2026-12-02 22:08:03,75.9,78.30999999999997,-2.409999999999968,2.409999999999968
2026-12-02 22:08:07,63.099999999999994,62.38951768928289,0.7104823107171043,0.7104823107171043
2026-12-02 22:08:12,59.7,60.13219629629629,-0.43219629629629,0.43219629629629
2026-12-02 22:08:17,49.0,48.780216666666675,0.219783333333325,0.219783333333325
2026-12-02 22:08:22,55.599999999999994,59.331023809523806,-3.731023809523812,3.731023809523812
2026-12-02 22:08:26,54.6,63.38709047619048,-8.787090476190478,8.787090476190478
2026-12-02 22:08:31,58.3,61.165400000000005,-2.865400000000008,2.865400000000008
2026-12-02 22:08:36,57.3,58.61057407407407,-1.3105740740740757,1.3105740740740757
2026-12-02 22:08:40,57.1,58.071392592592595,-0.9713925925925935,0.9713925925925935
2026-12-02 22:08:45,55.6,54.875883333333334,0.7241166666666672,0.7241166666666672
2026-12-02 22:08:50,58.0,58.128142592592596,-0.12814259259259586,0.12814259259259586
2026-12-02 22:08:55,63.900000000000006,63.162722222222214,0.7372777777777912,0.7372777777777912
2026-12-02 22:08:59,56.099999999999994,57.526618312703825,-1.4266183127038303,1.4266183127038303
2026-12-02 22:09:04,61.5,63.2734,-1.7734000000000023,1.7734000000000023
2026-12-02 22:09:09,47.5,53.9565,-6.456499999999998,6.456499999999998
2026-12-02 22:09:13,56.2,59.29698333333333,-3.096983333333327,3.096983333333327
2026-12-02 22:09:18,61.3,60.354529629629624,0.9454703703703728,0.9454703703703728
2026-12-02 22:09:23,67.5,66.8224532916515,0.6775467083485012,0.6775467083485012
2026-12-02 22:09:27,51.900000000000006,54.91833333333334,-3.018333333333331,3.018333333333331
2026-12-02 22:09:32,57.9,60.88256825396825,-2.982568253968253,2.982568253968253
2026-12-02 22:09:37,50.1,52.41827777777777,-2.318277777777766,2.318277777777766
2026-12-02 22:09:42,53.099999999999994,54.817453703703706,-1.7174537037037112,1.7174537037037112
2026-12-02 22:09:46,59.3,70.48958333333333,-11.189583333333331,11.189583333333331
2026-12-02 22:09:51,52.199999999999996,55.1455,-2.9455000000000027,2.9455000000000027
2026-12-02 22:09:56,53.0,54.796733333333336,-1.7967333333333357,1.7967333333333357
2026-12-02 22:10:00,52.7,54.61465,-1.9146499999999946,1.9146499999999946
2026-12-02 22:10:05,59.7,60.20779093651446,-0.5077909365144606,0.5077909365144606
2026-12-02 22:10:10,61.8,63.549277777777775,-1.7492777777777775,1.7492777777777775
2026-12-02 22:10:15,54.599999999999994,58.452925925925925,-3.8529259259259305,3.8529259259259305
2026-12-02 22:10:19,56.5,60.34553703703703,-3.845537037037033,3.845537037037033
2026-12-02 22:10:24,56.900000000000006,57.608844096317625,-0.7088440963176197,0.7088440963176197
2026-12-02 22:10:29,60.9,64.115,-3.2149999999999963,3.2149999999999963
2026-12-02 22:10:33,66.6,67.14049999999999,-0.5404999999999944,0.5404999999999944
2026-12-02 22:10:38,66.80000000000001,65.5865,1.2135000000000105,1.2135000000000105
2026-12-02 22:10:43,64.0,63.94733333333333,0.052666666666667084,0.052666666666667084
2026-12-02 22:10:47,53.6,53.28815052910055,0.31184947089945325,0.31184947089945325
2026-12-02 22:10:52,48.6,54.05733333333333,-5.457333333333331,5.457333333333331
2026-12-02 22:10:57,52.1,54.8619,-2.761899999999997,2.761899999999997
2026-12-02 22:11:02,58.1,57.412329101484644,0.687670898515357,0.687670898515357
2026-12-02 22:11:06,52.5,54.564089814814814,-2.064089814814814,2.064089814814814
2026-12-02 22:11:11,52.0,54.58091203703703,-2.580912037037031,2.580912037037031
2026-12-02 22:11:16,53.8,54.36025,-0.5602500000000035,0.5602500000000035
2026-12-02 22:11:20,68.19999999999999,68.31585714285714,-0.11585714285715198,0.11585714285715198
2026-12-02 22:11:25,56.3,58.30187566137566,-2.0018756613756636,2.0018756613756636
2026-12-02 22:11:30,59.4,64.19233333333334,-4.792333333333339,4.792333333333339
2026-12-02 22:11:35,61.3,60.04385185185185,1.2561481481481493,1.2561481481481493
2026-12-02 22:11:39,47.3,54.19083333333334,-6.89083333333334,6.89083333333334
2026-12-02 22:11:44,60.1,60.43624649207002,-0.33624649207001767,0.33624649207001767
2026-12-02 22:11:49,61.2,61.49133888888889,-0.2913388888888875,0.2913388888888875
2026-12-02 22:11:53,59.2,59.91857421589267,-0.7185742158926658,0.7185742158926658
2026-12-02 22:11:58,56.2,55.40329298941799,0.7967070105820113,0.7967070105820113
2026-12-02 22:12:03,56.5,60.75361111111111,-4.253611111111113,4.253611111111113
2026-12-02 22:12:08,57.6,57.279919034650895,0.32008096534910635,0.32008096534910635
2026-12-02 22:12:12,58.2,59.76536618903972,-1.5653661890397146,1.5653661890397146
2026-12-02 22:12:17,56.3,55.21366150793651,1.08633849206349,1.08633849206349
2026-12-02 22:12:22,49.900000000000006,51.95866666666665,-2.058666666666646,2.058666666666646
2026-12-02 22:12:26,54.1,53.19969875206495,0.9003012479350545,0.9003012479350545
2026-12-02 22:12:31,52.4,54.503388888888885,-2.1033888888888868,2.1033888888888868
2026-12-02 22:12:36,53.400000000000006,55.33969880952381,-1.9396988095238044,1.9396988095238044
2026-12-02 22:12:40,60.0,59.95074444444444,0.04925555555556116,0.04925555555556116
2026-12-02 22:12:45,61.8,63.269925925925925,-1.4699259259259279,1.4699259259259279
2026-12-02 22:12:50,57.900000000000006,59.62126065753419,-1.721260657534181,1.721260657534181
2026-12-02 22:12:55,51.6,54.336819444444444,-2.7368194444444427,2.7368194444444427
2026-12-02 22:12:59,62.3,66.56058333333333,-4.260583333333329,4.260583333333329
2026-12-02 22:13:04,58.900000000000006,60.441023809523806,-1.5410238095238,1.5410238095238
2026-12-02 22:13:09,56.699999999999996,58.63868518518518,-1.9386851851851858,1.9386851851851858
2026-12-02 22:13:13,65.19999999999999,63.381162698412695,1.818837301587294,1.818837301587294
2026-12-02 22:13:18,57.5,58.3992962962963,-0.8992962962962991,0.8992962962962991
2026-12-02 22:13:23,61.900000000000006,61.850892592592594,0.04910740740741204,0.04910740740741204
2026-12-02 22:13:28,55.099999999999994,54.99858928571429,0.1014107142857057,0.1014107142857057
2026-12-02 22:13:32,63.6,63.54755714285714,0.05244285714286434,0.05244285714286434
2026-12-02 22:13:37,51.5,51.91477777777776,-0.4147777777777577,0.4147777777777577
2026-12-02 22:13:42,64.9,71.40766666666666,-6.507666666666651,6.507666666666651
2026-12-02 22:13:46,56.8,58.876518518518516,-2.076518518518519,2.076518518518519
2026-12-02 22:13:51,51.7,55.278499999999994,-3.578499999999991,3.578499999999991
2026-12-02 22:13:56,60.2,60.45879629629629,-0.2587962962962891,0.2587962962962891
2026-12-02 22:14:00,60.4,60.1268201058201,0.2731798941798971,0.2731798941798971
2026-12-02 22:14:05,65.2,64.2116328215732,0.9883671784267989,0.9883671784267989
2026-12-02 22:14:10,52.0,51.854888888888865,0.1451111111111345,0.1451111111111345
2026-12-02 22:14:15,56.2,58.767316666666666,-2.567316666666663,2.567316666666663
2026-12-02 22:14:19,56.3,57.674613757212285,-1.3746137572122876,1.3746137572122876
2026-12-02 22:14:24,50.4,50.62359584709441,-0.22359584709440838,0.22359584709440838
2026-12-02 22:14:29,52.9,54.781298148148146,-1.8812981481481472,1.8812981481481472
2026-12-02 22:14:33,61.099999999999994,62.69611281146091,-1.5961128114609124,1.5961128114609124
2026-12-02 22:14:38,67.6,65.88752261904762,1.7124773809523788,1.7124773809523788
2026-12-02 22:14:43,52.7,54.56192592592593,-1.8619259259259238,1.8619259259259238
2026-12-02 22:14:48,56.2,63.42335714285714,-7.2233571428571395,7.2233571428571395
2026-12-02 22:14:52,51.7,56.00314814814814,-4.303148148148139,4.303148148148139
2026-12-02 22:14:57,53.5,53.7527496873497,-0.2527496873496986,0.2527496873496986
2026-12-02 22:15:02,60.3,60.21869649207002,0.08130350792997376,0.08130350792997376
2026-12-02 22:15:06,56.3,62.691177777777774,-6.391177777777777,6.391177777777777
2026-12-02 22:15:11,52.599999999999994,54.882814814814814,-2.28281481481482,2.28281481481482
2026-12-02 22:15:16,54.2,60.232257142857144,-6.032257142857141,6.032257142857141
2026-12-02 22:15:20,55.4,62.74061111111111,-7.340611111111109,7.340611111111109
2026-12-02 22:15:25,52.699999999999996,55.82540277777777,-3.125402777777772,3.125402777777772
2026-12-02 22:15:30,47.3,49.41066666666667,-2.110666666666674,2.110666666666674
2026-12-02 22:15:35,58.7,65.48125,-6.78125,6.78125
2026-12-02 22:15:39,56.900000000000006,60.395944444444446,-3.49594444444444,3.49594444444444
2026-12-02 22:15:44,56.4,62.550733333333326,-6.150733333333328,6.150733333333328
2026-12-02 22:15:49,59.8,63.36292380952381,-3.5629238095238094,3.5629238095238094
2026-12-02 22:15:53,64.5,68.907,-4.4069999999999965,4.4069999999999965
2026-12-02 22:15:58,55.2,55.37844880952381,-0.17844880952380748,0.17844880952380748
2026-12-02 22:16:03,53.9,60.09406666666666,-6.194066666666664,6.194066666666664
2026-12-02 22:16:08,58.599999999999994,61.29067777777778,-2.690677777777786,2.690677777777786
2026-12-02 22:16:12,49.2,54.190777777777775,-4.990777777777772,4.990777777777772
2026-12-02 22:16:17,57.599999999999994,61.556333333333335,-3.9563333333333404,3.9563333333333404
2026-12-02 22:16:22,58.7,60.40067777777778,-1.700677777777777,1.700677777777777
2026-12-02 22:16:26,56.9,60.46411111111111,-3.56411111111111,3.56411111111111
2026-12-02 22:16:31,57.4,58.69762962962963,-1.2976296296296326,1.2976296296296326
2026-12-02 22:16:36,58.8,59.59630925925926,-0.7963092592592602,0.7963092592592602
2026-12-02 22:16:40,50.5,52.062277777777766,-1.5622777777777657,1.5622777777777657
2026-12-02 22:16:45,58.400000000000006,60.724666666666664,-2.3246666666666584,2.3246666666666584
2026-12-02 22:16:50,53.3,53.51968253968255,-0.2196825396825517,0.2196825396825517
2026-12-02 22:16:55,57.7,58.56174074074074,-0.8617407407407356,0.8617407407407356
2026-12-02 22:16:59,67.0,67.06632329892366,-0.06632329892366329,0.06632329892366329
2026-12-02 22:17:04,57.0,57.69662050159939,-0.6966205015993907,0.6966205015993907
2026-12-02 22:17:09,55.5,58.315444444444445,-2.815444444444445,2.815444444444445
2026-12-02 22:17:13,52.6,54.422,-1.8219999999999956,1.8219999999999956
2026-12-02 22:17:18,62.9,62.741792285200184,0.15820771479981488,0.15820771479981488
2026-12-02 22:17:23,56.599999999999994,58.75216666666667,-2.1521666666666732,2.1521666666666732
2026-12-02 22:17:28,56.1,57.42018212988899,-1.320182129888991,1.320182129888991
2026-12-02 22:17:32,57.2,60.61233333333333,-3.412333333333329,3.412333333333329
2026-12-02 22:17:37,68.5,67.422,1.078000000000003,1.078000000000003
2026-12-02 22:17:42,63.0,62.29555555555555,0.704444444444448,0.704444444444448
2026-12-02 22:17:46,65.69999999999999,67.00726074976768,-1.3072607497676927,1.3072607497676927
2026-12-02 22:17:51,51.5,60.735166666666665,-9.235166666666665,9.235166666666665
2026-12-02 22:17:56,55.2,55.267322492127754,-0.06732249212775088,0.06732249212775088
2026-12-02 22:18:00,62.1,61.726292169373025,0.37370783062697654,0.37370783062697654
2026-12-02 22:18:05,56.6,55.720446031746036,0.8795539682539655,0.8795539682539655
2026-12-02 22:18:10,62.2,63.68833333333333,-1.4883333333333297,1.4883333333333297
2026-12-02 22:18:15,61.9,61.18625,0.7137499999999974,0.7137499999999974
2026-12-02 22:18:19,55.4,55.29716496188022,0.10283503811977823,0.10283503811977823
2026-12-02 22:18:24,53.0,54.61048148148148,-1.6104814814814787,1.6104814814814787
2026-12-02 22:18:29,58.7,59.72106172844855,-1.0210617284485437,1.0210617284485437
2026-12-02 22:18:33,51.6,51.75586666666665,-0.15586666666664684,0.15586666666664684
2026-12-02 22:18:38,54.900000000000006,58.78371825396825,-3.8837182539682473,3.8837182539682473
2026-12-02 22:18:43,54.5,55.724578703703706,-1.2245787037037061,1.2245787037037061
2026-12-02 22:18:48,56.9,58.22249074074074,-1.32249074074074,1.32249074074074
2026-12-02 22:18:52,58.800000000000004,63.90383333333333,-5.103833333333327,5.103833333333327
2026-12-02 22:18:57,56.2,58.38783703703704,-2.187837037037035,2.187837037037035
2026-12-02 22:19:02,56.599999999999994,54.86639880952381,1.733601190476186,1.733601190476186
2026-12-02 22:19:06,61.3,62.01847619047619,-0.7184761904761956,0.7184761904761956
2026-12-02 22:19:11,58.6,57.26883407924016,1.3311659207598439,1.3311659207598439
2026-12-02 22:19:16,57.7,60.46652777777778,-2.7665277777777746,2.7665277777777746
2026-12-02 22:19:20,61.3,62.579968253968254,-1.2799682539682564,1.2799682539682564
2026-12-02 22:19:25,59.0,60.04249548196901,-1.0424954819690129,1.0424954819690129
2026-12-02 22:19:30,51.6,51.78211111111109,-0.1821111111110909,0.1821111111110909
2026-12-02 22:19:35,57.0,58.81986296296296,-1.819862962962958,1.819862962962958
2026-12-02 22:19:39,63.5,63.156277777777774,0.34372222222222604,0.34372222222222604
2026-12-02 22:19:44,54.7,60.052,-5.351999999999997,5.351999999999997
2026-12-02 22:19:49,53.900000000000006,54.843333333333334,-0.943333333333328,0.943333333333328
2026-12-02 22:19:53,52.300000000000004,54.41913888888889,-2.119138888888884,2.119138888888884
2026-12-02 22:19:58,59.0,60.34446296296296,-1.3444629629629574,1.3444629629629574
2026-12-02 22:20:03,59.0,63.04881481481481,-4.048814814814811,4.048814814814811
2026-12-02 22:20:08,55.3,58.13448148148149,-2.8344814814814896,2.8344814814814896
2026-12-02 22:20:12,51.2,55.774833333333326,-4.5748333333333235,4.5748333333333235
2026-12-02 22:20:17,56.3,59.01014814814815,-2.71014814814815,2.71014814814815
2026-12-02 22:20:22,53.2,53.27062870370372,-0.07062870370371854,0.07062870370371854
2026-12-02 22:20:26,59.4,60.86,-1.4600000000000009,1.4600000000000009
2026-12-02 22:20:31,56.4,57.41761388948742,-1.0176138894874214,1.0176138894874214
2026-12-02 22:20:36,57.800000000000004,57.861445766460996,-0.061445766460991535,0.061445766460991535
2026-12-02 22:20:40,55.599999999999994,55.278578174603176,0.3214218253968184,0.3214218253968184
2026-12-02 22:20:45,53.9,54.376083333333334,-0.4760833333333352,0.4760833333333352
2026-12-02 22:20:50,60.3,60.13621666666666,0.16378333333333472,0.16378333333333472
2026-12-02 22:20:55,51.599999999999994,55.75616666666666,-4.156166666666664,4.156166666666664
2026-12-02 22:20:59,51.1,55.58624999999999,-4.486249999999991,4.486249999999991
2026-12-02 22:21:04,48.0,53.80808333333333,-5.808083333333329,5.808083333333329
2026-12-02 22:21:09,50.599999999999994,52.39358333333332,-1.7935833333333235,1.7935833333333235
2026-12-02 22:21:13,56.900000000000006,55.27754603174603,1.6224539682539785,1.6224539682539785
2026-12-02 22:21:18,53.4,58.308314814814814,-4.9083148148148155,4.9083148148148155
2026-12-02 22:21:23,50.8,52.046170634920614,-1.2461706349206167,1.2461706349206167
2026-12-02 22:21:28,53.1,54.280972222222225,-1.1809722222222234,1.1809722222222234
2026-12-02 22:21:32,56.599999999999994,58.22575925925926,-1.6257592592592687,1.6257592592592687
2026-12-02 22:21:37,51.5,52.010722222222206,-0.5107222222222063,0.5107222222222063
2026-12-02 22:21:42,59.1,64.02091666666666,-4.920916666666663,4.920916666666663
2026-12-02 22:21:46,49.0,54.12490476190476,-5.124904761904759,5.124904761904759
2026-12-02 22:21:51,55.6,58.924238095238096,-3.324238095238094,3.324238095238094
2026-12-02 22:21:56,56.0,58.67872936507936,-2.678729365079363,2.678729365079363
2026-12-02 22:22:00,54.2,60.16647936507936,-5.966479365079358,5.966479365079358
2026-12-02 22:22:05,66.0,74.09366666666668,-8.093666666666678,8.093666666666678
2026-12-02 22:22:10,65.3,64.71040313390313,0.5895968660968691,0.5895968660968691
2026-12-02 22:22:15,57.0,66.49849999999999,-9.498499999999993,9.498499999999993
2026-12-02 22:22:19,66.0,68.035,-2.0349999999999966,2.0349999999999966
2026-12-02 22:22:24,53.9,55.73986666666667,-1.8398666666666728,1.8398666666666728
2026-12-02 22:22:29,54.3,55.85745,-1.5574500000000029,1.5574500000000029
2026-12-02 22:22:33,51.6,54.83538888888889,-3.2353888888888918,3.2353888888888918
2026-12-02 22:22:38,46.4,54.26583333333333,-7.865833333333335,7.865833333333335
2026-12-02 22:22:43,56.0,57.336573965571176,-1.3365739655711764,1.3365739655711764
2026-12-02 22:22:48,52.199999999999996,54.20320833333333,-2.0032083333333333,2.0032083333333333
2026-12-02 22:22:52,55.8,55.41023584656085,0.3897641534391454,0.3897641534391454
2026-12-02 22:22:57,55.5,57.42394922568964,-1.9239492256896398,1.9239492256896398
2026-12-02 22:23:02,48.8,48.84498148148148,-0.04498148148148573,0.04498148148148573
2026-12-02 22:23:06,56.1,58.96712962962963,-2.8671296296296305,2.8671296296296305
2026-12-02 22:23:11,60.9,64.26883333333333,-3.3688333333333347,3.3688333333333347
2026-12-02 22:23:16,56.2,58.65174603174603,-2.4517460317460262,2.4517460317460262
2026-12-02 22:23:20,55.699999999999996,55.47117103174603,0.22882896825396415,0.22882896825396415
2026-12-02 22:23:25,59.300000000000004,59.80462962962963,-0.5046296296296262,0.5046296296296262
2026-12-02 22:23:30,57.400000000000006,57.804973436047185,-0.40497343604717884,0.40497343604717884
2026-12-02 22:23:35,56.8,58.55127777777778,-1.75127777777778,1.75127777777778
2026-12-02 22:23:39,62.8,66.12786666666666,-3.327866666666665,3.327866666666665
2026-12-02 22:23:44,56.7,65.76249999999999,-9.062499999999986,9.062499999999986
2026-12-02 22:23:49,60.5,60.327202047625576,0.17279795237442386,0.17279795237442386
2026-12-02 22:23:53,57.0,57.65220354713062,-0.6522035471306182,0.6522035471306182
2026-12-02 22:23:58,52.1,54.34556666666667,-2.2455666666666687,2.2455666666666687
2026-12-02 22:24:03,56.0,58.22416666666667,-2.224166666666669,2.224166666666669
2026-12-02 22:24:08,55.300000000000004,55.38903584656085,-0.08903584656084718,0.08903584656084718
2026-12-02 22:24:12,59.6,63.89844444444444,-4.298444444444442,4.298444444444442
2026-12-02 22:24:17,50.3,50.29497532738756,0.0050246726124356655,0.0050246726124356655
2026-12-02 22:24:22,59.2,59.97384934199787,-0.7738493419978667,0.7738493419978667
2026-12-02 22:24:26,54.1,54.59038194629695,-0.4903819462969494,0.4903819462969494
2026-12-02 22:24:31,50.8,51.95397777777775,-1.1539777777777545,1.1539777777777545
2026-12-02 22:24:36,63.400000000000006,62.304,1.0960000000000036,1.0960000000000036
2026-12-02 22:24:40,48.5,54.21633333333333,-5.716333333333331,5.716333333333331
2026-12-02 22:24:45,54.400000000000006,55.95308333333333,-1.5530833333333263,1.5530833333333263
2026-12-02 22:24:50,52.7,53.12078950216452,-0.42078950216451716,0.42078950216451716
2026-12-02 22:24:55,50.1,50.667538702751344,-0.5675387027513423,0.5675387027513423
2026-12-02 22:24:59,79.5,87.05633333333327,-7.556333333333271,7.556333333333271
2026-12-02 22:25:04,60.5,64.466,-3.965999999999994,3.965999999999994
2026-12-02 22:25:09,51.900000000000006,55.500166666666665,-3.6001666666666594,3.6001666666666594
2026-12-02 22:25:13,48.6,49.11727222222222,-0.5172722222222177,0.5172722222222177
2026-12-02 22:25:18,54.1,55.827619444444444,-1.7276194444444428,1.7276194444444428
2026-12-02 22:25:23,55.7,58.76475714285714,-3.0647571428571396,3.0647571428571396
2026-12-02 22:25:28,51.099999999999994,53.02270132275134,-1.9227013227513439,1.9227013227513439
2026-12-02 22:25:32,65.1,64.18983140510468,0.9101685948953104,0.9101685948953104
2026-12-02 22:25:37,53.7,53.4032186868687,0.29678131313130507,0.29678131313130507
2026-12-02 22:25:42,54.5,58.70760714285714,-4.207607142857142,4.207607142857142
2026-12-02 22:25:46,59.099999999999994,59.99508518518518,-0.895085185185188,0.895085185185188
2026-12-02 22:25:51,58.6,57.71893877555408,0.8810612244459222,0.8810612244459222
2026-12-02 22:25:56,54.4,60.46361111111111,-6.063611111111115,6.063611111111115
2026-12-02 22:26:00,56.6,55.73379811507937,0.8662018849206348,0.8662018849206348
2026-12-02 22:26:05,55.099999999999994,58.43501111111111,-3.3350111111111147,3.3350111111111147
2026-12-02 22:26:10,59.4,60.38188888888889,-0.9818888888888893,0.9818888888888893
2026-12-02 22:26:15,56.3,58.30937814153439,-2.009378141534391,2.009378141534391
2026-12-02 22:26:19,58.800000000000004,59.54173634259259,-0.7417363425925885,0.7417363425925885
2026-12-02 22:26:24,69.7,71.78233333333334,-2.082333333333338,2.082333333333338
2026-12-02 22:26:29,57.400000000000006,60.469857142857144,-3.0698571428571384,3.0698571428571384
2026-12-02 22:26:33,58.800000000000004,59.94709560185185,-1.147095601851845,1.147095601851845
2026-12-02 22:26:38,65.1,64.86833333333333,0.23166666666666913,0.23166666666666913
2026-12-02 22:26:43,59.900000000000006,63.082499999999996,-3.1824999999999903,3.1824999999999903
2026-12-02 22:26:48,59.2,62.982166666666664,-3.7821666666666616,3.7821666666666616
2026-12-02 22:26:52,55.4,54.98303859126984,0.41696140873015963,0.41696140873015963
2026-12-02 22:26:57,57.5,60.46502777777778,-2.9650277777777774,2.9650277777777774
2026-12-02 22:27:02,55.1,58.301759259259256,-3.201759259259255,3.201759259259255
2026-12-02 22:27:06,71.9,71.572,0.32800000000000296,0.32800000000000296
2026-12-02 22:27:11,56.699999999999996,60.96333333333333,-4.263333333333335,4.263333333333335
2026-12-02 22:27:16,59.8,60.50119629629629,-0.7011962962962954,0.7011962962962954
2026-12-02 22:27:20,60.6,63.08595555555556,-2.485955555555556,2.485955555555556
2026-12-02 22:27:25,64.2,69.627,-5.4269999999999925,5.4269999999999925
2026-12-02 22:27:30,60.699999999999996,62.86544444444444,-2.1654444444444465,2.1654444444444465
2026-12-02 22:27:35,62.599999999999994,64.72948148148147,-2.129481481481477,2.129481481481477
2026-12-02 22:27:39,55.9,62.19642592592593,-6.296425925925931,6.296425925925931
2026-12-02 22:27:44,63.699999999999996,61.89713333333333,1.8028666666666666,1.8028666666666666
2026-12-02 22:27:49,56.400000000000006,58.15320856481482,-1.7532085648148126,1.7532085648148126
2026-12-02 22:27:53,61.900000000000006,61.41178148148148,0.48821851851852216,0.48821851851852216
2026-12-02 22:27:58,52.800000000000004,60.06422222222222,-7.264222222222216,7.264222222222216
2026-12-02 22:28:03,72.6,69.24333333333334,3.356666666666655,3.356666666666655
2026-12-02 22:28:08,64.8,62.451388888888886,2.3486111111111114,2.3486111111111114
2026-12-02 22:28:12,62.099999999999994,62.90383333333333,-0.803833333333337,0.803833333333337
2026-12-02 22:28:17,59.699999999999996,59.56145899470899,0.13854100529100322,0.13854100529100322
2026-12-02 22:28:22,56.900000000000006,58.18872496693122,-1.2887249669312126,1.2887249669312126
2026-12-02 22:28:26,59.3,59.717273544973544,-0.41727354497354696,0.41727354497354696
2026-12-02 22:28:31,61.8,62.46564021164021,-0.6656402116402163,0.6656402116402163
2026-12-02 22:28:36,66.3,66.28099999999999,0.019000000000005457,0.019000000000005457
2026-12-02 22:28:40,60.9,62.38386243386243,-1.4838624338624342,1.4838624338624342
2026-12-02 22:28:45,65.6,66.61433333333332,-1.014333333333326,1.014333333333326
2026-12-02 22:28:50,79.0,81.28766666666662,-2.287666666666624,2.287666666666624
2026-12-02 22:28:55,57.7,59.01751851851852,-1.3175185185185185,1.3175185185185185
2026-12-02 22:28:59,63.0,64.19444444444444,-1.1944444444444429,1.1944444444444429
2026-12-02 22:29:04,63.400000000000006,64.80533333333334,-1.4053333333333313,1.4053333333333313
2026-12-02 22:29:09,52.8,55.43955555555555,-2.639555555555553,2.639555555555553
2026-12-02 22:29:13,60.1,60.84140740740741,-0.741407407407408,0.741407407407408
2026-12-02 22:29:18,57.3,56.928719864174745,0.371280135825252,0.371280135825252
2026-12-02 22:29:23,69.8,70.97766666666666,-1.177666666666667,1.177666666666667
2026-12-02 22:29:28,61.8,63.05061111111111,-1.2506111111111125,1.2506111111111125
2026-12-02 22:29:32,60.8,62.90151111111111,-2.1015111111111153,2.1015111111111153
2026-12-02 22:29:37,64.30000000000001,62.89139999999999,1.4086000000000212,1.4086000000000212
2026-12-02 22:29:42,65.4,68.49233333333333,-3.092333333333329,3.092333333333329
2026-12-02 22:29:46,69.80000000000001,71.00916666666667,-1.2091666666666612,1.2091666666666612
2026-12-02 22:29:51,60.4,62.250510416666664,-1.8505104166666655,1.8505104166666655
2026-12-02 22:29:56,68.3,66.36016666666666,1.9398333333333397,1.9398333333333397
2026-12-02 22:30:00,66.4,64.7533238095238,1.6466761904761995,1.6466761904761995
2026-12-02 22:30:05,69.8,68.356,1.4440000000000026,1.4440000000000026
2026-12-02 22:30:10,56.1,58.393467724867726,-2.2934677248677247,2.2934677248677247
2026-12-02 22:30:15,64.8,65.62173333333334,-0.8217333333333414,0.8217333333333414
2026-12-02 22:30:19,61.7,62.64701041666667,-0.9470104166666644,0.9470104166666644
2026-12-02 22:30:24,63.3,62.527910416666664,0.772089583333333,0.772089583333333
2026-12-02 22:30:29,65.69999999999999,62.67727936507936,3.0227206349206313,3.0227206349206313
2026-12-02 22:30:33,75.4,73.8175388888889,1.582461111111101,1.582461111111101
2026-12-02 22:30:38,63.5,62.229388888888884,1.2706111111111156,1.2706111111111156
2026-12-02 22:30:43,59.400000000000006,63.02016666666667,-3.6201666666666625,3.6201666666666625
2026-12-02 22:30:48,65.4,64.61755458466264,0.7824454153373637,0.7824454153373637
2026-12-02 22:30:52,58.400000000000006,57.405257794898105,0.9947422051019004,0.9947422051019004
2026-12-02 22:30:57,62.6,62.42529644056813,0.17470355943186888,0.17470355943186888
2026-12-02 22:31:02,54.7,58.35890476190476,-3.6589047619047577,3.6589047619047577
2026-12-02 22:31:06,56.6,58.46836226851852,-1.868362268518517,1.868362268518517
2026-12-02 22:31:11,61.099999999999994,60.02100928668282,1.0789907133171752,1.0789907133171752
2026-12-02 22:31:16,57.7,58.102208564814816,-0.4022085648148135,0.4022085648148135
2026-12-02 22:31:20,55.0,54.95151848544973,0.048481514550267946,0.048481514550267946
2026-12-02 22:31:25,53.5,52.71163078703705,0.788369212962948,0.788369212962948
2026-12-02 22:31:30,57.7,57.118451843161225,0.5815481568387781,0.5815481568387781
2026-12-02 22:31:35,62.099999999999994,61.459583333333335,0.6404166666666598,0.6404166666666598
2026-12-02 22:31:39,57.2,57.79963926027477,-0.5996392602747704,0.5996392602747704
2026-12-02 22:31:44,52.3,53.32473122826249,-1.024731228262496,1.024731228262496
2026-12-02 22:31:49,58.5,59.768669906673836,-1.2686699066738356,1.2686699066738356
2026-12-02 22:31:53,54.400000000000006,54.73819891293972,-0.33819891293971693,0.33819891293971693
2026-12-02 22:31:58,48.3,49.11341481481482,-0.8134148148148199,0.8134148148148199
2026-12-02 22:32:03,54.400000000000006,55.23784047619047,-0.8378404761904648,0.8378404761904648
2026-12-02 22:32:08,54.5,58.09218253968254,-3.5921825396825398,3.5921825396825398
2026-12-02 22:32:12,55.400000000000006,57.72810878657628,-2.328108786576273,2.328108786576273
2026-12-02 22:32:17,57.099999999999994,57.2506742063959,-0.15067420639590523,0.15067420639590523
2026-12-02 22:32:22,55.0,54.968325892857145,0.031674107142855235,0.031674107142855235
2026-12-02 22:32:26,51.8,52.079666666666654,-0.27966666666665674,0.27966666666665674
2026-12-02 22:32:31,54.8,55.26037589285715,-0.46037589285715086,0.46037589285715086
2026-12-02 22:32:36,57.2,59.11643634259259,-1.9164363425925899,1.9164363425925899
2026-12-02 22:32:41,56.599999999999994,54.838556448412696,1.7614435515872984,1.7614435515872984
2026-12-02 22:32:45,54.8,52.76476377696379,2.0352362230362075,2.0352362230362075
2026-12-02 22:32:50,63.9,65.52458333333333,-1.6245833333333266,1.6245833333333266
2026-12-02 22:32:55,53.6,54.7565,-1.1565000000000012,1.1565000000000012
2026-12-02 22:32:59,58.0,60.12789219914073,-2.1278921991407316,2.1278921991407316
2026-12-02 22:33:04,56.5,55.33613492063492,1.163865079365081,1.163865079365081
2026-12-02 22:33:09,55.0,58.65103888888889,-3.651038888888891,3.651038888888891
2026-12-02 22:33:13,51.6,53.18675049603176,-1.5867504960317618,1.5867504960317618
2026-12-02 22:33:18,56.400000000000006,57.50073824628568,-1.1007382462856725,1.1007382462856725
2026-12-02 22:33:23,54.0,55.137492559523814,-1.137492559523814,1.137492559523814
2026-12-02 22:33:28,58.6,59.411166052684685,-0.8111660526846833,0.8111660526846833
2026-12-02 22:33:32,60.2,59.75960120587473,0.4403987941252723,0.4403987941252723
2026-12-02 22:33:37,57.800000000000004,58.088791898148145,-0.28879189814814055,0.28879189814814055
2026-12-02 22:33:42,60.099999999999994,59.907882086105616,0.1921179138943785,0.1921179138943785
2026-12-02 22:33:46,54.099999999999994,54.995806448412694,-0.8958064484126993,0.8958064484126993
2026-12-02 22:33:51,50.4,50.72941053382513,-0.32941053382513275,0.32941053382513275
2026-12-02 22:33:56,54.9,54.88417658730159,0.01582341269840981,0.01582341269840981
2026-12-02 22:34:01,58.400000000000006,58.184440211640215,0.21555978835979062,0.21555978835979062
2026-12-02 22:34:05,61.3,61.71822592592593,-0.4182259259259311,0.4182259259259311
2026-12-02 22:34:10,57.0,54.982034126984125,2.017965873015875,2.017965873015875
2026-12-02 22:34:15,55.099999999999994,58.42842592592592,-3.3284259259259272,3.3284259259259272
2026-12-02 22:34:19,62.1,65.89733333333332,-3.79733333333332,3.79733333333332
2026-12-02 22:34:24,57.6,58.47808449074074,-0.8780844907407399,0.8780844907407399
2026-12-02 22:34:29,54.099999999999994,54.46825,-0.3682500000000033,0.3682500000000033
2026-12-02 22:34:33,58.7,60.172629629629625,-1.4726296296296226,1.4726296296296226
2026-12-02 22:34:38,54.099999999999994,55.040020337301584,-0.9400203373015898,0.9400203373015898
2026-12-02 22:34:43,56.3,58.12887523148148,-1.828875231481483,1.828875231481483
2026-12-02 22:34:48,54.1,58.36966402116402,-4.269664021164019,4.269664021164019
2026-12-02 22:34:52,56.599999999999994,57.45578934213184,-0.8557893421318425,0.8557893421318425
2026-12-02 22:34:57,61.5,62.0273223057361,-0.5273223057360994,0.5273223057360994
2026-12-02 22:35:02,60.3,61.415114814814814,-1.1151148148148167,1.1151148148148167
2026-12-02 22:35:06,59.5,62.88825925925926,-3.3882592592592573,3.3882592592592573
2026-12-02 22:35:11,61.1,62.489515707671956,-1.3895157076719542,1.3895157076719542
2026-12-02 22:35:16,53.4,58.428148148148146,-5.028148148148148,5.028148148148148
2026-12-02 22:35:21,56.0,55.285348115079366,0.7146518849206345,0.7146518849206345
2026-12-02 22:35:25,58.2,59.49488787808151,-1.2948878780815036,1.2948878780815036
2026-12-02 22:35:30,57.6,57.46184620872755,0.1381537912724511,0.1381537912724511
2026-12-02 22:35:35,54.099999999999994,54.1995,-0.09950000000000614,0.09950000000000614
2026-12-02 22:35:39,57.0,58.49451412037037,-1.4945141203703685,1.4945141203703685
2026-12-02 22:35:44,57.099999999999994,54.97939070767195,2.120609292328041,2.120609292328041
2026-12-02 22:35:49,55.699999999999996,54.82215367063491,0.8778463293650844,0.8778463293650844
2026-12-02 22:35:53,57.900000000000006,58.07642764355742,-0.17642764355741747,0.17642764355741747
2026-12-02 22:35:58,55.8,58.09265300925926,-2.2926530092592614,2.2926530092592614
2026-12-02 22:36:03,55.5,58.56631481481482,-3.0663148148148167,3.0663148148148167
2026-12-02 22:36:08,59.5,60.03760575132928,-0.5376057513292807,0.5376057513292807
2026-12-02 22:36:12,62.4,64.05677926547138,-1.6567792654713784,1.6567792654713784
2026-12-02 22:36:17,56.8,55.00035261243386,1.7996473875661394,1.7996473875661394
2026-12-02 22:36:22,64.8,64.58115823660653,0.2188417633934705,0.2188417633934705
2026-12-02 22:36:26,56.8,58.07286782407407,-1.2728678240740763,1.2728678240740763
2026-12-02 22:36:31,62.400000000000006,65.881,-3.4809999999999945,3.4809999999999945
2026-12-02 22:36:36,51.0,52.13068148148147,-1.1306814814814672,1.1306814814814672
2026-12-02 22:36:41,56.400000000000006,57.15400083679936,-0.7540008367993565,0.7540008367993565
2026-12-02 22:36:45,54.400000000000006,54.72221481481481,-0.3222148148148065,0.3222148148148065
2026-12-02 22:36:50,52.2,52.06931111111109,0.13068888888891195,0.13068888888891195
2026-12-02 22:36:55,57.6,60.531440476190475,-2.931440476190474,2.931440476190474
2026-12-02 22:36:59,65.9,62.86013333333333,3.0398666666666756,3.0398666666666756
2026-12-02 22:37:04,57.1,58.4254900462963,-1.325490046296295,1.325490046296295
2026-12-02 22:37:09,58.3,59.975626795100325,-1.675626795100328,1.675626795100328
2026-12-02 22:37:13,52.4,52.94538779761906,-0.545387797619064,0.545387797619064
2026-12-02 22:37:18,56.9,54.87910367063492,2.0208963293650797,2.0208963293650797
2026-12-02 22:37:23,62.2,63.2084,-1.0083999999999946,1.0083999999999946
2026-12-02 22:37:28,72.4,70.349,2.051000000000002,2.051000000000002
2026-12-02 22:37:32,59.7,59.88135384136886,-0.18135384136886046,0.18135384136886046
2026-12-02 22:37:37,59.5,57.31646954394125,2.1835304560587474,2.1835304560587474
2026-12-02 22:37:42,56.900000000000006,57.47448728707775,-0.5744872870777442,0.5744872870777442
2026-12-02 22:37:46,61.6,61.85849603174603,-0.2584960317460272,0.2584960317460272
2026-12-02 22:37:51,56.1,58.94488888888889,-2.844888888888889,2.844888888888889
2026-12-02 22:37:56,59.0,59.7738474537037,-0.7738474537037021,0.7738474537037021
2026-12-02 22:38:01,56.8,57.497952356201104,-0.6979523562011067,0.6979523562011067
2026-12-02 22:38:05,54.599999999999994,55.145905257936505,-0.5459052579365107,0.5459052579365107
2026-12-02 22:38:10,60.8,60.02282494324847,0.7771750567515241,0.7771750567515241
2026-12-02 22:38:15,51.2,49.90431321648785,1.2956867835121528,1.2956867835121528
2026-12-02 22:38:19,57.3,58.51354629629629,-1.2135462962962933,1.2135462962962933
2026-12-02 22:38:24,56.199999999999996,54.95517311507936,1.2448268849206343,1.2448268849206343
2026-12-02 22:38:29,52.1,52.077404761904745,0.02259523809525632,0.02259523809525632
2026-12-02 22:38:33,55.4,57.49417546869768,-2.094175468697678,2.094175468697678
2026-12-02 22:38:38,53.0,54.3525,-1.3524999999999991,1.3524999999999991
2026-12-02 22:38:43,59.3,60.069511306884834,-0.7695113068848372,0.7695113068848372
2026-12-02 22:38:48,53.5,54.307259259259254,-0.8072592592592542,0.8072592592592542
2026-12-02 22:38:52,48.2,48.77544444444446,-0.5754444444444573,0.5754444444444573
2026-12-02 22:38:57,59.2,59.77129476700917,-0.5712947670091637,0.5712947670091637
2026-12-02 22:39:02,57.599999999999994,57.632816848692606,-0.0328168486926117,0.0328168486926117
2026-12-02 22:39:06,56.5,58.315056712962964,-1.8150567129629636,1.8150567129629636
2026-12-02 22:39:11,62.099999999999994,62.488244028392124,-0.3882440283921298,0.3882440283921298
2026-12-02 22:39:16,54.900000000000006,55.37296205161153,-0.4729620516115247,0.4729620516115247
2026-12-02 22:39:21,54.3,58.913333333333334,-4.613333333333337,4.613333333333337
2026-12-02 22:39:25,54.8,55.0900310296083,-0.29003102960830063,0.29003102960830063
2026-12-02 22:39:30,62.0,61.605018253968254,0.3949817460317462,0.3949817460317462
2026-12-02 22:39:35,65.19999999999999,65.05483333333333,0.145166666666654,0.145166666666654
2026-12-02 22:39:39,59.9,59.659850543725284,0.24014945627471462,0.24014945627471462
2026-12-02 22:39:44,57.4,58.16675185185185,-0.7667518518518506,0.7667518518518506
2026-12-02 22:39:49,57.6,57.87571338067391,-0.27571338067390627,0.27571338067390627
2026-12-02 22:39:53,56.2,58.672511111111106,-2.4725111111111033,2.4725111111111033
2026-12-02 22:39:58,55.4,55.79074070767196,-0.39074070767195934,0.39074070767195934
2026-12-02 22:40:03,57.599999999999994,61.48188888888889,-3.881888888888895,3.881888888888895
2026-12-02 22:40:08,50.9,51.962499999999984,-1.0624999999999858,1.0624999999999858
2026-12-02 22:40:12,53.599999999999994,54.530722222222224,-0.9307222222222293,0.9307222222222293
2026-12-02 22:40:17,56.7,58.46895856481481,-1.7689585648148096,1.7689585648148096
2026-12-02 22:40:22,54.5,54.417027777777776,0.08297222222222445,0.08297222222222445
2026-12-02 22:40:26,55.300000000000004,58.146342592592596,-2.846342592592592,2.846342592592592
2026-12-02 22:40:31,57.6,60.411537037037036,-2.8115370370370343,2.8115370370370343
2026-12-02 22:40:36,56.4,58.274014120370374,-1.8740141203703757,1.8740141203703757
2026-12-02 22:40:41,61.4,61.695114814814815,-0.2951148148148164,0.2951148148148164
2026-12-02 22:40:45,59.6,59.82673634259259,-0.2267363425925879,0.2267363425925879
2026-12-02 22:40:50,53.3,54.73072311507936,-1.4307231150793598,1.4307231150793598
2026-12-02 22:40:55,52.2,54.29563888888889,-2.0956388888888853,2.0956388888888853
2026-12-02 22:40:59,55.300000000000004,58.095675925925924,-2.79567592592592,2.79567592592592
2026-12-02 22:41:04,60.6,60.28156967592592,0.3184303240740789,0.3184303240740789
2026-12-02 22:41:09,53.0,52.85487887009935,0.14512112990065162,0.14512112990065162
2026-12-02 22:41:13,58.900000000000006,59.60392713489342,-0.7039271348934122,0.7039271348934122
2026-12-02 22:41:18,66.5,67.61933333333333,-1.11933333333333,1.11933333333333
2026-12-02 22:41:23,62.9,64.84533333333333,-1.9453333333333305,1.9453333333333305
2026-12-02 22:41:28,62.0,62.78573333333333,-0.785733333333333,0.785733333333333
2026-12-02 22:41:32,57.5,58.098212268518516,-0.598212268518516,0.598212268518516
2026-12-02 22:41:37,57.099999999999994,58.14552496693122,-1.0455249669312252,1.0455249669312252
2026-12-02 22:41:42,58.2,59.40469021164021,-1.2046902116402052,1.2046902116402052
2026-12-02 22:41:46,62.0,62.33697354497354,-0.3369735449735387,0.3369735449735387
2026-12-02 22:41:51,56.599999999999994,60.33109259259259,-3.7310925925925957,3.7310925925925957
2026-12-02 22:41:56,58.599999999999994,65.70881481481482,-7.108814814814821,7.108814814814821
2026-12-02 22:42:01,60.599999999999994,63.17833862433862,-2.5783386243386275,2.5783386243386275
2026-12-02 22:42:05,62.4,64.69981481481481,-2.299814814814816,2.299814814814816
2026-12-02 22:42:10,62.599999999999994,64.48014814814815,-1.8801481481481517,1.8801481481481517
2026-12-02 22:42:15,55.7,58.315259259259264,-2.615259259259261,2.615259259259261
2026-12-02 22:42:19,59.8,59.86238465608466,-0.06238465608466015,0.06238465608466015
2026-12-02 22:42:24,62.8,61.61117037037037,1.1888296296296303,1.1888296296296303
2026-12-02 22:42:29,66.3,65.15944444444445,1.1405555555555509,1.1405555555555509
2026-12-02 22:42:33,65.0,67.04633333333332,-2.0463333333333225,2.0463333333333225
2026-12-02 22:42:38,55.3,55.51864763990882,-0.21864763990882352,0.21864763990882352
2026-12-02 22:42:43,47.3,54.04555555555555,-6.745555555555555,6.745555555555555
2026-12-02 22:42:48,66.3,69.43799999999999,-3.137999999999991,3.137999999999991
2026-12-02 22:42:52,59.400000000000006,59.76662962962963,-0.366629629629621,0.366629629629621
2026-12-02 22:42:57,59.8,59.971029629629626,-0.1710296296296292,0.1710296296296292
2026-12-02 22:43:02,58.0,58.351264550264546,-0.3512645502645455,0.3512645502645455
2026-12-02 22:43:06,61.3,65.73466666666666,-4.434666666666658,4.434666666666658
2026-12-02 22:43:11,56.3,62.41342592592592,-6.113425925925924,6.113425925925924
2026-12-02 22:43:16,69.3,69.56966666666666,-0.26966666666666583,0.26966666666666583
2026-12-02 22:43:21,70.4,70.38283333333332,0.017166666666682318,0.017166666666682318
2026-12-02 22:43:25,55.099999999999994,62.87019047619047,-7.7701904761904785,7.7701904761904785
2026-12-02 22:43:30,53.599999999999994,55.21983333333333,-1.6198333333333323,1.6198333333333323
2026-12-02 22:43:35,64.7,66.02485714285714,-1.324857142857141,1.324857142857141
2026-12-02 22:43:39,61.3,62.41833333333333,-1.1183333333333323,1.1183333333333323
2026-12-02 22:43:44,63.6,62.46746604166527,1.132533958334733,1.132533958334733
2026-12-02 22:43:49,59.0,58.1793900462963,0.8206099537037019,0.8206099537037019
2026-12-02 22:43:53,60.0,64.2205,-4.220500000000001,4.220500000000001
2026-12-02 22:43:58,56.5,60.410944444444446,-3.9109444444444463,3.9109444444444463
2026-12-02 22:44:03,59.2,57.69167111096964,1.5083288890303663,1.5083288890303663
2026-12-02 22:44:08,61.3,61.80442063492063,-0.5044206349206348,0.5044206349206348
2026-12-02 22:44:12,59.099999999999994,63.328111111111106,-4.228111111111112,4.228111111111112
2026-12-02 22:44:17,57.199999999999996,65.85133333333333,-8.651333333333334,8.651333333333334
2026-12-02 22:44:22,59.1,60.20851041666666,-1.108510416666661,1.108510416666661
2026-12-02 22:44:26,56.3,60.55109259259259,-4.251092592592592,4.251092592592592
2026-12-02 22:44:31,56.0,58.509092592592594,-2.5090925925925944,2.5090925925925944
2026-12-02 22:44:36,65.1,69.34666666666666,-4.24666666666667,4.24666666666667
2026-12-02 22:44:41,55.9,58.419246031746034,-2.519246031746036,2.519246031746036
2026-12-02 22:44:45,60.599999999999994,63.834666666666664,-3.2346666666666692,3.2346666666666692
2026-12-02 22:44:50,61.4,62.62540476190476,-1.2254047619047626,1.2254047619047626
2026-12-02 22:44:55,55.2,58.57796825396825,-3.3779682539682483,3.3779682539682483
2026-12-02 22:44:59,58.9,60.3537511574074,-1.4537511574074031,1.4537511574074031
2026-12-02 22:45:04,51.0,51.97133333333332,-0.9713333333333196,0.9713333333333196
2026-12-02 22:45:09,53.599999999999994,55.206125892857145,-1.6061258928571505,1.6061258928571505
2026-12-02 22:45:13,61.3,60.06068518518518,1.2393148148148185,1.2393148148148185
2026-12-02 22:45:18,55.099999999999994,58.54577777777778,-3.445777777777785,3.445777777777785
2026-12-02 22:45:23,59.8,60.12996770419124,-0.32996770419124033,0.32996770419124033
2026-12-02 22:45:28,61.5,61.593948148148144,-0.09394814814814367,0.09394814814814367
2026-12-02 22:45:32,64.9,68.63933333333333,-3.7393333333333203,3.7393333333333203
2026-12-02 22:45:37,72.0,67.30388888888888,4.696111111111122,4.696111111111122
2026-12-02 22:45:42,57.5,60.79661111111111,-3.296611111111112,3.296611111111112
2026-12-02 22:45:46,63.5,62.99399999999999,0.5060000000000073,0.5060000000000073
2026-12-02 22:45:51,57.1,58.48704629629629,-1.3870462962962904,1.3870462962962904
2026-12-02 22:45:56,66.9,65.65673333333334,1.2432666666666705,1.2432666666666705
2026-12-02 22:46:01,62.800000000000004,64.74433333333333,-1.9443333333333257,1.9443333333333257
2026-12-02 22:46:05,61.300000000000004,62.64003422619047,-1.3400342261904683,1.3400342261904683
2026-12-02 22:46:10,64.4,63.862510416666666,0.5374895833333397,0.5374895833333397
2026-12-02 22:46:15,58.599999999999994,59.41039004629629,-0.8103900462962983,0.8103900462962983
2026-12-02 22:46:19,65.6,68.42666666666666,-2.826666666666668,2.826666666666668
2026-12-02 22:46:24,59.900000000000006,59.82136226851852,0.07863773148148567,0.07863773148148567
2026-12-02 22:46:29,57.1,57.518306659911445,-0.418306659911444,0.418306659911444
2026-12-02 22:46:33,61.7,61.861777777777775,-0.1617777777777718,0.1617777777777718
2026-12-02 22:46:38,59.5,60.46211111111111,-0.9621111111111134,0.9621111111111134
2026-12-02 22:46:43,62.5,65.25023333333333,-2.750233333333327,2.750233333333327
2026-12-02 22:46:48,55.4,58.54119047619047,-3.1411904761904736,3.1411904761904736
2026-12-02 22:46:52,60.0,69.50933333333333,-9.50933333333333,9.50933333333333
2026-12-02 22:46:57,61.2,62.93627708333333,-1.7362770833333272,1.7362770833333272
2026-12-02 22:47:02,63.1,63.88767708333333,-0.7876770833333282,0.7876770833333282
2026-12-02 22:47:06,57.7,60.49519047619047,-2.79519047619047,2.79519047619047
2026-12-02 22:47:11,58.5,59.77636226851852,-1.2763622685185183,1.2763622685185183
2026-12-02 22:47:16,58.1,60.295759259259256,-2.1957592592592547,2.1957592592592547
2026-12-02 22:47:21,57.2,58.33318078703704,-1.133180787037034,1.133180787037034
2026-12-02 22:47:25,56.8,57.869153009259264,-1.0691530092592672,1.0691530092592672
2026-12-02 22:47:30,58.7,60.4932037037037,-1.7932037037036963,1.7932037037036963
2026-12-02 22:47:35,57.400000000000006,60.19675925925926,-2.796759259259254,2.796759259259254
2026-12-02 22:47:39,59.2,59.76968078703704,-0.5696807870370364,0.5696807870370364
2026-12-02 22:47:44,66.8,66.44306666666665,0.35693333333334465,0.35693333333334465
2026-12-02 22:47:49,65.19999999999999,63.74419576719576,1.4558042328042262,1.4558042328042262
2026-12-02 22:47:53,54.900000000000006,54.82407142857143,0.07592857142857667,0.07592857142857667
2026-12-02 22:47:58,59.0,64.12819999999999,-5.1281999999999925,5.1281999999999925
2026-12-02 22:48:03,56.4,58.493431216931214,-2.093431216931215,2.093431216931215
2026-12-02 22:48:08,65.2,63.09249603174602,2.1075039682539796,2.1075039682539796
2026-12-02 22:48:12,66.0,65.18181767310789,0.8181823268921136,0.8181823268921136
2026-12-02 22:48:17,53.3,53.2264819294132,0.07351807058680038,0.07351807058680038
2026-12-02 22:48:22,65.9,66.31192380952382,-0.41192380952381313,0.41192380952381313
2026-12-02 22:48:26,62.400000000000006,62.72427777777778,-0.3242777777777732,0.3242777777777732
2026-12-02 22:48:31,63.300000000000004,64.988,-1.6879999999999953,1.6879999999999953
2026-12-02 22:48:36,56.699999999999996,60.49969047619047,-3.7996904761904773,3.7996904761904773
2026-12-02 22:48:41,59.4,58.420894014550264,0.9791059854497348,0.9791059854497348
2026-12-02 22:48:45,68.6,73.71333333333332,-5.11333333333333,5.11333333333333
2026-12-02 22:48:50,69.5,70.652,-1.152000000000001,1.152000000000001
2026-12-02 22:48:55,63.4,64.09274375,-0.6927437499999982,0.6927437499999982
2026-12-02 22:48:59,73.9,69.90966666666668,3.990333333333325,3.990333333333325
2026-12-02 22:49:04,56.7,59.07222222222222,-2.37222222222222,2.37222222222222
2026-12-02 22:49:09,58.599999999999994,60.45180158730158,-1.851801587301587,1.851801587301587
2026-12-02 22:49:13,65.1,72.80083333333333,-7.700833333333335,7.700833333333335
2026-12-02 22:49:18,69.2,67.93233333333332,1.2676666666666847,1.2676666666666847
2026-12-02 22:49:23,63.7,64.99564331583973,-1.295643315839726,1.295643315839726
2026-12-02 22:49:28,57.4,58.333490740740736,-0.9334907407407371,0.9334907407407371
2026-12-02 22:49:32,61.7,63.94177777777778,-2.241777777777777,2.241777777777777
2026-12-02 22:49:37,55.0,54.795611111111114,0.20438888888888584,0.20438888888888584
2026-12-02 22:49:42,68.7,68.77066666666667,-0.07066666666666777,0.07066666666666777
2026-12-02 22:49:46,63.5,62.900666666666666,0.5993333333333339,0.5993333333333339
2026-12-02 22:49:51,71.6,78.30299999999997,-6.7029999999999745,6.7029999999999745
2026-12-02 22:49:56,58.300000000000004,58.999994708994706,-0.6999947089947014,0.6999947089947014
2026-12-02 22:50:01,63.5,66.57033333333332,-3.0703333333333234,3.0703333333333234
2026-12-02 22:50:05,52.400000000000006,55.137499999999996,-2.73749999999999,2.73749999999999
2026-12-02 22:50:10,66.4,70.98466666666667,-4.584666666666664,4.584666666666664
2026-12-02 22:50:15,60.5,60.22596296296296,0.27403703703703997,0.27403703703703997
2026-12-02 22:50:19,62.1,61.65541666666667,0.444583333333334,0.444583333333334
2026-12-02 22:50:24,64.8,68.97233333333332,-4.172333333333327,4.172333333333327
2026-12-02 22:50:29,57.0,58.559555555555555,-1.559555555555555,1.559555555555555
2026-12-02 22:50:34,65.3,65.691,-0.39100000000000534,0.39100000000000534
2026-12-02 22:50:38,62.6,64.32231132390154,-1.7223113239015433,1.7223113239015433
2026-12-02 22:50:43,58.2,58.308935185185184,-0.10893518518518164,0.10893518518518164
2026-12-02 22:50:48,66.19999999999999,65.85512137681158,0.3448786231884071,0.3448786231884071
2026-12-02 22:50:52,60.3,59.59508449074074,0.7049155092592585,0.7049155092592585
2026-12-02 22:50:57,58.400000000000006,60.51927777777778,-2.119277777777775,2.119277777777775
2026-12-02 22:51:02,55.900000000000006,55.39578303571429,0.5042169642857175,0.5042169642857175
2026-12-02 22:51:06,60.2,59.98127325974679,0.21872674025321004,0.21872674025321004
2026-12-02 22:51:11,59.2,59.90146523906377,-0.701465239063765,0.701465239063765
2026-12-02 22:51:16,51.9,54.21366666666666,-2.3136666666666628,2.3136666666666628
2026-12-02 22:51:21,50.6,50.82226738163014,-0.22226738163013948,0.22226738163013948
2026-12-02 22:51:25,61.0,65.681,-4.680999999999997,4.680999999999997
2026-12-02 22:51:30,57.400000000000006,60.34685714285714,-2.9468571428571337,2.9468571428571337
2026-12-02 22:51:35,59.300000000000004,62.93644444444444,-3.636444444444436,3.636444444444436
2026-12-02 22:51:39,58.3,57.15159153499007,1.148408465009929,1.148408465009929
2026-12-02 22:51:44,56.4,63.166777777777774,-6.766777777777776,6.766777777777776
2026-12-02 22:51:49,58.7,60.43960507792861,-1.7396050779286085,1.7396050779286085
2026-12-02 22:51:54,59.8,64.24277777777777,-4.442777777777778,4.442777777777778
2026-12-02 22:51:58,64.80000000000001,65.46104166666666,-0.6610416666666481,0.6610416666666481
2026-12-02 22:52:03,52.699999999999996,56.442166666666665,-3.7421666666666695,3.7421666666666695
2026-12-02 22:52:08,65.9,64.024,1.8760000000000048,1.8760000000000048
2026-12-02 22:52:12,59.1,60.127753724053726,-1.0277537240537242,1.0277537240537242
2026-12-02 22:52:17,61.0,59.98690740740741,1.0130925925925922,1.0130925925925922
2026-12-02 22:52:22,56.8,58.29779232804233,-1.4977923280423298,1.4977923280423298
2026-12-02 22:52:26,65.2,69.37366666666667,-4.173666666666662,4.173666666666662
2026-12-02 22:52:31,65.1,64.16170089285714,0.9382991071428535,0.9382991071428535
2026-12-02 22:52:36,54.4,58.65772222222222,-4.25772222222222,4.25772222222222
2026-12-02 22:52:41,61.0,63.28930158730159,-2.289301587301587,2.289301587301587
2026-12-02 22:52:45,53.5,54.673319444444445,-1.173319444444445,1.173319444444445
2026-12-02 22:52:50,53.7,55.3741814484127,-1.6741814484126962,1.6741814484126962
2026-12-02 22:52:55,62.9,63.06173333333333,-0.16173333333333062,0.16173333333333062
2026-12-02 22:52:59,65.2,64.80021661490683,0.3997833850931727,0.3997833850931727
2026-12-02 22:53:04,59.0,58.20956226851852,0.7904377314814823,0.7904377314814823
2026-12-02 22:53:09,65.3,63.22249999999999,2.0775000000000077,2.0775000000000077
2026-12-02 22:53:14,63.900000000000006,64.05511041666666,-0.15511041666665903,0.15511041666665903
2026-12-02 22:53:18,59.5,59.9293242698478,-0.4293242698477968,0.4293242698477968
2026-12-02 22:53:23,61.8,61.78160555555555,0.01839444444444638,0.01839444444444638
2026-12-02 22:53:28,56.2,58.501333333333335,-2.301333333333332,2.301333333333332
2026-12-02 22:53:32,63.2,63.5385,-0.33849999999999625,0.33849999999999625
2026-12-02 22:53:37,65.6,64.76691111111111,0.8330888888888808,0.8330888888888808
2026-12-02 22:53:42,62.0,62.44397122667781,-0.4439712266778102,0.4439712266778102
2026-12-02 22:53:46,60.3,59.45266782407408,0.8473321759259207,0.8473321759259207
2026-12-02 22:53:51,52.0,56.0975,-4.097499999999997,4.097499999999997
2026-12-02 22:53:56,52.1,53.37768454415956,-1.2776845441595555,1.2776845441595555
2026-12-02 22:54:01,52.3,55.80359999999999,-3.5035999999999916,3.5035999999999916
2026-12-02 22:54:05,55.7,59.029333333333334,-3.329333333333331,3.329333333333331
2026-12-02 22:54:10,59.2,64.05383333333333,-4.853833333333327,4.853833333333327
2026-12-02 22:54:15,58.6,58.47333845899471,0.1266615410052907,0.1266615410052907
2026-12-02 22:54:19,60.9,62.945055555555555,-2.0450555555555567,2.0450555555555567
2026-12-02 22:54:24,64.2,64.57732885841011,-0.37732885841010955,0.37732885841010955
2026-12-02 22:54:29,55.4,55.39498422619048,0.005015773809518009,0.005015773809518009
2026-12-02 22:54:34,57.9,58.240962268518516,-0.34096226851851696,0.34096226851851696
2026-12-02 22:54:38,61.6,61.769838888888884,-0.16983888888888288,0.16983888888888288
2026-12-02 22:54:43,63.8,63.93803719468548,-0.1380371946854808,0.1380371946854808
2026-12-02 22:54:48,60.099999999999994,62.95144444444444,-2.8514444444444464,2.8514444444444464
2026-12-02 22:54:52,55.5,58.34492592592593,-2.844925925925928,2.844925925925928
2026-12-02 22:54:57,60.8,63.95387777777778,-3.1538777777777796,3.1538777777777796
2026-12-02 22:55:02,56.3,58.43708449074074,-2.1370844907407403,2.1370844907407403
2026-12-02 22:55:06,51.6,50.92250995887766,0.6774900411223399,0.6774900411223399
2026-12-02 22:55:11,64.5,64.70490000000001,-0.20490000000000919,0.20490000000000919
2026-12-02 22:55:16,66.5,66.48666666666665,0.013333333333349628,0.013333333333349628
2026-12-02 22:55:21,68.3,65.21775100644122,3.0822489935587782,3.0822489935587782
2026-12-02 22:55:25,54.5,60.300888888888885,-5.800888888888885,5.800888888888885
2026-12-02 22:55:30,53.7,55.221333333333334,-1.521333333333331,1.521333333333331
2026-12-02 22:55:35,58.6,60.17729629629629,-1.5772962962962893,1.5772962962962893
2026-12-02 22:55:39,71.6,71.60006666666666,-6.666666666887977e-05,6.666666666887977e-05
2026-12-02 22:55:44,61.5,62.84833333333333,-1.3483333333333292,1.3483333333333292
2026-12-02 22:55:49,59.400000000000006,59.9544085630208,-0.5544085630207931,0.5544085630207931
2026-12-02 22:55:54,58.9,59.9381574074074,-1.0381574074074038,1.0381574074074038
2026-12-02 22:55:58,55.800000000000004,60.79302380952381,-4.993023809523805,4.993023809523805
2026-12-02 22:56:03,56.5,55.53357959656085,0.9664204034391517,0.9664204034391517
2026-12-02 22:56:08,60.1,69.87458333333332,-9.774583333333318,9.774583333333318
2026-12-02 22:56:12,66.2,64.84913333333334,1.3508666666666613,1.3508666666666613
2026-12-02 22:56:17,63.900000000000006,64.22227772601795,-0.32227772601794413,0.32227772601794413
2026-12-02 22:56:22,63.4,62.446466666666666,0.9535333333333327,0.9535333333333327
2026-12-02 22:56:26,69.0,66.57644444444443,2.4235555555555663,2.4235555555555663
2026-12-02 22:56:31,67.1,65.38263333333333,1.7173666666666634,1.7173666666666634
2026-12-02 22:56:36,65.9,64.52376860793312,1.3762313920668845,1.3762313920668845
2026-12-02 22:56:41,54.9,55.231709226190475,-0.33170922619047616,0.33170922619047616
2026-12-02 22:56:45,59.3,59.75398677248677,-0.4539867724867719,0.4539867724867719
2026-12-02 22:56:50,60.7,66.19999999999999,-5.499999999999986,5.499999999999986
2026-12-02 22:56:55,56.0,60.28512380952381,-4.28512380952381,4.28512380952381
2026-12-02 22:56:59,63.599999999999994,65.05435714285714,-1.4543571428571482,1.4543571428571482
2026-12-02 22:57:04,70.1,69.65604974747475,0.4439502525252408,0.4439502525252408
2026-12-02 22:57:09,56.7,60.529777777777774,-3.829777777777771,3.829777777777771
2026-12-02 22:57:14,59.400000000000006,63.05583333333333,-3.6558333333333266,3.6558333333333266
2026-12-02 23:06:55,56.4,55.340761876914506,1.0592381230854926,1.0592381230854926
2026-12-02 23:07:00,55.400000000000006,55.265839680342445,0.13416031965756048,0.13416031965756048
2026-12-02 23:07:04,62.8,61.741340705526234,1.0586592944737632,1.0586592944737632
2026-12-02 23:07:09,62.4,61.47705555555555,0.9229444444444468,0.9229444444444468
2026-12-02 23:07:14,70.69999999999999,70.37999612428635,0.3200038757136383,0.3200038757136383
2026-12-02 23:07:18,54.8,58.406,-3.6060000000000016,3.6060000000000016
2026-12-02 23:07:23,62.7,62.82186379310345,-0.12186379310344364,0.12186379310344364
2026-12-02 23:07:28,60.9,61.76100284732792,-0.8610028473279243,0.8610028473279243
2026-12-02 23:07:33,61.3,60.14881063348416,1.1511893665158368,1.1511893665158368
2026-12-02 23:07:37,54.2,55.55023356481482,-1.3502335648148147,1.3502335648148147
2026-12-02 23:07:42,57.6,57.58798003320246,0.012019966797538473,0.012019966797538473
2026-12-02 23:07:47,53.8,58.24359259259259,-4.443592592592594,4.443592592592594
2026-12-02 23:07:51,64.6,65.21258612091677,-0.6125861209167738,0.6125861209167738
2026-12-02 23:07:56,62.5,62.092439878509836,0.40756012149016385,0.40756012149016385
2026-12-02 23:08:01,55.6,57.329282418240155,-1.7292824182401532,1.7292824182401532
2026-12-02 23:08:06,55.5,57.25101041023274,-1.7510104102327375,1.7510104102327375
2026-12-02 23:08:10,55.900000000000006,63.30777777777777,-7.407777777777767,7.407777777777767
2026-12-02 23:08:15,59.099999999999994,57.76128746498599,1.338712535014004,1.338712535014004
2026-12-02 23:08:20,76.6,74.99566666666666,1.6043333333333294,1.6043333333333294
2026-12-02 23:08:24,51.099999999999994,54.836333333333336,-3.7363333333333415,3.7363333333333415
2026-12-02 23:08:29,60.7,62.39728888888889,-1.6972888888888846,1.6972888888888846
2026-12-02 23:08:34,55.2,55.87061269841271,-0.6706126984127039,0.6706126984127039
2026-12-02 23:08:39,55.5,58.84769047619047,-3.347690476190472,3.347690476190472
2026-12-02 23:08:43,57.5,57.46196993133954,0.038030068660461325,0.038030068660461325
2026-12-02 23:08:48,54.6,55.63273475529101,-1.0327347552910098,1.0327347552910098
2026-12-02 23:08:53,53.4,53.393331580687835,0.00666841931216311,0.00666841931216311
2026-12-02 23:08:57,60.5,59.2137201058201,1.2862798941798985,1.2862798941798985
2026-12-02 23:09:02,61.1,59.94328538095891,1.1567146190410895,1.1567146190410895
2026-12-02 23:09:07,55.599999999999994,57.292124906172916,-1.6921249061729213,1.6921249061729213
2026-12-02 23:09:11,51.400000000000006,51.97316666666665,-0.5731666666666442,0.5731666666666442
2026-12-02 23:09:16,55.099999999999994,62.52458333333333,-7.424583333333338,7.424583333333338
2026-12-02 23:09:21,56.900000000000006,58.46330952380952,-1.5633095238095152,1.5633095238095152
2026-12-02 23:09:26,58.8,59.24619560185185,-0.4461956018518549,0.4461956018518549
2026-12-02 23:09:30,58.0,57.574101157407405,0.4258988425925949,0.4258988425925949
2026-12-02 23:09:35,53.2,59.60014814814815,-6.400148148148148,6.400148148148148
2026-12-02 23:09:40,51.599999999999994,59.273330687830686,-7.673330687830692,7.673330687830692
2026-12-02 23:09:44,67.4,65.5640630952381,1.8359369047619083,1.8359369047619083
2026-12-02 23:09:49,60.8,62.13178819444444,-1.3317881944444423,1.3317881944444423
2026-12-02 23:09:54,54.6,55.177585451001235,-0.5775854510012337,0.5775854510012337
2026-12-02 23:09:59,54.0,55.23880368592515,-1.2388036859251486,1.2388036859251486
2026-12-02 23:10:03,51.9,53.4511308802309,-1.5511308802309003,1.5511308802309003
2026-12-02 23:10:08,60.3,59.98544991087344,0.3145500891265556,0.3145500891265556
2026-12-02 23:10:13,57.5,57.67247337962963,-0.17247337962962916,0.17247337962962916
2026-12-02 23:10:17,62.5,61.661559259259256,0.8384407407407437,0.8384407407407437
2026-12-02 23:10:22,53.400000000000006,53.91611111111111,-0.5161111111111012,0.5161111111111012
2026-12-02 23:10:27,59.0,59.75492213309566,-0.7549221330956613,0.7549221330956613
2026-12-02 23:10:31,53.800000000000004,54.073652777777774,-0.27365277777776953,0.27365277777776953
2026-12-02 23:10:36,64.2,65.21073333333334,-1.0107333333333344,1.0107333333333344
2026-12-02 23:10:41,57.7,57.957907407407404,-0.2579074074074015,0.2579074074074015
2026-12-02 23:10:46,57.6,57.15365057771502,0.44634942228498176,0.44634942228498176
2026-12-02 23:10:50,58.7,59.60660029522651,-0.9066002952265038,0.9066002952265038
2026-12-02 23:10:55,55.8,58.27227777777778,-2.4722777777777836,2.4722777777777836
2026-12-02 23:11:00,56.699999999999996,55.492612929894186,1.2073870701058098,1.2073870701058098
2026-12-02 23:11:04,52.9,59.4895,-6.589500000000001,6.589500000000001
2026-12-02 23:11:09,51.0,51.09069322619532,-0.09069322619532016,0.09069322619532016
2026-12-02 23:11:14,65.1,68.83766666666665,-3.737666666666655,3.737666666666655
2026-12-02 23:11:19,58.0,58.007208994708996,-0.007208994708996386,0.007208994708996386
2026-12-02 23:11:23,56.1,58.73105555555556,-2.6310555555555553,2.6310555555555553
2026-12-02 23:11:28,59.5,59.81074074074074,-0.31074074074074076,0.31074074074074076
2026-12-02 23:11:33,52.2,54.394000000000005,-2.1940000000000026,2.1940000000000026
2026-12-02 23:11:37,52.400000000000006,52.03211111111109,0.36788888888891336,0.36788888888891336
2026-12-02 23:11:42,49.7,55.24191666666666,-5.541916666666658,5.541916666666658
2026-12-02 23:11:47,58.8,58.25762152777778,0.542378472222218,0.542378472222218
2026-12-02 23:11:51,54.4,54.87942311507936,-0.4794231150793635,0.4794231150793635
2026-12-02 23:11:56,56.3,57.62125486111111,-1.3212548611111146,1.3212548611111146
2026-12-02 23:12:01,75.9,72.48800000000001,3.411999999999992,3.411999999999992
2026-12-02 23:12:06,49.2,54.323611111111106,-5.123611111111103,5.123611111111103
2026-12-02 23:12:10,53.3,55.17833333333333,-1.8783333333333303,1.8783333333333303
2026-12-02 23:12:15,56.3,55.94391666666667,0.35608333333333064,0.35608333333333064
2026-12-02 23:12:20,53.2,53.06610830558331,0.1338916944166897,0.1338916944166897
2026-12-02 23:12:24,57.3,57.83261066515112,-0.5326106651511253,0.5326106651511253
2026-12-02 23:12:29,57.0,60.17055555555555,-3.170555555555552,3.170555555555552
2026-12-02 23:12:34,51.4,53.86222222222223,-2.4622222222222305,2.4622222222222305
2026-12-02 23:12:39,63.2,64.98285714285714,-1.7828571428571394,1.7828571428571394
2026-12-02 23:12:43,59.9,59.169862268518514,0.7301377314814843,0.7301377314814843
2026-12-02 23:12:48,64.9,62.75547777777777,2.1445222222222355,2.1445222222222355
2026-12-02 23:12:53,58.300000000000004,57.74879560185185,0.5512043981481511,0.5512043981481511
2026-12-02 23:12:57,52.7,52.77434560185186,-0.07434560185186001,0.07434560185186001
2026-12-02 23:13:02,69.6,71.11866666666667,-1.5186666666666753,1.5186666666666753
2026-12-02 23:13:07,51.0,56.08716666666666,-5.087166666666661,5.087166666666661
2026-12-02 23:13:11,67.4,72.00466666666667,-4.60466666666666,4.60466666666666
2026-12-02 23:13:16,62.2,62.06265974587353,0.137340254126471,0.137340254126471
2026-12-02 23:13:21,58.2,58.0236182887775,0.17638171122250412,0.17638171122250412
2026-12-02 23:13:26,59.6,60.61427103174603,-1.014271031746027,1.014271031746027
2026-12-02 23:13:30,49.099999999999994,48.851511111111115,0.248488888888879,0.248488888888879
2026-12-02 23:13:35,52.7,54.44133333333333,-1.7413333333333298,1.7413333333333298
2026-12-02 23:13:40,55.199999999999996,55.255798115079365,-0.05579811507936938,0.05579811507936938
2026-12-02 23:13:44,55.6,58.075,-2.4750000000000014,2.4750000000000014
2026-12-02 23:13:49,52.0,53.17856240079366,-1.178562400793659,1.178562400793659
2026-12-02 23:13:54,53.8,55.35440345945608,-1.5544034594560827,1.5544034594560827
2026-12-02 23:13:59,50.5,51.88438888888887,-1.3843888888888713,1.3843888888888713
2026-12-02 23:14:03,58.099999999999994,57.216049456938464,0.8839505430615304,0.8839505430615304
2026-12-02 23:14:08,60.0,59.93387213309566,0.06612786690433836,0.06612786690433836
2026-12-02 23:14:13,55.9,55.2153728505291,0.6846271494708986,0.6846271494708986
2026-12-02 23:14:17,60.7,61.97939841269841,-1.2793984126984057,1.2793984126984057
2026-12-02 23:14:22,62.3,62.18895486111111,0.11104513888889045,0.11104513888889045
2026-12-02 23:14:27,67.5,70.84533333333333,-3.345333333333329,3.345333333333329
2026-12-02 23:14:31,52.800000000000004,54.40316666666667,-1.6031666666666666,1.6031666666666666
2026-12-02 23:14:36,53.0,54.176,-1.176000000000002,1.176000000000002
2026-12-02 23:14:41,67.2,66.24366666666667,0.9563333333333333,0.9563333333333333
2026-12-02 23:14:46,54.800000000000004,58.66788888888889,-3.867888888888885,3.867888888888885
2026-12-02 23:14:50,56.2,55.479055555555554,0.7209444444444486,0.7209444444444486
2026-12-02 23:14:55,61.5,62.51117417864699,-1.0111741786469892,1.0111741786469892
2026-12-02 23:15:00,50.4,50.88604639330474,-0.48604639330473987,0.48604639330473987
2026-12-02 23:15:04,57.2,58.176820105820106,-0.9768201058201029,0.9768201058201029
2026-12-02 23:15:09,52.9,59.777988888888885,-6.877988888888886,6.877988888888886
2026-12-02 23:15:14,58.2,58.36762152777778,-0.16762152777777573,0.16762152777777573
2026-12-02 23:15:19,57.8,57.58036126232657,0.2196387376734279,0.2196387376734279
2026-12-02 23:15:23,59.7,59.27807407407407,0.42192592592593314,0.42192592592593314
2026-12-02 23:15:28,57.1,57.149377200719805,-0.04937720071980323,0.04937720071980323
2026-12-02 23:15:33,65.0,64.72074541804874,0.27925458195126396,0.27925458195126396
2026-12-02 23:15:37,72.5,71.26384444444444,1.2361555555555555,1.2361555555555555
2026-12-02 23:15:42,58.8,59.15079629629629,-0.35079629629629494,0.35079629629629494
2026-12-02 23:15:47,64.6,62.641,1.958999999999996,1.958999999999996
2026-12-02 23:15:51,56.5,55.44046654956506,1.059533450434941,1.059533450434941
2026-12-02 23:15:56,72.4,73.97877777777776,-1.5787777777777592,1.5787777777777592
2026-12-02 23:16:01,64.8,65.41012645502646,-0.6101264550264602,0.6101264550264602
2026-12-02 23:16:06,59.6,59.081296296296294,0.5187037037037072,0.5187037037037072
2026-12-02 23:16:10,61.7,63.385333333333335,-1.6853333333333325,1.6853333333333325
2026-12-02 23:16:15,61.800000000000004,61.57538888888889,0.2246111111111162,0.2246111111111162
2026-12-02 23:16:20,59.400000000000006,59.64986596426449,-0.2498659642644867,0.2498659642644867
2026-12-02 23:16:24,71.9,70.048,1.8520000000000039,1.8520000000000039
2026-12-02 23:16:29,59.199999999999996,59.87109872039725,-0.6710987203972536,0.6710987203972536
2026-12-02 23:16:34,55.7,55.319273613223736,0.38072638677626713,0.38072638677626713
2026-12-02 23:16:39,61.699999999999996,61.77677380952381,-0.0767738095238144,0.0767738095238144
2026-12-02 23:16:43,61.7,61.43374047619047,0.26625952380953066,0.26625952380953066
2026-12-02 23:16:48,67.69999999999999,67.18074603174603,0.5192539682539632,0.5192539682539632
2026-12-02 23:16:53,64.4,64.31528901468901,0.0847109853109913,0.0847109853109913
2026-12-02 23:16:57,55.099999999999994,54.851938988095235,0.2480610119047597,0.2480610119047597
2026-12-02 23:17:02,54.900000000000006,54.792617559523805,0.10738244047620071,0.10738244047620071
2026-12-02 23:17:07,65.9,66.72236045464341,-0.8223604546434018,0.8223604546434018
2026-12-02 23:17:11,59.5,65.55516666666666,-6.055166666666665,6.055166666666665
2026-12-02 23:17:16,70.69999999999999,71.92833333333334,-1.228333333333353,1.228333333333353
2026-12-02 23:17:21,70.7,67.758,2.9420000000000073,2.9420000000000073
2026-12-02 23:17:26,71.1,69.06433333333332,2.035666666666671,2.035666666666671
2026-12-02 23:17:30,64.69999999999999,63.873000000000005,0.826999999999984,0.826999999999984
2026-12-02 23:17:35,72.3,68.81723333333333,3.482766666666663,3.482766666666663
2026-12-02 23:17:40,73.5,69.13633333333334,4.36366666666666,4.36366666666666
2026-12-02 23:17:44,61.2,61.2339626984127,-0.033962698412693726,0.033962698412693726
2026-12-02 23:17:49,68.1,66.3699,1.730099999999993,1.730099999999993
2026-12-02 23:17:54,69.8,66.46784374999999,3.3321562500000113,3.3321562500000113
2026-12-02 23:17:59,70.6,67.48796666666667,3.112033333333329,3.112033333333329
2026-12-02 23:18:03,78.4,73.00360000000002,5.396399999999986,5.396399999999986
2026-12-02 23:18:08,63.3,62.2645,1.035499999999999,1.035499999999999
2026-12-02 23:18:13,55.2,54.86586755952381,0.3341324404761963,0.3341324404761963
2026-12-02 23:18:17,66.9,73.169,-6.268999999999991,6.268999999999991
2026-12-02 23:18:22,56.5,60.68483333333333,-4.18483333333333,4.18483333333333
2026-12-02 23:18:27,61.2,63.28966666666666,-2.089666666666659,2.089666666666659
2026-12-02 23:18:32,66.0,69.02966666666667,-3.029666666666671,3.029666666666671
2026-12-02 23:18:36,74.9,70.20133333333334,4.698666666666668,4.698666666666668
2026-12-02 23:18:41,63.5,66.62416666666665,-3.124166666666653,3.124166666666653
2026-12-02 23:18:46,63.9,63.63053422619048,0.26946577380952164,0.26946577380952164
2026-12-02 23:18:50,63.4,63.367010416666666,0.03298958333333246,0.03298958333333246
2026-12-02 23:18:55,75.19999999999999,74.86977460317462,0.33022539682536944,0.33022539682536944
2026-12-02 23:19:00,76.6,78.71999999999997,-2.119999999999976,2.119999999999976
2026-12-02 23:19:04,72.1,69.05933333333333,3.0406666666666666,3.0406666666666666
2026-12-02 23:19:09,62.8,64.96033333333334,-2.160333333333341,2.160333333333341
2026-12-02 23:19:14,71.8,74.549,-2.7490000000000094,2.7490000000000094
2026-12-02 23:19:19,67.69999999999999,65.73616666666666,1.9638333333333264,1.9638333333333264
2026-12-02 23:19:23,55.5,58.50291269841269,-3.0029126984126933,3.0029126984126933
2026-12-02 23:19:28,57.5,60.121134920634915,-2.6211349206349155,2.6211349206349155
2026-12-02 23:19:33,57.7,58.40656068121693,-0.7065606812169278,0.7065606812169278
2026-12-02 23:19:37,55.5,54.689071428571424,0.8109285714285761,0.8109285714285761
2026-12-02 23:19:42,62.099999999999994,65.79791666666667,-3.6979166666666714,3.6979166666666714
2026-12-02 23:19:47,57.4,58.044394014550264,-0.6443940145502651,0.6443940145502651
2026-12-02 23:19:51,51.5,52.19244444444443,-0.6924444444444333,0.6924444444444333
2026-12-02 23:19:56,58.400000000000006,60.22533333333333,-1.825333333333326,1.825333333333326
2026-12-02 23:20:01,61.2,60.145111021984555,1.0548889780154482,1.0548889780154482
2026-12-02 23:20:06,55.900000000000006,58.3631,-2.463099999999997,2.463099999999997
2026-12-02 23:20:10,52.599999999999994,53.98675,-1.3867500000000064,1.3867500000000064
2026-12-02 23:20:15,74.8,74.35533333333332,0.4446666666666772,0.4446666666666772
2026-12-02 23:20:20,60.5,62.58116666666666,-2.081166666666661,2.081166666666661
2026-12-02 23:20:24,61.099999999999994,59.506820105820104,1.5931798941798903,1.5931798941798903
2026-12-02 23:20:29,54.3,55.32816666666667,-1.028166666666671,1.028166666666671
2026-12-02 23:20:34,55.5,55.20972222222222,0.2902777777777814,0.2902777777777814
2026-12-02 23:20:39,59.400000000000006,57.699709164256596,1.7002908357434094,1.7002908357434094
2026-12-02 23:20:43,59.4,59.582855555555554,-0.18285555555555533,0.18285555555555533
2026-12-02 23:20:48,63.199999999999996,64.43166666666667,-1.2316666666666762,1.2316666666666762
2026-12-02 23:20:53,59.400000000000006,59.009680952380954,0.3903190476190517,0.3903190476190517
2026-12-02 23:20:57,58.9,59.06034761904762,-0.16034761904762007,0.16034761904762007
2026-12-02 23:21:02,57.6,65.34933333333333,-7.7493333333333325,7.7493333333333325
2026-12-02 23:21:07,59.800000000000004,62.91173333333333,-3.1117333333333264,3.1117333333333264
2026-12-02 23:21:12,61.2,59.20586597222222,1.9941340277777826,1.9941340277777826
2026-12-02 23:21:16,65.5,62.57499047619047,2.9250095238095284,2.9250095238095284
2026-12-02 23:21:21,57.8,60.276444444444444,-2.4764444444444464,2.4764444444444464
2026-12-02 23:21:26,59.2,59.40953263888889,-0.20953263888888785,0.20953263888888785
2026-12-02 23:21:30,60.3,69.17533333333333,-8.87533333333333,8.87533333333333
2026-12-02 23:21:35,56.7,55.610446263227516,1.089553736772487,1.089553736772487
2026-12-02 23:21:40,58.5,60.26134435531789,-1.7613443553178882,1.7613443553178882
2026-12-02 23:21:44,62.5,65.87133333333333,-3.3713333333333253,3.3713333333333253
2026-12-02 23:21:49,66.5,64.5315,1.968500000000006,1.968500000000006
2026-12-02 23:21:54,61.1,62.19334375,-1.0933437499999954,1.0933437499999954
2026-12-02 23:21:59,66.2,71.16286666666666,-4.962866666666656,4.962866666666656
2026-12-02 23:22:03,65.2,69.45433333333332,-4.254333333333321,4.254333333333321
2026-12-02 23:22:08,58.8,60.25009991087344,-1.4500999108734405,1.4500999108734405
2026-12-02 23:22:13,65.2,65.20973333333333,-0.009733333333329597,0.009733333333329597
2026-12-02 23:22:17,57.3,57.82759788359788,-0.5275978835978847,0.5275978835978847
2026-12-02 23:22:22,59.7,59.143473379629626,0.5565266203703771,0.5565266203703771
2026-12-02 23:22:27,65.2,66.36639999999998,-1.1663999999999817,1.1663999999999817
2026-12-02 23:22:32,59.2,59.86954817927171,-0.6695481792717075,0.6695481792717075
2026-12-02 23:22:36,65.1,64.80568017310118,0.2943198268988141,0.2943198268988141
2026-12-02 23:22:41,62.099999999999994,66.03366666666666,-3.9336666666666673,3.9336666666666673
2026-12-02 23:22:46,61.2,62.65383333333333,-1.4538333333333284,1.4538333333333284
2026-12-02 23:22:50,65.7,66.91833333333332,-1.2183333333333195,1.2183333333333195
2026-12-02 23:22:55,55.7,55.439750000000004,0.2602499999999992,0.2602499999999992
2026-12-02 23:23:00,57.0,57.48989814988861,-0.48989814988861013,0.48989814988861013
2026-12-02 23:23:04,56.8,57.24735698704118,-0.4473569870411822,0.4473569870411822
2026-12-02 23:23:09,63.3,63.487566666666666,-0.18756666666666888,0.18756666666666888
2026-12-02 23:23:14,62.4,64.39111111111112,-1.9911111111111168,1.9911111111111168
2026-12-02 23:23:19,80.4,85.0503333333333,-4.650333333333293,4.650333333333293
2026-12-02 23:23:23,56.2,58.48421693121693,-2.2842169312169247,2.2842169312169247
2026-12-02 23:23:28,67.5,68.09623333333334,-0.5962333333333447,0.5962333333333447
2026-12-02 23:23:33,54.0,55.07377777777777,-1.0737777777777708,1.0737777777777708
2026-12-02 23:23:37,59.099999999999994,60.28761111111111,-1.1876111111111172,1.1876111111111172
2026-12-02 23:23:42,57.400000000000006,57.55247083918761,-0.1524708391876075,0.1524708391876075
2026-12-02 23:23:47,64.1,62.938090058479524,1.1619099415204701,1.1619099415204701
2026-12-02 23:23:52,66.5,66.90338028272087,-0.40338028272087456,0.40338028272087456
2026-12-02 23:23:56,63.2,62.34158142113779,0.8584185788622136,0.8584185788622136
2026-12-02 23:24:01,58.0,57.913589947089946,0.08641005291005399,0.08641005291005399
2026-12-02 23:24:06,62.400000000000006,61.84296666666666,0.5570333333333437,0.5570333333333437
2026-12-02 23:24:10,59.8,58.93688607804233,0.8631139219576696,0.8631139219576696
2026-12-02 23:24:15,56.5,57.11729469741,-0.6172946974100029,0.6172946974100029
2026-12-02 23:24:20,62.5,61.7489626984127,0.7510373015873029,0.7510373015873029
2026-12-02 23:24:24,59.5,59.51312694559139,-0.01312694559138805,0.01312694559138805
2026-12-02 23:24:29,55.8,57.32323914834966,-1.52323914834966,1.52323914834966
2026-12-02 23:24:34,57.0,57.27238784132335,-0.2723878413233507,0.2723878413233507
2026-12-02 23:24:39,60.3,59.856809651133176,0.4431903488668212,0.4431903488668212
2026-12-02 23:24:43,59.1,58.98931041666667,0.11068958333333256,0.11068958333333256
2026-12-02 23:24:48,55.900000000000006,54.56426587301587,1.3357341269841356,1.3357341269841356
2026-12-02 23:24:53,59.3,57.589790077419856,1.710209922580141,1.710209922580141
2026-12-02 23:24:57,65.6,64.37071717911718,1.2292828208828155,1.2292828208828155
2026-12-02 23:25:02,59.8,59.521397097020625,0.2786029029793724,0.2786029029793724
2026-12-02 23:25:07,55.3,54.82633581349206,0.4736641865079392,0.4736641865079392
2026-12-02 23:25:12,56.7,54.725284226190475,1.9747157738095282,1.9747157738095282
2026-12-02 23:25:16,63.800000000000004,64.62050017209039,-0.8205001720903837,0.8205001720903837
2026-12-02 23:25:21,67.0,71.558,-4.558000000000007,4.558000000000007
2026-12-02 23:25:26,57.0,55.422607142857146,1.5773928571428542,1.5773928571428542
2026-12-02 23:25:30,69.4,67.72041666666667,1.6795833333333405,1.6795833333333405
2026-12-02 23:25:35,79.1,74.36666666666667,4.73333333333332,4.73333333333332
2026-12-02 23:25:40,64.4,62.35644444444444,2.043555555555564,2.043555555555564
2026-12-02 23:25:44,61.599999999999994,62.39624539380059,-0.7962453938005964,0.7962453938005964
2026-12-02 23:25:49,57.8,59.83433022038092,-2.034330220380923,2.034330220380923
2026-12-02 23:25:54,60.1,59.852912609286136,0.24708739071386532,0.24708739071386532
2026-12-02 23:25:59,60.099999999999994,59.69974875647228,0.4002512435277126,0.4002512435277126
2026-12-02 23:26:03,66.7,65.33934523809523,1.3606547619047689,1.3606547619047689
2026-12-02 23:26:08,59.0,57.36247613728665,1.6375238627133513,1.6375238627133513
2026-12-02 23:26:13,61.0,61.59855952380952,-0.59855952380952,0.59855952380952
2026-12-02 23:26:17,67.9,66.31173333333334,1.5882666666666694,1.5882666666666694
2026-12-02 23:26:22,62.900000000000006,62.322222222222216,0.5777777777777899,0.5777777777777899
2026-12-02 23:26:27,67.1,64.64724444444444,2.452755555555555,2.452755555555555
2026-12-02 23:26:32,64.4,64.09157543664065,0.30842456335935253,0.30842456335935253
2026-12-02 23:26:36,59.5,58.77847337962963,0.7215266203703692,0.7215266203703692
2026-12-02 23:26:41,62.900000000000006,61.98334375,0.9166562500000026,0.9166562500000026
2026-12-02 23:26:46,59.8,59.71436434088787,0.08563565911212834,0.08563565911212834
2026-12-02 23:26:50,62.3,61.56702222222222,0.7329777777777764,0.7329777777777764
2026-12-02 23:26:55,53.5,53.721666666666664,-0.22166666666666401,0.22166666666666401
2026-12-02 23:27:00,60.2,59.70812962962963,0.4918703703703713,0.4918703703703713
2026-12-02 23:27:04,65.9,66.87305378396806,-0.9730537839680551,0.9730537839680551
2026-12-02 23:27:09,64.3,64.7849712071083,-0.4849712071083019,0.4849712071083019
2026-12-02 23:27:14,60.199999999999996,60.18151563958917,0.018484360410823797,0.018484360410823797
2026-12-02 23:27:19,62.0,63.14382222222222,-1.1438222222222194,1.1438222222222194
2026-12-02 23:27:23,66.1,67.08162336552337,-0.9816233655233759,0.9816233655233759
2026-12-02 23:27:28,61.3,61.01792777777778,0.2820722222222187,0.2820722222222187
2026-12-02 23:27:33,63.5,62.11695486111111,1.383045138888889,1.383045138888889
2026-12-02 23:27:37,63.4,62.23037936507936,1.1696206349206406,1.1696206349206406
2026-12-02 23:27:42,69.2,68.95791964127571,0.24208035872429434,0.24208035872429434
2026-12-02 23:27:47,61.6,62.438454861111104,-0.8384548611111029,0.8384548611111029
2026-12-02 23:27:52,58.1,57.581101870792175,0.5188981292078267,0.5188981292078267
2026-12-02 23:27:56,66.6,65.56258333333334,1.0374166666666582,1.0374166666666582
2026-12-02 23:28:01,78.9,74.99766666666667,3.902333333333331,3.902333333333331
2026-12-02 23:28:06,85.7,75.26046666666667,10.43953333333333,10.43953333333333
2026-12-02 23:28:10,59.7,60.05772380952381,-0.35772380952380445,0.35772380952380445
2026-12-02 23:28:15,64.8,63.46194005847952,1.338059941520477,1.338059941520477
2026-12-02 23:28:20,66.7,66.87433333333333,-0.17433333333332257,0.17433333333332257
2026-12-02 23:28:24,71.9,70.12716666666667,1.7728333333333381,1.7728333333333381
2026-12-02 23:28:29,63.300000000000004,64.8374195957567,-1.5374195957566954,1.5374195957566954
2026-12-02 23:28:34,63.0,61.263216666666665,1.7367833333333351,1.7367833333333351
2026-12-02 23:28:39,62.6,61.19541111111111,1.4045888888888882,1.4045888888888882
2026-12-02 23:28:43,53.2,54.94965922619047,-1.7496592261904667,1.7496592261904667
2026-12-02 23:28:48,56.9,57.35830550551029,-0.4583055055102889,0.4583055055102889
2026-12-02 23:28:53,61.099999999999994,61.82442063492063,-0.7244206349206337,0.7244206349206337
2026-12-02 23:28:57,64.0,64.23766666666667,-0.23766666666666936,0.23766666666666936
2026-12-02 23:29:02,71.4,70.42406666666668,0.9759333333333302,0.9759333333333302
2026-12-02 23:29:07,66.5,65.02938095238095,1.4706190476190528,1.4706190476190528
2026-12-02 23:29:12,82.0,74.67933333333335,7.3206666666666536,7.3206666666666536
2026-12-02 23:29:16,74.2,67.59716666666667,6.602833333333336,6.602833333333336
2026-12-02 23:29:21,74.0,69.4215,4.578500000000005,4.578500000000005
2026-12-02 23:29:26,67.4,66.76866666666665,0.6313333333333588,0.6313333333333588
2026-12-02 23:29:30,67.0,65.75516666666667,1.2448333333333323,1.2448333333333323
2026-12-02 23:29:35,55.3,55.07614136904762,0.22385863095237823,0.22385863095237823
2026-12-02 23:29:40,76.2,74.43833333333333,1.7616666666666703,1.7616666666666703
2026-12-02 23:29:44,68.5,65.99849999999999,2.501500000000007,2.501500000000007
2026-12-02 23:29:49,66.80000000000001,65.44749999999999,1.3525000000000205,1.3525000000000205
2026-12-02 23:29:54,68.4,66.11416666666666,2.2858333333333434,2.2858333333333434
2026-12-02 23:29:59,61.7,62.48544444444444,-0.7854444444444368,0.7854444444444368
2026-12-02 23:30:03,73.5,73.676,-0.17600000000000193,0.17600000000000193
2026-12-02 23:30:08,68.4,66.39201041666666,2.007989583333341,2.007989583333341
2026-12-02 23:30:13,69.8,67.4083,2.3917,2.3917
2026-12-02 23:30:17,63.2,63.43567708333333,-0.2356770833333286,0.2356770833333286
2026-12-02 23:30:22,64.5,63.335880952380954,1.164119047619046,1.164119047619046
2026-12-02 23:30:27,72.7,68.70266666666667,3.99733333333333,3.99733333333333
2026-12-02 23:30:32,62.900000000000006,61.97462152777778,0.9253784722222278,0.9253784722222278
2026-12-02 23:30:36,67.19999999999999,65.91799999999999,1.2819999999999965,1.2819999999999965
2026-12-02 23:30:41,73.30000000000001,69.34190000000001,3.9581000000000017,3.9581000000000017
2026-12-02 23:30:46,57.3,57.7778962962963,-0.4778962962963007,0.4778962962963007
2026-12-02 23:30:50,63.900000000000006,64.72306666666667,-0.8230666666666622,0.8230666666666622
2026-12-02 23:30:55,54.900000000000006,55.06710714285714,-0.1671071428571338,0.1671071428571338
2026-12-02 23:31:00,61.900000000000006,62.62441833030853,-0.7244183303085237,0.7244183303085237
2026-12-02 23:31:04,62.2,61.430590476190474,0.7694095238095287,0.7694095238095287
2026-12-02 23:31:09,64.8,65.25161111111112,-0.45161111111112007,0.45161111111112007
2026-12-02 23:31:14,72.1,68.50116666666668,3.5988333333333173,3.5988333333333173
2026-12-02 23:31:19,63.8,63.34617708333333,0.45382291666666674,0.45382291666666674
2026-12-02 23:31:23,57.0,54.68398809523809,2.3160119047619077,2.3160119047619077
2026-12-02 23:31:28,60.1,59.442685185185184,0.6573148148148178,0.6573148148148178
2026-12-02 23:31:33,60.3,59.819152958152955,0.4808470418470421,0.4808470418470421
2026-12-02 23:31:37,59.7,59.07986226851852,0.6201377314814849,0.6201377314814849
2026-12-02 23:31:42,55.5,55.35200170368131,0.14799829631868988,0.14799829631868988
2026-12-02 23:31:47,60.7,62.993027777777776,-2.2930277777777732,2.2930277777777732
2026-12-02 23:31:52,57.800000000000004,57.13043340201465,0.6695665979853516,0.6695665979853516
2026-12-02 23:31:56,61.099999999999994,59.94409577922078,1.1559042207792132,1.1559042207792132
2026-12-02 23:32:01,63.7,64.6793166282139,-0.9793166282138941,0.9793166282138941
2026-12-02 23:32:06,60.7,62.30986212740269,-1.6098621274026854,1.6098621274026854
2026-12-02 23:32:10,56.9,56.94964229180874,-0.04964229180874469,0.04964229180874469
2026-12-02 23:32:15,75.69999999999999,76.07294444444445,-0.37294444444445674,0.37294444444445674
2026-12-02 23:32:20,59.0,58.08651851851852,0.9134814814814831,0.9134814814814831
2026-12-02 23:32:24,60.7,63.41744444444444,-2.717444444444439,2.717444444444439
2026-12-02 23:32:29,53.7,55.148777526518316,-1.4487775265183132,1.4487775265183132
2026-12-02 23:32:34,62.1,61.900261896929536,0.1997381030704659,0.1997381030704659
2026-12-02 23:32:39,55.2,55.508416952394576,-0.30841695239457323,0.30841695239457323
2026-12-02 23:32:43,65.9,66.27275,-0.37274999999999636,0.37274999999999636
2026-12-02 23:32:48,57.3,57.68349850451528,-0.38349850451528056,0.38349850451528056
2026-12-02 23:32:53,58.2,59.853782035461265,-1.653782035461262,1.653782035461262
2026-12-02 23:32:57,65.7,65.87733965848966,-0.17733965848965738,0.17733965848965738
2026-12-02 23:33:02,64.6,62.201299999999996,2.398699999999998,2.398699999999998
2026-12-02 23:33:07,77.69999999999999,77.73999999999998,-0.03999999999999204,0.03999999999999204
2026-12-02 23:33:12,57.9,58.2939074074074,-0.39390740740740426,0.39390740740740426
2026-12-02 23:33:16,62.0,62.02062859055212,-0.020628590552121295,0.020628590552121295
2026-12-02 23:33:21,63.0,61.70123333333333,1.2987666666666726,1.2987666666666726
2026-12-02 23:33:26,63.699999999999996,62.76351111111111,0.9364888888888885,0.9364888888888885
2026-12-02 23:33:30,69.1,69.2774,-0.17740000000000578,0.17740000000000578
2026-12-02 23:33:35,70.3,67.45963333333333,2.840366666666668,2.840366666666668
2026-12-02 23:33:40,58.5,58.8521638558201,-0.3521638558201019,0.3521638558201019
2026-12-02 23:33:44,62.8,62.56160158730158,0.238398412698416,0.238398412698416
2026-12-02 23:33:49,61.7,61.236518253968256,0.4634817460317464,0.4634817460317464
2026-12-02 23:33:54,61.0,62.26175690878849,-1.2617569087884917,1.2617569087884917
2026-12-02 23:33:59,70.30000000000001,68.63094444444445,1.669055555555559,1.669055555555559
2026-12-02 23:34:03,64.8,65.03839523809523,-0.23839523809523655,0.23839523809523655
2026-12-02 23:34:08,61.1,58.86758449074074,2.232415509259262,2.232415509259262
2026-12-02 23:34:13,61.5,61.221827777777776,0.27817222222222426,0.27817222222222426
2026-12-02 23:34:17,66.6,65.0321604821507,1.5678395178492934,1.5678395178492934
2026-12-02 23:34:22,57.4,59.83566666666667,-2.4356666666666698,2.4356666666666698
2026-12-02 23:34:27,61.2,60.05937929292929,1.1406207070707097,1.1406207070707097
2026-12-02 23:34:32,75.7,77.04866666666665,-1.3486666666666451,1.3486666666666451
2026-12-02 23:34:36,66.6,69.67049999999999,-3.0704999999999956,3.0704999999999956
2026-12-02 23:34:41,69.5,67.67116666666665,1.8288333333333497,1.8288333333333497
2026-12-02 23:34:46,72.9,69.99616666666665,2.9038333333333526,2.9038333333333526
2026-12-02 23:34:50,57.4,57.77775661375661,-0.37775661375660974,0.37775661375660974
2026-12-02 23:34:55,54.5,55.11325089285714,-0.6132508928571383,0.6132508928571383
2026-12-02 23:35:00,63.2,62.90817777777778,0.29182222222222265,0.29182222222222265
2026-12-02 23:35:04,57.9,57.682874966931216,0.2171250330687826,0.2171250330687826
2026-12-02 23:35:09,57.7,57.57333528439153,0.12666471560847015,0.12666471560847015
2026-12-02 23:35:14,52.6,52.66181428571429,-0.06181428571429137,0.06181428571429137
2026-12-02 23:35:19,65.1,63.63502380952381,1.464976190476186,1.464976190476186
2026-12-02 23:35:23,62.3,62.10554761904762,0.19445238095237727,0.19445238095237727
2026-12-02 23:35:28,59.8,59.8261176046176,-0.026117604617603263,0.026117604617603263
2026-12-02 23:35:33,54.7,55.02285803571428,-0.32285803571427607,0.32285803571427607
2026-12-02 23:35:37,55.6,54.594605132465006,1.0053948675349957,1.0053948675349957
2026-12-02 23:35:42,59.6,59.208696296296296,0.3913037037037057,0.3913037037037057
2026-12-02 23:35:47,64.1,62.53332380952381,1.566676190476187,1.566676190476187
2026-12-02 23:35:52,69.69999999999999,66.31467658730159,3.3853234126983978,3.3853234126983978
2026-12-02 23:35:56,59.7,57.66557337962963,2.0344266203703754,2.0344266203703754
2026-12-02 23:36:01,60.8,59.72925786435786,1.070742135642135,1.070742135642135
2026-12-02 23:36:06,57.8,57.14896234198057,0.6510376580194261,0.6510376580194261
2026-12-02 23:36:10,64.5,69.9,-5.400000000000006,5.400000000000006
2026-12-02 23:36:15,60.699999999999996,60.20848472287946,0.4915152771205342,0.4915152771205342
2026-12-02 23:36:20,78.5,76.01466666666666,2.485333333333344,2.485333333333344
2026-12-02 23:36:24,71.2,69.28983333333333,1.9101666666666688,1.9101666666666688
2026-12-02 23:36:29,57.3,57.73684294721256,-0.43684294721256123,0.43684294721256123
2026-12-02 23:36:34,63.6,64.18066666666667,-0.5806666666666658,0.5806666666666658
2026-12-02 23:36:39,57.4,58.06428042328042,-0.6642804232804238,0.6642804232804238
2026-12-02 23:36:43,67.4,67.34066666666666,0.0593333333333419,0.0593333333333419
2026-12-02 23:36:48,63.9,62.38783333333333,1.5121666666666655,1.5121666666666655
2026-12-02 23:36:53,50.9,52.11799999999999,-1.2179999999999893,1.2179999999999893
2026-12-02 23:36:57,60.699999999999996,60.08896296296296,0.6110370370370362,0.6110370370370362
2026-12-02 23:37:02,64.2,62.62157777777777,1.5784222222222297,1.5784222222222297
2026-12-02 23:37:07,69.3,72.706,-3.406000000000006,3.406000000000006
2026-12-02 23:37:12,64.9,62.63183333333333,2.268166666666673,2.268166666666673
2026-12-02 23:37:16,65.6,63.61233333333333,1.9876666666666623,1.9876666666666623
2026-12-02 23:37:21,69.0,65.83177777777777,3.1682222222222265,3.1682222222222265
2026-12-02 23:37:26,51.900000000000006,52.2492222222222,-0.34922222222219546,0.34922222222219546
2026-12-02 23:37:30,51.6,53.170453988603995,-1.5704539886039939,1.5704539886039939
2026-12-02 23:37:35,65.1,68.05066666666666,-2.950666666666663,2.950666666666663
2026-12-02 23:37:40,60.8,61.434916666666666,-0.634916666666669,0.634916666666669
2026-12-02 23:37:44,56.2,57.3525345954971,-1.1525345954970945,1.1525345954970945
2026-12-02 23:37:49,61.5,62.42609913673071,-0.9260991367307128,0.9260991367307128
2026-12-02 23:37:54,55.599999999999994,58.220666666666666,-2.620666666666672,2.620666666666672
2026-12-02 23:37:59,59.900000000000006,60.201269191919195,-0.30126919191918944,0.30126919191918944
2026-12-02 23:38:03,56.1,55.017117559523804,1.0828824404761974,1.0828824404761974
2026-12-02 23:38:08,53.7,55.12919847966361,-1.4291984796636044,1.4291984796636044
2026-12-02 23:38:13,62.1,62.0245967700042,0.07540322999579985,0.07540322999579985
2026-12-02 23:38:17,60.5,60.06209419191919,0.4379058080808065,0.4379058080808065
2026-12-02 23:38:22,56.099999999999994,55.00320618386243,1.0967938161375628,1.0967938161375628
2026-12-02 23:38:27,55.599999999999994,58.099583333333335,-2.499583333333341,2.499583333333341
2026-12-02 23:38:32,57.2,54.934089781746025,2.2659102182539783,2.2659102182539783
2026-12-02 23:38:36,61.6,61.6777873015873,-0.07778730158729985,0.07778730158729985
2026-12-02 23:38:41,72.5,70.296,2.2039999999999935,2.2039999999999935
2026-12-02 23:38:46,68.3,65.34996666666666,2.9500333333333373,2.9500333333333373
2026-12-02 23:38:50,58.4,57.72820830026455,0.6717916997354507,0.6717916997354507
2026-12-02 23:38:55,65.3,64.40673333333334,0.893266666666662,0.893266666666662
2026-12-02 23:39:00,73.5,69.87100000000001,3.6289999999999907,3.6289999999999907
2026-12-02 23:39:04,66.3,64.21963333333333,2.080366666666663,2.080366666666663
2026-12-02 23:39:09,58.7,59.758023809523806,-1.058023809523803,1.058023809523803
2026-12-02 23:39:14,68.30000000000001,66.58933333333333,1.7106666666666825,1.7106666666666825
2026-12-02 23:39:19,58.3,57.142372354497354,1.157627645502643,1.157627645502643
2026-12-02 23:39:23,58.6,57.779552744708994,0.8204472552910076,0.8204472552910076
2026-12-02 23:39:28,68.2,69.67033333333333,-1.470333333333329,1.470333333333329
2026-12-02 23:39:33,71.5,67.61983333333333,3.8801666666666677,3.8801666666666677
2026-12-02 23:39:37,61.599999999999994,62.4345,-0.8345000000000056,0.8345000000000056
2026-12-02 23:39:42,56.3,57.46212631311184,-1.1621263131118411,1.1621263131118411
2026-12-02 23:39:47,56.4,58.341833333333334,-1.941833333333335,1.941833333333335
2026-12-02 23:39:52,62.300000000000004,63.18213492063492,-0.8821349206349183,0.8821349206349183
2026-12-02 23:39:56,57.2,57.49553335421888,-0.2955333542188754,0.2955333542188754
2026-12-02 23:40:01,64.7,62.99356666666666,1.7064333333333437,1.7064333333333437
2026-12-02 23:40:06,58.599999999999994,58.92166385582011,-0.3216638558201126,0.3216638558201126
2026-12-02 23:40:10,69.8,72.72900000000001,-2.9290000000000163,2.9290000000000163
2026-12-02 23:40:15,72.7,68.6555,4.044499999999999,4.044499999999999
2026-12-02 23:40:20,57.599999999999994,57.322508585858586,0.27749141414140865,0.27749141414140865
2026-12-02 23:40:24,60.0,64.35766666666666,-4.35766666666666,4.35766666666666
2026-12-02 23:40:29,61.0,61.69261111111111,-0.6926111111111126,0.6926111111111126
2026-12-02 23:40:34,58.8,60.60783333333333,-1.8078333333333347,1.8078333333333347
2026-12-02 23:40:39,58.0,60.57219047619048,-2.572190476190478,2.572190476190478
2026-12-02 23:40:43,61.0,59.31624004629629,1.6837599537037065,1.6837599537037065
2026-12-02 23:40:48,56.199999999999996,54.74420089285714,1.4557991071428589,1.4557991071428589
2026-12-02 23:40:53,52.5,52.91492287087913,-0.41492287087913127,0.41492287087913127
2026-12-02 23:40:57,66.4,67.971,-1.570999999999998,1.570999999999998
2026-12-02 23:41:02,71.4,70.84697048460801,0.553029515391998,0.553029515391998
2026-12-02 23:41:07,68.2,71.715,-3.5150000000000006,3.5150000000000006
2026-12-02 23:41:12,60.0,59.77462962962963,0.22537037037037067,0.22537037037037067
2026-12-02 23:41:16,52.4,52.633166666666654,-0.23316666666665498,0.23316666666665498
2026-12-02 23:41:21,57.099999999999994,58.968555555555554,-1.8685555555555595,1.8685555555555595
2026-12-02 23:41:26,59.2,59.97674074074074,-0.7767407407407347,0.7767407407407347
2026-12-02 23:41:30,59.7,59.08591782407407,0.6140821759259296,0.6140821759259296
2026-12-02 23:41:35,58.2,58.85879206349206,-0.6587920634920579,0.6587920634920579
2026-12-02 23:41:40,58.2,60.02561111111111,-1.8256111111111082,1.8256111111111082
2026-12-02 23:41:44,60.1,59.45864375,0.6413562500000012,0.6413562500000012
2026-12-02 23:41:49,60.2,61.12557777777778,-0.9255777777777752,0.9255777777777752
2026-12-02 23:41:54,60.099999999999994,58.96925486111111,1.1307451388888836,1.1307451388888836
2026-12-02 23:41:59,67.9,66.08473333333333,1.8152666666666732,1.8152666666666732
2026-12-02 23:42:03,68.5,65.53479999999999,2.96520000000001,2.96520000000001
2026-12-02 23:42:08,60.900000000000006,58.89590740740741,2.004092592592599,2.004092592592599
2026-12-02 23:42:13,54.599999999999994,54.84602380952381,-0.24602380952381253,0.24602380952381253
2026-12-02 23:42:17,48.5,48.86446666666667,-0.36446666666667227,0.36446666666667227
2026-12-02 23:42:22,57.1,55.64380471051262,1.4561952894873826,1.4561952894873826
2026-12-02 23:42:27,66.8,68.25866666666666,-1.4586666666666588,1.4586666666666588
2026-12-02 23:42:32,69.19999999999999,70.45866666666667,-1.2586666666666844,1.2586666666666844
2026-12-02 23:42:36,56.9,55.13216666666666,1.7678333333333356,1.7678333333333356
2026-12-02 23:42:41,74.2,82.84499999999996,-8.644999999999953,8.644999999999953
2026-12-02 23:42:46,69.7,66.57616666666667,3.1238333333333372,3.1238333333333372
2026-12-02 23:42:50,61.4,62.23327659950475,-0.8332765995047495,0.8332765995047495
2026-12-02 23:42:55,63.8,65.919,-2.1189999999999998,2.1189999999999998
2026-12-02 23:43:00,53.1,53.10900072242573,-0.009000722425732022,0.009000722425732022
2026-12-02 23:43:04,55.099999999999994,54.665211111111105,0.4347888888888889,0.4347888888888889
2026-12-02 23:43:09,55.0,55.36485936682713,-0.36485936682713316,0.36485936682713316
2026-12-02 23:43:14,57.199999999999996,61.18066666666667,-3.9806666666666715,3.9806666666666715
2026-12-02 23:43:19,52.400000000000006,53.20822407407408,-0.8082240740740758,0.8082240740740758
2026-12-02 23:43:23,62.599999999999994,62.04222222222222,0.5577777777777726,0.5577777777777726
2026-12-02 23:43:28,55.7,55.15701428571428,0.5429857142857202,0.5429857142857202
2026-12-02 23:43:33,51.8,50.801916975845295,0.9980830241547025,0.9980830241547025
2026-12-02 23:43:37,54.5,52.66553982178028,1.8344601782197216,1.8344601782197216
2026-12-02 23:43:42,59.6,58.24302962962963,1.3569703703703695,1.3569703703703695
2026-12-02 23:43:47,57.800000000000004,57.60599444444445,0.194005555555556,0.194005555555556
2026-12-02 23:43:52,55.1,54.61094047619047,0.4890595238095301,0.4890595238095301
2026-12-02 23:43:56,55.0,54.62635714285714,0.37364285714286183,0.37364285714286183
2026-12-02 23:44:01,54.900000000000006,54.568079365079356,0.3319206349206496,0.3319206349206496
2026-12-02 23:44:06,62.699999999999996,62.6164,0.08359999999999701,0.08359999999999701
2026-12-02 23:44:10,78.6,78.27866666666662,0.3213333333333708,0.3213333333333708
2026-12-02 23:44:15,60.3,60.20495396825397,0.09504603174602977,0.09504603174602977
2026-12-02 23:44:20,56.7,57.267960287397784,-0.5679602873977814,0.5679602873977814
2026-12-02 23:44:24,67.5,65.72266666666667,1.7773333333333312,1.7773333333333312
2026-12-02 23:44:29,56.9,58.797444444444444,-1.8974444444444458,1.8974444444444458
2026-12-02 23:44:34,62.0,62.34256265603782,-0.34256265603782055,0.34256265603782055
2026-12-02 23:44:39,58.5,59.992268292963665,-1.492268292963665,1.492268292963665
2026-12-02 23:44:43,57.699999999999996,58.07774074074074,-0.37774074074074093,0.37774074074074093
2026-12-02 23:44:48,65.1,64.83725408826068,0.26274591173931583,0.26274591173931583
2026-12-02 23:44:53,60.5,60.09147222222222,0.4085277777777776,0.4085277777777776
2026-12-02 23:44:57,52.2,51.02547614991363,1.1745238500863735,1.1745238500863735
2026-12-02 23:45:02,57.8,60.29089141414141,-2.490891414141416,2.490891414141416
2026-12-02 23:45:07,58.5,59.92714855699855,-1.427148556998553,1.427148556998553
2026-12-02 23:45:12,54.0,53.34278124098125,0.6572187590187468,0.6572187590187468
2026-12-02 23:45:16,57.3,57.34396307586176,-0.04396307586176107,0.04396307586176107
2026-12-02 23:45:21,61.4,59.99783423520923,1.402165764790766,1.402165764790766
2026-12-02 23:45:26,55.2,54.654107142857136,0.5458928571428672,0.5458928571428672
2026-12-02 23:45:30,60.5,63.61366666666666,-3.11366666666666,3.11366666666666
2026-12-02 23:45:35,56.2,55.058412698412695,1.1415873015873075,1.1415873015873075
2026-12-02 23:45:40,56.9,54.78669047619047,2.1133095238095265,2.1133095238095265
2026-12-02 23:45:44,56.3,57.21492276889777,-0.9149227688977746,0.9149227688977746
2026-12-02 23:45:49,55.099999999999994,54.8774365079365,0.22256349206349313,0.22256349206349313
2026-12-02 23:45:54,64.19999999999999,64.60991666666666,-0.4099166666666747,0.4099166666666747
2026-12-02 23:45:59,68.6,66.11833333333333,2.481666666666669,2.481666666666669
2026-12-02 23:46:03,53.599999999999994,55.113833068783066,-1.5138330687830717,1.5138330687830717
2026-12-02 23:46:08,58.400000000000006,57.768708994708994,0.6312910052910112,0.6312910052910112
2026-12-02 23:46:13,61.1,62.876999999999995,-1.776999999999994,1.776999999999994
2026-12-02 23:46:17,53.8,53.17905476190477,0.6209452380952243,0.6209452380952243
2026-12-02 23:46:22,59.4,60.132991414141415,-0.7329914141414164,0.7329914141414164
2026-12-02 23:46:27,55.4,54.9180238095238,0.4819761904761961,0.4819761904761961
2026-12-02 23:46:32,59.3,57.10926963874332,2.1907303612566764,2.1907303612566764
2026-12-02 23:46:36,58.7,57.727701851851855,0.9722981481481483,0.9722981481481483
2026-12-02 23:46:41,58.8,57.65955,1.1404499999999942,1.1404499999999942
2026-12-02 23:46:46,55.699999999999996,57.32064920634921,-1.6206492063492135,1.6206492063492135
2026-12-02 23:46:50,58.5,57.62099444444445,0.8790055555555512,0.8790055555555512
2026-12-02 23:46:55,65.4,64.38106666666667,1.0189333333333366,1.0189333333333366
2026-12-02 23:47:00,64.19999999999999,63.55556145617667,0.6444385438233198,0.6444385438233198
2026-12-02 23:47:04,55.4,54.937978571428566,0.4620214285714326,0.4620214285714326
2026-12-02 23:47:09,60.800000000000004,63.94833333333333,-3.1483333333333263,3.1483333333333263
2026-12-02 23:47:14,61.3,62.15156666666667,-0.8515666666666704,0.8515666666666704
2026-12-02 23:47:19,60.199999999999996,58.83008677248677,1.3699132275132229,1.3699132275132229
2026-12-02 23:47:23,55.0,54.07544444444444,0.9245555555555569,0.9245555555555569
2026-12-02 23:47:28,65.4,66.92242459772133,-1.5224245977213258,1.5224245977213258
2026-12-02 23:47:33,74.9,73.10836904761902,1.7916309523809844,1.7916309523809844
2026-12-02 23:47:37,56.099999999999994,58.488,-2.3880000000000052,2.3880000000000052
2026-12-02 23:47:42,63.400000000000006,63.51095555555555,-0.11095555555554171,0.11095555555554171
2026-12-02 23:47:47,61.900000000000006,64.96033333333334,-3.0603333333333325,3.0603333333333325
2026-12-02 23:47:52,62.7,62.7255,-0.02549999999999386,0.02549999999999386
2026-12-02 23:47:56,57.900000000000006,59.05248677248677,-1.1524867724867676,1.1524867724867676
2026-12-02 23:48:01,59.3,57.26937168348221,2.0306283165177845,2.0306283165177845
2026-12-02 23:48:06,57.3,57.58660555555556,-0.28660555555556044,0.28660555555556044
2026-12-02 23:48:10,55.7,54.7052738095238,0.9947261904762001,0.9947261904762001
2026-12-02 23:48:15,55.8,55.27300202188356,0.5269979781164338,0.5269979781164338
2026-12-02 23:48:20,55.7,54.673384920634916,1.0266150793650866,1.0266150793650866
2026-12-02 23:48:24,60.2,59.31077222222222,0.8892277777777835,0.8892277777777835
2026-12-02 23:48:29,55.0,54.57405158730158,0.42594841269841766,0.42594841269841766
2026-12-02 23:48:34,58.5,60.37405555555556,-1.8740555555555574,1.8740555555555574
2026-12-02 23:48:39,62.599999999999994,63.736276007326005,-1.1362760073260105,1.1362760073260105
2026-12-02 23:48:43,55.4,55.14232380952381,0.2576761904761895,0.2576761904761895
2026-12-02 23:48:48,59.0,60.23200151515152,-1.2320015151515165,1.2320015151515165
2026-12-02 23:48:53,57.2,58.1895,-0.9894999999999996,0.9894999999999996
2026-12-02 23:48:57,62.099999999999994,63.09146825396825,-0.9914682539682573,0.9914682539682573
2026-12-02 23:49:02,59.1,59.70609541910331,-0.6060954191033119,0.6060954191033119
2026-12-02 23:49:07,52.900000000000006,52.92103220298222,-0.02103220298221231,0.02103220298221231
2026-12-02 23:49:12,57.400000000000006,57.98783677248677,-0.5878367724867672,0.5878367724867672
2026-12-02 23:49:16,63.6,62.86372222222222,0.7362777777777794,0.7362777777777794
2026-12-02 23:49:21,67.5,64.96330656199677,2.536693438003226,2.536693438003226
2026-12-02 23:49:26,51.400000000000006,51.904259259259234,-0.5042592592592285,0.5042592592592285
2026-12-02 23:49:30,58.099999999999994,58.5015462962963,-0.4015462962963028,0.4015462962963028
2026-12-02 23:49:35,64.2,63.28994444444444,0.9100555555555658,0.9100555555555658
2026-12-02 23:49:40,59.0,59.56609129406169,-0.5660912940616925,0.5660912940616925
2026-12-02 23:49:44,63.5,64.68951937190647,-1.1895193719064707,1.1895193719064707
2026-12-02 23:49:49,65.6,62.226077777777775,3.3739222222222196,3.3739222222222196
2026-12-02 23:49:54,61.8,61.17957777777778,0.6204222222222171,0.6204222222222171
2026-12-02 23:49:59,59.7,59.48284130832131,0.21715869167869073,0.21715869167869073
2026-12-02 23:50:03,66.7,65.52883333333334,1.1711666666666645,1.1711666666666645
2026-12-02 23:50:08,62.900000000000006,64.06627777777777,-1.1662777777777649,1.1662777777777649
2026-12-02 23:50:13,57.9,57.942828042328046,-0.042828042328046934,0.042828042328046934
2026-12-02 23:50:17,56.0,57.43058677248677,-1.4305867724867696,1.4305867724867696
2026-12-02 23:50:22,61.5,61.393794444444445,0.10620555555555455,0.10620555555555455
2026-12-02 23:50:27,62.400000000000006,61.87811111111111,0.5218888888888955,0.5218888888888955
2026-12-02 23:50:32,68.4,66.41411111111111,1.9858888888888941,1.9858888888888941
2026-12-02 23:50:36,64.4,63.26566666666666,1.1343333333333447,1.1343333333333447
2026-12-02 23:50:41,71.5,68.68716666666667,2.81283333333333,2.81283333333333
2026-12-02 23:50:46,65.3,64.36146666666667,0.938533333333325,0.938533333333325
2026-12-02 23:50:50,60.8,59.551063154438154,1.2489368455618433,1.2489368455618433
2026-12-02 23:50:55,56.0,54.9605119047619,1.0394880952380987,1.0394880952380987
2026-12-02 23:51:00,61.1,62.12037481366816,-1.0203748136681554,1.0203748136681554
2026-12-02 23:51:04,61.1,60.07947651515151,1.0205234848484892,1.0205234848484892
2026-12-02 23:51:09,58.6,57.410801078398364,1.189198921601637,1.189198921601637
2026-12-02 23:51:14,61.9,59.48235555555556,2.4176444444444414,2.4176444444444414
2026-12-02 23:51:19,63.4,62.23995019493178,1.160049805068219,1.160049805068219
2026-12-02 23:51:23,51.3,52.99635619288121,-1.6963561928812112,1.6963561928812112
2026-12-02 23:51:28,58.0,58.23989074074074,-0.23989074074074068,0.23989074074074068
2026-12-02 23:51:33,55.7,55.1972113302977,0.502788669702305,0.502788669702305
2026-12-02 23:51:37,54.4,55.276115951929434,-0.8761159519294353,0.8761159519294353
2026-12-02 23:51:42,55.900000000000006,57.25943492138287,-1.3594349213828636,1.3594349213828636
2026-12-02 23:51:47,65.6,62.796899999999994,2.8031000000000006,2.8031000000000006
2026-12-02 23:51:52,57.8,57.59457777777778,0.20542222222221795,0.20542222222221795
2026-12-02 23:51:56,58.9,58.91985555555556,-0.019855555555558624,0.019855555555558624
2026-12-02 23:52:01,62.2,61.64413333333333,0.5558666666666738,0.5558666666666738
2026-12-02 23:52:06,62.6,63.60630738831471,-1.0063073883147098,1.0063073883147098
2026-12-02 23:52:10,54.0,54.722428571428566,-0.7224285714285656,0.7224285714285656
2026-12-02 23:52:15,59.300000000000004,59.53747721504743,-0.23747721504742714,0.23747721504742714
2026-12-02 23:52:20,53.1,53.051840031265044,0.048159968734957204,0.048159968734957204
2026-12-02 23:52:24,58.4,57.99564074074074,0.40435925925925886,0.40435925925925886
2026-12-02 23:52:29,60.9,58.97635185185185,1.9236481481481462,1.9236481481481462
2026-12-02 23:52:34,57.7,57.39757777777778,0.30242222222222637,0.30242222222222637
2026-12-02 23:52:39,55.0,57.91227777777778,-2.9122777777777813,2.9122777777777813
2026-12-02 23:52:43,66.5,65.30090476190476,1.1990952380952393,1.1990952380952393
2026-12-02 23:52:48,57.2,57.57278518518519,-0.37278518518518666,0.37278518518518666
2026-12-02 23:52:53,66.6,65.63495471014492,0.9650452898550697,0.9650452898550697
2026-12-02 23:52:57,58.3,57.48294546672609,0.8170545332739039,0.8170545332739039
2026-12-02 23:53:02,57.8,57.88248677248677,-0.08248677248677438,0.08248677248677438
2026-12-02 23:53:07,57.1,57.499320105820104,-0.39932010582010236,0.39932010582010236
2026-12-02 23:53:12,54.3,55.466882695951256,-1.1668826959512586,1.1668826959512586
2026-12-02 23:53:16,59.7,59.742629906204904,-0.04262990620490115,0.04262990620490115
2026-12-02 23:53:21,60.400000000000006,59.182855555555555,1.2171444444444504,1.2171444444444504
2026-12-02 23:53:26,58.0,59.57044350938821,-1.5704435093882125,1.5704435093882125
2026-12-02 23:53:30,55.0,55.493884152835506,-0.4938841528355056,0.4938841528355056
2026-12-02 23:53:35,59.300000000000004,59.32236296296296,-0.022362962962958477,0.022362962962958477
2026-12-02 23:53:40,59.599999999999994,58.81707407407407,0.7829259259259231,0.7829259259259231
2026-12-02 23:53:44,59.8,59.64458068517539,0.1554193148246057,0.1554193148246057
2026-12-02 23:53:49,61.8,59.98205252525253,1.81794747474747,1.81794747474747
2026-12-02 23:53:54,57.2,57.62050740740741,-0.4205074074074062,0.4205074074074062
2026-12-02 23:53:59,60.3,60.48693357342932,-0.1869335734293216,0.1869335734293216
2026-12-02 23:54:03,59.2,59.06886296296296,0.1311370370370426,0.1311370370370426
2026-12-02 23:54:08,53.2,55.110184920634914,-1.9101849206349115,1.9101849206349115
2026-12-02 23:54:13,56.8,57.191695553131076,-0.39169555313107907,0.39169555313107907
2026-12-02 23:54:17,60.6,60.11385966810967,0.4861403318903328,0.4861403318903328
2026-12-02 23:54:22,62.099999999999994,65.63641666666666,-3.5364166666666677,3.5364166666666677
2026-12-02 23:54:27,60.2,59.228462962962965,0.971537037037038,0.971537037037038
2026-12-02 23:54:32,74.1,70.86673333333334,3.233266666666651,3.233266666666651
2026-12-02 23:54:36,56.3,55.304361111111106,0.995638888888891,0.995638888888891
2026-12-02 23:54:41,65.5,65.31224999999999,0.1877500000000083,0.1877500000000083
2026-12-02 23:54:46,62.699999999999996,63.682500000000005,-0.9825000000000088,0.9825000000000088
2026-12-02 23:54:50,65.0,62.543166666666664,2.4568333333333356,2.4568333333333356
2026-12-02 23:54:55,59.5,59.15482010582011,0.3451798941798927,0.3451798941798927
2026-12-02 23:55:00,62.8,62.538533333333326,0.26146666666667073,0.26146666666667073
2026-12-02 23:55:05,52.7,53.00418571428572,-0.3041857142857154,0.3041857142857154
2026-12-02 23:55:09,59.2,59.3282532935855,-0.12825329358549453,0.12825329358549453
2026-12-02 23:55:14,65.1,66.5269906182677,-1.426990618267709,1.426990618267709
2026-12-02 23:55:19,66.1,66.18252380952381,-0.08252380952382055,0.08252380952382055
2026-12-02 23:55:23,52.0,52.049555555555536,-0.04955555555553559,0.04955555555553559
2026-12-02 23:55:28,58.900000000000006,59.82889629629629,-0.928896296296287,0.928896296296287
2026-12-02 23:55:33,63.6,64.38766666666666,-0.7876666666666594,0.7876666666666594
2026-12-02 23:55:37,55.699999999999996,54.984740476190474,0.7152595238095216,0.7152595238095216
2026-12-02 23:55:42,59.7,63.928666666666665,-4.228666666666662,4.228666666666662
2026-12-02 23:55:47,61.5,62.077690476190476,-0.577690476190476,0.577690476190476
2026-12-02 23:55:52,53.599999999999994,53.13428703703705,0.4657129629629466,0.4657129629629466
2026-12-02 23:55:56,50.900000000000006,51.05447441846607,-0.1544744184660658,0.1544744184660658
2026-12-02 23:56:01,54.2,52.69259954571573,1.507400454284273,1.507400454284273
2026-12-02 23:56:06,67.0,66.23973333333333,0.7602666666666664,0.7602666666666664
2026-12-02 23:56:10,56.4,57.796507407407404,-1.3965074074074053,1.3965074074074053
2026-12-02 23:56:15,60.599999999999994,59.50520935974156,1.0947906402584309,1.0947906402584309
2026-12-02 23:56:20,58.2,57.34858881798055,0.8514111820194543,0.8514111820194543
2026-12-02 23:56:25,59.3,60.613,-1.3130000000000024,1.3130000000000024
2026-12-02 23:56:29,63.3,64.41314572649573,-1.1131457264957305,1.1131457264957305
2026-12-02 23:56:34,68.30000000000001,66.5504,1.7496000000000151,1.7496000000000151
2026-12-02 23:56:39,62.4,62.16154444444444,0.23845555555556075,0.23845555555556075
2026-12-02 23:56:43,62.9,61.92511111111111,0.9748888888888914,0.9748888888888914
2026-12-02 23:56:48,59.0,58.80507407407407,0.19492592592592928,0.19492592592592928
2026-12-02 23:56:53,65.9,65.86773333333332,0.032266666666686206,0.032266666666686206
2026-12-02 23:56:57,64.0,63.85275471014493,0.14724528985507135,0.14724528985507135
2026-12-02 23:57:02,60.0,59.49742077507771,0.5025792249222931,0.5025792249222931
2026-12-02 23:57:07,59.7,60.17383484848485,-0.4738348484848487,0.4738348484848487
2026-12-02 23:57:12,55.099999999999994,54.8715238095238,0.2284761904761936,0.2284761904761936
2026-12-02 23:57:16,60.7,62.37950115010312,-1.679501150103114,1.679501150103114
2026-12-02 23:57:21,58.9,57.332634264891865,1.5673657351081332,1.5673657351081332
2026-12-02 23:57:26,60.5,63.54333333333333,-3.0433333333333294,3.0433333333333294
2026-12-02 23:57:30,65.8,64.67557777777778,1.124422222222222,1.124422222222222
2026-12-02 23:57:35,60.2,59.81138189033189,0.3886181096681156,0.3886181096681156
2026-12-02 23:57:40,58.2,57.066090366065644,1.1339096339343584,1.1339096339343584
2026-12-02 23:57:45,59.099999999999994,59.658697289150595,-0.5586972891506008,0.5586972891506008
2026-12-02 23:57:49,58.5,57.75856296296296,0.7414370370370378,0.7414370370370378
2026-12-02 23:57:54,68.2,65.42495471014493,2.775045289855072,2.775045289855072
2026-12-02 23:57:59,61.3,59.6693413191175,1.6306586808824974,1.6306586808824974
2026-12-02 23:58:03,60.5,60.31807651515152,0.18192348484848253,0.18192348484848253
2026-12-02 23:58:08,55.9,55.05318492063491,0.8468150793650864,0.8468150793650864
2026-12-02 23:58:13,55.800000000000004,54.726746031746025,1.0732539682539795,1.0732539682539795
2026-12-02 23:58:17,59.300000000000004,57.760577777777776,1.5394222222222282,1.5394222222222282
2026-12-02 23:58:22,58.1,59.13122142082863,-1.0312214208286292,1.0312214208286292
2026-12-02 23:58:27,55.2,55.493541064914304,-0.2935410649143009,0.2935410649143009
2026-12-02 23:58:32,60.9,59.27153333333333,1.628466666666668,1.628466666666668
2026-12-02 23:58:36,66.1,64.87637494824017,1.223625051759825,1.223625051759825
2026-12-02 23:58:41,60.7,59.51411483402851,1.1858851659714915,1.1858851659714915
2026-12-02 23:58:46,58.800000000000004,60.04977355699856,-1.249773556998555,1.249773556998555
2026-12-02 23:58:50,61.5,62.61961111111111,-1.1196111111111122,1.1196111111111122
2026-12-02 23:58:55,59.9,58.86807407407407,1.0319259259259255,1.0319259259259255
2026-12-02 23:59:00,66.6,66.77851729844267,-0.17851729844267084,0.17851729844267084
2026-12-02 23:59:05,59.0,57.636296296296294,1.363703703703706,1.363703703703706
2026-12-02 23:59:09,61.5,61.7795,-0.27949999999999875,0.27949999999999875
2026-12-02 23:59:14,59.199999999999996,59.83379419191919,-0.6337941919191934,0.6337941919191934
2026-12-02 23:59:19,59.800000000000004,59.861365404040406,-0.06136540404040147,0.06136540404040147
2026-12-02 23:59:23,61.6,59.525471304821444,2.0745286951785573,2.0745286951785573
2026-12-02 23:59:28,60.3,59.09107777777778,1.2089222222222205,1.2089222222222205
2026-12-02 23:59:33,55.7,55.24556379828605,0.4544362017139534,0.4544362017139534
2026-12-02 23:59:37,65.2,63.8903768814921,1.3096231185079006,1.3096231185079006
2026-12-02 23:59:42,63.2,62.25822222222222,0.94177777777778,0.94177777777778
2026-12-02 23:59:47,65.7,64.82359359903381,0.8764064009661894,0.8764064009661894
2026-12-02 23:59:52,60.5,59.917554112554114,0.5824458874458855,0.5824458874458855
2026-12-02 23:59:56,64.2,64.02969765082997,0.1703023491700293,0.1703023491700293
