Timestamp,Actual,Predicted,Error,Abs_Error
2026-12-02 21:34:36,60.1,60.154285,-0.054285430908201704,0.054285430908201704
2026-12-02 21:34:41,56.2,57.182472,-0.9824722290039034,0.9824722290039034
2026-12-02 21:34:46,54.900000000000006,56.469273,-1.569272613525385,1.569272613525385
2026-12-02 21:34:51,52.7,55.916004,-3.2160041809082003,3.2160041809082003
2026-12-02 21:34:55,65.8,63.96717,1.832829284667966,1.832829284667966
2026-12-02 21:35:00,56.9,57.395096,-0.4950958251953139,0.4950958251953139
2026-12-02 21:35:05,56.3,57.395096,-1.0950958251953153,1.0950958251953153
2026-12-02 21:35:09,54.400000000000006,57.182472,-2.7824722290039006,2.7824722290039006
2026-12-02 21:35:14,56.099999999999994,57.914856,-1.8148559570312557,1.8148559570312557
2026-12-02 21:35:19,54.3,57.182472,-2.882472229003909,2.882472229003909
2026-12-02 21:35:24,51.7,55.916004,-4.2160041809082,4.2160041809082
2026-12-02 21:35:28,52.9,56.469273,-3.569272613525392,3.569272613525392
2026-12-02 21:35:33,60.9,59.407578,1.492422485351561,1.492422485351561
2026-12-02 21:35:38,56.3,58.675194,-2.3751937866210966,2.3751937866210966
2026-12-02 21:35:42,50.5,55.202805,-4.7028045654296875,4.7028045654296875
2026-12-02 21:35:47,54.599999999999994,57.182472,-2.582472229003912,2.582472229003912
2026-12-02 21:35:52,52.900000000000006,55.916004,-3.0160041809081974,3.0160041809081974
2026-12-02 21:35:56,53.2,55.56212,-2.3621185302734347,2.3621185302734347
2026-12-02 21:36:01,53.900000000000006,57.961994,-4.061994171142572,4.061994171142572
2026-12-02 21:36:06,56.0,58.675194,-2.6751937866210938,2.6751937866210938
2026-12-02 21:36:11,54.9,57.182472,-2.2824722290039077,2.2824722290039077
2026-12-02 21:36:15,63.3,61.913822,1.3861778259277315,1.3861778259277315
2026-12-02 21:36:20,54.5,57.182472,-2.6824722290039062,2.6824722290039062
2026-12-02 21:36:25,61.599999999999994,61.167114,0.4328857421874943,0.4328857421874943
2026-12-02 21:36:29,59.3,59.407578,-0.10757751464844034,0.10757751464844034
2026-12-02 21:36:34,59.0,58.675194,0.32480621337890625,0.32480621337890625
2026-12-02 21:36:39,55.6,57.182472,-1.5824722290039048,1.5824722290039048
2026-12-02 21:36:44,58.199999999999996,58.675194,-0.475193786621098,0.475193786621098
2026-12-02 21:36:48,55.0,57.961994,-2.961994171142578,2.961994171142578
2026-12-02 21:36:53,56.7,57.182472,-0.4824722290039034,0.4824722290039034
2026-12-02 21:36:58,54.8,57.182472,-2.382472229003909,2.382472229003909
2026-12-02 21:37:02,52.4,55.916004,-3.5160041809082045,3.5160041809082045
2026-12-02 21:37:07,53.2,57.182472,-3.9824722290039034,3.9824722290039034
2026-12-02 21:37:12,54.900000000000006,57.182472,-2.2824722290039006,2.2824722290039006
2026-12-02 21:37:16,59.3,59.407578,-0.10757751464844034,0.10757751464844034
2026-12-02 21:37:21,59.0,59.407578,-0.4075775146484375,0.4075775146484375
2026-12-02 21:37:26,57.2,58.675194,-1.475193786621091,1.475193786621091
2026-12-02 21:37:31,54.7,57.182472,-2.4824722290039034,2.4824722290039034
2026-12-02 21:37:35,52.8,55.916004,-3.116004180908206,3.116004180908206
2026-12-02 21:37:40,48.6,54.11654,-5.516539001464842,5.516539001464842
2026-12-02 21:37:45,52.6,55.916004,-3.3160041809082017,3.3160041809082017
2026-12-02 21:37:49,58.3,57.395096,0.9049041748046847,0.9049041748046847
2026-12-02 21:37:54,53.8,55.916004,-2.116004180908206,2.116004180908206
2026-12-02 21:37:59,65.8,66.83895,-1.0389511108398466,1.0389511108398466
2026-12-02 21:38:04,57.1,57.914856,-0.8148559570312486,0.8148559570312486
2026-12-02 21:38:08,53.8,56.469273,-2.6692726135253935,2.6692726135253935
2026-12-02 21:38:13,59.4,60.43473,-1.0347305297851577,1.0347305297851577
2026-12-02 21:38:18,54.1,56.648388,-2.5483879089355455,2.5483879089355455
2026-12-02 21:38:22,58.3,58.675194,-0.3751937866210966,0.3751937866210966
2026-12-02 21:38:27,57.2,57.914856,-0.7148559570312472,0.7148559570312472
2026-12-02 21:38:32,60.7,59.407578,1.2924224853515653,1.2924224853515653
2026-12-02 21:38:36,57.5,58.675194,-1.1751937866210938,1.1751937866210938
2026-12-02 21:38:41,55.7,56.648388,-0.948387908935544,0.948387908935544
2026-12-02 21:38:46,58.3,58.675194,-0.3751937866210966,0.3751937866210966
2026-12-02 21:38:51,52.599999999999994,55.916004,-3.316004180908209,3.316004180908209
2026-12-02 21:38:55,55.900000000000006,57.182472,-1.2824722290039006,1.2824722290039006
2026-12-02 21:39:00,55.7,56.30883,-0.6088302612304659,0.6088302612304659
2026-12-02 21:39:05,54.9,57.182472,-2.2824722290039077,2.2824722290039077
2026-12-02 21:39:09,58.8,59.407578,-0.6075775146484403,0.6075775146484403
2026-12-02 21:39:14,55.3,56.648388,-1.3483879089355497,1.3483879089355497
2026-12-02 21:39:19,61.0,61.774876,-0.7748756408691406,0.7748756408691406
2026-12-02 21:39:24,63.099999999999994,60.154285,2.945714569091791,2.945714569091791
2026-12-02 21:39:28,61.0,59.417133,1.5828666687011719,1.5828666687011719
2026-12-02 21:39:33,55.5,57.182472,-1.6824722290039062,1.6824722290039062
2026-12-02 21:39:38,51.3,55.916004,-4.616004180908206,4.616004180908206
2026-12-02 21:39:42,53.0,55.916004,-2.916004180908203,2.916004180908203
2026-12-02 21:39:47,61.3,60.43473,0.8652694702148409,0.8652694702148409
2026-12-02 21:39:52,59.900000000000006,59.407578,0.4924224853515682,0.4924224853515682
2026-12-02 21:39:56,50.7,55.202805,-4.502804565429685,4.502804565429685
2026-12-02 21:40:01,55.7,57.961994,-2.2619941711425753,2.2619941711425753
2026-12-02 21:40:06,58.4,57.914856,0.4851440429687486,0.4851440429687486
2026-12-02 21:40:11,54.2,56.469273,-2.269272613525388,2.269272613525388
2026-12-02 21:40:15,64.7,62.669395,2.030604553222659,2.030604553222659
2026-12-02 21:40:20,56.4,57.914856,-1.5148559570312514,1.5148559570312514
2026-12-02 21:40:25,55.300000000000004,57.182472,-1.882472229003902,1.882472229003902
2026-12-02 21:40:29,52.8,55.916004,-3.116004180908206,3.116004180908206
2026-12-02 21:40:34,55.0,57.182472,-2.1824722290039062,2.1824722290039062
2026-12-02 21:40:39,60.0,59.407578,0.5924224853515625,0.5924224853515625
2026-12-02 21:40:44,53.5,57.182472,-3.6824722290039062,3.6824722290039062
2026-12-02 21:40:48,66.9,62.669395,4.230604553222662,4.230604553222662
2026-12-02 21:40:53,65.19999999999999,64.855515,0.34448547363280113,0.34448547363280113
2026-12-02 21:40:58,62.699999999999996,61.167114,1.5328857421874957,1.5328857421874957
2026-12-02 21:41:02,61.099999999999994,61.167114,-0.06711425781250568,0.06711425781250568
2026-12-02 21:41:07,54.2,57.182472,-2.9824722290039034,2.9824722290039034
2026-12-02 21:41:12,53.400000000000006,55.916004,-2.5160041809081974,2.5160041809081974
2026-12-02 21:41:16,53.0,55.916004,-2.916004180908203,2.916004180908203
2026-12-02 21:41:21,60.099999999999994,59.407578,0.6924224853515568,0.6924224853515568
2026-12-02 21:41:26,52.8,55.916004,-3.116004180908206,3.116004180908206
2026-12-02 21:41:31,60.9,61.774876,-0.874875640869142,0.874875640869142
2026-12-02 21:41:35,55.300000000000004,57.961994,-2.661994171142574,2.661994171142574
2026-12-02 21:41:40,50.6,55.202805,-4.602804565429686,4.602804565429686
2026-12-02 21:41:45,58.6,60.43473,-1.8347305297851548,1.8347305297851548
2026-12-02 21:41:49,61.8,61.167114,0.6328857421874972,0.6328857421874972
2026-12-02 21:41:54,61.599999999999994,60.154285,1.4457145690917912,1.4457145690917912
2026-12-02 21:41:59,58.0,57.914856,0.08514404296875,0.08514404296875
2026-12-02 21:42:04,59.5,59.407578,0.0924224853515625,0.0924224853515625
2026-12-02 21:42:08,51.599999999999994,54.629143,-3.0291427612304744,3.0291427612304744
2026-12-02 21:42:13,57.2,57.914856,-0.7148559570312472,0.7148559570312472
2026-12-02 21:42:18,54.3,56.648388,-2.3483879089355497,2.3483879089355497
2026-12-02 21:42:22,58.7,58.675194,0.024806213378909092,0.024806213378909092
2026-12-02 21:42:27,61.7,62.488075,-0.7880752563476534,0.7880752563476534
2026-12-02 21:42:32,57.800000000000004,58.675194,-0.8751937866210895,0.8751937866210895
2026-12-02 21:42:36,52.599999999999994,56.469273,-3.8692726135253963,3.8692726135253963
2026-12-02 21:42:41,59.7,61.774876,-2.074875640869138,2.074875640869138
2026-12-02 21:42:46,67.3,65.5879,1.712101745605466,1.712101745605466
2026-12-02 21:42:51,65.9,60.909855,4.99014511108399,4.99014511108399
2026-12-02 21:42:55,54.7,56.469273,-1.7692726135253878,1.7692726135253878
2026-12-02 21:43:00,58.4,58.675194,-0.27519378662109517,0.27519378662109517
2026-12-02 21:43:05,53.6,57.182472,-3.582472229003905,3.582472229003905
2026-12-02 21:43:09,60.4,59.407578,0.9924224853515611,0.9924224853515611
2026-12-02 21:43:14,53.0,55.916004,-2.916004180908203,2.916004180908203
2026-12-02 21:43:19,56.9,57.395096,-0.4950958251953139,0.4950958251953139
2026-12-02 21:43:24,56.0,57.395096,-1.3950958251953125,1.3950958251953125
2026-12-02 21:43:28,57.7,57.395096,0.30490417480469034,0.30490417480469034
2026-12-02 21:43:33,56.099999999999994,56.648388,-0.5483879089355526,0.5483879089355526
2026-12-02 21:43:38,62.0,59.417133,2.582866668701172,2.582866668701172
2026-12-02 21:43:42,55.8,57.182472,-1.382472229003909,1.382472229003909
2026-12-02 21:43:47,54.7,57.182472,-2.4824722290039034,2.4824722290039034
2026-12-02 21:43:52,58.6,57.914856,0.6851440429687514,0.6851440429687514
2026-12-02 21:43:57,56.599999999999994,57.182472,-0.5824722290039119,0.5824722290039119
2026-12-02 21:44:01,62.599999999999994,63.22046,-0.6204589843750057,0.6204589843750057
2026-12-02 21:44:06,54.8,56.648388,-1.8483879089355497,1.8483879089355497
2026-12-02 21:44:11,53.7,57.182472,-3.4824722290039034,3.4824722290039034
2026-12-02 21:44:15,55.6,57.182472,-1.5824722290039048,1.5824722290039048
2026-12-02 21:44:20,53.7,56.648388,-2.948387908935544,2.948387908935544
2026-12-02 21:44:25,56.400000000000006,57.182472,-0.7824722290039006,0.7824722290039006
2026-12-02 21:44:29,56.2,57.182472,-0.9824722290039034,0.9824722290039034
2026-12-02 21:44:34,58.4,58.675194,-0.27519378662109517,0.27519378662109517
2026-12-02 21:44:39,55.0,57.182472,-2.1824722290039062,2.1824722290039062
2026-12-02 21:44:44,58.3,57.914856,0.38514404296874716,0.38514404296874716
2026-12-02 21:44:48,52.8,56.469273,-3.6692726135253935,3.6692726135253935
2026-12-02 21:44:53,54.0,55.56212,-1.5621185302734375,1.5621185302734375
2026-12-02 21:44:58,53.7,55.916004,-2.2160041809082003,2.2160041809082003
2026-12-02 21:45:02,58.199999999999996,60.43473,-2.2347305297851605,2.2347305297851605
2026-12-02 21:45:07,59.7,59.407578,0.29242248535156534,0.29242248535156534
2026-12-02 21:45:12,55.3,56.648388,-1.3483879089355497,1.3483879089355497
2026-12-02 21:45:17,53.2,55.916004,-2.7160041809082003,2.7160041809082003
2026-12-02 21:45:21,53.4,56.469273,-3.069272613525392,3.069272613525392
2026-12-02 21:45:26,64.30000000000001,63.22046,1.0795410156250114,1.0795410156250114
2026-12-02 21:45:31,55.5,57.182472,-1.6824722290039062,1.6824722290039062
2026-12-02 21:45:35,60.3,61.774876,-1.4748756408691435,1.4748756408691435
2026-12-02 21:45:40,55.400000000000006,57.961994,-2.5619941711425724,2.5619941711425724
2026-12-02 21:45:45,56.4,57.182472,-0.7824722290039077,0.7824722290039077
2026-12-02 21:45:49,57.5,58.675194,-1.1751937866210938,1.1751937866210938
2026-12-02 21:45:54,56.6,58.675194,-2.0751937866210923,2.0751937866210923
2026-12-02 21:45:59,53.0,56.469273,-3.4692726135253906,3.4692726135253906
2026-12-02 21:46:04,57.4,59.72153,-2.321530914306642,2.321530914306642
2026-12-02 21:46:08,53.7,57.961994,-4.261994171142575,4.261994171142575
2026-12-02 21:46:13,56.800000000000004,57.182472,-0.382472229003902,0.382472229003902
2026-12-02 21:46:18,61.2,62.488075,-1.2880752563476534,1.2880752563476534
2026-12-02 21:46:22,56.800000000000004,58.675194,-1.8751937866210895,1.8751937866210895
2026-12-02 21:46:27,56.5,57.914856,-1.41485595703125,1.41485595703125
2026-12-02 21:46:32,53.1,55.916004,-2.8160041809082017,2.8160041809082017
2026-12-02 21:46:37,57.3,58.675194,-1.3751937866210966,1.3751937866210966
2026-12-02 21:46:41,56.599999999999994,59.72153,-3.1215309143066463,3.1215309143066463
2026-12-02 21:46:46,56.1,57.961994,-1.8619941711425767,1.8619941711425767
2026-12-02 21:46:51,51.8,55.916004,-4.116004180908206,4.116004180908206
2026-12-02 21:46:55,52.0,56.469273,-4.469272613525391,4.469272613525391
2026-12-02 21:47:00,56.4,57.182472,-0.7824722290039077,0.7824722290039077
2026-12-02 21:47:05,53.400000000000006,57.182472,-3.7824722290039006,3.7824722290039006
2026-12-02 21:47:09,59.400000000000006,59.407578,-0.007577514648431816,0.007577514648431816
2026-12-02 21:47:14,57.5,57.914856,-0.41485595703125,0.41485595703125
2026-12-02 21:47:19,54.7,57.182472,-2.4824722290039034,2.4824722290039034
2026-12-02 21:47:24,63.7,61.913822,1.7861778259277372,1.7861778259277372
2026-12-02 21:47:28,53.9,56.648388,-2.7483879089355483,2.7483879089355483
2026-12-02 21:47:33,55.1,57.182472,-2.082472229003905,2.082472229003905
2026-12-02 21:47:38,62.5,60.154285,2.345714569091797,2.345714569091797
2026-12-02 21:47:42,61.5,60.154285,1.3457145690917969,1.3457145690917969
2026-12-02 21:47:47,53.2,56.469273,-3.269272613525388,3.269272613525388
2026-12-02 21:47:52,56.0,57.182472,-1.1824722290039062,1.1824722290039062
2026-12-02 21:47:57,57.0,58.675194,-1.6751937866210938,1.6751937866210938
2026-12-02 21:48:01,59.7,58.15067,1.5493309020996122,1.5493309020996122
2026-12-02 21:48:06,53.5,55.916004,-2.416004180908203,2.416004180908203
2026-12-02 21:48:11,57.099999999999994,57.914856,-0.8148559570312557,0.8148559570312557
2026-12-02 21:48:15,60.8,60.43473,0.3652694702148409,0.3652694702148409
2026-12-02 21:48:20,56.800000000000004,58.675194,-1.8751937866210895,1.8751937866210895
2026-12-02 21:48:25,56.599999999999994,57.961994,-1.3619941711425838,1.3619941711425838
2026-12-02 21:48:29,61.4,61.167114,0.23288574218749858,0.23288574218749858
2026-12-02 21:48:34,59.3,58.675194,0.6248062133789034,0.6248062133789034
2026-12-02 21:48:39,53.9,57.961994,-4.0619941711425795,4.0619941711425795
2026-12-02 21:48:44,53.9,55.916004,-2.0160041809082045,2.0160041809082045
2026-12-02 21:48:48,57.2,58.675194,-1.475193786621091,1.475193786621091
2026-12-02 21:48:53,55.099999999999994,57.182472,-2.082472229003912,2.082472229003912
2026-12-02 21:48:58,57.5,58.675194,-1.1751937866210938,1.1751937866210938
2026-12-02 21:49:02,60.6,62.488075,-1.8880752563476548,1.8880752563476548
2026-12-02 21:49:07,60.3,62.488075,-2.188075256347659,2.188075256347659
2026-12-02 21:49:12,56.3,57.182472,-0.8824722290039091,0.8824722290039091
2026-12-02 21:49:17,56.400000000000006,57.182472,-0.7824722290039006,0.7824722290039006
2026-12-02 21:49:21,53.0,55.916004,-2.916004180908203,2.916004180908203
2026-12-02 21:49:26,60.699999999999996,58.661564,2.03843612670898,2.03843612670898
2026-12-02 21:49:31,57.9,58.675194,-0.7751937866210952,0.7751937866210952
2026-12-02 21:49:35,56.900000000000006,57.914856,-1.0148559570312443,1.0148559570312443
2026-12-02 21:49:40,55.0,57.182472,-2.1824722290039062,2.1824722290039062
2026-12-02 21:49:45,56.099999999999994,57.961994,-1.8619941711425838,1.8619941711425838
2026-12-02 21:49:49,56.2,57.914856,-1.7148559570312472,1.7148559570312472
2026-12-02 21:49:54,55.6,57.395096,-1.795095825195311,1.795095825195311
2026-12-02 21:49:59,54.8,55.916004,-1.116004180908206,1.116004180908206
2026-12-02 21:50:04,61.2,59.407578,1.7924224853515653,1.7924224853515653
2026-12-02 21:50:08,58.800000000000004,58.675194,0.12480621337891051,0.12480621337891051
2026-12-02 21:50:13,55.8,56.648388,-0.8483879089355497,0.8483879089355497
2026-12-02 21:50:18,60.599999999999994,60.43473,0.16526947021483807,0.16526947021483807
2026-12-02 21:50:22,127.7,165.81953,-38.11953430175781,38.11953430175781
2026-12-02 21:50:27,59.5,59.407578,0.0924224853515625,0.0924224853515625
2026-12-02 21:50:32,60.099999999999994,61.774876,-1.6748756408691463,1.6748756408691463
2026-12-02 21:50:37,58.7,58.675194,0.024806213378909092,0.024806213378909092
2026-12-02 21:50:41,60.6,62.488075,-1.8880752563476548,1.8880752563476548
2026-12-02 21:50:46,60.5,62.488075,-1.9880752563476562,1.9880752563476562
2026-12-02 21:50:51,55.4,57.182472,-1.7824722290039077,1.7824722290039077
2026-12-02 21:50:55,57.0,58.675194,-1.6751937866210938,1.6751937866210938
2026-12-02 21:51:00,58.800000000000004,60.43473,-1.634730529785152,1.634730529785152
2026-12-02 21:51:05,59.5,59.407578,0.0924224853515625,0.0924224853515625
2026-12-02 21:51:09,60.5,59.407578,1.0924224853515625,1.0924224853515625
2026-12-02 21:51:14,55.900000000000006,57.182472,-1.2824722290039006,1.2824722290039006
2026-12-02 21:51:19,64.5,63.22046,1.279541015625,1.279541015625
2026-12-02 21:51:24,58.0,58.675194,-0.6751937866210938,0.6751937866210938
2026-12-02 21:51:28,62.900000000000006,62.488075,0.41192474365234943,0.41192474365234943
2026-12-02 21:51:33,69.7,71.3185,-1.6184967041015597,1.6184967041015597
2026-12-02 21:51:38,57.5,57.914856,-0.41485595703125,0.41485595703125
2026-12-02 21:51:42,59.8,60.43473,-0.6347305297851591,0.6347305297851591
2026-12-02 21:51:47,59.5,61.774876,-2.2748756408691406,2.2748756408691406
2026-12-02 21:51:52,58.2,61.774876,-3.574875640869138,3.574875640869138
2026-12-02 21:51:57,55.099999999999994,57.961994,-2.861994171142584,2.861994171142584
2026-12-02 21:52:01,51.1,55.777935,-4.6779350280761705,4.6779350280761705
2026-12-02 21:52:06,62.3,61.167114,1.1328857421874972,1.1328857421874972
2026-12-02 21:52:11,60.400000000000006,60.43473,-0.034730529785150566,0.034730529785150566
2026-12-02 21:52:15,65.5,67.552155,-2.052154541015625,2.052154541015625
2026-12-02 21:52:20,57.900000000000006,59.72153,-1.821530914306635,1.821530914306635
2026-12-02 21:52:25,58.3,61.08354,-2.7835418701171903,2.7835418701171903
2026-12-02 21:52:29,56.3,61.08354,-4.78354187011719,4.78354187011719
2026-12-02 21:52:34,53.599999999999994,57.270657,-3.670656585693365,3.670656585693365
2026-12-02 21:52:39,56.6,57.914856,-1.3148559570312486,1.3148559570312486
2026-12-02 21:52:44,65.7,65.5879,0.11210174560547159,0.11210174560547159
2026-12-02 21:52:48,67.19999999999999,67.552155,-0.35215454101563637,0.35215454101563637
2026-12-02 21:52:53,52.300000000000004,55.777935,-3.4779350280761676,3.4779350280761676
2026-12-02 21:52:58,58.6,61.774876,-3.174875640869139,3.174875640869139
2026-12-02 21:53:02,55.0,59.030197,-4.0301971435546875,4.0301971435546875
2026-12-02 21:53:07,55.6,57.961994,-2.3619941711425767,2.3619941711425767
2026-12-02 21:53:12,62.2,66.14762,-3.9476211547851534,3.9476211547851534
2026-12-02 21:53:17,61.8,66.14762,-4.347621154785159,4.347621154785159
2026-12-02 21:53:21,54.6,57.182472,-2.582472229003905,2.582472229003905
2026-12-02 21:53:26,63.1,63.22046,-0.12045898437499858,0.12045898437499858
2026-12-02 21:53:31,58.7,59.407578,-0.7075775146484347,0.7075775146484347
2026-12-02 21:53:35,52.900000000000006,57.270657,-4.370656585693354,4.370656585693354
2026-12-02 21:53:40,50.9,55.777935,-4.877935028076173,4.877935028076173
2026-12-02 21:53:45,59.699999999999996,61.774876,-2.074875640869145,2.074875640869145
2026-12-02 21:53:49,56.3,57.961994,-1.661994171142581,1.661994171142581
2026-12-02 21:53:54,61.7,62.488075,-0.7880752563476534,0.7880752563476534
2026-12-02 21:53:59,63.599999999999994,61.167114,2.4328857421874943,2.4328857421874943
2026-12-02 21:54:04,61.0,64.14232,-3.1423187255859375,3.1423187255859375
2026-12-02 21:54:08,53.9,56.648388,-2.7483879089355483,2.7483879089355483
2026-12-02 21:54:13,53.5,56.469273,-2.9692726135253906,2.9692726135253906
2026-12-02 21:54:18,52.400000000000006,55.777935,-3.377935028076166,3.377935028076166
2026-12-02 21:54:22,60.1,60.43473,-0.33473052978515483,0.33473052978515483
2026-12-02 21:54:27,62.1,62.488075,-0.38807525634765483,0.38807525634765483
2026-12-02 21:54:32,55.6,61.08354,-5.483541870117186,5.483541870117186
2026-12-02 21:54:37,49.5,55.202805,-5.7028045654296875,5.7028045654296875
2026-12-02 21:54:41,59.199999999999996,60.43473,-1.2347305297851605,1.2347305297851605
2026-12-02 21:54:46,61.9,62.488075,-0.5880752563476577,0.5880752563476577
2026-12-02 21:54:51,57.4,58.675194,-1.2751937866210952,1.2751937866210952
2026-12-02 21:54:55,53.0,56.469273,-3.4692726135253906,3.4692726135253906
2026-12-02 21:55:00,55.6,57.961994,-2.3619941711425767,2.3619941711425767
2026-12-02 21:55:05,54.300000000000004,56.469273,-2.1692726135253864,2.1692726135253864
2026-12-02 21:55:09,57.3,58.675194,-1.3751937866210966,1.3751937866210966
2026-12-02 21:55:14,52.4,56.469273,-4.069272613525392,4.069272613525392
2026-12-02 21:55:19,72.9,71.3185,1.5815032958984432,1.5815032958984432
2026-12-02 21:55:24,55.6,59.030197,-3.430197143554686,3.430197143554686
2026-12-02 21:55:28,58.0,60.43473,-2.4347305297851562,2.4347305297851562
2026-12-02 21:55:33,55.5,57.182472,-1.6824722290039062,1.6824722290039062
2026-12-02 21:55:38,55.4,57.182472,-1.7824722290039077,1.7824722290039077
2026-12-02 21:55:42,54.9,57.182472,-2.2824722290039077,2.2824722290039077
2026-12-02 21:55:47,56.0,57.182472,-1.1824722290039062,1.1824722290039062
2026-12-02 21:55:52,63.7,64.14232,-0.44231872558593466,0.44231872558593466
2026-12-02 21:55:57,55.5,57.961994,-2.461994171142578,2.461994171142578
2026-12-02 21:56:01,61.0,59.407578,1.5924224853515625,1.5924224853515625
2026-12-02 21:56:06,58.3,58.675194,-0.3751937866210966,0.3751937866210966
2026-12-02 21:56:11,54.4,57.961994,-3.5619941711425795,3.5619941711425795
2026-12-02 21:56:15,61.0,60.43473,0.5652694702148438,0.5652694702148438
2026-12-02 21:56:20,62.0,61.167114,0.8328857421875,0.8328857421875
2026-12-02 21:56:25,59.1,59.407578,-0.3075775146484361,0.3075775146484361
2026-12-02 21:58:19,73.9,72.06521,1.834791564941412,1.834791564941412
2026-12-02 21:58:24,68.8,68.28454,0.5154617309570284,0.5154617309570284
2026-12-02 21:58:29,67.0,63.96717,3.0328292846679688,3.0328292846679688
2026-12-02 21:58:33,65.9,62.669395,3.230604553222662,3.230604553222662
2026-12-02 21:58:38,70.2,63.252117,6.947882843017581,6.947882843017581
2026-12-02 21:58:43,58.0,57.914856,0.08514404296875,0.08514404296875
2026-12-02 21:58:47,57.6,57.914856,-0.3148559570312486,0.3148559570312486
2026-12-02 21:58:52,51.099999999999994,55.777935,-4.677935028076178,4.677935028076178
2026-12-02 21:58:57,66.0,62.669395,3.3306045532226562,3.3306045532226562
2026-12-02 21:59:02,52.8,55.916004,-3.116004180908206,3.116004180908206
2026-12-02 21:59:06,60.7,64.14232,-3.4423187255859347,3.4423187255859347
2026-12-02 21:59:11,66.2,67.552155,-1.3521545410156222,1.3521545410156222
2026-12-02 21:59:16,76.2,81.64678,-5.446781921386716,5.446781921386716
2026-12-02 21:59:20,66.0,67.552155,-1.552154541015625,1.552154541015625
2026-12-02 21:59:25,77.1,82.379166,-5.279165649414068,5.279165649414068
2026-12-02 21:59:30,58.400000000000006,59.72153,-1.321530914306635,1.321530914306635
2026-12-02 21:59:35,78.0,79.13015,-1.1301498413085938,1.1301498413085938
2026-12-02 21:59:39,69.5,73.24314,-3.7431411743164062,3.7431411743164062
2026-12-02 21:59:44,69.0,73.24314,-4.243141174316406,4.243141174316406
2026-12-02 21:59:49,63.5,61.913822,1.5861778259277344,1.5861778259277344
2026-12-02 21:59:53,63.900000000000006,61.167114,2.7328857421875057,2.7328857421875057
2026-12-02 21:59:58,61.8,60.154285,1.645714569091794,1.645714569091794
2026-12-02 22:00:03,67.4,67.552155,-0.15215454101561932,0.15215454101561932
2026-12-02 22:00:07,51.7,56.469273,-4.769272613525388,4.769272613525388
2026-12-02 22:00:12,54.2,55.56212,-1.3621185302734347,1.3621185302734347
2026-12-02 22:00:17,62.3,60.909855,1.3901451110839815,1.3901451110839815
2026-12-02 22:00:22,60.2,58.15067,2.049330902099612,2.049330902099612
2026-12-02 22:00:26,57.8,57.914856,-0.11485595703125284,0.11485595703125284
2026-12-02 22:00:31,59.599999999999994,58.661564,0.9384361267089787,0.9384361267089787
2026-12-02 22:00:36,58.699999999999996,59.407578,-0.7075775146484418,0.7075775146484418
2026-12-02 22:00:40,54.8,57.182472,-2.382472229003909,2.382472229003909
2026-12-02 22:00:45,54.8,55.916004,-1.116004180908206,1.116004180908206
2026-12-02 22:00:50,60.5,58.15067,2.3493309020996094,2.3493309020996094
2026-12-02 22:00:55,57.2,58.675194,-1.475193786621091,1.475193786621091
2026-12-02 22:00:59,54.7,57.182472,-2.4824722290039034,2.4824722290039034
2026-12-02 22:01:04,53.2,56.469273,-3.269272613525388,3.269272613525388
2026-12-02 22:01:09,66.2,63.96717,2.2328292846679716,2.2328292846679716
2026-12-02 22:01:13,54.4,56.648388,-2.2483879089355483,2.2483879089355483
2026-12-02 22:01:18,65.0,62.669395,2.3306045532226562,2.3306045532226562
2026-12-02 22:01:23,63.5,60.154285,3.345714569091797,3.345714569091797
2026-12-02 22:01:27,56.0,57.961994,-1.9619941711425781,1.9619941711425781
2026-12-02 22:01:32,58.9,59.407578,-0.5075775146484389,0.5075775146484389
2026-12-02 22:01:37,62.900000000000006,64.14232,-1.2423187255859318,1.2423187255859318
2026-12-02 22:01:42,62.0,61.167114,0.8328857421875,0.8328857421875
2026-12-02 22:01:46,63.4,60.909855,2.490145111083983,2.490145111083983
2026-12-02 22:01:51,56.8,57.961994,-1.161994171142581,1.161994171142581
2026-12-02 22:01:56,69.4,71.3185,-1.9184967041015568,1.9184967041015568
2026-12-02 22:02:00,53.3,56.469273,-3.1692726135253935,3.1692726135253935
2026-12-02 22:02:05,57.099999999999994,57.961994,-0.8619941711425838,0.8619941711425838
2026-12-02 22:02:10,53.900000000000006,55.916004,-2.0160041809081974,2.0160041809081974
2026-12-02 22:02:15,52.199999999999996,55.777935,-3.577935028076176,3.577935028076176
2026-12-02 22:02:19,56.9,59.72153,-2.821530914306642,2.821530914306642
2026-12-02 22:02:24,56.4,57.182472,-0.7824722290039077,0.7824722290039077
2026-12-02 22:02:29,58.6,59.407578,-0.8075775146484361,0.8075775146484361
2026-12-02 22:02:33,55.6,58.675194,-3.0751937866210923,3.0751937866210923
2026-12-02 22:02:38,56.400000000000006,57.914856,-1.5148559570312443,1.5148559570312443
2026-12-02 22:02:43,65.4,59.69336,5.706640625000006,5.706640625000006
2026-12-02 22:02:47,58.5,57.395096,1.1049041748046875,1.1049041748046875
2026-12-02 22:02:52,53.599999999999994,57.182472,-3.582472229003912,3.582472229003912
2026-12-02 22:02:57,61.5,60.154285,1.3457145690917969,1.3457145690917969
2026-12-02 22:03:02,64.3,60.909855,3.3901451110839815,3.3901451110839815
2026-12-02 22:03:06,60.3,60.43473,-0.1347305297851591,0.1347305297851591
2026-12-02 22:03:11,60.5,62.488075,-1.9880752563476562,1.9880752563476562
2026-12-02 22:03:16,57.8,58.675194,-0.8751937866210966,0.8751937866210966
2026-12-02 22:03:20,57.800000000000004,60.43473,-2.634730529785152,2.634730529785152
2026-12-02 22:03:25,56.1,58.675194,-2.5751937866210923,2.5751937866210923
2026-12-02 22:03:30,61.8,61.167114,0.6328857421874972,0.6328857421874972
2026-12-02 22:03:35,141.7,169.878,-28.178005981445324,28.178005981445324
2026-12-02 22:03:39,60.800000000000004,59.407578,1.3924224853515668,1.3924224853515668
2026-12-02 22:03:44,63.2,63.22046,-0.020458984374997158,0.020458984374997158
2026-12-02 22:03:49,57.4,58.675194,-1.2751937866210952,1.2751937866210952
2026-12-02 22:03:53,57.099999999999994,58.675194,-1.5751937866210994,1.5751937866210994
2026-12-02 22:03:58,65.2,61.913822,3.286177825927737,3.286177825927737
2026-12-02 22:04:03,63.5,61.167114,2.3328857421875,2.3328857421875
2026-12-02 22:04:07,67.1,65.5879,1.512101745605463,1.512101745605463
2026-12-02 22:04:12,60.800000000000004,59.407578,1.3924224853515668,1.3924224853515668
2026-12-02 22:04:17,62.7,62.488075,0.2119247436523466,0.2119247436523466
2026-12-02 22:04:22,58.2,58.675194,-0.4751937866210909,0.4751937866210909
2026-12-02 22:04:26,56.0,57.395096,-1.3950958251953125,1.3950958251953125
2026-12-02 22:04:31,59.0,59.407578,-0.4075775146484375,0.4075775146484375
2026-12-02 22:04:36,66.5,63.96717,2.5328292846679688,2.5328292846679688
2026-12-02 22:04:40,71.9,66.26543,5.634573364257818,5.634573364257818
2026-12-02 22:04:45,63.5,61.913822,1.5861778259277344,1.5861778259277344
2026-12-02 22:04:50,69.1,64.72274,4.377259826660151,4.377259826660151
2026-12-02 22:04:55,60.5,60.43473,0.06526947021484375,0.06526947021484375
2026-12-02 22:04:59,61.3,59.417133,1.882866668701169,1.882866668701169
2026-12-02 22:05:04,65.3,63.22046,2.079541015624997,2.079541015624997
2026-12-02 22:05:09,66.0,62.669395,3.3306045532226562,3.3306045532226562
2026-12-02 22:05:13,56.800000000000004,57.182472,-0.382472229003902,0.382472229003902
2026-12-02 22:05:18,67.2,65.5879,1.6121017456054716,1.6121017456054716
2026-12-02 22:05:23,71.4,69.03124,2.368757629394537,2.368757629394537
2026-12-02 22:05:27,69.9,63.433125,6.466875457763678,6.466875457763678
2026-12-02 22:05:32,71.9,67.09018,4.809820556640631,4.809820556640631
2026-12-02 22:05:37,63.099999999999994,61.167114,1.9328857421874943,1.9328857421874943
2026-12-02 22:05:42,56.4,56.648388,-0.2483879089355483,0.2483879089355483
2026-12-02 22:05:46,63.5,61.913822,1.5861778259277344,1.5861778259277344
2026-12-02 22:05:51,62.8,61.167114,1.6328857421874972,1.6328857421874972
2026-12-02 22:05:56,53.0,55.916004,-2.916004180908203,2.916004180908203
2026-12-02 22:06:00,58.5,60.43473,-1.9347305297851562,1.9347305297851562
2026-12-02 22:06:05,60.5,58.661564,1.8384361267089844,1.8384361267089844
2026-12-02 22:06:10,59.3,59.407578,-0.10757751464844034,0.10757751464844034
2026-12-02 22:06:15,62.1,61.167114,0.9328857421875014,0.9328857421875014
2026-12-02 22:06:19,53.400000000000006,57.961994,-4.561994171142572,4.561994171142572
2026-12-02 22:06:24,67.3,65.5879,1.712101745605466,1.712101745605466
2026-12-02 22:06:29,56.099999999999994,57.182472,-1.082472229003912,1.082472229003912
2026-12-02 22:06:33,57.7,58.675194,-0.9751937866210909,0.9751937866210909
2026-12-02 22:06:38,57.6,58.675194,-1.0751937866210923,1.0751937866210923
2026-12-02 22:06:43,65.7,61.913822,3.786177825927737,3.786177825927737
2026-12-02 22:06:47,70.19999999999999,65.486465,4.713534545898426,4.713534545898426
2026-12-02 22:06:52,62.900000000000006,62.488075,0.41192474365234943,0.41192474365234943
2026-12-02 22:06:57,77.4,79.13015,-1.730149841308588,1.730149841308588
2026-12-02 22:07:02,57.3,59.72153,-2.4215309143066435,2.4215309143066435
2026-12-02 22:07:06,65.8,65.5879,0.2121017456054659,0.2121017456054659
2026-12-02 22:07:11,68.2,64.72274,3.477259826660159,3.477259826660159
2026-12-02 22:07:16,58.3,59.72153,-1.4215309143066435,1.4215309143066435
2026-12-02 22:07:20,56.1,56.648388,-0.5483879089355455,0.5483879089355455
2026-12-02 22:07:25,59.0,57.914856,1.08514404296875,1.08514404296875
2026-12-02 22:07:30,50.8,55.202805,-4.40280456542969,4.40280456542969
2026-12-02 22:07:35,58.1,59.72153,-1.6215309143066392,1.6215309143066392
2026-12-02 22:07:39,53.9,56.469273,-2.569272613525392,2.569272613525392
2026-12-02 22:07:44,50.8,55.777935,-4.977935028076175,4.977935028076175
2026-12-02 22:07:49,59.8,60.43473,-0.6347305297851591,0.6347305297851591
2026-12-02 22:07:53,58.1,57.914856,0.18514404296875142,0.18514404296875142
2026-12-02 22:07:58,56.5,57.914856,-1.41485595703125,1.41485595703125
2026-12-02 22:08:03,75.9,81.64678,-5.746781921386713,5.746781921386713
2026-12-02 22:08:07,63.099999999999994,60.154285,2.945714569091791,2.945714569091791
2026-12-02 22:08:12,59.7,60.43473,-0.7347305297851534,0.7347305297851534
2026-12-02 22:08:17,49.0,54.11654,-5.116539001464844,5.116539001464844
2026-12-02 22:08:22,55.599999999999994,57.961994,-2.361994171142584,2.361994171142584
2026-12-02 22:08:26,54.6,59.030197,-4.430197143554686,4.430197143554686
2026-12-02 22:08:31,58.3,59.72153,-1.4215309143066435,1.4215309143066435
2026-12-02 22:08:36,57.3,58.675194,-1.3751937866210966,1.3751937866210966
2026-12-02 22:08:40,57.1,58.675194,-1.5751937866210923,1.5751937866210923
2026-12-02 22:08:45,55.6,57.182472,-1.5824722290039048,1.5824722290039048
2026-12-02 22:08:50,58.0,58.675194,-0.6751937866210938,0.6751937866210938
2026-12-02 22:08:55,63.900000000000006,63.22046,0.6795410156250057,0.6795410156250057
2026-12-02 22:08:59,56.099999999999994,57.914856,-1.8148559570312557,1.8148559570312557
2026-12-02 22:09:04,61.5,62.488075,-0.9880752563476562,0.9880752563476562
2026-12-02 22:09:09,47.5,54.51147,-7.011470794677734,7.011470794677734
2026-12-02 22:09:13,56.2,57.961994,-1.7619941711425753,1.7619941711425753
2026-12-02 22:09:18,61.3,60.43473,0.8652694702148409,0.8652694702148409
2026-12-02 22:09:23,67.5,62.669395,4.830604553222656,4.830604553222656
2026-12-02 22:09:27,51.900000000000006,56.469273,-4.569272613525385,4.569272613525385
2026-12-02 22:09:32,57.9,59.72153,-1.821530914306642,1.821530914306642
2026-12-02 22:09:37,50.1,55.202805,-5.102804565429686,5.102804565429686
2026-12-02 22:09:42,53.099999999999994,56.469273,-3.3692726135253963,3.3692726135253963
2026-12-02 22:09:46,59.3,63.45098,-4.150981140136722,4.150981140136722
2026-12-02 22:09:51,52.199999999999996,56.469273,-4.269272613525395,4.269272613525395
2026-12-02 22:09:56,53.0,56.469273,-3.4692726135253906,3.4692726135253906
2026-12-02 22:10:00,52.7,56.469273,-3.769272613525388,3.769272613525388
2026-12-02 22:10:05,59.7,59.407578,0.29242248535156534,0.29242248535156534
2026-12-02 22:10:10,61.8,62.488075,-0.6880752563476591,0.6880752563476591
2026-12-02 22:10:15,54.599999999999994,57.961994,-3.361994171142584,3.361994171142584
2026-12-02 22:10:19,56.5,59.72153,-3.2215309143066406,3.2215309143066406
2026-12-02 22:10:24,56.900000000000006,57.914856,-1.0148559570312443,1.0148559570312443
2026-12-02 22:10:29,60.9,61.774876,-0.874875640869142,0.874875640869142
2026-12-02 22:10:33,66.6,67.552155,-0.9521545410156307,0.9521545410156307
2026-12-02 22:10:38,66.80000000000001,67.552155,-0.7521545410156136,0.7521545410156136
2026-12-02 22:10:43,64.0,64.855515,-0.8555145263671875,0.8555145263671875
2026-12-02 22:10:47,53.6,55.916004,-2.3160041809082017,2.3160041809082017
2026-12-02 22:10:52,48.6,54.51147,-5.911470794677733,5.911470794677733
2026-12-02 22:10:57,52.1,56.469273,-4.369272613525389,4.369272613525389
2026-12-02 22:11:02,58.1,57.914856,0.18514404296875142,0.18514404296875142
2026-12-02 22:11:06,52.5,56.469273,-3.9692726135253906,3.9692726135253906
2026-12-02 22:11:11,52.0,56.469273,-4.469272613525391,4.469272613525391
2026-12-02 22:11:16,53.8,56.469273,-2.6692726135253935,2.6692726135253935
2026-12-02 22:11:20,68.19999999999999,67.552155,0.6478454589843636,0.6478454589843636
2026-12-02 22:11:25,56.3,58.675194,-2.3751937866210966,2.3751937866210966
2026-12-02 22:11:30,59.4,61.774876,-2.374875640869142,2.374875640869142
2026-12-02 22:11:35,61.3,60.43473,0.8652694702148409,0.8652694702148409
2026-12-02 22:11:39,47.3,54.51147,-7.211470794677737,7.211470794677737
2026-12-02 22:11:44,60.1,59.407578,0.6924224853515639,0.6924224853515639
2026-12-02 22:11:49,61.2,61.167114,0.03288574218750284,0.03288574218750284
2026-12-02 22:11:53,59.2,58.661564,0.5384361267089872,0.5384361267089872
2026-12-02 22:11:58,56.2,57.182472,-0.9824722290039034,0.9824722290039034
2026-12-02 22:12:03,56.5,59.72153,-3.2215309143066406,3.2215309143066406
2026-12-02 22:12:08,57.6,57.914856,-0.3148559570312486,0.3148559570312486
2026-12-02 22:12:12,58.2,59.407578,-1.2075775146484347,1.2075775146484347
2026-12-02 22:12:17,56.3,57.182472,-0.8824722290039091,0.8824722290039091
2026-12-02 22:12:22,49.900000000000006,55.202805,-5.302804565429682,5.302804565429682
2026-12-02 22:12:26,54.1,55.916004,-1.8160041809082017,1.8160041809082017
2026-12-02 22:12:31,52.4,56.469273,-4.069272613525392,4.069272613525392
2026-12-02 22:12:36,53.400000000000006,57.182472,-3.7824722290039006,3.7824722290039006
2026-12-02 22:12:40,60.0,60.43473,-0.43473052978515625,0.43473052978515625
2026-12-02 22:12:45,61.8,62.488075,-0.6880752563476591,0.6880752563476591
2026-12-02 22:12:50,57.900000000000006,59.407578,-1.5075775146484318,1.5075775146484318
2026-12-02 22:12:55,51.6,56.469273,-4.869272613525389,4.869272613525389
2026-12-02 22:12:59,62.3,64.14232,-1.8423187255859403,1.8423187255859403
2026-12-02 22:13:04,58.900000000000006,59.72153,-0.8215309143066349,0.8215309143066349
2026-12-02 22:13:09,56.699999999999996,58.675194,-1.975193786621098,1.975193786621098
2026-12-02 22:13:13,65.19999999999999,63.22046,1.9795410156249886,1.9795410156249886
2026-12-02 22:13:18,57.5,58.675194,-1.1751937866210938,1.1751937866210938
2026-12-02 22:13:23,61.900000000000006,61.167114,0.7328857421875057,0.7328857421875057
2026-12-02 22:13:28,55.099999999999994,57.182472,-2.082472229003912,2.082472229003912
2026-12-02 22:13:32,63.6,63.22046,0.3795410156250014,0.3795410156250014
2026-12-02 22:13:37,51.5,55.202805,-3.7028045654296875,3.7028045654296875
2026-12-02 22:13:42,64.9,66.83895,-1.938951110839838,1.938951110839838
2026-12-02 22:13:46,56.8,58.675194,-1.8751937866210966,1.8751937866210966
2026-12-02 22:13:51,51.7,56.469273,-4.769272613525388,4.769272613525388
2026-12-02 22:13:56,60.2,60.43473,-0.2347305297851534,0.2347305297851534
2026-12-02 22:14:00,60.4,60.43473,-0.03473052978515767,0.03473052978515767
2026-12-02 22:14:05,65.2,61.913822,3.286177825927737,3.286177825927737
2026-12-02 22:14:10,52.0,55.202805,-3.2028045654296875,3.2028045654296875
2026-12-02 22:14:15,56.2,57.961994,-1.7619941711425753,1.7619941711425753
2026-12-02 22:14:19,56.3,57.914856,-1.6148559570312528,1.6148559570312528
2026-12-02 22:14:24,50.4,54.82974,-4.429738616943361,4.429738616943361
2026-12-02 22:14:29,52.9,56.469273,-3.569272613525392,3.569272613525392
2026-12-02 22:14:33,61.099999999999994,60.154285,0.9457145690917912,0.9457145690917912
2026-12-02 22:14:38,67.6,63.96717,3.632829284667963,3.632829284667963
2026-12-02 22:14:43,52.7,56.469273,-3.769272613525388,3.769272613525388
2026-12-02 22:14:48,56.2,59.030197,-2.8301971435546847,2.8301971435546847
2026-12-02 22:14:52,51.7,55.777935,-4.077935028076169,4.077935028076169
2026-12-02 22:14:57,53.5,55.916004,-2.416004180908203,2.416004180908203
2026-12-02 22:15:02,60.3,59.407578,0.8924224853515597,0.8924224853515597
2026-12-02 22:15:06,56.3,59.030197,-2.7301971435546903,2.7301971435546903
2026-12-02 22:15:11,52.599999999999994,56.469273,-3.8692726135253963,3.8692726135253963
2026-12-02 22:15:16,54.2,57.270657,-3.0706565856933565,3.0706565856933565
2026-12-02 22:15:20,55.4,59.030197,-3.630197143554689,3.630197143554689
2026-12-02 22:15:25,52.699999999999996,55.777935,-3.077935028076176,3.077935028076176
2026-12-02 22:15:30,47.3,54.11654,-6.816539001464847,6.816539001464847
2026-12-02 22:15:35,58.7,61.774876,-3.074875640869138,3.074875640869138
2026-12-02 22:15:39,56.900000000000006,59.72153,-2.821530914306635,2.821530914306635
2026-12-02 22:15:44,56.4,59.030197,-2.630197143554689,2.630197143554689
2026-12-02 22:15:49,59.8,61.774876,-1.9748756408691435,1.9748756408691435
2026-12-02 22:15:53,64.5,66.83895,-2.3389511108398438,2.3389511108398438
2026-12-02 22:15:58,55.2,57.182472,-1.9824722290039034,1.9824722290039034
2026-12-02 22:16:03,53.9,57.270657,-3.370656585693361,3.370656585693361
2026-12-02 22:16:08,58.599999999999994,59.72153,-1.1215309143066463,1.1215309143066463
2026-12-02 22:16:12,49.2,54.51147,-5.3114707946777315,5.3114707946777315
2026-12-02 22:16:17,57.599999999999994,59.72153,-2.1215309143066463,2.1215309143066463
2026-12-02 22:16:22,58.7,59.72153,-1.0215309143066378,1.0215309143066378
2026-12-02 22:16:26,56.9,59.72153,-2.821530914306642,2.821530914306642
2026-12-02 22:16:31,57.4,58.675194,-1.2751937866210952,1.2751937866210952
2026-12-02 22:16:36,58.8,60.43473,-1.634730529785159,1.634730529785159
2026-12-02 22:16:40,50.5,55.202805,-4.7028045654296875,4.7028045654296875
2026-12-02 22:16:45,58.400000000000006,59.72153,-1.321530914306635,1.321530914306635
2026-12-02 22:16:50,53.3,55.916004,-2.616004180908206,2.616004180908206
2026-12-02 22:16:55,57.7,58.675194,-0.9751937866210909,0.9751937866210909
2026-12-02 22:16:59,67.0,62.669395,4.330604553222656,4.330604553222656
2026-12-02 22:17:04,57.0,57.914856,-0.91485595703125,0.91485595703125
2026-12-02 22:17:09,55.5,57.961994,-2.461994171142578,2.461994171142578
2026-12-02 22:17:13,52.6,56.469273,-3.869272613525389,3.869272613525389
2026-12-02 22:17:18,62.9,60.154285,2.7457145690917955,2.7457145690917955
2026-12-02 22:17:23,56.599999999999994,57.961994,-1.3619941711425838,1.3619941711425838
2026-12-02 22:17:28,56.1,57.914856,-1.8148559570312486,1.8148559570312486
2026-12-02 22:17:32,57.2,59.72153,-2.521530914306638,2.521530914306638
2026-12-02 22:17:37,68.5,68.28454,0.21546173095703125,0.21546173095703125
2026-12-02 22:17:42,63.0,63.22046,-0.220458984375,0.220458984375
2026-12-02 22:17:46,65.69999999999999,61.673584,4.026416015624989,4.026416015624989
2026-12-02 22:17:51,51.5,57.270657,-5.770656585693359,5.770656585693359
2026-12-02 22:17:56,55.2,56.648388,-1.448387908935544,1.448387908935544
2026-12-02 22:18:00,62.1,59.417133,2.6828666687011733,2.6828666687011733
2026-12-02 22:18:05,56.6,57.182472,-0.5824722290039048,0.5824722290039048
2026-12-02 22:18:10,62.2,63.22046,-1.0204589843749972,1.0204589843749972
2026-12-02 22:18:15,61.9,61.167114,0.7328857421874986,0.7328857421874986
2026-12-02 22:18:19,55.4,56.648388,-1.2483879089355483,1.2483879089355483
2026-12-02 22:18:24,53.0,56.469273,-3.4692726135253906,3.4692726135253906
2026-12-02 22:18:29,58.7,58.661564,0.03843612670898722,0.03843612670898722
2026-12-02 22:18:33,51.6,55.202805,-3.602804565429686,3.602804565429686
2026-12-02 22:18:38,54.900000000000006,57.961994,-3.0619941711425724,3.0619941711425724
2026-12-02 22:18:43,54.5,57.182472,-2.6824722290039062,2.6824722290039062
2026-12-02 22:18:48,56.9,58.675194,-1.7751937866210952,1.7751937866210952
2026-12-02 22:18:52,58.800000000000004,61.774876,-2.9748756408691364,2.9748756408691364
2026-12-02 22:18:57,56.2,58.675194,-2.475193786621091,2.475193786621091
2026-12-02 22:19:02,56.599999999999994,57.182472,-0.5824722290039119,0.5824722290039119
2026-12-02 22:19:06,61.3,61.167114,0.13288574218749716,0.13288574218749716
2026-12-02 22:19:11,58.6,57.914856,0.6851440429687514,0.6851440429687514
2026-12-02 22:19:16,57.7,59.72153,-2.021530914306638,2.021530914306638
2026-12-02 22:19:20,61.3,62.488075,-1.188075256347659,1.188075256347659
2026-12-02 22:19:25,59.0,59.407578,-0.4075775146484375,0.4075775146484375
2026-12-02 22:19:30,51.6,55.202805,-3.602804565429686,3.602804565429686
2026-12-02 22:19:35,57.0,58.675194,-1.6751937866210938,1.6751937866210938
2026-12-02 22:19:39,63.5,62.488075,1.0119247436523438,1.0119247436523438
2026-12-02 22:19:44,54.7,57.270657,-2.5706565856933565,2.5706565856933565
2026-12-02 22:19:49,53.900000000000006,56.469273,-2.569272613525385,2.569272613525385
2026-12-02 22:19:53,52.300000000000004,56.469273,-4.169272613525386,4.169272613525386
2026-12-02 22:19:58,59.0,60.43473,-1.4347305297851562,1.4347305297851562
2026-12-02 22:20:03,59.0,61.774876,-2.7748756408691406,2.7748756408691406
2026-12-02 22:20:08,55.3,57.961994,-2.661994171142581,2.661994171142581
2026-12-02 22:20:12,51.2,55.777935,-4.577935028076169,4.577935028076169
2026-12-02 22:20:17,56.3,57.961994,-1.661994171142581,1.661994171142581
2026-12-02 22:20:22,53.2,55.916004,-2.7160041809082003,2.7160041809082003
2026-12-02 22:20:26,59.4,59.72153,-0.32153091430664205,0.32153091430664205
2026-12-02 22:20:31,56.4,57.914856,-1.5148559570312514,1.5148559570312514
2026-12-02 22:20:36,57.800000000000004,57.914856,-0.11485595703124574,0.11485595703124574
2026-12-02 22:20:40,55.599999999999994,57.182472,-1.582472229003912,1.582472229003912
2026-12-02 22:20:45,53.9,56.469273,-2.569272613525392,2.569272613525392
2026-12-02 22:20:50,60.3,60.43473,-0.1347305297851591,0.1347305297851591
2026-12-02 22:20:55,51.599999999999994,55.777935,-4.177935028076178,4.177935028076178
2026-12-02 22:20:59,51.1,55.777935,-4.6779350280761705,4.6779350280761705
2026-12-02 22:21:04,48.0,54.51147,-6.511470794677734,6.511470794677734
2026-12-02 22:21:09,50.599999999999994,55.202805,-4.602804565429693,4.602804565429693
2026-12-02 22:21:13,56.900000000000006,57.182472,-0.28247222900390057,0.28247222900390057
2026-12-02 22:21:18,53.4,57.961994,-4.5619941711425795,4.5619941711425795
2026-12-02 22:21:23,50.8,55.202805,-4.40280456542969,4.40280456542969
2026-12-02 22:21:28,53.1,56.469273,-3.369272613525389,3.369272613525389
2026-12-02 22:21:32,56.599999999999994,57.961994,-1.3619941711425838,1.3619941711425838
2026-12-02 22:21:37,51.5,55.202805,-3.7028045654296875,3.7028045654296875
2026-12-02 22:21:42,59.1,61.774876,-2.674875640869139,2.674875640869139
2026-12-02 22:21:46,49.0,54.51147,-5.511470794677734,5.511470794677734
2026-12-02 22:21:51,55.6,57.961994,-2.3619941711425767,2.3619941711425767
2026-12-02 22:21:56,56.0,57.961994,-1.9619941711425781,1.9619941711425781
2026-12-02 22:22:00,54.2,57.270657,-3.0706565856933565,3.0706565856933565
2026-12-02 22:22:05,66.0,69.87292,-3.8729171752929688,3.8729171752929688
2026-12-02 22:22:10,65.3,61.913822,3.3861778259277315,3.3861778259277315
2026-12-02 22:22:15,57.0,61.08354,-4.0835418701171875,4.0835418701171875
2026-12-02 22:22:19,66.0,67.552155,-1.552154541015625,1.552154541015625
2026-12-02 22:22:24,53.9,57.182472,-3.2824722290039077,3.2824722290039077
2026-12-02 22:22:29,54.3,57.182472,-2.882472229003909,2.882472229003909
2026-12-02 22:22:33,51.6,56.469273,-4.869272613525389,4.869272613525389
2026-12-02 22:22:38,46.4,54.51147,-8.111470794677736,8.111470794677736
2026-12-02 22:22:43,56.0,57.914856,-1.91485595703125,1.91485595703125
2026-12-02 22:22:48,52.199999999999996,56.469273,-4.269272613525395,4.269272613525395
2026-12-02 22:22:52,55.8,57.182472,-1.382472229003909,1.382472229003909
2026-12-02 22:22:57,55.5,57.914856,-2.41485595703125,2.41485595703125
2026-12-02 22:23:02,48.8,54.11654,-5.316539001464847,5.316539001464847
2026-12-02 22:23:06,56.1,58.675194,-2.5751937866210923,2.5751937866210923
2026-12-02 22:23:11,60.9,61.774876,-0.874875640869142,0.874875640869142
2026-12-02 22:23:16,56.2,57.961994,-1.7619941711425753,1.7619941711425753
2026-12-02 22:23:20,55.699999999999996,57.182472,-1.4824722290039105,1.4824722290039105
2026-12-02 22:23:25,59.300000000000004,60.43473,-1.134730529785152,1.134730529785152
2026-12-02 22:23:30,57.400000000000006,57.914856,-0.5148559570312443,0.5148559570312443
2026-12-02 22:23:35,56.8,57.961994,-1.161994171142581,1.161994171142581
2026-12-02 22:23:39,62.8,64.14232,-1.3423187255859403,1.3423187255859403
2026-12-02 22:23:44,56.7,61.08354,-4.383541870117185,4.383541870117185
2026-12-02 22:23:49,60.5,59.407578,1.0924224853515625,1.0924224853515625
2026-12-02 22:23:53,57.0,57.914856,-0.91485595703125,0.91485595703125
2026-12-02 22:23:58,52.1,56.469273,-4.369272613525389,4.369272613525389
2026-12-02 22:24:03,56.0,57.961994,-1.9619941711425781,1.9619941711425781
2026-12-02 22:24:08,55.300000000000004,57.182472,-1.882472229003902,1.882472229003902
2026-12-02 22:24:12,59.6,61.774876,-2.174875640869139,2.174875640869139
2026-12-02 22:24:17,50.3,54.82974,-4.529738616943362,4.529738616943362
2026-12-02 22:24:22,59.2,59.407578,-0.20757751464843466,0.20757751464843466
2026-12-02 22:24:26,54.1,56.30883,-2.2088302612304673,2.2088302612304673
2026-12-02 22:24:31,50.8,55.202805,-4.40280456542969,4.40280456542969
2026-12-02 22:24:36,63.400000000000006,61.167114,2.2328857421875057,2.2328857421875057
2026-12-02 22:24:40,48.5,54.51147,-6.011470794677734,6.011470794677734
2026-12-02 22:24:45,54.400000000000006,57.182472,-2.7824722290039006,2.7824722290039006
2026-12-02 22:24:50,52.7,55.916004,-3.2160041809082003,3.2160041809082003
2026-12-02 22:24:55,50.1,54.82974,-4.729738616943358,4.729738616943358
2026-12-02 22:24:59,79.5,89.93137,-10.431373596191406,10.431373596191406
2026-12-02 22:25:04,60.5,61.774876,-1.2748756408691406,1.2748756408691406
2026-12-02 22:25:09,51.900000000000006,56.469273,-4.569272613525385,4.569272613525385
2026-12-02 22:25:13,48.6,54.11654,-5.516539001464842,5.516539001464842
2026-12-02 22:25:18,54.1,57.182472,-3.082472229003905,3.082472229003905
2026-12-02 22:25:23,55.7,57.961994,-2.2619941711425753,2.2619941711425753
2026-12-02 22:25:28,51.099999999999994,55.916004,-4.816004180908209,4.816004180908209
2026-12-02 22:25:32,65.1,61.913822,3.1861778259277287,3.1861778259277287
2026-12-02 22:25:37,53.7,55.916004,-2.2160041809082003,2.2160041809082003
2026-12-02 22:25:42,54.5,57.961994,-3.461994171142578,3.461994171142578
2026-12-02 22:25:46,59.099999999999994,60.43473,-1.334730529785162,1.334730529785162
2026-12-02 22:25:51,58.6,57.914856,0.6851440429687514,0.6851440429687514
2026-12-02 22:25:56,54.4,57.270657,-2.870656585693361,2.870656585693361
2026-12-02 22:26:00,56.6,57.182472,-0.5824722290039048,0.5824722290039048
2026-12-02 22:26:05,55.099999999999994,57.961994,-2.861994171142584,2.861994171142584
2026-12-02 22:26:10,59.4,59.72153,-0.32153091430664205,0.32153091430664205
2026-12-02 22:26:15,56.3,58.675194,-2.3751937866210966,2.3751937866210966
2026-12-02 22:26:19,58.800000000000004,60.43473,-1.634730529785152,1.634730529785152
2026-12-02 22:26:24,69.7,70.58611,-0.8861129760742159,0.8861129760742159
2026-12-02 22:26:29,57.400000000000006,59.72153,-2.321530914306635,2.321530914306635
2026-12-02 22:26:33,58.800000000000004,60.43473,-1.634730529785152,1.634730529785152
2026-12-02 22:26:38,65.1,64.855515,0.24448547363280682,0.24448547363280682
2026-12-02 22:26:43,59.900000000000006,61.774876,-1.874875640869135,1.874875640869135
2026-12-02 22:26:48,59.2,61.774876,-2.574875640869138,2.574875640869138
2026-12-02 22:26:52,55.4,57.182472,-1.7824722290039077,1.7824722290039077
2026-12-02 22:26:57,57.5,59.72153,-2.2215309143066406,2.2215309143066406
2026-12-02 22:27:02,55.1,57.961994,-2.8619941711425767,2.8619941711425767
2026-12-02 22:27:06,71.9,74.68873,-2.7887283325195256,2.7887283325195256
2026-12-02 22:27:11,56.699999999999996,59.72153,-3.021530914306645,3.021530914306645
2026-12-02 22:27:16,59.8,60.43473,-0.6347305297851591,0.6347305297851591
2026-12-02 22:27:20,60.6,62.488075,-1.8880752563476548,1.8880752563476548
2026-12-02 22:27:25,64.2,66.83895,-2.638951110839841,2.638951110839841
2026-12-02 22:27:30,60.699999999999996,61.774876,-1.0748756408691449,1.0748756408691449
2026-12-02 22:27:35,62.599999999999994,64.14232,-1.5423187255859432,1.5423187255859432
2026-12-02 22:27:39,55.9,59.030197,-3.130197143554689,3.130197143554689
2026-12-02 22:27:44,63.699999999999996,61.167114,2.5328857421874957,2.5328857421874957
2026-12-02 22:27:49,56.400000000000006,58.675194,-2.275193786621088,2.275193786621088
2026-12-02 22:27:53,61.900000000000006,61.167114,0.7328857421875057,0.7328857421875057
2026-12-02 22:27:58,52.800000000000004,57.270657,-4.470656585693355,4.470656585693355
2026-12-02 22:28:03,72.6,69.03124,3.5687576293945256,3.5687576293945256
2026-12-02 22:28:08,64.8,63.22046,1.5795410156249972,1.5795410156249972
2026-12-02 22:28:12,62.099999999999994,62.488075,-0.38807525634766193,0.38807525634766193
2026-12-02 22:28:17,59.699999999999996,60.43473,-0.7347305297851605,0.7347305297851605
2026-12-02 22:28:22,56.900000000000006,58.675194,-1.775193786621088,1.775193786621088
2026-12-02 22:28:26,59.3,60.43473,-1.134730529785159,1.134730529785159
2026-12-02 22:28:31,61.8,62.488075,-0.6880752563476591,0.6880752563476591
2026-12-02 22:28:36,66.3,67.552155,-1.2521545410156278,1.2521545410156278
2026-12-02 22:28:40,60.9,62.488075,-1.5880752563476577,1.5880752563476577
2026-12-02 22:28:45,65.6,67.552155,-1.9521545410156307,1.9521545410156307
2026-12-02 22:28:50,79.0,89.93137,-10.931373596191406,10.931373596191406
2026-12-02 22:28:55,57.7,58.675194,-0.9751937866210909,0.9751937866210909
2026-12-02 22:28:59,63.0,62.488075,0.5119247436523438,0.5119247436523438
2026-12-02 22:29:04,63.400000000000006,64.855515,-1.4555145263671818,1.4555145263671818
2026-12-02 22:29:09,52.8,56.469273,-3.6692726135253935,3.6692726135253935
2026-12-02 22:29:13,60.1,60.43473,-0.33473052978515483,0.33473052978515483
2026-12-02 22:29:18,57.3,57.395096,-0.09509582519531534,0.09509582519531534
2026-12-02 22:29:23,69.8,71.3185,-1.5184967041015653,1.5184967041015653
2026-12-02 22:29:28,61.8,62.488075,-0.6880752563476591,0.6880752563476591
2026-12-02 22:29:32,60.8,62.488075,-1.688075256347659,1.688075256347659
2026-12-02 22:29:37,64.30000000000001,63.22046,1.0795410156250114,1.0795410156250114
2026-12-02 22:29:42,65.4,66.83895,-1.438951110839838,1.438951110839838
2026-12-02 22:29:46,69.80000000000001,73.956345,-4.156344604492176,4.156344604492176
2026-12-02 22:29:51,60.4,62.488075,-2.0880752563476577,2.0880752563476577
2026-12-02 22:29:56,68.3,67.552155,0.7478454589843722,0.7478454589843722
2026-12-02 22:30:00,66.4,65.5879,0.8121017456054744,0.8121017456054744
2026-12-02 22:30:05,69.8,71.3185,-1.5184967041015653,1.5184967041015653
2026-12-02 22:30:10,56.1,58.675194,-2.5751937866210923,2.5751937866210923
2026-12-02 22:30:15,64.8,65.5879,-0.7878982543945341,0.7878982543945341
2026-12-02 22:30:19,61.7,62.488075,-0.7880752563476534,0.7880752563476534
2026-12-02 22:30:24,63.3,62.488075,0.8119247436523409,0.8119247436523409
2026-12-02 22:30:29,65.69999999999999,63.22046,2.4795410156249886,2.4795410156249886
2026-12-02 22:30:33,75.4,68.63287,6.767126464843756,6.767126464843756
2026-12-02 22:30:38,63.5,63.22046,0.279541015625,0.279541015625
2026-12-02 22:30:43,59.400000000000006,61.774876,-2.374875640869135,2.374875640869135
2026-12-02 22:30:48,65.4,61.913822,3.48617782592774,3.48617782592774
2026-12-02 22:30:52,58.400000000000006,57.914856,0.4851440429687557,0.4851440429687557
2026-12-02 22:30:57,62.6,60.154285,2.4457145690917983,2.4457145690917983
2026-12-02 22:31:02,54.7,57.961994,-3.2619941711425753,3.2619941711425753
2026-12-02 22:31:06,56.6,58.675194,-2.0751937866210923,2.0751937866210923
2026-12-02 22:31:11,61.099999999999994,59.407578,1.6924224853515568,1.6924224853515568
2026-12-02 22:31:16,57.7,58.675194,-0.9751937866210909,0.9751937866210909
2026-12-02 22:31:20,55.0,57.182472,-2.1824722290039062,2.1824722290039062
2026-12-02 22:31:25,53.5,55.916004,-2.416004180908203,2.416004180908203
2026-12-02 22:31:30,57.7,57.395096,0.30490417480469034,0.30490417480469034
2026-12-02 22:31:35,62.099999999999994,61.167114,0.9328857421874943,0.9328857421874943
2026-12-02 22:31:39,57.2,57.914856,-0.7148559570312472,0.7148559570312472
2026-12-02 22:31:44,52.3,55.916004,-3.616004180908206,3.616004180908206
2026-12-02 22:31:49,58.5,58.661564,-0.16156387329101562,0.16156387329101562
2026-12-02 22:31:53,54.400000000000006,56.648388,-2.248387908935541,2.248387908935541
2026-12-02 22:31:58,48.3,54.11654,-5.816539001464847,5.816539001464847
2026-12-02 22:32:03,54.400000000000006,57.182472,-2.7824722290039006,2.7824722290039006
2026-12-02 22:32:08,54.5,57.961994,-3.461994171142578,3.461994171142578
2026-12-02 22:32:12,55.400000000000006,57.914856,-2.5148559570312443,2.5148559570312443
2026-12-02 22:32:17,57.099999999999994,57.914856,-0.8148559570312557,0.8148559570312557
2026-12-02 22:32:22,55.0,57.182472,-2.1824722290039062,2.1824722290039062
2026-12-02 22:32:26,51.8,55.202805,-3.4028045654296903,3.4028045654296903
2026-12-02 22:32:31,54.8,57.182472,-2.382472229003909,2.382472229003909
2026-12-02 22:32:36,57.2,58.675194,-1.475193786621091,1.475193786621091
2026-12-02 22:32:41,56.599999999999994,57.182472,-0.5824722290039119,0.5824722290039119
2026-12-02 22:32:45,54.8,55.916004,-1.116004180908206,1.116004180908206
2026-12-02 22:32:50,63.9,64.855515,-0.9555145263671889,0.9555145263671889
2026-12-02 22:32:55,53.6,56.469273,-2.869272613525389,2.869272613525389
2026-12-02 22:32:59,58.0,59.407578,-1.4075775146484375,1.4075775146484375
2026-12-02 22:33:04,56.5,57.182472,-0.6824722290039062,0.6824722290039062
2026-12-02 22:33:09,55.0,57.961994,-2.961994171142578,2.961994171142578
2026-12-02 22:33:13,51.6,55.916004,-4.316004180908202,4.316004180908202
2026-12-02 22:33:18,56.400000000000006,57.914856,-1.5148559570312443,1.5148559570312443
2026-12-02 22:33:23,54.0,57.182472,-3.1824722290039062,3.1824722290039062
2026-12-02 22:33:28,58.6,58.661564,-0.061563873291014204,0.061563873291014204
2026-12-02 22:33:32,60.2,59.407578,0.7924224853515653,0.7924224853515653
2026-12-02 22:33:37,57.800000000000004,58.675194,-0.8751937866210895,0.8751937866210895
2026-12-02 22:33:42,60.099999999999994,59.407578,0.6924224853515568,0.6924224853515568
2026-12-02 22:33:46,54.099999999999994,57.182472,-3.082472229003912,3.082472229003912
2026-12-02 22:33:51,50.4,54.82974,-4.429738616943361,4.429738616943361
2026-12-02 22:33:56,54.9,57.182472,-2.2824722290039077,2.2824722290039077
2026-12-02 22:34:01,58.400000000000006,58.675194,-0.27519378662108807,0.27519378662108807
2026-12-02 22:34:05,61.3,61.167114,0.13288574218749716,0.13288574218749716
2026-12-02 22:34:10,57.0,57.182472,-0.18247222900390625,0.18247222900390625
2026-12-02 22:34:15,55.099999999999994,57.961994,-2.861994171142584,2.861994171142584
2026-12-02 22:34:19,62.1,64.14232,-2.042318725585936,2.042318725585936
2026-12-02 22:34:24,57.6,58.675194,-1.0751937866210923,1.0751937866210923
2026-12-02 22:34:29,54.099999999999994,56.469273,-2.3692726135253963,2.3692726135253963
2026-12-02 22:34:33,58.7,60.43473,-1.7347305297851534,1.7347305297851534
2026-12-02 22:34:38,54.099999999999994,57.182472,-3.082472229003912,3.082472229003912
2026-12-02 22:34:43,56.3,58.675194,-2.3751937866210966,2.3751937866210966
2026-12-02 22:34:48,54.1,57.961994,-3.8619941711425767,3.8619941711425767
2026-12-02 22:34:52,56.599999999999994,57.914856,-1.3148559570312557,1.3148559570312557
2026-12-02 22:34:57,61.5,60.154285,1.3457145690917969,1.3457145690917969
2026-12-02 22:35:02,60.3,61.167114,-0.8671142578125028,0.8671142578125028
2026-12-02 22:35:06,59.5,61.774876,-2.2748756408691406,2.2748756408691406
2026-12-02 22:35:11,61.1,62.488075,-1.3880752563476548,1.3880752563476548
2026-12-02 22:35:16,53.4,57.961994,-4.5619941711425795,4.5619941711425795
2026-12-02 22:35:21,56.0,57.182472,-1.1824722290039062,1.1824722290039062
2026-12-02 22:35:25,58.2,58.661564,-0.4615638732910128,0.4615638732910128
2026-12-02 22:35:30,57.6,57.914856,-0.3148559570312486,0.3148559570312486
2026-12-02 22:35:35,54.099999999999994,56.469273,-2.3692726135253963,2.3692726135253963
2026-12-02 22:35:39,57.0,58.675194,-1.6751937866210938,1.6751937866210938
2026-12-02 22:35:44,57.099999999999994,57.182472,-0.08247222900391193,0.08247222900391193
2026-12-02 22:35:49,55.699999999999996,57.182472,-1.4824722290039105,1.4824722290039105
2026-12-02 22:35:53,57.900000000000006,57.914856,-0.014855957031244316,0.014855957031244316
2026-12-02 22:35:58,55.8,58.675194,-2.8751937866210966,2.8751937866210966
2026-12-02 22:36:03,55.5,57.961994,-2.461994171142578,2.461994171142578
2026-12-02 22:36:08,59.5,59.407578,0.0924224853515625,0.0924224853515625
2026-12-02 22:36:12,62.4,61.913822,0.48617782592773295,0.48617782592773295
2026-12-02 22:36:17,56.8,57.182472,-0.3824722290039091,0.3824722290039091
2026-12-02 22:36:22,64.8,61.913822,2.8861778259277315,2.8861778259277315
2026-12-02 22:36:26,56.8,58.675194,-1.8751937866210966,1.8751937866210966
2026-12-02 22:36:31,62.400000000000006,64.14232,-1.7423187255859318,1.7423187255859318
2026-12-02 22:36:36,51.0,55.202805,-4.2028045654296875,4.2028045654296875
2026-12-02 22:36:41,56.400000000000006,57.914856,-1.5148559570312443,1.5148559570312443
2026-12-02 22:36:45,54.400000000000006,56.469273,-2.069272613525385,2.069272613525385
2026-12-02 22:36:50,52.2,55.202805,-3.0028045654296847,3.0028045654296847
2026-12-02 22:36:55,57.6,59.72153,-2.121530914306639,2.121530914306639
2026-12-02 22:36:59,65.9,63.22046,2.6795410156250057,2.6795410156250057
2026-12-02 22:37:04,57.1,58.675194,-1.5751937866210923,1.5751937866210923
2026-12-02 22:37:09,58.3,59.407578,-1.1075775146484403,1.1075775146484403
2026-12-02 22:37:13,52.4,55.916004,-3.5160041809082045,3.5160041809082045
2026-12-02 22:37:18,56.9,57.182472,-0.28247222900390767,0.28247222900390767
2026-12-02 22:37:23,62.2,62.488075,-0.2880752563476534,0.2880752563476534
2026-12-02 22:37:28,72.4,71.3185,1.0815032958984432,1.0815032958984432
2026-12-02 22:37:32,59.7,58.15067,1.5493309020996122,1.5493309020996122
2026-12-02 22:37:37,59.5,57.914856,1.58514404296875,1.58514404296875
2026-12-02 22:37:42,56.900000000000006,57.914856,-1.0148559570312443,1.0148559570312443
2026-12-02 22:37:46,61.6,61.167114,0.4328857421875014,0.4328857421875014
2026-12-02 22:37:51,56.1,57.961994,-1.8619941711425767,1.8619941711425767
2026-12-02 22:37:56,59.0,60.43473,-1.4347305297851562,1.4347305297851562
2026-12-02 22:38:01,56.8,57.914856,-1.1148559570312528,1.1148559570312528
2026-12-02 22:38:05,54.599999999999994,57.182472,-2.582472229003912,2.582472229003912
2026-12-02 22:38:10,60.8,59.407578,1.3924224853515597,1.3924224853515597
2026-12-02 22:38:15,51.2,54.82974,-3.6297386169433565,3.6297386169433565
2026-12-02 22:38:19,57.3,58.675194,-1.3751937866210966,1.3751937866210966
2026-12-02 22:38:24,56.199999999999996,57.182472,-0.9824722290039105,0.9824722290039105
2026-12-02 22:38:29,52.1,55.202805,-3.102804565429686,3.102804565429686
2026-12-02 22:38:33,55.4,57.914856,-2.5148559570312514,2.5148559570312514
2026-12-02 22:38:38,53.0,56.469273,-3.4692726135253906,3.4692726135253906
2026-12-02 22:38:43,59.3,59.407578,-0.10757751464844034,0.10757751464844034
2026-12-02 22:38:48,53.5,56.469273,-2.9692726135253906,2.9692726135253906
2026-12-02 22:38:52,48.2,54.11654,-5.916539001464841,5.916539001464841
2026-12-02 22:38:57,59.2,58.661564,0.5384361267089872,0.5384361267089872
2026-12-02 22:39:02,57.599999999999994,57.914856,-0.3148559570312557,0.3148559570312557
2026-12-02 22:39:06,56.5,58.675194,-2.1751937866210938,2.1751937866210938
2026-12-02 22:39:11,62.099999999999994,60.154285,1.9457145690917912,1.9457145690917912
2026-12-02 22:39:16,54.900000000000006,56.648388,-1.7483879089355412,1.7483879089355412
2026-12-02 22:39:21,54.3,57.961994,-3.661994171142581,3.661994171142581
2026-12-02 22:39:25,54.8,56.648388,-1.8483879089355497,1.8483879089355497
2026-12-02 22:39:30,62.0,61.167114,0.8328857421875,0.8328857421875
2026-12-02 22:39:35,65.19999999999999,64.855515,0.34448547363280113,0.34448547363280113
2026-12-02 22:39:39,59.9,58.661564,1.238436126708983,1.238436126708983
2026-12-02 22:39:44,57.4,58.675194,-1.2751937866210952,1.2751937866210952
2026-12-02 22:39:49,57.6,57.914856,-0.3148559570312486,0.3148559570312486
2026-12-02 22:39:53,56.2,57.961994,-1.7619941711425753,1.7619941711425753
2026-12-02 22:39:58,55.4,57.182472,-1.7824722290039077,1.7824722290039077
2026-12-02 22:40:03,57.599999999999994,59.72153,-2.1215309143066463,2.1215309143066463
2026-12-02 22:40:08,50.9,55.202805,-4.302804565429689,4.302804565429689
2026-12-02 22:40:12,53.599999999999994,56.469273,-2.8692726135253963,2.8692726135253963
2026-12-02 22:40:17,56.7,58.675194,-1.975193786621091,1.975193786621091
2026-12-02 22:40:22,54.5,56.469273,-1.9692726135253906,1.9692726135253906
2026-12-02 22:40:26,55.300000000000004,57.961994,-2.661994171142574,2.661994171142574
2026-12-02 22:40:31,57.6,59.72153,-2.121530914306639,2.121530914306639
2026-12-02 22:40:36,56.4,58.675194,-2.275193786621095,2.275193786621095
2026-12-02 22:40:41,61.4,61.167114,0.23288574218749858,0.23288574218749858
2026-12-02 22:40:45,59.6,60.43473,-0.8347305297851548,0.8347305297851548
2026-12-02 22:40:50,53.3,57.182472,-3.882472229003909,3.882472229003909
2026-12-02 22:40:55,52.2,56.469273,-4.269272613525388,4.269272613525388
2026-12-02 22:40:59,55.300000000000004,57.961994,-2.661994171142574,2.661994171142574
2026-12-02 22:41:04,60.6,60.43473,0.16526947021484517,0.16526947021484517
2026-12-02 22:41:09,53.0,55.56212,-2.5621185302734375,2.5621185302734375
2026-12-02 22:41:13,58.900000000000006,58.661564,0.23843612670899006,0.23843612670899006
2026-12-02 22:41:18,66.5,67.552155,-1.052154541015625,1.052154541015625
2026-12-02 22:41:23,62.9,64.14232,-1.242318725585939,1.242318725585939
2026-12-02 22:41:28,62.0,62.488075,-0.48807525634765625,0.48807525634765625
2026-12-02 22:41:32,57.5,58.675194,-1.1751937866210938,1.1751937866210938
2026-12-02 22:41:37,57.099999999999994,58.675194,-1.5751937866210994,1.5751937866210994
2026-12-02 22:41:42,58.2,60.43473,-2.2347305297851534,2.2347305297851534
2026-12-02 22:41:46,62.0,62.488075,-0.48807525634765625,0.48807525634765625
2026-12-02 22:41:51,56.599999999999994,59.72153,-3.1215309143066463,3.1215309143066463
2026-12-02 22:41:56,58.599999999999994,61.08354,-2.483541870117193,2.483541870117193
2026-12-02 22:42:01,60.599999999999994,61.774876,-1.1748756408691463,1.1748756408691463
2026-12-02 22:42:05,62.4,64.14232,-1.742318725585939,1.742318725585939
2026-12-02 22:42:10,62.599999999999994,64.14232,-1.5423187255859432,1.5423187255859432
2026-12-02 22:42:15,55.7,57.961994,-2.2619941711425753,2.2619941711425753
2026-12-02 22:42:19,59.8,60.43473,-0.6347305297851591,0.6347305297851591
2026-12-02 22:42:24,62.8,61.167114,1.6328857421874972,1.6328857421874972
2026-12-02 22:42:29,66.3,65.5879,0.7121017456054659,0.7121017456054659
2026-12-02 22:42:33,65.0,66.83895,-1.8389511108398438,1.8389511108398438
2026-12-02 22:42:38,55.3,56.648388,-1.3483879089355497,1.3483879089355497
2026-12-02 22:42:43,47.3,54.51147,-7.211470794677737,7.211470794677737
2026-12-02 22:42:48,66.3,67.552155,-1.2521545410156278,1.2521545410156278
2026-12-02 22:42:52,59.400000000000006,60.43473,-1.0347305297851506,1.0347305297851506
2026-12-02 22:42:57,59.8,60.43473,-0.6347305297851591,0.6347305297851591
2026-12-02 22:43:02,58.0,58.675194,-0.6751937866210938,0.6751937866210938
2026-12-02 22:43:06,61.3,64.14232,-2.8423187255859403,2.8423187255859403
2026-12-02 22:43:11,56.3,59.030197,-2.7301971435546903,2.7301971435546903
2026-12-02 22:43:16,69.3,71.3185,-2.0184967041015653,2.0184967041015653
2026-12-02 22:43:21,70.4,73.24314,-2.8431411743164006,2.8431411743164006
2026-12-02 22:43:25,55.099999999999994,59.030197,-3.930197143554693,3.930197143554693
2026-12-02 22:43:30,53.599999999999994,56.469273,-2.8692726135253963,2.8692726135253963
2026-12-02 22:43:35,64.7,64.855515,-0.15551452636718466,0.15551452636718466
2026-12-02 22:43:39,61.3,62.488075,-1.188075256347659,1.188075256347659
2026-12-02 22:43:44,63.6,60.154285,3.4457145690917983,3.4457145690917983
2026-12-02 22:43:49,59.0,58.675194,0.32480621337890625,0.32480621337890625
2026-12-02 22:43:53,60.0,61.774876,-1.7748756408691406,1.7748756408691406
2026-12-02 22:43:58,56.5,59.72153,-3.2215309143066406,3.2215309143066406
2026-12-02 22:44:03,59.2,57.914856,1.2851440429687528,1.2851440429687528
2026-12-02 22:44:08,61.3,61.167114,0.13288574218749716,0.13288574218749716
2026-12-02 22:44:12,59.099999999999994,61.774876,-2.6748756408691463,2.6748756408691463
2026-12-02 22:44:17,57.199999999999996,61.08354,-3.8835418701171918,3.8835418701171918
2026-12-02 22:44:22,59.1,60.43473,-1.3347305297851548,1.3347305297851548
2026-12-02 22:44:26,56.3,59.72153,-3.4215309143066435,3.4215309143066435
2026-12-02 22:44:31,56.0,57.961994,-1.9619941711425781,1.9619941711425781
2026-12-02 22:44:36,65.1,66.83895,-1.7389511108398494,1.7389511108398494
2026-12-02 22:44:41,55.9,57.961994,-2.0619941711425795,2.0619941711425795
2026-12-02 22:44:45,60.599999999999994,61.774876,-1.1748756408691463,1.1748756408691463
2026-12-02 22:44:50,61.4,62.488075,-1.0880752563476577,1.0880752563476577
2026-12-02 22:44:55,55.2,57.961994,-2.7619941711425753,2.7619941711425753
2026-12-02 22:44:59,58.9,60.43473,-1.5347305297851577,1.5347305297851577
2026-12-02 22:45:04,51.0,55.202805,-4.2028045654296875,4.2028045654296875
2026-12-02 22:45:09,53.599999999999994,57.182472,-3.582472229003912,3.582472229003912
2026-12-02 22:45:13,61.3,60.43473,0.8652694702148409,0.8652694702148409
2026-12-02 22:45:18,55.099999999999994,57.961994,-2.861994171142584,2.861994171142584
2026-12-02 22:45:23,59.8,59.407578,0.39242248535155966,0.39242248535155966
2026-12-02 22:45:28,61.5,61.167114,0.3328857421875,0.3328857421875
2026-12-02 22:45:32,64.9,66.83895,-1.938951110839838,1.938951110839838
2026-12-02 22:45:37,72.0,69.03124,2.9687576293945312,2.9687576293945312
2026-12-02 22:45:42,57.5,59.72153,-2.2215309143066406,2.2215309143066406
2026-12-02 22:45:46,63.5,63.22046,0.279541015625,0.279541015625
2026-12-02 22:45:51,57.1,58.675194,-1.5751937866210923,1.5751937866210923
2026-12-02 22:45:56,66.9,65.5879,1.3121017456054744,1.3121017456054744
2026-12-02 22:46:01,62.800000000000004,64.14232,-1.3423187255859332,1.3423187255859332
2026-12-02 22:46:05,61.300000000000004,62.488075,-1.188075256347652,1.188075256347652
2026-12-02 22:46:10,64.4,64.855515,-0.4555145263671818,0.4555145263671818
2026-12-02 22:46:15,58.599999999999994,60.43473,-1.834730529785162,1.834730529785162
2026-12-02 22:46:19,65.6,66.83895,-1.2389511108398494,1.2389511108398494
2026-12-02 22:46:24,59.900000000000006,60.43473,-0.5347305297851506,0.5347305297851506
2026-12-02 22:46:29,57.1,57.914856,-0.8148559570312486,0.8148559570312486
2026-12-02 22:46:33,61.7,61.167114,0.5328857421875028,0.5328857421875028
2026-12-02 22:46:38,59.5,59.72153,-0.22153091430664062,0.22153091430664062
2026-12-02 22:46:43,62.5,64.855515,-2.3555145263671875,2.3555145263671875
2026-12-02 22:46:48,55.4,57.961994,-2.5619941711425795,2.5619941711425795
2026-12-02 22:46:52,60.0,63.45098,-3.4509811401367188,3.4509811401367188
2026-12-02 22:46:57,61.2,62.488075,-1.2880752563476534,1.2880752563476534
2026-12-02 22:47:02,63.1,64.855515,-1.755514526367186,1.755514526367186
2026-12-02 22:47:06,57.7,59.72153,-2.021530914306638,2.021530914306638
2026-12-02 22:47:11,58.5,60.43473,-1.9347305297851562,1.9347305297851562
2026-12-02 22:47:16,58.1,59.72153,-1.6215309143066392,1.6215309143066392
2026-12-02 22:47:21,57.2,58.675194,-1.475193786621091,1.475193786621091
2026-12-02 22:47:25,56.8,58.675194,-1.8751937866210966,1.8751937866210966
2026-12-02 22:47:30,58.7,59.72153,-1.0215309143066378,1.0215309143066378
2026-12-02 22:47:35,57.400000000000006,59.72153,-2.321530914306635,2.321530914306635
2026-12-02 22:47:39,59.2,60.43473,-1.2347305297851534,1.2347305297851534
2026-12-02 22:47:44,66.8,67.552155,-0.7521545410156278,0.7521545410156278
2026-12-02 22:47:49,65.19999999999999,64.855515,0.34448547363280113,0.34448547363280113
2026-12-02 22:47:53,54.900000000000006,57.182472,-2.2824722290039006,2.2824722290039006
2026-12-02 22:47:58,59.0,61.774876,-2.7748756408691406,2.7748756408691406
2026-12-02 22:48:03,56.4,58.675194,-2.275193786621095,2.275193786621095
2026-12-02 22:48:08,65.2,63.22046,1.9795410156250028,1.9795410156250028
2026-12-02 22:48:12,66.0,63.96717,2.0328292846679688,2.0328292846679688
2026-12-02 22:48:17,53.3,55.916004,-2.616004180908206,2.616004180908206
2026-12-02 22:48:22,65.9,65.5879,0.31210174560547443,0.31210174560547443
2026-12-02 22:48:26,62.400000000000006,62.488075,-0.08807525634765057,0.08807525634765057
2026-12-02 22:48:31,63.300000000000004,64.14232,-0.8423187255859332,0.8423187255859332
2026-12-02 22:48:36,56.699999999999996,59.72153,-3.021530914306645,3.021530914306645
2026-12-02 22:48:41,59.4,58.675194,0.7248062133789048,0.7248062133789048
2026-12-02 22:48:45,68.6,73.24314,-4.643141174316412,4.643141174316412
2026-12-02 22:48:50,69.5,73.24314,-3.7431411743164062,3.7431411743164062
2026-12-02 22:48:55,63.4,64.855515,-1.455514526367189,1.455514526367189
2026-12-02 22:48:59,73.9,74.68873,-0.7887283325195256,0.7887283325195256
2026-12-02 22:49:04,56.7,57.961994,-1.2619941711425753,1.2619941711425753
2026-12-02 22:49:09,58.599999999999994,59.72153,-1.1215309143066463,1.1215309143066463
2026-12-02 22:49:13,65.1,69.87292,-4.772917175292974,4.772917175292974
2026-12-02 22:49:18,69.2,70.58611,-1.386112976074216,1.386112976074216
2026-12-02 22:49:23,63.7,60.909855,2.790145111083987,2.790145111083987
2026-12-02 22:49:28,57.4,58.675194,-1.2751937866210952,1.2751937866210952
2026-12-02 22:49:32,61.7,62.488075,-0.7880752563476534,0.7880752563476534
2026-12-02 22:49:37,55.0,56.469273,-1.4692726135253906,1.4692726135253906
2026-12-02 22:49:42,68.7,68.28454,0.4154617309570341,0.4154617309570341
2026-12-02 22:49:46,63.5,62.488075,1.0119247436523438,1.0119247436523438
2026-12-02 22:49:51,71.6,76.93786,-5.337858581542974,5.337858581542974
2026-12-02 22:49:56,58.300000000000004,58.675194,-0.3751937866210895,0.3751937866210895
2026-12-02 22:50:01,63.5,64.14232,-0.6423187255859375,0.6423187255859375
2026-12-02 22:50:05,52.400000000000006,56.469273,-4.069272613525385,4.069272613525385
2026-12-02 22:50:10,66.4,66.83895,-0.43895111083983807,0.43895111083983807
2026-12-02 22:50:15,60.5,60.43473,0.06526947021484375,0.06526947021484375
2026-12-02 22:50:19,62.1,61.167114,0.9328857421875014,0.9328857421875014
2026-12-02 22:50:24,64.8,66.83895,-2.0389511108398466,2.0389511108398466
2026-12-02 22:50:29,57.0,57.961994,-0.9619941711425781,0.9619941711425781
2026-12-02 22:50:34,65.3,65.5879,-0.2878982543945341,0.2878982543945341
2026-12-02 22:50:38,62.6,61.913822,0.6861778259277358,0.6861778259277358
2026-12-02 22:50:43,58.2,58.675194,-0.4751937866210909,0.4751937866210909
2026-12-02 22:50:48,66.19999999999999,63.96717,2.2328292846679574,2.2328292846679574
2026-12-02 22:50:52,60.3,60.43473,-0.1347305297851591,0.1347305297851591
2026-12-02 22:50:57,58.400000000000006,59.72153,-1.321530914306635,1.321530914306635
2026-12-02 22:51:02,55.900000000000006,57.182472,-1.2824722290039006,1.2824722290039006
2026-12-02 22:51:06,60.2,59.407578,0.7924224853515653,0.7924224853515653
2026-12-02 22:51:11,59.2,59.407578,-0.20757751464843466,0.20757751464843466
2026-12-02 22:51:16,51.9,56.469273,-4.569272613525392,4.569272613525392
2026-12-02 22:51:21,50.6,54.82974,-4.229738616943358,4.229738616943358
2026-12-02 22:51:25,61.0,61.774876,-0.7748756408691406,0.7748756408691406
2026-12-02 22:51:30,57.400000000000006,59.72153,-2.321530914306635,2.321530914306635
2026-12-02 22:51:35,59.300000000000004,61.774876,-2.4748756408691364,2.4748756408691364
2026-12-02 22:51:39,58.3,57.914856,0.38514404296874716,0.38514404296874716
2026-12-02 22:51:44,56.4,59.030197,-2.630197143554689,2.630197143554689
2026-12-02 22:51:49,58.7,59.407578,-0.7075775146484347,0.7075775146484347
2026-12-02 22:51:54,59.8,61.774876,-1.9748756408691435,1.9748756408691435
2026-12-02 22:51:58,64.80000000000001,63.96717,0.8328292846679801,0.8328292846679801
2026-12-02 22:52:03,52.699999999999996,55.777935,-3.077935028076176,3.077935028076176
2026-12-02 22:52:08,65.9,63.22046,2.6795410156250057,2.6795410156250057
2026-12-02 22:52:12,59.1,59.407578,-0.3075775146484361,0.3075775146484361
2026-12-02 22:52:17,61.0,60.43473,0.5652694702148438,0.5652694702148438
2026-12-02 22:52:22,56.8,58.675194,-1.8751937866210966,1.8751937866210966
2026-12-02 22:52:26,65.2,66.83895,-1.638951110839841,1.638951110839841
2026-12-02 22:52:31,65.1,64.855515,0.24448547363280682,0.24448547363280682
2026-12-02 22:52:36,54.4,57.961994,-3.5619941711425795,3.5619941711425795
2026-12-02 22:52:41,61.0,62.488075,-1.4880752563476562,1.4880752563476562
2026-12-02 22:52:45,53.5,56.469273,-2.9692726135253906,2.9692726135253906
2026-12-02 22:52:50,53.7,57.182472,-3.4824722290039034,3.4824722290039034
2026-12-02 22:52:55,62.9,62.488075,0.41192474365234233,0.41192474365234233
2026-12-02 22:52:59,65.2,63.96717,1.2328292846679716,1.2328292846679716
2026-12-02 22:53:04,59.0,58.675194,0.32480621337890625,0.32480621337890625
2026-12-02 22:53:09,65.3,63.22046,2.079541015624997,2.079541015624997
2026-12-02 22:53:14,63.900000000000006,64.855515,-0.9555145263671818,0.9555145263671818
2026-12-02 22:53:18,59.5,59.407578,0.0924224853515625,0.0924224853515625
2026-12-02 22:53:23,61.8,61.167114,0.6328857421874972,0.6328857421874972
2026-12-02 22:53:28,56.2,57.961994,-1.7619941711425753,1.7619941711425753
2026-12-02 22:53:32,63.2,63.22046,-0.020458984374997158,0.020458984374997158
2026-12-02 22:53:37,65.6,65.5879,0.012101745605463066,0.012101745605463066
2026-12-02 22:53:42,62.0,60.154285,1.8457145690917969,1.8457145690917969
2026-12-02 22:53:46,60.3,60.43473,-0.1347305297851591,0.1347305297851591
2026-12-02 22:53:51,52.0,55.777935,-3.777935028076172,3.777935028076172
2026-12-02 22:53:56,52.1,55.916004,-3.8160041809082017,3.8160041809082017
2026-12-02 22:54:01,52.3,55.777935,-3.4779350280761747,3.4779350280761747
2026-12-02 22:54:05,55.7,57.961994,-2.2619941711425753,2.2619941711425753
2026-12-02 22:54:10,59.2,61.774876,-2.574875640869138,2.574875640869138
2026-12-02 22:54:15,58.6,58.675194,-0.07519378662109233,0.07519378662109233
2026-12-02 22:54:19,60.9,62.488075,-1.5880752563476577,1.5880752563476577
2026-12-02 22:54:24,64.2,60.909855,3.290145111083987,3.290145111083987
2026-12-02 22:54:29,55.4,57.182472,-1.7824722290039077,1.7824722290039077
2026-12-02 22:54:34,57.9,58.675194,-0.7751937866210952,0.7751937866210952
2026-12-02 22:54:38,61.6,61.167114,0.4328857421875014,0.4328857421875014
2026-12-02 22:54:43,63.8,61.913822,1.8861778259277315,1.8861778259277315
2026-12-02 22:54:48,60.099999999999994,61.774876,-1.6748756408691463,1.6748756408691463
2026-12-02 22:54:52,55.5,57.961994,-2.461994171142578,2.461994171142578
2026-12-02 22:54:57,60.8,61.774876,-0.9748756408691435,0.9748756408691435
2026-12-02 22:55:02,56.3,58.675194,-2.3751937866210966,2.3751937866210966
2026-12-02 22:55:06,51.6,54.82974,-3.229738616943358,3.229738616943358
2026-12-02 22:55:11,64.5,63.22046,1.279541015625,1.279541015625
2026-12-02 22:55:16,66.5,67.552155,-1.052154541015625,1.052154541015625
2026-12-02 22:55:21,68.3,63.96717,4.332829284667966,4.332829284667966
2026-12-02 22:55:25,54.5,57.270657,-2.7706565856933594,2.7706565856933594
2026-12-02 22:55:30,53.7,56.469273,-2.769272613525388,2.769272613525388
2026-12-02 22:55:35,58.6,60.43473,-1.8347305297851548,1.8347305297851548
2026-12-02 22:55:39,71.6,74.68873,-3.088728332519537,3.088728332519537
2026-12-02 22:55:44,61.5,62.488075,-0.9880752563476562,0.9880752563476562
2026-12-02 22:55:49,59.400000000000006,58.661564,0.7384361267089901,0.7384361267089901
2026-12-02 22:55:54,58.9,60.43473,-1.5347305297851577,1.5347305297851577
2026-12-02 22:55:58,55.800000000000004,59.72153,-3.9215309143066364,3.9215309143066364
2026-12-02 22:56:03,56.5,57.182472,-0.6824722290039062,0.6824722290039062
2026-12-02 22:56:08,60.1,63.45098,-3.3509811401367173,3.3509811401367173
2026-12-02 22:56:12,66.2,65.5879,0.6121017456054716,0.6121017456054716
2026-12-02 22:56:17,63.900000000000006,61.913822,1.98617782592774,1.98617782592774
2026-12-02 22:56:22,63.4,63.22046,0.17954101562499858,0.17954101562499858
2026-12-02 22:56:26,69.0,68.28454,0.7154617309570312,0.7154617309570312
2026-12-02 22:56:31,67.1,68.28454,-1.1845382690429744,1.1845382690429744
2026-12-02 22:56:36,65.9,60.909855,4.99014511108399,4.99014511108399
2026-12-02 22:56:41,54.9,57.182472,-2.2824722290039077,2.2824722290039077
2026-12-02 22:56:45,59.3,60.43473,-1.134730529785159,1.134730529785159
2026-12-02 22:56:50,60.7,64.14232,-3.4423187255859347,3.4423187255859347
2026-12-02 22:56:55,56.0,59.72153,-3.7215309143066406,3.7215309143066406
2026-12-02 22:56:59,63.599999999999994,64.855515,-1.2555145263671932,1.2555145263671932
2026-12-02 22:57:04,70.1,67.09018,3.0098205566406193,3.0098205566406193
2026-12-02 22:57:09,56.7,59.72153,-3.021530914306638,3.021530914306638
2026-12-02 22:57:14,59.400000000000006,61.774876,-2.374875640869135,2.374875640869135
2026-12-02 23:06:55,56.4,56.648388,-0.2483879089355483,0.2483879089355483
2026-12-02 23:07:00,55.400000000000006,56.648388,-1.2483879089355412,1.2483879089355412
2026-12-02 23:07:04,62.8,59.417133,3.382866668701169,3.382866668701169
2026-12-02 23:07:09,62.4,61.167114,1.2328857421874986,1.2328857421874986
2026-12-02 23:07:14,70.69999999999999,67.09018,3.6098205566406136,3.6098205566406136
2026-12-02 23:07:18,54.8,57.961994,-3.161994171142581,3.161994171142581
2026-12-02 23:07:23,62.7,60.154285,2.5457145690917997,2.5457145690917997
2026-12-02 23:07:28,60.9,59.417133,1.4828666687011705,1.4828666687011705
2026-12-02 23:07:33,61.3,59.407578,1.8924224853515597,1.8924224853515597
2026-12-02 23:07:37,54.2,57.182472,-2.9824722290039034,2.9824722290039034
2026-12-02 23:07:42,57.6,57.914856,-0.3148559570312486,0.3148559570312486
2026-12-02 23:07:47,53.8,57.961994,-4.161994171142581,4.161994171142581
2026-12-02 23:07:51,64.6,60.180862,4.419137573242182,4.419137573242182
2026-12-02 23:07:56,62.5,58.9144,3.585601806640625,3.585601806640625
2026-12-02 23:08:01,55.6,57.914856,-2.3148559570312486,2.3148559570312486
2026-12-02 23:08:06,55.5,57.914856,-2.41485595703125,2.41485595703125
2026-12-02 23:08:10,55.900000000000006,59.030197,-3.130197143554682,3.130197143554682
2026-12-02 23:08:15,59.099999999999994,57.914856,1.1851440429687443,1.1851440429687443
2026-12-02 23:08:20,76.6,70.550545,6.049455261230463,6.049455261230463
2026-12-02 23:08:24,51.099999999999994,56.469273,-5.369272613525396,5.369272613525396
2026-12-02 23:08:29,60.7,61.167114,-0.46711425781249716,0.46711425781249716
2026-12-02 23:08:34,55.2,57.182472,-1.9824722290039034,1.9824722290039034
2026-12-02 23:08:39,55.5,57.961994,-2.461994171142578,2.461994171142578
2026-12-02 23:08:43,57.5,57.395096,0.1049041748046875,0.1049041748046875
2026-12-02 23:08:48,54.6,57.182472,-2.582472229003905,2.582472229003905
2026-12-02 23:08:53,53.4,55.916004,-2.5160041809082045,2.5160041809082045
2026-12-02 23:08:57,60.5,60.43473,0.06526947021484375,0.06526947021484375
2026-12-02 23:09:02,61.1,59.407578,1.692422485351564,1.692422485351564
2026-12-02 23:09:07,55.599999999999994,57.914856,-2.3148559570312557,2.3148559570312557
2026-12-02 23:09:11,51.400000000000006,55.202805,-3.802804565429682,3.802804565429682
2026-12-02 23:09:16,55.099999999999994,59.030197,-3.930197143554693,3.930197143554693
2026-12-02 23:09:21,56.900000000000006,57.961994,-1.0619941711425724,1.0619941711425724
2026-12-02 23:09:26,58.8,60.43473,-1.634730529785159,1.634730529785159
2026-12-02 23:09:30,58.0,58.675194,-0.6751937866210938,0.6751937866210938
2026-12-02 23:09:35,53.2,57.270657,-4.0706565856933565,4.0706565856933565
2026-12-02 23:09:40,51.599999999999994,57.270657,-5.670656585693365,5.670656585693365
2026-12-02 23:09:44,67.4,63.96717,3.4328292846679744,3.4328292846679744
2026-12-02 23:09:49,60.8,62.488075,-1.688075256347659,1.688075256347659
2026-12-02 23:09:54,54.6,56.648388,-2.0483879089355455,2.0483879089355455
2026-12-02 23:09:59,54.0,56.648388,-2.648387908935547,2.648387908935547
2026-12-02 23:10:03,51.9,55.916004,-4.0160041809082045,4.0160041809082045
2026-12-02 23:10:08,60.3,59.407578,0.8924224853515597,0.8924224853515597
2026-12-02 23:10:13,57.5,58.675194,-1.1751937866210938,1.1751937866210938
2026-12-02 23:10:17,62.5,61.167114,1.3328857421875,1.3328857421875
2026-12-02 23:10:22,53.400000000000006,56.469273,-3.069272613525385,3.069272613525385
2026-12-02 23:10:27,59.0,59.407578,-0.4075775146484375,0.4075775146484375
2026-12-02 23:10:31,53.800000000000004,56.469273,-2.6692726135253864,2.6692726135253864
2026-12-02 23:10:36,64.2,64.855515,-0.6555145263671847,0.6555145263671847
2026-12-02 23:10:41,57.7,58.675194,-0.9751937866210909,0.9751937866210909
2026-12-02 23:10:46,57.6,57.395096,0.20490417480468892,0.20490417480468892
2026-12-02 23:10:50,58.7,58.661564,0.03843612670898722,0.03843612670898722
2026-12-02 23:10:55,55.8,57.961994,-2.161994171142581,2.161994171142581
2026-12-02 23:11:00,56.699999999999996,57.182472,-0.4824722290039105,0.4824722290039105
2026-12-02 23:11:04,52.9,57.270657,-4.370656585693361,4.370656585693361
2026-12-02 23:11:09,51.0,54.82974,-3.8297386169433594,3.8297386169433594
2026-12-02 23:11:14,65.1,67.552155,-2.4521545410156307,2.4521545410156307
2026-12-02 23:11:19,58.0,58.675194,-0.6751937866210938,0.6751937866210938
2026-12-02 23:11:23,56.1,57.961994,-1.8619941711425767,1.8619941711425767
2026-12-02 23:11:28,59.5,60.43473,-0.9347305297851562,0.9347305297851562
2026-12-02 23:11:33,52.2,56.469273,-4.269272613525388,4.269272613525388
2026-12-02 23:11:37,52.400000000000006,55.202805,-2.802804565429682,2.802804565429682
2026-12-02 23:11:42,49.7,55.777935,-6.077935028076169,6.077935028076169
2026-12-02 23:11:47,58.8,58.675194,0.12480621337890341,0.12480621337890341
2026-12-02 23:11:51,54.4,57.182472,-2.7824722290039077,2.7824722290039077
2026-12-02 23:11:56,56.3,58.675194,-2.3751937866210966,2.3751937866210966
2026-12-02 23:12:01,75.9,78.38344,-2.483438110351557,2.483438110351557
2026-12-02 23:12:06,49.2,54.51147,-5.3114707946777315,5.3114707946777315
2026-12-02 23:12:10,53.3,56.469273,-3.1692726135253935,3.1692726135253935
2026-12-02 23:12:15,56.3,57.182472,-0.8824722290039091,0.8824722290039091
2026-12-02 23:12:20,53.2,55.916004,-2.7160041809082003,2.7160041809082003
2026-12-02 23:12:24,57.3,57.914856,-0.6148559570312528,0.6148559570312528
2026-12-02 23:12:29,57.0,59.72153,-2.7215309143066406,2.7215309143066406
2026-12-02 23:12:34,51.4,56.469273,-5.069272613525392,5.069272613525392
2026-12-02 23:12:39,63.2,64.855515,-1.6555145263671847,1.6555145263671847
2026-12-02 23:12:43,59.9,60.43473,-0.5347305297851577,0.5347305297851577
2026-12-02 23:12:48,64.9,63.22046,1.6795410156250057,1.6795410156250057
2026-12-02 23:12:53,58.300000000000004,58.675194,-0.3751937866210895,0.3751937866210895
2026-12-02 23:12:57,52.7,55.916004,-3.2160041809082003,3.2160041809082003
2026-12-02 23:13:02,69.6,71.3185,-1.7184967041015682,1.7184967041015682
2026-12-02 23:13:07,51.0,55.777935,-4.777935028076172,4.777935028076172
2026-12-02 23:13:11,67.4,70.58611,-3.186112976074213,3.186112976074213
2026-12-02 23:13:16,62.2,59.417133,2.7828666687011747,2.7828666687011747
2026-12-02 23:13:21,58.2,57.914856,0.28514404296875284,0.28514404296875284
2026-12-02 23:13:26,59.6,59.407578,0.19242248535156392,0.19242248535156392
2026-12-02 23:13:30,49.099999999999994,54.11654,-5.016539001464849,5.016539001464849
2026-12-02 23:13:35,52.7,56.469273,-3.769272613525388,3.769272613525388
2026-12-02 23:13:40,55.199999999999996,57.182472,-1.9824722290039105,1.9824722290039105
2026-12-02 23:13:44,55.6,57.961994,-2.3619941711425767,2.3619941711425767
2026-12-02 23:13:49,52.0,55.916004,-3.916004180908203,3.916004180908203
2026-12-02 23:13:54,53.8,56.648388,-2.8483879089355497,2.8483879089355497
2026-12-02 23:13:59,50.5,55.202805,-4.7028045654296875,4.7028045654296875
2026-12-02 23:14:03,58.099999999999994,57.395096,0.7049041748046818,0.7049041748046818
2026-12-02 23:14:08,60.0,59.407578,0.5924224853515625,0.5924224853515625
2026-12-02 23:14:13,55.9,57.182472,-1.2824722290039077,1.2824722290039077
2026-12-02 23:14:17,60.7,61.167114,-0.46711425781249716,0.46711425781249716
2026-12-02 23:14:22,62.3,62.488075,-0.1880752563476591,0.1880752563476591
2026-12-02 23:14:27,67.5,69.87292,-2.3729171752929688,2.3729171752929688
2026-12-02 23:14:31,52.800000000000004,56.469273,-3.6692726135253864,3.6692726135253864
2026-12-02 23:14:36,53.0,56.469273,-3.4692726135253906,3.4692726135253906
2026-12-02 23:14:41,67.2,65.5879,1.6121017456054716,1.6121017456054716
2026-12-02 23:14:46,54.800000000000004,57.961994,-3.161994171142574,3.161994171142574
2026-12-02 23:14:50,56.2,57.182472,-0.9824722290039034,0.9824722290039034
2026-12-02 23:14:55,61.5,60.154285,1.3457145690917969,1.3457145690917969
2026-12-02 23:15:00,50.4,54.82974,-4.429738616943361,4.429738616943361
2026-12-02 23:15:04,57.2,58.675194,-1.475193786621091,1.475193786621091
2026-12-02 23:15:09,52.9,57.270657,-4.370656585693361,4.370656585693361
2026-12-02 23:15:14,58.2,58.675194,-0.4751937866210909,0.4751937866210909
2026-12-02 23:15:19,57.8,57.914856,-0.11485595703125284,0.11485595703125284
2026-12-02 23:15:23,59.7,60.43473,-0.7347305297851534,0.7347305297851534
2026-12-02 23:15:28,57.1,57.914856,-0.8148559570312486,0.8148559570312486
2026-12-02 23:15:33,65.0,60.909855,4.090145111083984,4.090145111083984
2026-12-02 23:15:37,72.5,72.06521,0.43479156494140625,0.43479156494140625
2026-12-02 23:15:42,58.8,60.43473,-1.634730529785159,1.634730529785159
2026-12-02 23:15:47,64.6,63.22046,1.3795410156249943,1.3795410156249943
2026-12-02 23:15:51,56.5,56.648388,-0.14838790893554688,0.14838790893554688
2026-12-02 23:15:56,72.4,69.78682,2.613180541992193,2.613180541992193
2026-12-02 23:16:01,64.8,63.96717,0.8328292846679659,0.8328292846679659
2026-12-02 23:16:06,59.6,60.43473,-0.8347305297851548,0.8347305297851548
2026-12-02 23:16:10,61.7,61.774876,-0.07487564086913778,0.07487564086913778
2026-12-02 23:16:15,61.800000000000004,61.167114,0.6328857421875043,0.6328857421875043
2026-12-02 23:16:20,59.400000000000006,59.407578,-0.007577514648431816,0.007577514648431816
2026-12-02 23:16:24,71.9,71.3185,0.5815032958984432,0.5815032958984432
2026-12-02 23:16:29,59.199999999999996,59.407578,-0.20757751464844176,0.20757751464844176
2026-12-02 23:16:34,55.7,56.648388,-0.948387908935544,0.948387908935544
2026-12-02 23:16:39,61.699999999999996,61.167114,0.5328857421874957,0.5328857421874957
2026-12-02 23:16:43,61.7,61.167114,0.5328857421875028,0.5328857421875028
2026-12-02 23:16:48,67.69999999999999,66.33461,1.3653900146484261,1.3653900146484261
2026-12-02 23:16:53,64.4,61.913822,2.48617782592774,2.48617782592774
2026-12-02 23:16:57,55.099999999999994,57.182472,-2.082472229003912,2.082472229003912
2026-12-02 23:17:02,54.900000000000006,57.182472,-2.2824722290039006,2.2824722290039006
2026-12-02 23:17:07,65.9,62.669395,3.230604553222662,3.230604553222662
2026-12-02 23:17:11,59.5,61.08354,-1.5835418701171875,1.5835418701171875
2026-12-02 23:17:16,70.69999999999999,73.956345,-3.256344604492199,3.256344604492199
2026-12-02 23:17:21,70.7,71.3185,-0.6184967041015597,0.6184967041015597
2026-12-02 23:17:26,71.1,73.956345,-2.856344604492193,2.856344604492193
2026-12-02 23:17:30,64.69999999999999,64.855515,-0.15551452636719887,0.15551452636719887
2026-12-02 23:17:35,72.3,71.3185,0.9815032958984347,0.9815032958984347
2026-12-02 23:17:40,73.5,72.06521,1.4347915649414062,1.4347915649414062
2026-12-02 23:17:44,61.2,61.167114,0.03288574218750284,0.03288574218750284
2026-12-02 23:17:49,68.1,68.28454,-0.18453826904297443,0.18453826904297443
2026-12-02 23:17:54,69.8,70.58611,-0.7861129760742216,0.7861129760742216
2026-12-02 23:17:59,70.6,71.3185,-0.7184967041015682,0.7184967041015682
2026-12-02 23:18:03,78.4,82.379166,-3.979165649414057,3.979165649414057
2026-12-02 23:18:08,63.3,62.488075,0.8119247436523409,0.8119247436523409
2026-12-02 23:18:13,55.2,57.182472,-1.9824722290039034,1.9824722290039034
2026-12-02 23:18:17,66.9,69.87292,-2.972917175292963,2.972917175292963
2026-12-02 23:18:22,56.5,59.72153,-3.2215309143066406,3.2215309143066406
2026-12-02 23:18:27,61.2,61.774876,-0.5748756408691378,0.5748756408691378
2026-12-02 23:18:32,66.0,66.83895,-0.8389511108398438,0.8389511108398438
2026-12-02 23:18:36,74.9,74.68873,0.21127166748047443,0.21127166748047443
2026-12-02 23:18:41,63.5,66.83895,-3.3389511108398438,3.3389511108398438
2026-12-02 23:18:46,63.9,64.855515,-0.9555145263671889,0.9555145263671889
2026-12-02 23:18:50,63.4,64.855515,-1.455514526367189,1.455514526367189
2026-12-02 23:18:55,75.19999999999999,72.82078,2.3792221069335824,2.3792221069335824
2026-12-02 23:19:00,76.6,85.34884,-8.74883880615235,8.74883880615235
2026-12-02 23:19:04,72.1,74.68873,-2.588728332519537,2.588728332519537
2026-12-02 23:19:09,62.8,64.14232,-1.3423187255859403,1.3423187255859403
2026-12-02 23:19:14,71.8,77.651054,-5.851054382324222,5.851054382324222
2026-12-02 23:19:19,67.69999999999999,67.552155,0.14784545898436363,0.14784545898436363
2026-12-02 23:19:23,55.5,57.961994,-2.461994171142578,2.461994171142578
2026-12-02 23:19:28,57.5,59.72153,-2.2215309143066406,2.2215309143066406
2026-12-02 23:19:33,57.7,58.675194,-0.9751937866210909,0.9751937866210909
2026-12-02 23:19:37,55.5,57.182472,-1.6824722290039062,1.6824722290039062
2026-12-02 23:19:42,62.099999999999994,64.14232,-2.042318725585943,2.042318725585943
2026-12-02 23:19:47,57.4,58.675194,-1.2751937866210952,1.2751937866210952
2026-12-02 23:19:51,51.5,55.202805,-3.7028045654296875,3.7028045654296875
2026-12-02 23:19:56,58.400000000000006,59.72153,-1.321530914306635,1.321530914306635
2026-12-02 23:20:01,61.2,59.407578,1.7924224853515653,1.7924224853515653
2026-12-02 23:20:06,55.900000000000006,57.961994,-2.0619941711425724,2.0619941711425724
2026-12-02 23:20:10,52.599999999999994,56.469273,-3.8692726135253963,3.8692726135253963
2026-12-02 23:20:15,74.8,78.38344,-3.5834381103515653,3.5834381103515653
2026-12-02 23:20:20,60.5,62.488075,-1.9880752563476562,1.9880752563476562
2026-12-02 23:20:24,61.099999999999994,60.43473,0.6652694702148381,0.6652694702148381
2026-12-02 23:20:29,54.3,57.182472,-2.882472229003909,2.882472229003909
2026-12-02 23:20:34,55.5,57.182472,-1.6824722290039062,1.6824722290039062
2026-12-02 23:20:39,59.400000000000006,57.914856,1.4851440429687557,1.4851440429687557
2026-12-02 23:20:43,59.4,60.43473,-1.0347305297851577,1.0347305297851577
2026-12-02 23:20:48,63.199999999999996,64.855515,-1.6555145263671918,1.6555145263671918
2026-12-02 23:20:53,59.400000000000006,60.43473,-1.0347305297851506,1.0347305297851506
2026-12-02 23:20:57,58.9,60.43473,-1.5347305297851577,1.5347305297851577
2026-12-02 23:21:02,57.6,61.08354,-3.483541870117186,3.483541870117186
2026-12-02 23:21:07,59.800000000000004,61.774876,-1.9748756408691364,1.9748756408691364
2026-12-02 23:21:12,61.2,60.43473,0.7652694702148466,0.7652694702148466
2026-12-02 23:21:16,65.5,63.22046,2.279541015625,2.279541015625
2026-12-02 23:21:21,57.8,59.72153,-1.9215309143066435,1.9215309143066435
2026-12-02 23:21:26,59.2,60.43473,-1.2347305297851534,1.2347305297851534
2026-12-02 23:21:30,60.3,63.45098,-3.1509811401367216,3.1509811401367216
2026-12-02 23:21:35,56.7,57.182472,-0.4824722290039034,0.4824722290039034
2026-12-02 23:21:40,58.5,59.407578,-0.9075775146484375,0.9075775146484375
2026-12-02 23:21:44,62.5,64.14232,-1.6423187255859375,1.6423187255859375
2026-12-02 23:21:49,66.5,65.5879,0.9121017456054688,0.9121017456054688
2026-12-02 23:21:54,61.1,62.488075,-1.3880752563476548,1.3880752563476548
2026-12-02 23:21:59,66.2,69.87292,-3.672917175292966,3.672917175292966
2026-12-02 23:22:03,65.2,69.87292,-4.672917175292966,4.672917175292966
2026-12-02 23:22:08,58.8,59.407578,-0.6075775146484403,0.6075775146484403
2026-12-02 23:22:13,65.2,65.5879,-0.3878982543945284,0.3878982543945284
2026-12-02 23:22:17,57.3,58.675194,-1.3751937866210966,1.3751937866210966
2026-12-02 23:22:22,59.7,60.43473,-0.7347305297851534,0.7347305297851534
2026-12-02 23:22:27,65.2,67.552155,-2.352154541015622,2.352154541015622
2026-12-02 23:22:32,59.2,59.407578,-0.20757751464843466,0.20757751464843466
2026-12-02 23:22:36,65.1,60.909855,4.190145111083979,4.190145111083979
2026-12-02 23:22:41,62.099999999999994,64.14232,-2.042318725585943,2.042318725585943
2026-12-02 23:22:46,61.2,62.488075,-1.2880752563476534,1.2880752563476534
2026-12-02 23:22:50,65.7,67.552155,-1.8521545410156222,1.8521545410156222
2026-12-02 23:22:55,55.7,57.182472,-1.4824722290039034,1.4824722290039034
2026-12-02 23:23:00,57.0,57.914856,-0.91485595703125,0.91485595703125
2026-12-02 23:23:04,56.8,57.914856,-1.1148559570312528,1.1148559570312528
2026-12-02 23:23:09,63.3,63.22046,0.07954101562499716,0.07954101562499716
2026-12-02 23:23:14,62.4,64.14232,-1.742318725585939,1.742318725585939
2026-12-02 23:23:19,80.4,94.5965,-14.196496582031244,14.196496582031244
2026-12-02 23:23:23,56.2,58.675194,-2.475193786621091,2.475193786621091
2026-12-02 23:23:28,67.5,68.28454,-0.7845382690429688,0.7845382690429688
2026-12-02 23:23:33,54.0,56.469273,-2.4692726135253906,2.4692726135253906
2026-12-02 23:23:37,59.099999999999994,59.407578,-0.3075775146484432,0.3075775146484432
2026-12-02 23:23:42,57.400000000000006,57.914856,-0.5148559570312443,0.5148559570312443
2026-12-02 23:23:47,64.1,63.22046,0.8795410156249943,0.8795410156249943
2026-12-02 23:23:52,66.5,62.669395,3.8306045532226562,3.8306045532226562
2026-12-02 23:23:56,63.2,58.9144,4.285601806640628,4.285601806640628
2026-12-02 23:24:01,58.0,58.675194,-0.6751937866210938,0.6751937866210938
2026-12-02 23:24:06,62.400000000000006,61.167114,1.2328857421875057,1.2328857421875057
2026-12-02 23:24:10,59.8,60.43473,-0.6347305297851591,0.6347305297851591
2026-12-02 23:24:15,56.5,57.914856,-1.41485595703125,1.41485595703125
2026-12-02 23:24:20,62.5,61.167114,1.3328857421875,1.3328857421875
2026-12-02 23:24:24,59.5,58.661564,0.8384361267089844,0.8384361267089844
2026-12-02 23:24:29,55.8,57.914856,-2.114855957031253,2.114855957031253
2026-12-02 23:24:34,57.0,57.914856,-0.91485595703125,0.91485595703125
2026-12-02 23:24:39,60.3,59.407578,0.8924224853515597,0.8924224853515597
2026-12-02 23:24:43,59.1,60.43473,-1.3347305297851548,1.3347305297851548
2026-12-02 23:24:48,55.900000000000006,57.182472,-1.2824722290039006,1.2824722290039006
2026-12-02 23:24:53,59.3,57.914856,1.3851440429687472,1.3851440429687472
2026-12-02 23:24:57,65.6,61.913822,3.6861778259277287,3.6861778259277287
2026-12-02 23:25:02,59.8,59.407578,0.39242248535155966,0.39242248535155966
2026-12-02 23:25:07,55.3,57.182472,-1.882472229003909,1.882472229003909
2026-12-02 23:25:12,56.7,57.182472,-0.4824722290039034,0.4824722290039034
2026-12-02 23:25:16,63.800000000000004,61.913822,1.8861778259277386,1.8861778259277386
2026-12-02 23:25:21,67.0,69.87292,-2.8729171752929688,2.8729171752929688
2026-12-02 23:25:26,57.0,57.182472,-0.18247222900390625,0.18247222900390625
2026-12-02 23:25:30,69.4,66.33461,3.065390014648443,3.065390014648443
2026-12-02 23:25:35,79.1,82.379166,-3.279165649414068,3.279165649414068
2026-12-02 23:25:40,64.4,63.22046,1.1795410156250057,1.1795410156250057
2026-12-02 23:25:44,61.599999999999994,60.154285,1.4457145690917912,1.4457145690917912
2026-12-02 23:25:49,57.8,58.661564,-0.8615638732910185,0.8615638732910185
2026-12-02 23:25:54,60.1,59.407578,0.6924224853515639,0.6924224853515639
2026-12-02 23:25:59,60.099999999999994,59.407578,0.6924224853515568,0.6924224853515568
2026-12-02 23:26:03,66.7,63.96717,2.7328292846679716,2.7328292846679716
2026-12-02 23:26:08,59.0,57.914856,1.08514404296875,1.08514404296875
2026-12-02 23:26:13,61.0,61.167114,-0.1671142578125,0.1671142578125
2026-12-02 23:26:17,67.9,68.28454,-0.38453826904296307,0.38453826904296307
2026-12-02 23:26:22,62.900000000000006,63.22046,-0.3204589843749943,0.3204589843749943
2026-12-02 23:26:27,67.1,65.5879,1.512101745605463,1.512101745605463
2026-12-02 23:26:32,64.4,61.913822,2.48617782592774,2.48617782592774
2026-12-02 23:26:36,59.5,60.43473,-0.9347305297851562,0.9347305297851562
2026-12-02 23:26:41,62.900000000000006,62.488075,0.41192474365234943,0.41192474365234943
2026-12-02 23:26:46,59.8,59.407578,0.39242248535155966,0.39242248535155966
2026-12-02 23:26:50,62.3,61.167114,1.1328857421874972,1.1328857421874972
2026-12-02 23:26:55,53.5,56.469273,-2.9692726135253906,2.9692726135253906
2026-12-02 23:27:00,60.2,60.43473,-0.2347305297851534,0.2347305297851534
2026-12-02 23:27:04,65.9,61.673584,4.226416015625006,4.226416015625006
2026-12-02 23:27:09,64.3,61.913822,2.3861778259277315,2.3861778259277315
2026-12-02 23:27:14,60.199999999999996,59.407578,0.7924224853515582,0.7924224853515582
2026-12-02 23:27:19,62.0,62.488075,-0.48807525634765625,0.48807525634765625
2026-12-02 23:27:23,66.1,62.669395,3.4306045532226506,3.4306045532226506
2026-12-02 23:27:28,61.3,61.167114,0.13288574218749716,0.13288574218749716
2026-12-02 23:27:33,63.5,62.488075,1.0119247436523438,1.0119247436523438
2026-12-02 23:27:37,63.4,63.22046,0.17954101562499858,0.17954101562499858
2026-12-02 23:27:42,69.2,63.433125,5.766875457763675,5.766875457763675
2026-12-02 23:27:47,61.6,62.488075,-0.8880752563476548,0.8880752563476548
2026-12-02 23:27:52,58.1,57.914856,0.18514404296875142,0.18514404296875142
2026-12-02 23:27:56,66.6,65.5879,1.012101745605463,1.012101745605463
2026-12-02 23:28:01,78.9,83.12588,-4.225877380371088,4.225877380371088
2026-12-02 23:28:06,85.7,96.042076,-10.342076110839841,10.342076110839841
2026-12-02 23:28:10,59.7,59.407578,0.29242248535156534,0.29242248535156534
2026-12-02 23:28:15,64.8,63.22046,1.5795410156249972,1.5795410156249972
2026-12-02 23:28:20,66.7,67.552155,-0.8521545410156222,0.8521545410156222
2026-12-02 23:28:24,71.9,67.09018,4.809820556640631,4.809820556640631
2026-12-02 23:28:29,63.300000000000004,61.913822,1.3861778259277386,1.3861778259277386
2026-12-02 23:28:34,63.0,61.167114,1.8328857421875,1.8328857421875
2026-12-02 23:28:39,62.6,61.167114,1.4328857421875014,1.4328857421875014
2026-12-02 23:28:43,53.2,57.182472,-3.9824722290039034,3.9824722290039034
2026-12-02 23:28:48,56.9,57.914856,-1.0148559570312514,1.0148559570312514
2026-12-02 23:28:53,61.099999999999994,61.167114,-0.06711425781250568,0.06711425781250568
2026-12-02 23:28:57,64.0,64.855515,-0.8555145263671875,0.8555145263671875
2026-12-02 23:29:02,71.4,73.956345,-2.556344604492182,2.556344604492182
2026-12-02 23:29:07,66.5,67.552155,-1.052154541015625,1.052154541015625
2026-12-02 23:29:12,82.0,87.54113,-5.541130065917969,5.541130065917969
2026-12-02 23:29:16,74.2,74.68873,-0.4887283325195284,0.4887283325195284
2026-12-02 23:29:21,74.0,72.06521,1.9347915649414062,1.9347915649414062
2026-12-02 23:29:26,67.4,70.58611,-3.186112976074213,3.186112976074213
2026-12-02 23:29:30,67.0,68.28454,-1.2845382690429688,1.2845382690429688
2026-12-02 23:29:35,55.3,57.182472,-1.882472229003909,1.882472229003909
2026-12-02 23:29:40,76.2,78.38344,-2.1834381103515597,2.1834381103515597
2026-12-02 23:29:44,68.5,68.28454,0.21546173095703125,0.21546173095703125
2026-12-02 23:29:49,66.80000000000001,67.552155,-0.7521545410156136,0.7521545410156136
2026-12-02 23:29:54,68.4,68.28454,0.11546173095703693,0.11546173095703693
2026-12-02 23:29:59,61.7,62.488075,-0.7880752563476534,0.7880752563476534
2026-12-02 23:30:03,73.5,77.651054,-4.151054382324219,4.151054382324219
2026-12-02 23:30:08,68.4,70.58611,-2.186112976074213,2.186112976074213
2026-12-02 23:30:13,69.8,71.3185,-1.5184967041015653,1.5184967041015653
2026-12-02 23:30:17,63.2,64.855515,-1.6555145263671847,1.6555145263671847
2026-12-02 23:30:22,64.5,64.855515,-0.3555145263671875,0.3555145263671875
2026-12-02 23:30:27,72.7,71.3185,1.3815032958984403,1.3815032958984403
2026-12-02 23:30:32,62.900000000000006,62.488075,0.41192474365234943,0.41192474365234943
2026-12-02 23:30:36,67.19999999999999,67.552155,-0.35215454101563637,0.35215454101563637
2026-12-02 23:30:41,73.30000000000001,72.06521,1.2347915649414176,1.2347915649414176
2026-12-02 23:30:46,57.3,58.675194,-1.3751937866210966,1.3751937866210966
2026-12-02 23:30:50,63.900000000000006,64.855515,-0.9555145263671818,0.9555145263671818
2026-12-02 23:30:55,54.900000000000006,57.182472,-2.2824722290039006,2.2824722290039006
2026-12-02 23:31:00,61.900000000000006,60.154285,1.7457145690918026,1.7457145690918026
2026-12-02 23:31:04,62.2,61.167114,1.0328857421875028,1.0328857421875028
2026-12-02 23:31:09,64.8,65.5879,-0.7878982543945341,0.7878982543945341
2026-12-02 23:31:14,72.1,71.3185,0.7815032958984318,0.7815032958984318
2026-12-02 23:31:19,63.8,64.855515,-1.0555145263671903,1.0555145263671903
2026-12-02 23:31:23,57.0,57.182472,-0.18247222900390625,0.18247222900390625
2026-12-02 23:31:28,60.1,60.43473,-0.33473052978515483,0.33473052978515483
2026-12-02 23:31:33,60.3,59.407578,0.8924224853515597,0.8924224853515597
2026-12-02 23:31:37,59.7,60.43473,-0.7347305297851534,0.7347305297851534
2026-12-02 23:31:42,55.5,56.648388,-1.1483879089355469,1.1483879089355469
2026-12-02 23:31:47,60.7,62.488075,-1.7880752563476534,1.7880752563476534
2026-12-02 23:31:52,57.800000000000004,57.914856,-0.11485595703124574,0.11485595703124574
2026-12-02 23:31:56,61.099999999999994,59.407578,1.6924224853515568,1.6924224853515568
2026-12-02 23:32:01,63.7,60.909855,2.790145111083987,2.790145111083987
2026-12-02 23:32:06,60.7,60.154285,0.5457145690917997,0.5457145690917997
2026-12-02 23:32:10,56.9,57.395096,-0.4950958251953139,0.4950958251953139
2026-12-02 23:32:15,75.69999999999999,72.82078,2.8792221069335824,2.8792221069335824
2026-12-02 23:32:20,59.0,58.675194,0.32480621337890625,0.32480621337890625
2026-12-02 23:32:24,60.7,62.488075,-1.7880752563476534,1.7880752563476534
2026-12-02 23:32:29,53.7,56.648388,-2.948387908935544,2.948387908935544
2026-12-02 23:32:34,62.1,59.417133,2.6828666687011733,2.6828666687011733
2026-12-02 23:32:39,55.2,56.648388,-1.448387908935544,1.448387908935544
2026-12-02 23:32:43,65.9,65.5879,0.31210174560547443,0.31210174560547443
2026-12-02 23:32:48,57.3,57.914856,-0.6148559570312528,0.6148559570312528
2026-12-02 23:32:53,58.2,58.661564,-0.4615638732910128,0.4615638732910128
2026-12-02 23:32:57,65.7,63.96717,1.7328292846679716,1.7328292846679716
2026-12-02 23:33:02,64.6,63.22046,1.3795410156249943,1.3795410156249943
2026-12-02 23:33:07,77.69999999999999,86.062035,-8.362034606933605,8.362034606933605
2026-12-02 23:33:12,57.9,58.675194,-0.7751937866210952,0.7751937866210952
2026-12-02 23:33:16,62.0,59.417133,2.582866668701172,2.582866668701172
2026-12-02 23:33:21,63.0,61.167114,1.8328857421875,1.8328857421875
2026-12-02 23:33:26,63.699999999999996,63.22046,0.47954101562499574,0.47954101562499574
2026-12-02 23:33:30,69.1,70.58611,-1.4861129760742244,1.4861129760742244
2026-12-02 23:33:35,70.3,71.3185,-1.0184967041015653,1.0184967041015653
2026-12-02 23:33:40,58.5,60.43473,-1.9347305297851562,1.9347305297851562
2026-12-02 23:33:44,62.8,63.22046,-0.42045898437500284,0.42045898437500284
2026-12-02 23:33:49,61.7,61.167114,0.5328857421875028,0.5328857421875028
2026-12-02 23:33:54,61.0,60.154285,0.8457145690917969,0.8457145690917969
2026-12-02 23:33:59,70.30000000000001,69.03124,1.2687576293945426,1.2687576293945426
2026-12-02 23:34:03,64.8,63.96717,0.8328292846679659,0.8328292846679659
2026-12-02 23:34:08,61.1,60.43473,0.6652694702148452,0.6652694702148452
2026-12-02 23:34:13,61.5,61.167114,0.3328857421875,0.3328857421875
2026-12-02 23:34:17,66.6,63.96717,2.632829284667963,2.632829284667963
2026-12-02 23:34:22,57.4,59.72153,-2.321530914306642,2.321530914306642
2026-12-02 23:34:27,61.2,59.407578,1.7924224853515653,1.7924224853515653
2026-12-02 23:34:32,75.7,81.64678,-5.946781921386716,5.946781921386716
2026-12-02 23:34:36,66.6,69.87292,-3.2729171752929744,3.2729171752929744
2026-12-02 23:34:41,69.5,70.58611,-1.0861129760742188,1.0861129760742188
2026-12-02 23:34:46,72.9,72.06521,0.8347915649414119,0.8347915649414119
2026-12-02 23:34:50,57.4,58.675194,-1.2751937866210952,1.2751937866210952
2026-12-02 23:34:55,54.5,57.182472,-2.6824722290039062,2.6824722290039062
2026-12-02 23:35:00,63.2,62.488075,0.7119247436523466,0.7119247436523466
2026-12-02 23:35:04,57.9,58.675194,-0.7751937866210952,0.7751937866210952
2026-12-02 23:35:09,57.7,58.675194,-0.9751937866210909,0.9751937866210909
2026-12-02 23:35:14,52.6,55.916004,-3.3160041809082017,3.3160041809082017
2026-12-02 23:35:19,65.1,63.22046,1.8795410156249943,1.8795410156249943
2026-12-02 23:35:23,62.3,62.488075,-0.1880752563476591,0.1880752563476591
2026-12-02 23:35:28,59.8,59.407578,0.39242248535155966,0.39242248535155966
2026-12-02 23:35:33,54.7,57.182472,-2.4824722290039034,2.4824722290039034
2026-12-02 23:35:37,55.6,56.648388,-1.0483879089355455,1.0483879089355455
2026-12-02 23:35:42,59.6,60.43473,-0.8347305297851548,0.8347305297851548
2026-12-02 23:35:47,64.1,63.22046,0.8795410156249943,0.8795410156249943
2026-12-02 23:35:52,69.69999999999999,66.33461,3.365390014648426,3.365390014648426
2026-12-02 23:35:56,59.7,58.675194,1.024806213378909,1.024806213378909
2026-12-02 23:36:01,60.8,59.407578,1.3924224853515597,1.3924224853515597
2026-12-02 23:36:06,57.8,57.914856,-0.11485595703125284,0.11485595703125284
2026-12-02 23:36:10,64.5,66.83895,-2.3389511108398438,2.3389511108398438
2026-12-02 23:36:15,60.699999999999996,58.661564,2.03843612670898,2.03843612670898
2026-12-02 23:36:20,78.5,79.13015,-0.6301498413085938,0.6301498413085938
2026-12-02 23:36:24,71.2,73.956345,-2.7563446044921847,2.7563446044921847
2026-12-02 23:36:29,57.3,57.395096,-0.09509582519531534,0.09509582519531534
2026-12-02 23:36:34,63.6,62.488075,1.1119247436523452,1.1119247436523452
2026-12-02 23:36:39,57.4,58.675194,-1.2751937866210952,1.2751937866210952
2026-12-02 23:36:43,67.4,68.28454,-0.8845382690429631,0.8845382690429631
2026-12-02 23:36:48,63.9,63.22046,0.6795410156249986,0.6795410156249986
2026-12-02 23:36:53,50.9,55.202805,-4.302804565429689,4.302804565429689
2026-12-02 23:36:57,60.699999999999996,60.43473,0.2652694702148395,0.2652694702148395
2026-12-02 23:37:02,64.2,63.22046,0.9795410156250028,0.9795410156250028
2026-12-02 23:37:07,69.3,73.24314,-3.943141174316409,3.943141174316409
2026-12-02 23:37:12,64.9,63.22046,1.6795410156250057,1.6795410156250057
2026-12-02 23:37:16,65.6,64.855515,0.7444854736328068,0.7444854736328068
2026-12-02 23:37:21,69.0,68.28454,0.7154617309570312,0.7154617309570312
2026-12-02 23:37:26,51.900000000000006,55.202805,-3.302804565429682,3.302804565429682
2026-12-02 23:37:30,51.6,55.916004,-4.316004180908202,4.316004180908202
2026-12-02 23:37:35,65.1,67.552155,-2.4521545410156307,2.4521545410156307
2026-12-02 23:37:40,60.8,61.167114,-0.36711425781250284,0.36711425781250284
2026-12-02 23:37:44,56.2,57.914856,-1.7148559570312472,1.7148559570312472
2026-12-02 23:37:49,61.5,60.154285,1.3457145690917969,1.3457145690917969
2026-12-02 23:37:54,55.599999999999994,57.961994,-2.361994171142584,2.361994171142584
2026-12-02 23:37:59,59.900000000000006,59.407578,0.4924224853515682,0.4924224853515682
2026-12-02 23:38:03,56.1,57.182472,-1.0824722290039048,1.0824722290039048
2026-12-02 23:38:08,53.7,56.648388,-2.948387908935544,2.948387908935544
2026-12-02 23:38:13,62.1,59.417133,2.6828666687011733,2.6828666687011733
2026-12-02 23:38:17,60.5,59.407578,1.0924224853515625,1.0924224853515625
2026-12-02 23:38:22,56.099999999999994,57.182472,-1.082472229003912,1.082472229003912
2026-12-02 23:38:27,55.599999999999994,57.961994,-2.361994171142584,2.361994171142584
2026-12-02 23:38:32,57.2,57.182472,0.017527770996096592,0.017527770996096592
2026-12-02 23:38:36,61.6,61.167114,0.4328857421875014,0.4328857421875014
2026-12-02 23:38:41,72.5,74.68873,-2.1887283325195312,2.1887283325195312
2026-12-02 23:38:46,68.3,68.28454,0.015461730957028408,0.015461730957028408
2026-12-02 23:38:50,58.4,58.675194,-0.27519378662109517,0.27519378662109517
2026-12-02 23:38:55,65.3,64.855515,0.44448547363280966,0.44448547363280966
2026-12-02 23:39:00,73.5,74.68873,-1.1887283325195312,1.1887283325195312
2026-12-02 23:39:04,66.3,65.5879,0.7121017456054659,0.7121017456054659
2026-12-02 23:39:09,58.7,59.407578,-0.7075775146484347,0.7075775146484347
2026-12-02 23:39:14,68.30000000000001,67.552155,0.7478454589843864,0.7478454589843864
2026-12-02 23:39:19,58.3,57.914856,0.38514404296874716,0.38514404296874716
2026-12-02 23:39:23,58.6,58.675194,-0.07519378662109233,0.07519378662109233
2026-12-02 23:39:28,68.2,70.58611,-2.386112976074216,2.386112976074216
2026-12-02 23:39:33,71.5,69.03124,2.4687576293945312,2.4687576293945312
2026-12-02 23:39:37,61.599999999999994,62.488075,-0.8880752563476619,0.8880752563476619
2026-12-02 23:39:42,56.3,57.914856,-1.6148559570312528,1.6148559570312528
2026-12-02 23:39:47,56.4,57.961994,-1.5619941711425795,1.5619941711425795
2026-12-02 23:39:52,62.300000000000004,62.488075,-0.188075256347652,0.188075256347652
2026-12-02 23:39:56,57.2,57.914856,-0.7148559570312472,0.7148559570312472
2026-12-02 23:40:01,64.7,63.22046,1.4795410156250028,1.4795410156250028
2026-12-02 23:40:06,58.599999999999994,60.43473,-1.834730529785162,1.834730529785162
2026-12-02 23:40:10,69.8,73.24314,-3.443141174316409,3.443141174316409
2026-12-02 23:40:15,72.7,74.68873,-1.9887283325195284,1.9887283325195284
2026-12-02 23:40:20,57.599999999999994,57.914856,-0.3148559570312557,0.3148559570312557
2026-12-02 23:40:24,60.0,61.774876,-1.7748756408691406,1.7748756408691406
2026-12-02 23:40:29,61.0,61.167114,-0.1671142578125,0.1671142578125
2026-12-02 23:40:34,58.8,59.72153,-0.9215309143066435,0.9215309143066435
2026-12-02 23:40:39,58.0,59.72153,-1.7215309143066406,1.7215309143066406
2026-12-02 23:40:43,61.0,60.43473,0.5652694702148438,0.5652694702148438
2026-12-02 23:40:48,56.199999999999996,57.182472,-0.9824722290039105,0.9824722290039105
2026-12-02 23:40:53,52.5,55.916004,-3.416004180908203,3.416004180908203
2026-12-02 23:40:57,66.4,64.855515,1.5444854736328182,1.5444854736328182
2026-12-02 23:41:02,71.4,65.486465,5.913534545898443,5.913534545898443
2026-12-02 23:41:07,68.2,69.87292,-1.672917175292966,1.672917175292966
2026-12-02 23:41:12,60.0,60.43473,-0.43473052978515625,0.43473052978515625
2026-12-02 23:41:16,52.4,55.202805,-2.802804565429689,2.802804565429689
2026-12-02 23:41:21,57.099999999999994,57.961994,-0.8619941711425838,0.8619941711425838
2026-12-02 23:41:26,59.2,60.43473,-1.2347305297851534,1.2347305297851534
2026-12-02 23:41:30,59.7,60.43473,-0.7347305297851534,0.7347305297851534
2026-12-02 23:41:35,58.2,60.43473,-2.2347305297851534,2.2347305297851534
2026-12-02 23:41:40,58.2,59.72153,-1.5215309143066378,1.5215309143066378
2026-12-02 23:41:44,60.1,60.43473,-0.33473052978515483,0.33473052978515483
2026-12-02 23:41:49,60.2,61.167114,-0.9671142578124972,0.9671142578124972
2026-12-02 23:41:54,60.099999999999994,60.43473,-0.33473052978516193,0.33473052978516193
2026-12-02 23:41:59,67.9,67.552155,0.3478454589843807,0.3478454589843807
2026-12-02 23:42:03,68.5,68.28454,0.21546173095703125,0.21546173095703125
2026-12-02 23:42:08,60.900000000000006,60.43473,0.46526947021484943,0.46526947021484943
2026-12-02 23:42:13,54.599999999999994,57.182472,-2.582472229003912,2.582472229003912
2026-12-02 23:42:17,48.5,54.11654,-5.616539001464844,5.616539001464844
2026-12-02 23:42:22,57.1,56.648388,0.45161209106445455,0.45161209106445455
2026-12-02 23:42:27,66.8,67.552155,-0.7521545410156278,0.7521545410156278
2026-12-02 23:42:32,69.19999999999999,73.956345,-4.756344604492199,4.756344604492199
2026-12-02 23:42:36,56.9,57.182472,-0.28247222900390767,0.28247222900390767
2026-12-02 23:42:41,74.2,80.93358,-6.733578491210935,6.733578491210935
2026-12-02 23:42:46,69.7,68.28454,1.415461730957034,1.415461730957034
2026-12-02 23:42:50,61.4,59.417133,1.9828666687011705,1.9828666687011705
2026-12-02 23:42:55,63.8,64.855515,-1.0555145263671903,1.0555145263671903
2026-12-02 23:43:00,53.1,55.56212,-2.462118530273436,2.462118530273436
2026-12-02 23:43:04,55.099999999999994,56.469273,-1.3692726135253963,1.3692726135253963
2026-12-02 23:43:09,55.0,56.648388,-1.6483879089355469,1.6483879089355469
2026-12-02 23:43:14,57.199999999999996,59.72153,-2.521530914306645,2.521530914306645
2026-12-02 23:43:19,52.400000000000006,55.916004,-3.5160041809081974,3.5160041809081974
2026-12-02 23:43:23,62.599999999999994,61.167114,1.4328857421874943,1.4328857421874943
2026-12-02 23:43:28,55.7,57.182472,-1.4824722290039034,1.4824722290039034
2026-12-02 23:43:33,51.8,54.82974,-3.029738616943362,3.029738616943362
2026-12-02 23:43:37,54.5,55.56212,-1.0621185302734375,1.0621185302734375
2026-12-02 23:43:42,59.6,58.675194,0.9248062133789077,0.9248062133789077
2026-12-02 23:43:47,57.800000000000004,58.675194,-0.8751937866210895,0.8751937866210895
2026-12-02 23:43:52,55.1,57.182472,-2.082472229003905,2.082472229003905
2026-12-02 23:43:56,55.0,57.182472,-2.1824722290039062,2.1824722290039062
2026-12-02 23:44:01,54.900000000000006,57.182472,-2.2824722290039006,2.2824722290039006
2026-12-02 23:44:06,62.699999999999996,62.488075,0.2119247436523395,0.2119247436523395
2026-12-02 23:44:10,78.6,86.062035,-7.462034606933599,7.462034606933599
2026-12-02 23:44:15,60.3,59.407578,0.8924224853515597,0.8924224853515597
2026-12-02 23:44:20,56.7,57.914856,-1.2148559570312472,1.2148559570312472
2026-12-02 23:44:24,67.5,65.5879,1.9121017456054688,1.9121017456054688
2026-12-02 23:44:29,56.9,57.961994,-1.0619941711425795,1.0619941711425795
2026-12-02 23:44:34,62.0,59.417133,2.582866668701172,2.582866668701172
2026-12-02 23:44:39,58.5,58.661564,-0.16156387329101562,0.16156387329101562
2026-12-02 23:44:43,57.699999999999996,58.675194,-0.975193786621098,0.975193786621098
2026-12-02 23:44:48,65.1,60.909855,4.190145111083979,4.190145111083979
2026-12-02 23:44:53,60.5,59.407578,1.0924224853515625,1.0924224853515625
2026-12-02 23:44:57,52.2,54.82974,-2.6297386169433565,2.6297386169433565
2026-12-02 23:45:02,57.8,59.407578,-1.6075775146484403,1.6075775146484403
2026-12-02 23:45:07,58.5,59.407578,-0.9075775146484375,0.9075775146484375
2026-12-02 23:45:12,54.0,55.916004,-1.9160041809082031,1.9160041809082031
2026-12-02 23:45:16,57.3,57.914856,-0.6148559570312528,0.6148559570312528
2026-12-02 23:45:21,61.4,59.407578,1.992422485351561,1.992422485351561
2026-12-02 23:45:26,55.2,57.182472,-1.9824722290039034,1.9824722290039034
2026-12-02 23:45:30,60.5,61.774876,-1.2748756408691406,1.2748756408691406
2026-12-02 23:45:35,56.2,57.182472,-0.9824722290039034,0.9824722290039034
2026-12-02 23:45:40,56.9,57.182472,-0.28247222900390767,0.28247222900390767
2026-12-02 23:45:44,56.3,57.914856,-1.6148559570312528,1.6148559570312528
2026-12-02 23:45:49,55.099999999999994,57.182472,-2.082472229003912,2.082472229003912
2026-12-02 23:45:54,64.19999999999999,64.855515,-0.6555145263671989,0.6555145263671989
2026-12-02 23:45:59,68.6,66.33461,2.265390014648432,2.265390014648432
2026-12-02 23:46:03,53.599999999999994,57.182472,-3.582472229003912,3.582472229003912
2026-12-02 23:46:08,58.400000000000006,58.675194,-0.27519378662108807,0.27519378662108807
2026-12-02 23:46:13,61.1,62.488075,-1.3880752563476548,1.3880752563476548
2026-12-02 23:46:17,53.8,55.916004,-2.116004180908206,2.116004180908206
2026-12-02 23:46:22,59.4,59.407578,-0.007577514648438921,0.007577514648438921
2026-12-02 23:46:27,55.4,57.182472,-1.7824722290039077,1.7824722290039077
2026-12-02 23:46:32,59.3,57.914856,1.3851440429687472,1.3851440429687472
2026-12-02 23:46:36,58.7,58.675194,0.024806213378909092,0.024806213378909092
2026-12-02 23:46:41,58.8,58.675194,0.12480621337890341,0.12480621337890341
2026-12-02 23:46:46,55.699999999999996,58.675194,-2.975193786621098,2.975193786621098
2026-12-02 23:46:50,58.5,58.675194,-0.17519378662109375,0.17519378662109375
2026-12-02 23:46:55,65.4,64.855515,0.5444854736328182,0.5444854736328182
2026-12-02 23:47:00,64.19999999999999,61.913822,2.286177825927723,2.286177825927723
2026-12-02 23:47:04,55.4,57.182472,-1.7824722290039077,1.7824722290039077
2026-12-02 23:47:09,60.800000000000004,61.774876,-0.9748756408691364,0.9748756408691364
2026-12-02 23:47:14,61.3,62.488075,-1.188075256347659,1.188075256347659
2026-12-02 23:47:19,60.199999999999996,60.43473,-0.2347305297851605,0.2347305297851605
2026-12-02 23:47:23,55.0,56.469273,-1.4692726135253906,1.4692726135253906
2026-12-02 23:47:28,65.4,61.673584,3.7264160156250057,3.7264160156250057
2026-12-02 23:47:33,74.9,69.78682,5.113180541992193,5.113180541992193
2026-12-02 23:47:37,56.099999999999994,57.961994,-1.8619941711425838,1.8619941711425838
2026-12-02 23:47:42,63.400000000000006,63.22046,0.17954101562500568,0.17954101562500568
2026-12-02 23:47:47,61.900000000000006,64.14232,-2.242318725585932,2.242318725585932
2026-12-02 23:47:52,62.7,62.488075,0.2119247436523466,0.2119247436523466
2026-12-02 23:47:56,57.900000000000006,60.43473,-2.5347305297851506,2.5347305297851506
2026-12-02 23:48:01,59.3,57.914856,1.3851440429687472,1.3851440429687472
2026-12-02 23:48:06,57.3,58.675194,-1.3751937866210966,1.3751937866210966
2026-12-02 23:48:10,55.7,57.182472,-1.4824722290039034,1.4824722290039034
2026-12-02 23:48:15,55.8,56.648388,-0.8483879089355497,0.8483879089355497
2026-12-02 23:48:20,55.7,57.182472,-1.4824722290039034,1.4824722290039034
2026-12-02 23:48:24,60.2,60.43473,-0.2347305297851534,0.2347305297851534
2026-12-02 23:48:29,55.0,57.182472,-2.1824722290039062,2.1824722290039062
2026-12-02 23:48:34,58.5,59.72153,-1.2215309143066406,1.2215309143066406
2026-12-02 23:48:39,62.599999999999994,61.913822,0.6861778259277287,0.6861778259277287
2026-12-02 23:48:43,55.4,57.182472,-1.7824722290039077,1.7824722290039077
2026-12-02 23:48:48,59.0,59.407578,-0.4075775146484375,0.4075775146484375
2026-12-02 23:48:53,57.2,57.961994,-0.7619941711425753,0.7619941711425753
2026-12-02 23:48:57,62.099999999999994,62.488075,-0.38807525634766193,0.38807525634766193
2026-12-02 23:49:02,59.1,58.661564,0.4384361267089858,0.4384361267089858
2026-12-02 23:49:07,52.900000000000006,55.916004,-3.0160041809081974,3.0160041809081974
2026-12-02 23:49:12,57.400000000000006,58.675194,-1.275193786621088,1.275193786621088
2026-12-02 23:49:16,63.6,62.488075,1.1119247436523452,1.1119247436523452
2026-12-02 23:49:21,67.5,63.96717,3.5328292846679688,3.5328292846679688
2026-12-02 23:49:26,51.400000000000006,55.202805,-3.802804565429682,3.802804565429682
2026-12-02 23:49:30,58.099999999999994,58.675194,-0.5751937866210994,0.5751937866210994
2026-12-02 23:49:35,64.2,63.22046,0.9795410156250028,0.9795410156250028
2026-12-02 23:49:40,59.0,58.661564,0.3384361267089844,0.3384361267089844
2026-12-02 23:49:44,63.5,61.913822,1.5861778259277344,1.5861778259277344
2026-12-02 23:49:49,65.6,63.22046,2.3795410156249943,2.3795410156249943
2026-12-02 23:49:54,61.8,61.167114,0.6328857421874972,0.6328857421874972
2026-12-02 23:49:59,59.7,58.661564,1.0384361267089872,1.0384361267089872
2026-12-02 23:50:03,66.7,65.5879,1.1121017456054716,1.1121017456054716
2026-12-02 23:50:08,62.900000000000006,64.14232,-1.2423187255859318,1.2423187255859318
2026-12-02 23:50:13,57.9,58.675194,-0.7751937866210952,0.7751937866210952
2026-12-02 23:50:17,56.0,58.675194,-2.6751937866210938,2.6751937866210938
2026-12-02 23:50:22,61.5,61.167114,0.3328857421875,0.3328857421875
2026-12-02 23:50:27,62.400000000000006,62.488075,-0.08807525634765057,0.08807525634765057
2026-12-02 23:50:32,68.4,68.28454,0.11546173095703693,0.11546173095703693
2026-12-02 23:50:36,64.4,64.855515,-0.4555145263671818,0.4555145263671818
2026-12-02 23:50:41,71.5,71.3185,0.1815032958984375,0.1815032958984375
2026-12-02 23:50:46,65.3,65.5879,-0.2878982543945341,0.2878982543945341
2026-12-02 23:50:50,60.8,58.661564,2.1384361267089815,2.1384361267089815
2026-12-02 23:50:55,56.0,57.182472,-1.1824722290039062,1.1824722290039062
2026-12-02 23:51:00,61.1,60.154285,0.9457145690917983,0.9457145690917983
2026-12-02 23:51:04,61.1,59.407578,1.692422485351564,1.692422485351564
2026-12-02 23:51:09,58.6,57.914856,0.6851440429687514,0.6851440429687514
2026-12-02 23:51:14,61.9,60.43473,1.4652694702148423,1.4652694702148423
2026-12-02 23:51:19,63.4,60.154285,3.2457145690917955,3.2457145690917955
2026-12-02 23:51:23,51.3,55.916004,-4.616004180908206,4.616004180908206
2026-12-02 23:51:28,58.0,58.675194,-0.6751937866210938,0.6751937866210938
2026-12-02 23:51:33,55.7,56.648388,-0.948387908935544,0.948387908935544
2026-12-02 23:51:37,54.4,56.648388,-2.2483879089355483,2.2483879089355483
2026-12-02 23:51:42,55.900000000000006,57.914856,-2.0148559570312443,2.0148559570312443
2026-12-02 23:51:47,65.6,63.22046,2.3795410156249943,2.3795410156249943
2026-12-02 23:51:52,57.8,58.675194,-0.8751937866210966,0.8751937866210966
2026-12-02 23:51:56,58.9,60.43473,-1.5347305297851577,1.5347305297851577
2026-12-02 23:52:01,62.2,61.167114,1.0328857421875028,1.0328857421875028
2026-12-02 23:52:06,62.6,61.913822,0.6861778259277358,0.6861778259277358
2026-12-02 23:52:10,54.0,57.182472,-3.1824722290039062,3.1824722290039062
2026-12-02 23:52:15,59.300000000000004,58.661564,0.6384361267089886,0.6384361267089886
2026-12-02 23:52:20,53.1,55.916004,-2.8160041809082017,2.8160041809082017
2026-12-02 23:52:24,58.4,58.675194,-0.27519378662109517,0.27519378662109517
2026-12-02 23:52:29,60.9,60.43473,0.46526947021484233,0.46526947021484233
2026-12-02 23:52:34,57.7,58.675194,-0.9751937866210909,0.9751937866210909
2026-12-02 23:52:39,55.0,57.961994,-2.961994171142578,2.961994171142578
2026-12-02 23:52:43,66.5,63.96717,2.5328292846679688,2.5328292846679688
2026-12-02 23:52:48,57.2,58.675194,-1.475193786621091,1.475193786621091
2026-12-02 23:52:53,66.6,63.96717,2.632829284667963,2.632829284667963
2026-12-02 23:52:57,58.3,57.914856,0.38514404296874716,0.38514404296874716
2026-12-02 23:53:02,57.8,58.675194,-0.8751937866210966,0.8751937866210966
2026-12-02 23:53:07,57.1,58.675194,-1.5751937866210923,1.5751937866210923
2026-12-02 23:53:12,54.3,56.648388,-2.3483879089355497,2.3483879089355497
2026-12-02 23:53:16,59.7,59.407578,0.29242248535156534,0.29242248535156534
2026-12-02 23:53:21,60.400000000000006,60.43473,-0.034730529785150566,0.034730529785150566
2026-12-02 23:53:26,58.0,58.661564,-0.6615638732910156,0.6615638732910156
2026-12-02 23:53:30,55.0,56.648388,-1.6483879089355469,1.6483879089355469
2026-12-02 23:53:35,59.300000000000004,60.43473,-1.134730529785152,1.134730529785152
2026-12-02 23:53:40,59.599999999999994,60.43473,-0.8347305297851619,0.8347305297851619
2026-12-02 23:53:44,59.8,58.661564,1.1384361267089815,1.1384361267089815
2026-12-02 23:53:49,61.8,59.407578,2.3924224853515597,2.3924224853515597
2026-12-02 23:53:54,57.2,58.675194,-1.475193786621091,1.475193786621091
2026-12-02 23:53:59,60.3,58.15067,2.1493309020996065,2.1493309020996065
2026-12-02 23:54:03,59.2,60.43473,-1.2347305297851534,1.2347305297851534
2026-12-02 23:54:08,53.2,57.182472,-3.9824722290039034,3.9824722290039034
2026-12-02 23:54:13,56.8,57.914856,-1.1148559570312528,1.1148559570312528
2026-12-02 23:54:17,60.6,59.407578,1.192422485351564,1.192422485351564
2026-12-02 23:54:22,62.099999999999994,64.14232,-2.042318725585943,2.042318725585943
2026-12-02 23:54:27,60.2,60.43473,-0.2347305297851534,0.2347305297851534
2026-12-02 23:54:32,74.1,72.06521,2.0347915649414006,2.0347915649414006
2026-12-02 23:54:36,56.3,57.182472,-0.8824722290039091,0.8824722290039091
2026-12-02 23:54:41,65.5,64.855515,0.6444854736328125,0.6444854736328125
2026-12-02 23:54:46,62.699999999999996,62.488075,0.2119247436523395,0.2119247436523395
2026-12-02 23:54:50,65.0,63.22046,1.779541015625,1.779541015625
2026-12-02 23:54:55,59.5,60.43473,-0.9347305297851562,0.9347305297851562
2026-12-02 23:55:00,62.8,63.22046,-0.42045898437500284,0.42045898437500284
2026-12-02 23:55:05,52.7,55.916004,-3.2160041809082003,3.2160041809082003
2026-12-02 23:55:09,59.2,58.661564,0.5384361267089872,0.5384361267089872
2026-12-02 23:55:14,65.1,62.669395,2.4306045532226506,2.4306045532226506
2026-12-02 23:55:19,66.1,63.96717,2.132829284667963,2.132829284667963
2026-12-02 23:55:23,52.0,55.202805,-3.2028045654296875,3.2028045654296875
2026-12-02 23:55:28,58.900000000000006,60.43473,-1.5347305297851506,1.5347305297851506
2026-12-02 23:55:33,63.6,64.855515,-1.255514526367186,1.255514526367186
2026-12-02 23:55:37,55.699999999999996,57.182472,-1.4824722290039105,1.4824722290039105
2026-12-02 23:55:42,59.7,61.774876,-2.074875640869138,2.074875640869138
2026-12-02 23:55:47,61.5,62.488075,-0.9880752563476562,0.9880752563476562
2026-12-02 23:55:52,53.599999999999994,55.916004,-2.316004180908209,2.316004180908209
2026-12-02 23:55:56,50.900000000000006,54.82974,-3.9297386169433537,3.9297386169433537
2026-12-02 23:56:01,54.2,55.916004,-1.7160041809082003,1.7160041809082003
2026-12-02 23:56:06,67.0,65.5879,1.4121017456054688,1.4121017456054688
2026-12-02 23:56:10,56.4,58.675194,-2.275193786621095,2.275193786621095
2026-12-02 23:56:15,60.599999999999994,58.661564,1.9384361267089787,1.9384361267089787
2026-12-02 23:56:20,58.2,57.395096,0.8049041748046903,0.8049041748046903
2026-12-02 23:56:25,59.3,59.72153,-0.42153091430664347,0.42153091430664347
2026-12-02 23:56:29,63.3,61.913822,1.3861778259277315,1.3861778259277315
2026-12-02 23:56:34,68.30000000000001,68.28454,0.015461730957042619,0.015461730957042619
2026-12-02 23:56:39,62.4,62.488075,-0.08807525634765767,0.08807525634765767
2026-12-02 23:56:43,62.9,62.488075,0.41192474365234233,0.41192474365234233
2026-12-02 23:56:48,59.0,60.43473,-1.4347305297851562,1.4347305297851562
2026-12-02 23:56:53,65.9,67.552155,-1.6521545410156193,1.6521545410156193
2026-12-02 23:56:57,64.0,61.913822,2.0861778259277344,2.0861778259277344
2026-12-02 23:57:02,60.0,58.661564,1.3384361267089844,1.3384361267089844
2026-12-02 23:57:07,59.7,59.407578,0.29242248535156534,0.29242248535156534
2026-12-02 23:57:12,55.099999999999994,57.182472,-2.082472229003912,2.082472229003912
2026-12-02 23:57:16,60.7,60.154285,0.5457145690917997,0.5457145690917997
2026-12-02 23:57:21,58.9,57.914856,0.9851440429687486,0.9851440429687486
2026-12-02 23:57:26,60.5,61.774876,-1.2748756408691406,1.2748756408691406
2026-12-02 23:57:30,65.8,65.5879,0.2121017456054659,0.2121017456054659
2026-12-02 23:57:35,60.2,59.407578,0.7924224853515653,0.7924224853515653
2026-12-02 23:57:40,58.2,57.395096,0.8049041748046903,0.8049041748046903
2026-12-02 23:57:45,59.099999999999994,58.661564,0.4384361267089787,0.4384361267089787
2026-12-02 23:57:49,58.5,58.675194,-0.17519378662109375,0.17519378662109375
2026-12-02 23:57:54,68.2,63.96717,4.232829284667972,4.232829284667972
2026-12-02 23:57:59,61.3,58.661564,2.6384361267089815,2.6384361267089815
2026-12-02 23:58:03,60.5,59.407578,1.0924224853515625,1.0924224853515625
2026-12-02 23:58:08,55.9,57.182472,-1.2824722290039077,1.2824722290039077
2026-12-02 23:58:13,55.800000000000004,57.182472,-1.382472229003902,1.382472229003902
2026-12-02 23:58:17,59.300000000000004,58.675194,0.6248062133789105,0.6248062133789105
2026-12-02 23:58:22,58.1,58.661564,-0.5615638732910142,0.5615638732910142
2026-12-02 23:58:27,55.2,56.648388,-1.448387908935544,1.448387908935544
2026-12-02 23:58:32,60.9,60.43473,0.46526947021484233,0.46526947021484233
2026-12-02 23:58:36,66.1,63.96717,2.132829284667963,2.132829284667963
2026-12-02 23:58:41,60.7,58.661564,2.038436126708987,2.038436126708987
2026-12-02 23:58:46,58.800000000000004,59.407578,-0.6075775146484332,0.6075775146484332
2026-12-02 23:58:50,61.5,62.488075,-0.9880752563476562,0.9880752563476562
2026-12-02 23:58:55,59.9,60.43473,-0.5347305297851577,0.5347305297851577
2026-12-02 23:59:00,66.6,62.669395,3.9306045532226506,3.9306045532226506
2026-12-02 23:59:05,59.0,58.675194,0.32480621337890625,0.32480621337890625
2026-12-02 23:59:09,61.5,61.167114,0.3328857421875,0.3328857421875
2026-12-02 23:59:14,59.199999999999996,59.407578,-0.20757751464844176,0.20757751464844176
2026-12-02 23:59:19,59.800000000000004,59.407578,0.39242248535156676,0.39242248535156676
2026-12-02 23:59:23,61.6,58.661564,2.938436126708986,2.938436126708986
2026-12-02 23:59:28,60.3,60.43473,-0.1347305297851591,0.1347305297851591
2026-12-02 23:59:33,55.7,56.648388,-0.948387908935544,0.948387908935544
2026-12-02 23:59:37,65.2,61.913822,3.286177825927737,3.286177825927737
2026-12-02 23:59:42,63.2,62.488075,0.7119247436523466,0.7119247436523466
2026-12-02 23:59:47,65.7,63.96717,1.7328292846679716,1.7328292846679716
2026-12-02 23:59:52,60.5,59.407578,1.0924224853515625,1.0924224853515625
2026-12-02 23:59:56,64.2,61.913822,2.286177825927737,2.286177825927737
